{
  "best_epoch": 2,
  "peak_cpu_memory_MB": 5339.996,
  "peak_gpu_0_memory_MB": 12677,
  "peak_gpu_1_memory_MB": 21435,
  "peak_gpu_2_memory_MB": 0,
  "peak_gpu_3_memory_MB": 12805,
  "training_duration": "0:02:18.293593",
  "training_start_epoch": 0,
  "training_epochs": 3,
  "epoch": 3,
  "training_accuracy": 0.9618320610687023,
  "training_loss": 0.1417405751462166,
  "training_cpu_memory_MB": 5339.996,
  "training_gpu_0_memory_MB": 12677,
  "training_gpu_1_memory_MB": 21435,
  "training_gpu_2_memory_MB": 0,
  "training_gpu_3_memory_MB": 12805,
  "validation_accuracy": 0.5551706571574121,
  "validation_loss": 1.3461171674029446,
  "best_validation_accuracy": 0.5753438614365767,
  "best_validation_loss": 1.1341436012171766
}