{
  "best_epoch": 0,
  "peak_cpu_memory_MB": 5339.996,
  "peak_gpu_0_memory_MB": 2309,
  "peak_gpu_1_memory_MB": 21435,
  "peak_gpu_2_memory_MB": 0,
  "peak_gpu_3_memory_MB": 12805,
  "training_duration": "0:00:30.297784",
  "training_start_epoch": 0,
  "training_epochs": 0,
  "epoch": 0,
  "training_accuracy": 0.3944020356234097,
  "training_loss": 1.1008685735555797,
  "training_cpu_memory_MB": 5339.996,
  "training_gpu_0_memory_MB": 2309,
  "training_gpu_1_memory_MB": 21435,
  "training_gpu_2_memory_MB": 0,
  "training_gpu_3_memory_MB": 12805,
  "validation_accuracy": 0.45674987264391237,
  "validation_loss": 1.0643733303011047,
  "best_validation_accuracy": 0.45674987264391237,
  "best_validation_loss": 1.0643733303011047
}