{
  "best_epoch": 13,
  "peak_cpu_memory_MB": 5344.168,
  "peak_gpu_0_memory_MB": 12645,
  "peak_gpu_1_memory_MB": 21435,
  "peak_gpu_2_memory_MB": 0,
  "peak_gpu_3_memory_MB": 12821,
  "training_duration": "0:08:11.848282",
  "training_start_epoch": 0,
  "training_epochs": 13,
  "epoch": 13,
  "training_accuracy": 1.0,
  "training_loss": 0.0007497547910763667,
  "training_cpu_memory_MB": 5344.168,
  "training_gpu_0_memory_MB": 12645,
  "training_gpu_1_memory_MB": 21435,
  "training_gpu_2_memory_MB": 0,
  "training_gpu_3_memory_MB": 12821,
  "validation_accuracy": 0.5958227203260316,
  "validation_loss": 2.1987523780195253,
  "best_validation_accuracy": 0.5958227203260316,
  "best_validation_loss": 2.1987523780195253
}