{
  "best_epoch": 3,
  "peak_cpu_memory_MB": 5350.032,
  "peak_gpu_0_memory_MB": 12645,
  "peak_gpu_1_memory_MB": 21435,
  "peak_gpu_2_memory_MB": 0,
  "peak_gpu_3_memory_MB": 12805,
  "training_duration": "0:02:58.824781",
  "training_start_epoch": 0,
  "training_epochs": 4,
  "epoch": 4,
  "training_accuracy": 0.8727735368956743,
  "training_loss": 0.4681521447805258,
  "training_cpu_memory_MB": 5350.032,
  "training_gpu_0_memory_MB": 12645,
  "training_gpu_1_memory_MB": 21435,
  "training_gpu_2_memory_MB": 0,
  "training_gpu_3_memory_MB": 12805,
  "validation_accuracy": 0.5288843606724402,
  "validation_loss": 1.0528328595409953,
  "best_validation_accuracy": 0.5305145185939888,
  "best_validation_loss": 1.0444759625565345
}