{
  "best_epoch": 0,
  "peak_cpu_memory_MB": 5350.032,
  "peak_gpu_0_memory_MB": 12645,
  "peak_gpu_1_memory_MB": 21435,
  "peak_gpu_2_memory_MB": 0,
  "peak_gpu_3_memory_MB": 12805,
  "training_duration": "0:01:06.379706",
  "training_start_epoch": 0,
  "training_epochs": 1,
  "epoch": 1,
  "training_accuracy": 0.5368956743002544,
  "training_loss": 1.0197750421670766,
  "training_cpu_memory_MB": 5350.032,
  "training_gpu_0_memory_MB": 12645,
  "training_gpu_1_memory_MB": 21435,
  "training_gpu_2_memory_MB": 0,
  "training_gpu_3_memory_MB": 12805,
  "validation_accuracy": 0.38777381558838514,
  "validation_loss": 1.2228475677073973,
  "best_validation_accuracy": 0.4305654610290372,
  "best_validation_loss": 1.0668531852358716
}