{
  "best_epoch": 7,
  "peak_cpu_memory_MB": 5866.868,
  "peak_gpu_0_memory_MB": 13845,
  "peak_gpu_1_memory_MB": 13845,
  "peak_gpu_2_memory_MB": 13845,
  "peak_gpu_3_memory_MB": 12,
  "training_duration": "0:05:21.677710",
  "training_start_epoch": 0,
  "training_epochs": 9,
  "epoch": 9,
  "training_accuracy": 0.6666666666666666,
  "training_disc_loss": 0.8303188064694405,
  "training_gen_loss": 5.677096729278564,
  "training_loss": 5.677096729278564,
  "training_cpu_memory_MB": 5866.868,
  "training_gpu_0_memory_MB": 13845,
  "training_gpu_1_memory_MB": 13845,
  "training_gpu_2_memory_MB": 13845,
  "training_gpu_3_memory_MB": 12,
  "validation_accuracy": 0.38391038696537677,
  "validation_disc_loss": 3.147468174376139,
  "validation_gen_loss": 7.547759556188816,
  "validation_loss": 7.547759556188816,
  "best_validation_accuracy": 0.390020366598778,
  "best_validation_disc_loss": 1.8081632566645862,
  "best_validation_gen_loss": 7.3421122039236675,
  "best_validation_loss": 7.3421122039236675
}