{
  "best_epoch": 7,
  "peak_cpu_memory_MB": 5866.868,
  "peak_gpu_0_memory_MB": 13845,
  "peak_gpu_1_memory_MB": 13845,
  "peak_gpu_2_memory_MB": 13845,
  "peak_gpu_3_memory_MB": 12,
  "training_duration": "0:04:15.540898",
  "training_start_epoch": 0,
  "training_epochs": 7,
  "epoch": 7,
  "training_accuracy": 0.6157760814249363,
  "training_disc_loss": 1.008441340327263,
  "training_gen_loss": 5.734181480407715,
  "training_loss": 5.734181480407715,
  "training_cpu_memory_MB": 5866.868,
  "training_gpu_0_memory_MB": 13845,
  "training_gpu_1_memory_MB": 13845,
  "training_gpu_2_memory_MB": 13845,
  "training_gpu_3_memory_MB": 12,
  "validation_accuracy": 0.390020366598778,
  "validation_disc_loss": 1.8081632566645862,
  "validation_gen_loss": 7.3421122039236675,
  "validation_loss": 7.3421122039236675,
  "best_validation_accuracy": 0.390020366598778,
  "best_validation_disc_loss": 1.8081632566645862,
  "best_validation_gen_loss": 7.3421122039236675,
  "best_validation_loss": 7.3421122039236675
}