{
  "best_epoch": 15,
  "peak_cpu_memory_MB": 5866.868,
  "peak_gpu_0_memory_MB": 13845,
  "peak_gpu_1_memory_MB": 13845,
  "peak_gpu_2_memory_MB": 13845,
  "peak_gpu_3_memory_MB": 12,
  "training_duration": "0:09:37.863177",
  "training_start_epoch": 0,
  "training_epochs": 17,
  "epoch": 17,
  "training_accuracy": 0.8600508905852418,
  "training_disc_loss": 0.3452613490447402,
  "training_gen_loss": 5.458062267303466,
  "training_loss": 5.458062267303466,
  "training_cpu_memory_MB": 5866.868,
  "training_gpu_0_memory_MB": 13845,
  "training_gpu_1_memory_MB": 13845,
  "training_gpu_2_memory_MB": 13845,
  "training_gpu_3_memory_MB": 12,
  "validation_accuracy": 0.3665987780040733,
  "validation_disc_loss": 2.5367178766708065,
  "validation_gen_loss": 7.821687395979718,
  "validation_loss": 7.821687395979718,
  "best_validation_accuracy": 0.3940936863543788,
  "best_validation_disc_loss": 2.412720093882181,
  "best_validation_gen_loss": 7.6669535636901855,
  "best_validation_loss": 7.6669535636901855
}