{
  "best_epoch": 15,
  "peak_cpu_memory_MB": 5866.868,
  "peak_gpu_0_memory_MB": 13845,
  "peak_gpu_1_memory_MB": 13845,
  "peak_gpu_2_memory_MB": 13845,
  "peak_gpu_3_memory_MB": 12,
  "training_duration": "0:10:38.818024",
  "training_start_epoch": 0,
  "training_epochs": 19,
  "epoch": 19,
  "training_accuracy": 0.8982188295165394,
  "training_disc_loss": 0.2793872887827456,
  "training_gen_loss": 5.413742980957031,
  "training_loss": 5.413742980957031,
  "training_cpu_memory_MB": 5866.868,
  "training_gpu_0_memory_MB": 13845,
  "training_gpu_1_memory_MB": 13845,
  "training_gpu_2_memory_MB": 13845,
  "training_gpu_3_memory_MB": 12,
  "validation_accuracy": 0.3869653767820774,
  "validation_disc_loss": 2.601005629310763,
  "validation_gen_loss": 7.755155264846677,
  "validation_loss": 7.755155264846677,
  "best_validation_accuracy": 0.3940936863543788,
  "best_validation_disc_loss": 2.412720093882181,
  "best_validation_gen_loss": 7.6669535636901855,
  "best_validation_loss": 7.6669535636901855
}