{
  "best_epoch": 2,
  "peak_cpu_memory_MB": 5866.868,
  "peak_gpu_0_memory_MB": 13845,
  "peak_gpu_1_memory_MB": 13845,
  "peak_gpu_2_memory_MB": 13845,
  "peak_gpu_3_memory_MB": 12,
  "training_duration": "0:01:31.442929",
  "training_start_epoch": 0,
  "training_epochs": 2,
  "epoch": 2,
  "training_accuracy": 0.4223918575063613,
  "training_disc_loss": 1.3985805571079255,
  "training_gen_loss": 6.196183700561523,
  "training_loss": 6.196183700561523,
  "training_cpu_memory_MB": 5866.868,
  "training_gpu_0_memory_MB": 13845,
  "training_gpu_1_memory_MB": 13845,
  "training_gpu_2_memory_MB": 13845,
  "training_gpu_3_memory_MB": 12,
  "validation_accuracy": 0.3727087576374745,
  "validation_disc_loss": 1.3012180846881092,
  "validation_gen_loss": 6.967323683141693,
  "validation_loss": 6.967323683141693,
  "best_validation_accuracy": 0.3727087576374745,
  "best_validation_disc_loss": 1.3012180846881092,
  "best_validation_gen_loss": 6.967323683141693,
  "best_validation_loss": 6.967323683141693
}