{
  "best_epoch": 0,
  "peak_cpu_memory_MB": 5866.868,
  "peak_gpu_0_memory_MB": 13845,
  "peak_gpu_1_memory_MB": 2617,
  "peak_gpu_2_memory_MB": 13845,
  "peak_gpu_3_memory_MB": 12,
  "training_duration": "0:00:25.120465",
  "training_start_epoch": 0,
  "training_epochs": 0,
  "epoch": 0,
  "training_accuracy": 0.37404580152671757,
  "training_disc_loss": 5.979485527276993,
  "training_gen_loss": 8.33222149848938,
  "training_loss": 8.33222149848938,
  "training_cpu_memory_MB": 5866.868,
  "training_gpu_0_memory_MB": 13845,
  "training_gpu_1_memory_MB": 2617,
  "training_gpu_2_memory_MB": 13845,
  "training_gpu_3_memory_MB": 12,
  "validation_accuracy": 0.34623217922606925,
  "validation_disc_loss": 1.7483395556124246,
  "validation_gen_loss": 7.039737294359905,
  "validation_loss": 7.039737294359905,
  "best_validation_accuracy": 0.34623217922606925,
  "best_validation_disc_loss": 1.7483395556124246,
  "best_validation_gen_loss": 7.039737294359905,
  "best_validation_loss": 7.039737294359905
}