{
  "best_epoch": 10,
  "peak_cpu_memory_MB": 5866.868,
  "peak_gpu_0_memory_MB": 13845,
  "peak_gpu_1_memory_MB": 13845,
  "peak_gpu_2_memory_MB": 13845,
  "peak_gpu_3_memory_MB": 12,
  "training_duration": "0:06:28.038980",
  "training_start_epoch": 0,
  "training_epochs": 11,
  "epoch": 11,
  "training_accuracy": 0.811704834605598,
  "training_disc_loss": 0.556944626569748,
  "training_gen_loss": 5.614430770874024,
  "training_loss": 5.614430770874024,
  "training_cpu_memory_MB": 5866.868,
  "training_gpu_0_memory_MB": 13845,
  "training_gpu_1_memory_MB": 13845,
  "training_gpu_2_memory_MB": 13845,
  "training_gpu_3_memory_MB": 12,
  "validation_accuracy": 0.3890020366598778,
  "validation_disc_loss": 2.350653137617964,
  "validation_gen_loss": 7.623462510302784,
  "validation_loss": 7.623462510302784,
  "best_validation_accuracy": 0.3910386965376782,
  "best_validation_disc_loss": 2.2746410481328887,
  "best_validation_gen_loss": 7.720964121624706,
  "best_validation_loss": 7.720964121624706
}