{
  "best_epoch": 4,
  "peak_cpu_memory_MB": 5866.868,
  "peak_gpu_0_memory_MB": 13845,
  "peak_gpu_1_memory_MB": 13845,
  "peak_gpu_2_memory_MB": 13845,
  "peak_gpu_3_memory_MB": 12,
  "training_duration": "0:03:14.474929",
  "training_start_epoch": 0,
  "training_epochs": 5,
  "epoch": 5,
  "training_accuracy": 0.5954198473282443,
  "training_disc_loss": 1.08337253510952,
  "training_gen_loss": 5.836912202835083,
  "training_loss": 5.836912202835083,
  "training_cpu_memory_MB": 5866.868,
  "training_gpu_0_memory_MB": 13845,
  "training_gpu_1_memory_MB": 13845,
  "training_gpu_2_memory_MB": 13845,
  "training_gpu_3_memory_MB": 12,
  "validation_accuracy": 0.3696537678207739,
  "validation_disc_loss": 1.9557017049169152,
  "validation_gen_loss": 7.29223506043597,
  "validation_loss": 7.29223506043597,
  "best_validation_accuracy": 0.3757637474541752,
  "best_validation_disc_loss": 1.2983228375272053,
  "best_validation_gen_loss": 7.094204987936873,
  "best_validation_loss": 7.094204987936873
}