{
  "best_epoch": 4,
  "peak_cpu_memory_MB": 5866.868,
  "peak_gpu_0_memory_MB": 13845,
  "peak_gpu_1_memory_MB": 13845,
  "peak_gpu_2_memory_MB": 13845,
  "peak_gpu_3_memory_MB": 12,
  "training_duration": "0:03:44.651672",
  "training_start_epoch": 0,
  "training_epochs": 6,
  "epoch": 6,
  "training_accuracy": 0.628498727735369,
  "training_disc_loss": 1.1131752175092697,
  "training_gen_loss": 5.808983201980591,
  "training_loss": 5.808983201980591,
  "training_cpu_memory_MB": 5866.868,
  "training_gpu_0_memory_MB": 13845,
  "training_gpu_1_memory_MB": 13845,
  "training_gpu_2_memory_MB": 13845,
  "training_gpu_3_memory_MB": 12,
  "validation_accuracy": 0.37474541751527496,
  "validation_disc_loss": 1.620492851346489,
  "validation_gen_loss": 7.3804612276030745,
  "validation_loss": 7.3804612276030745,
  "best_validation_accuracy": 0.3757637474541752,
  "best_validation_disc_loss": 1.2983228375272053,
  "best_validation_gen_loss": 7.094204987936873,
  "best_validation_loss": 7.094204987936873
}