{
  "best_epoch": 10,
  "peak_cpu_memory_MB": 5866.868,
  "peak_gpu_0_memory_MB": 13845,
  "peak_gpu_1_memory_MB": 13845,
  "peak_gpu_2_memory_MB": 13845,
  "peak_gpu_3_memory_MB": 12,
  "training_duration": "0:07:59.660608",
  "training_start_epoch": 0,
  "training_epochs": 14,
  "epoch": 14,
  "training_accuracy": 0.8193384223918575,
  "training_disc_loss": 0.5521020032837987,
  "training_gen_loss": 5.525152435302735,
  "training_loss": 5.525152435302735,
  "training_cpu_memory_MB": 5866.868,
  "training_gpu_0_memory_MB": 13845,
  "training_gpu_1_memory_MB": 13845,
  "training_gpu_2_memory_MB": 12,
  "training_gpu_3_memory_MB": 12,
  "validation_accuracy": 0.3879837067209776,
  "validation_disc_loss": 2.487733505605682,
  "validation_gen_loss": 7.653727903598693,
  "validation_loss": 7.653727903598693,
  "best_validation_accuracy": 0.3910386965376782,
  "best_validation_disc_loss": 2.2746410481328887,
  "best_validation_gen_loss": 7.720964121624706,
  "best_validation_loss": 7.720964121624706
}