{
  "best_epoch": 1,
  "peak_cpu_memory_MB": 5490.708,
  "peak_gpu_0_memory_MB": 12693,
  "peak_gpu_1_memory_MB": 21435,
  "peak_gpu_2_memory_MB": 0,
  "peak_gpu_3_memory_MB": 12821,
  "training_duration": "0:01:04.484806",
  "training_start_epoch": 0,
  "training_epochs": 1,
  "epoch": 1,
  "training_accuracy": 0.37659033078880405,
  "training_loss": 1.1484319384281452,
  "training_cpu_memory_MB": 5490.708,
  "training_gpu_0_memory_MB": 12693,
  "training_gpu_1_memory_MB": 21435,
  "training_gpu_2_memory_MB": 0,
  "training_gpu_3_memory_MB": 12821,
  "validation_accuracy": 0.35394803871625063,
  "validation_loss": 1.111942590642053,
  "best_validation_accuracy": 0.35394803871625063,
  "best_validation_loss": 1.111942590642053
}