{
  "best_epoch": 6,
  "peak_cpu_memory_MB": 5490.708,
  "peak_gpu_0_memory_MB": 12693,
  "peak_gpu_1_memory_MB": 21435,
  "peak_gpu_2_memory_MB": 0,
  "peak_gpu_3_memory_MB": 12821,
  "training_duration": "0:04:11.768329",
  "training_start_epoch": 0,
  "training_epochs": 6,
  "epoch": 6,
  "training_accuracy": 0.45038167938931295,
  "training_loss": 1.0199295832560613,
  "training_cpu_memory_MB": 5490.708,
  "training_gpu_0_memory_MB": 12693,
  "training_gpu_1_memory_MB": 21435,
  "training_gpu_2_memory_MB": 0,
  "training_gpu_3_memory_MB": 12821,
  "validation_accuracy": 0.42628629648497196,
  "validation_loss": 1.0800745048429756,
  "best_validation_accuracy": 0.42628629648497196,
  "best_validation_loss": 1.0800745048429756
}