{
  "best_epoch": 4,
  "peak_cpu_memory_MB": 5490.708,
  "peak_gpu_0_memory_MB": 12693,
  "peak_gpu_1_memory_MB": 21435,
  "peak_gpu_2_memory_MB": 0,
  "peak_gpu_3_memory_MB": 12821,
  "training_duration": "0:02:56.506216",
  "training_start_epoch": 0,
  "training_epochs": 4,
  "epoch": 4,
  "training_accuracy": 0.4173027989821883,
  "training_loss": 1.1194438567528358,
  "training_cpu_memory_MB": 5490.708,
  "training_gpu_0_memory_MB": 12693,
  "training_gpu_1_memory_MB": 21435,
  "training_gpu_2_memory_MB": 0,
  "training_gpu_3_memory_MB": 12821,
  "validation_accuracy": 0.3720835455934794,
  "validation_loss": 1.0995138868058543,
  "best_validation_accuracy": 0.3720835455934794,
  "best_validation_loss": 1.0995138868058543
}