{
  "best_epoch": 3,
  "peak_cpu_memory_MB": 5490.708,
  "peak_gpu_0_memory_MB": 12693,
  "peak_gpu_1_memory_MB": 21435,
  "peak_gpu_2_memory_MB": 0,
  "peak_gpu_3_memory_MB": 12821,
  "training_duration": "0:02:18.988183",
  "training_start_epoch": 0,
  "training_epochs": 3,
  "epoch": 3,
  "training_accuracy": 0.3256997455470738,
  "training_loss": 1.17611419237577,
  "training_cpu_memory_MB": 5490.708,
  "training_gpu_0_memory_MB": 12693,
  "training_gpu_1_memory_MB": 21435,
  "training_gpu_2_memory_MB": 0,
  "training_gpu_3_memory_MB": 12821,
  "validation_accuracy": 0.3626082526744778,
  "validation_loss": 1.140146187734138,
  "best_validation_accuracy": 0.3626082526744778,
  "best_validation_loss": 1.140146187734138
}