{
  "best_epoch": 0,
  "peak_cpu_memory_MB": 5486.336,
  "peak_gpu_0_memory_MB": 12553,
  "peak_gpu_1_memory_MB": 21435,
  "peak_gpu_2_memory_MB": 0,
  "peak_gpu_3_memory_MB": 2425,
  "training_duration": "0:00:29.894717",
  "training_start_epoch": 0,
  "training_epochs": 0,
  "epoch": 0,
  "training_accuracy": 0.3384223918575064,
  "training_loss": 1.1173441685163057,
  "training_cpu_memory_MB": 5486.336,
  "training_gpu_0_memory_MB": 12553,
  "training_gpu_1_memory_MB": 21435,
  "training_gpu_2_memory_MB": 0,
  "training_gpu_3_memory_MB": 2425,
  "validation_accuracy": 0.3500764136525726,
  "validation_loss": 1.1010007636943158,
  "best_validation_accuracy": 0.3500764136525726,
  "best_validation_loss": 1.1010007636943158
}