{
  "best_epoch": 0,
  "peak_cpu_memory_MB": 5486.336,
  "peak_gpu_0_memory_MB": 12553,
  "peak_gpu_1_memory_MB": 21435,
  "peak_gpu_2_memory_MB": 0,
  "peak_gpu_3_memory_MB": 12815,
  "training_duration": "0:01:04.613773",
  "training_start_epoch": 0,
  "training_epochs": 1,
  "epoch": 1,
  "training_accuracy": 0.366412213740458,
  "training_loss": 1.0975982867754424,
  "training_cpu_memory_MB": 5486.336,
  "training_gpu_0_memory_MB": 12553,
  "training_gpu_1_memory_MB": 21435,
  "training_gpu_2_memory_MB": 0,
  "training_gpu_3_memory_MB": 12815,
  "validation_accuracy": 0.3348955680081508,
  "validation_loss": 1.1013792962903697,
  "best_validation_accuracy": 0.3500764136525726,
  "best_validation_loss": 1.1010007636943158
}