{
  "best_epoch": 4,
  "peak_cpu_memory_MB": 5486.336,
  "peak_gpu_0_memory_MB": 12553,
  "peak_gpu_1_memory_MB": 21435,
  "peak_gpu_2_memory_MB": 0,
  "peak_gpu_3_memory_MB": 12815,
  "training_duration": "0:02:53.505728",
  "training_start_epoch": 0,
  "training_epochs": 4,
  "epoch": 4,
  "training_accuracy": 0.6005089058524173,
  "training_loss": 0.9375145527032706,
  "training_cpu_memory_MB": 5486.336,
  "training_gpu_0_memory_MB": 12553,
  "training_gpu_1_memory_MB": 21435,
  "training_gpu_2_memory_MB": 0,
  "training_gpu_3_memory_MB": 12815,
  "validation_accuracy": 0.37890983188996435,
  "validation_loss": 1.2217082274464908,
  "best_validation_accuracy": 0.37890983188996435,
  "best_validation_loss": 1.2217082274464908
}