{
  "best_epoch": 9,
  "peak_cpu_memory_MB": 5486.336,
  "peak_gpu_0_memory_MB": 12593,
  "peak_gpu_1_memory_MB": 21435,
  "peak_gpu_2_memory_MB": 0,
  "peak_gpu_3_memory_MB": 12815,
  "training_duration": "0:06:10.626348",
  "training_start_epoch": 0,
  "training_epochs": 9,
  "epoch": 9,
  "training_accuracy": 0.8905852417302799,
  "training_loss": 0.38346752295127284,
  "training_cpu_memory_MB": 5486.336,
  "training_gpu_0_memory_MB": 12593,
  "training_gpu_1_memory_MB": 21435,
  "training_gpu_2_memory_MB": 0,
  "training_gpu_3_memory_MB": 12815,
  "validation_accuracy": 0.4880285277636271,
  "validation_loss": 1.0838979742814352,
  "best_validation_accuracy": 0.4880285277636271,
  "best_validation_loss": 1.0838979742814352
}