{
  "best_epoch": 7,
  "peak_cpu_memory_MB": 5486.336,
  "peak_gpu_0_memory_MB": 12553,
  "peak_gpu_1_memory_MB": 21435,
  "peak_gpu_2_memory_MB": 0,
  "peak_gpu_3_memory_MB": 12815,
  "training_duration": "0:04:48.922482",
  "training_start_epoch": 0,
  "training_epochs": 7,
  "epoch": 7,
  "training_accuracy": 0.8498727735368957,
  "training_loss": 0.4883155822753906,
  "training_cpu_memory_MB": 5486.336,
  "training_gpu_0_memory_MB": 12553,
  "training_gpu_1_memory_MB": 21435,
  "training_gpu_2_memory_MB": 0,
  "training_gpu_3_memory_MB": 12815,
  "validation_accuracy": 0.4773306164034641,
  "validation_loss": 1.0953093726394232,
  "best_validation_accuracy": 0.4773306164034641,
  "best_validation_loss": 1.0953093726394232
}