{
  "best_epoch": 8,
  "peak_cpu_memory_MB": 5486.336,
  "peak_gpu_0_memory_MB": 12553,
  "peak_gpu_1_memory_MB": 21435,
  "peak_gpu_2_memory_MB": 0,
  "peak_gpu_3_memory_MB": 12815,
  "training_duration": "0:05:27.166188",
  "training_start_epoch": 0,
  "training_epochs": 8,
  "epoch": 8,
  "training_accuracy": 0.8982188295165394,
  "training_loss": 0.3979969299756564,
  "training_cpu_memory_MB": 5486.336,
  "training_gpu_0_memory_MB": 12553,
  "training_gpu_1_memory_MB": 21435,
  "training_gpu_2_memory_MB": 0,
  "training_gpu_3_memory_MB": 12815,
  "validation_accuracy": 0.487111563932756,
  "validation_loss": 1.083764229030485,
  "best_validation_accuracy": 0.487111563932756,
  "best_validation_loss": 1.083764229030485
}