{
  "best_epoch": 2,
  "peak_cpu_memory_MB": 5346.436,
  "peak_gpu_0_memory_MB": 12713,
  "peak_gpu_1_memory_MB": 21435,
  "peak_gpu_2_memory_MB": 0,
  "peak_gpu_3_memory_MB": 12821,
  "training_duration": "0:07:26.838366",
  "training_start_epoch": 0,
  "training_epochs": 12,
  "epoch": 12,
  "training_accuracy": 0.366412213740458,
  "training_loss": 1.0941331386566162,
  "training_cpu_memory_MB": 5346.436,
  "training_gpu_0_memory_MB": 12713,
  "training_gpu_1_memory_MB": 21435,
  "training_gpu_2_memory_MB": 0,
  "training_gpu_3_memory_MB": 12805,
  "validation_accuracy": 0.31818644931227713,
  "validation_loss": 1.098557577847658,
  "best_validation_accuracy": 0.3544574630667346,
  "best_validation_loss": 1.2448062953032577
}