{
  "best_epoch": 0,
  "peak_cpu_memory_MB": 5346.436,
  "peak_gpu_0_memory_MB": 12593,
  "peak_gpu_1_memory_MB": 21435,
  "peak_gpu_2_memory_MB": 0,
  "peak_gpu_3_memory_MB": 12821,
  "training_duration": "0:01:04.901414",
  "training_start_epoch": 0,
  "training_epochs": 1,
  "epoch": 1,
  "training_accuracy": 0.3053435114503817,
  "training_loss": 1.3156264745272124,
  "training_cpu_memory_MB": 5346.436,
  "training_gpu_0_memory_MB": 12593,
  "training_gpu_1_memory_MB": 21435,
  "training_gpu_2_memory_MB": 0,
  "training_gpu_3_memory_MB": 12,
  "validation_accuracy": 0.32745797249108505,
  "validation_loss": 1.3518132429557825,
  "best_validation_accuracy": 0.33642384105960266,
  "best_validation_loss": 1.3469833869499181
}