{
  "best_epoch": 2,
  "peak_cpu_memory_MB": 5346.436,
  "peak_gpu_0_memory_MB": 12713,
  "peak_gpu_1_memory_MB": 21435,
  "peak_gpu_2_memory_MB": 0,
  "peak_gpu_3_memory_MB": 12821,
  "training_duration": "0:06:52.107846",
  "training_start_epoch": 0,
  "training_epochs": 11,
  "epoch": 11,
  "training_accuracy": 0.3384223918575064,
  "training_loss": 1.1032233971815844,
  "training_cpu_memory_MB": 5346.436,
  "training_gpu_0_memory_MB": 12713,
  "training_gpu_1_memory_MB": 21435,
  "training_gpu_2_memory_MB": 0,
  "training_gpu_3_memory_MB": 12805,
  "validation_accuracy": 0.3544574630667346,
  "validation_loss": 1.0980111247941804,
  "best_validation_accuracy": 0.3544574630667346,
  "best_validation_loss": 1.2448062953032577
}