{
  "best_epoch": 2,
  "peak_cpu_memory_MB": 5346.436,
  "peak_gpu_0_memory_MB": 12593,
  "peak_gpu_1_memory_MB": 21435,
  "peak_gpu_2_memory_MB": 0,
  "peak_gpu_3_memory_MB": 12821,
  "training_duration": "0:01:38.870003",
  "training_start_epoch": 0,
  "training_epochs": 2,
  "epoch": 2,
  "training_accuracy": 0.31297709923664124,
  "training_loss": 1.2869281310301561,
  "training_cpu_memory_MB": 5346.436,
  "training_gpu_0_memory_MB": 12593,
  "training_gpu_1_memory_MB": 21435,
  "training_gpu_2_memory_MB": 0,
  "training_gpu_3_memory_MB": 12805,
  "validation_accuracy": 0.3544574630667346,
  "validation_loss": 1.2448062953032577,
  "best_validation_accuracy": 0.3544574630667346,
  "best_validation_loss": 1.2448062953032577
}