{
  "best_epoch": 2,
  "peak_cpu_memory_MB": 5346.436,
  "peak_gpu_0_memory_MB": 12593,
  "peak_gpu_1_memory_MB": 21435,
  "peak_gpu_2_memory_MB": 0,
  "peak_gpu_3_memory_MB": 12821,
  "training_duration": "0:04:34.169941",
  "training_start_epoch": 0,
  "training_epochs": 7,
  "epoch": 7,
  "training_accuracy": 0.3384223918575064,
  "training_loss": 1.1057611795572133,
  "training_cpu_memory_MB": 5346.436,
  "training_gpu_0_memory_MB": 12593,
  "training_gpu_1_memory_MB": 21435,
  "training_gpu_2_memory_MB": 0,
  "training_gpu_3_memory_MB": 12805,
  "validation_accuracy": 0.31818644931227713,
  "validation_loss": 1.1015366280894325,
  "best_validation_accuracy": 0.3544574630667346,
  "best_validation_loss": 1.2448062953032577
}