{
  "best_epoch": 12,
  "peak_cpu_memory_MB": 5866.536,
  "peak_gpu_0_memory_MB": 21435,
  "peak_gpu_1_memory_MB": 20139,
  "peak_gpu_2_memory_MB": 20139,
  "peak_gpu_3_memory_MB": 20139,
  "training_duration": "0:07:10.881810",
  "training_start_epoch": 0,
  "training_epochs": 14,
  "epoch": 14,
  "training_accuracy": 0.539440203562341,
  "training_disc_loss": 1.1132222175598145,
  "training_gen_loss": 6.778267726898194,
  "training_loss": 2.2566719238574686,
  "training_cpu_memory_MB": 5866.536,
  "training_gpu_0_memory_MB": 21435,
  "training_gpu_1_memory_MB": 20139,
  "training_gpu_2_memory_MB": 20139,
  "training_gpu_3_memory_MB": 20139,
  "validation_accuracy": 0.3645621181262729,
  "validation_disc_loss": 1.560103250126685,
  "validation_gen_loss": 7.132674824806951,
  "validation_loss": 2.6722981545232956,
  "best_validation_accuracy": 0.3879837067209776,
  "best_validation_disc_loss": 1.4540612159236785,
  "best_validation_gen_loss": 7.212727077545658,
  "best_validation_loss": 2.6016309030594362
}