{
  "best_epoch": 11,
  "peak_cpu_memory_MB": 5866.536,
  "peak_gpu_0_memory_MB": 21435,
  "peak_gpu_1_memory_MB": 20139,
  "peak_gpu_2_memory_MB": 20139,
  "peak_gpu_3_memory_MB": 20139,
  "training_duration": "0:05:42.640184",
  "training_start_epoch": 0,
  "training_epochs": 11,
  "epoch": 11,
  "training_accuracy": 0.48346055979643765,
  "training_disc_loss": 1.1474161887168883,
  "training_gen_loss": 6.915816841125488,
  "training_loss": 2.2858238220214844,
  "training_cpu_memory_MB": 5866.536,
  "training_gpu_0_memory_MB": 21435,
  "training_gpu_1_memory_MB": 20139,
  "training_gpu_2_memory_MB": 20139,
  "training_gpu_3_memory_MB": 20139,
  "validation_accuracy": 0.38391038696537677,
  "validation_disc_loss": 1.4154536810613447,
  "validation_gen_loss": 7.229352904904273,
  "validation_loss": 2.5736612504528416,
  "best_validation_accuracy": 0.38391038696537677,
  "best_validation_disc_loss": 1.4154536810613447,
  "best_validation_gen_loss": 7.229352904904273,
  "best_validation_loss": 2.5736612504528416
}