{
  "best_epoch": 21,
  "peak_cpu_memory_MB": 5866.536,
  "peak_gpu_0_memory_MB": 21435,
  "peak_gpu_1_memory_MB": 20139,
  "peak_gpu_2_memory_MB": 20139,
  "peak_gpu_3_memory_MB": 20139,
  "training_duration": "0:11:16.446241",
  "training_start_epoch": 0,
  "training_epochs": 23,
  "epoch": 23,
  "training_accuracy": 0.6972010178117048,
  "training_disc_loss": 0.716326003074646,
  "training_gen_loss": 6.656887016296387,
  "training_loss": 1.9022669883874745,
  "training_cpu_memory_MB": 5866.536,
  "training_gpu_0_memory_MB": 21435,
  "training_gpu_1_memory_MB": 20139,
  "training_gpu_2_memory_MB": 20139,
  "training_gpu_3_memory_MB": 20139,
  "validation_accuracy": 0.37983706720977595,
  "validation_disc_loss": 1.9081578321995274,
  "validation_gen_loss": 7.093304372602893,
  "validation_loss": 2.9489437303235455,
  "best_validation_accuracy": 0.395112016293279,
  "best_validation_disc_loss": 1.8638236839925089,
  "best_validation_gen_loss": 7.083194171228716,
  "best_validation_loss": 2.912388555465206
}