{
  "best_epoch": 7,
  "peak_cpu_memory_MB": 5866.536,
  "peak_gpu_0_memory_MB": 21435,
  "peak_gpu_1_memory_MB": 20139,
  "peak_gpu_2_memory_MB": 20139,
  "peak_gpu_3_memory_MB": 20139,
  "training_duration": "0:03:35.762329",
  "training_start_epoch": 0,
  "training_epochs": 7,
  "epoch": 7,
  "training_accuracy": 0.4732824427480916,
  "training_disc_loss": 1.2957414174079895,
  "training_gen_loss": 7.3708837127685545,
  "training_loss": 2.497345961057223,
  "training_cpu_memory_MB": 5866.536,
  "training_gpu_0_memory_MB": 21435,
  "training_gpu_1_memory_MB": 20139,
  "training_gpu_2_memory_MB": 20139,
  "training_gpu_3_memory_MB": 20139,
  "validation_accuracy": 0.3665987780040733,
  "validation_disc_loss": 1.293427061650061,
  "validation_gen_loss": 7.540826005320395,
  "validation_loss": 2.540544202250819,
  "best_validation_accuracy": 0.3665987780040733,
  "best_validation_disc_loss": 1.293427061650061,
  "best_validation_gen_loss": 7.540826005320395,
  "best_validation_loss": 2.540544202250819
}