{
  "best_epoch": 1,
  "peak_cpu_memory_MB": 5866.536,
  "peak_gpu_0_memory_MB": 21435,
  "peak_gpu_1_memory_MB": 20139,
  "peak_gpu_2_memory_MB": 20139,
  "peak_gpu_3_memory_MB": 20139,
  "training_duration": "0:01:42.340384",
  "training_start_epoch": 0,
  "training_epochs": 3,
  "epoch": 3,
  "training_accuracy": 0.4173027989821883,
  "training_disc_loss": 1.8652840042114258,
  "training_gen_loss": 8.686870498657226,
  "training_loss": 3.215320733877329,
  "training_cpu_memory_MB": 5866.536,
  "training_gpu_0_memory_MB": 21435,
  "training_gpu_1_memory_MB": 20139,
  "training_gpu_2_memory_MB": 20139,
  "training_gpu_3_memory_MB": 20139,
  "validation_accuracy": 0.34012219959266804,
  "validation_disc_loss": 2.905758636613046,
  "validation_gen_loss": 8.777027622345955,
  "validation_loss": 4.071494940788515,
  "best_validation_accuracy": 0.35234215885947046,
  "best_validation_disc_loss": 7.264367142031269,
  "best_validation_gen_loss": 10.989178103785362,
  "best_validation_loss": 8.00278151419855
}