{
  "best_epoch": 4,
  "peak_cpu_memory_MB": 5866.536,
  "peak_gpu_0_memory_MB": 21435,
  "peak_gpu_1_memory_MB": 20139,
  "peak_gpu_2_memory_MB": 20139,
  "peak_gpu_3_memory_MB": 20139,
  "training_duration": "0:03:08.816663",
  "training_start_epoch": 0,
  "training_epochs": 6,
  "epoch": 6,
  "training_accuracy": 0.4020356234096692,
  "training_disc_loss": 1.3794662189483642,
  "training_gen_loss": 7.579824104309082,
  "training_loss": 2.6054709141071024,
  "training_cpu_memory_MB": 5866.536,
  "training_gpu_0_memory_MB": 21435,
  "training_gpu_1_memory_MB": 20139,
  "training_gpu_2_memory_MB": 20139,
  "training_gpu_3_memory_MB": 20139,
  "validation_accuracy": 0.35845213849287166,
  "validation_disc_loss": 1.3627655967589347,
  "validation_gen_loss": 7.7083699857034995,
  "validation_loss": 2.62775412682564,
  "best_validation_accuracy": 0.3625254582484725,
  "best_validation_disc_loss": 1.6174378337398652,
  "best_validation_gen_loss": 8.302021711103377,
  "best_validation_loss": 2.948439198155557
}