{
  "best_epoch": 21,
  "peak_cpu_memory_MB": 5866.536,
  "peak_gpu_0_memory_MB": 21435,
  "peak_gpu_1_memory_MB": 20139,
  "peak_gpu_2_memory_MB": 20139,
  "peak_gpu_3_memory_MB": 20139,
  "training_duration": "0:13:28.502298",
  "training_start_epoch": 0,
  "training_epochs": 28,
  "epoch": 28,
  "training_accuracy": 0.732824427480916,
  "training_disc_loss": 0.6776466000080109,
  "training_gen_loss": 6.627208728790283,
  "training_loss": 1.8654028819157527,
  "training_cpu_memory_MB": 5866.536,
  "training_gpu_0_memory_MB": 21435,
  "training_gpu_1_memory_MB": 20139,
  "training_gpu_2_memory_MB": 20139,
  "training_gpu_3_memory_MB": 20139,
  "validation_accuracy": 0.37169042769857435,
  "validation_disc_loss": 1.9615102727566995,
  "validation_gen_loss": 7.095645081612371,
  "validation_loss": 2.993316327371905,
  "best_validation_accuracy": 0.395112016293279,
  "best_validation_disc_loss": 1.8638236839925089,
  "best_validation_gen_loss": 7.083194171228716,
  "best_validation_loss": 2.912388555465206
}