{
  "best_epoch": 1,
  "peak_cpu_memory_MB": 5866.744,
  "peak_gpu_0_memory_MB": 13845,
  "peak_gpu_1_memory_MB": 13845,
  "peak_gpu_2_memory_MB": 13845,
  "peak_gpu_3_memory_MB": 21435,
  "training_duration": "0:00:56.250089",
  "training_start_epoch": 0,
  "training_epochs": 1,
  "epoch": 1,
  "training_accuracy": 0.26208651399491095,
  "training_disc_loss": 1.8529118597507477,
  "training_gen_loss": 6.3967906093597415,
  "training_loss": 6.3967906093597415,
  "training_cpu_memory_MB": 5866.744,
  "training_gpu_0_memory_MB": 13845,
  "training_gpu_1_memory_MB": 13845,
  "training_gpu_2_memory_MB": 13845,
  "training_gpu_3_memory_MB": 21435,
  "validation_accuracy": 0.335030549898167,
  "validation_disc_loss": 1.1018329984773465,
  "validation_gen_loss": 7.136939971427608,
  "validation_loss": 7.136939971427608,
  "best_validation_accuracy": 0.335030549898167,
  "best_validation_disc_loss": 1.1018329984773465,
  "best_validation_gen_loss": 7.136939971427608,
  "best_validation_loss": 7.136939971427608
}