{
  "best_epoch": 0,
  "peak_cpu_memory_MB": 5495.792,
  "peak_gpu_0_memory_MB": 12645,
  "peak_gpu_1_memory_MB": 15413,
  "peak_gpu_2_memory_MB": 0,
  "peak_gpu_3_memory_MB": 2425,
  "training_duration": "0:00:29.338948",
  "training_start_epoch": 0,
  "training_epochs": 0,
  "epoch": 0,
  "training_accuracy": 0.33078880407124683,
  "training_loss": 1.25808519583482,
  "training_cpu_memory_MB": 5495.792,
  "training_gpu_0_memory_MB": 12645,
  "training_gpu_1_memory_MB": 15413,
  "training_gpu_2_memory_MB": 0,
  "training_gpu_3_memory_MB": 2425,
  "validation_accuracy": 0.34946510443199186,
  "validation_loss": 1.1500629798208852,
  "best_validation_accuracy": 0.34946510443199186,
  "best_validation_loss": 1.1500629798208852
}