{
  "best_epoch": 1,
  "peak_cpu_memory_MB": 5498.816,
  "peak_gpu_0_memory_MB": 12677,
  "peak_gpu_1_memory_MB": 21435,
  "peak_gpu_2_memory_MB": 0,
  "peak_gpu_3_memory_MB": 12807,
  "training_duration": "0:02:17.217118",
  "training_start_epoch": 0,
  "training_epochs": 3,
  "epoch": 3,
  "training_accuracy": 0.4223918575063613,
  "training_loss": 1.0970681172150831,
  "training_cpu_memory_MB": 5498.816,
  "training_gpu_0_memory_MB": 471,
  "training_gpu_1_memory_MB": 21435,
  "training_gpu_2_memory_MB": 0,
  "training_gpu_3_memory_MB": 12807,
  "validation_accuracy": 0.3390728476821192,
  "validation_loss": 1.1076711983168164,
  "best_validation_accuracy": 0.3508914926133469,
  "best_validation_loss": 1.0984182773273232
}