{
  "best_epoch": 1,
  "peak_cpu_memory_MB": 5498.816,
  "peak_gpu_0_memory_MB": 12677,
  "peak_gpu_1_memory_MB": 21435,
  "peak_gpu_2_memory_MB": 0,
  "peak_gpu_3_memory_MB": 12807,
  "training_duration": "0:01:42.731153",
  "training_start_epoch": 0,
  "training_epochs": 2,
  "epoch": 2,
  "training_accuracy": 0.3791348600508906,
  "training_loss": 1.1037121277589064,
  "training_cpu_memory_MB": 5498.816,
  "training_gpu_0_memory_MB": 12677,
  "training_gpu_1_memory_MB": 21435,
  "training_gpu_2_memory_MB": 0,
  "training_gpu_3_memory_MB": 12807,
  "validation_accuracy": 0.34386143657666834,
  "validation_loss": 1.1139476613812027,
  "best_validation_accuracy": 0.3508914926133469,
  "best_validation_loss": 1.0984182773273232
}