{
  "best_epoch": 0,
  "peak_cpu_memory_MB": 5498.816,
  "peak_gpu_0_memory_MB": 12677,
  "peak_gpu_1_memory_MB": 21435,
  "peak_gpu_2_memory_MB": 0,
  "peak_gpu_3_memory_MB": 2427,
  "training_duration": "0:00:29.638053",
  "training_start_epoch": 0,
  "training_epochs": 0,
  "epoch": 0,
  "training_accuracy": 0.356234096692112,
  "training_loss": 1.1046430239310632,
  "training_cpu_memory_MB": 5498.816,
  "training_gpu_0_memory_MB": 12677,
  "training_gpu_1_memory_MB": 21435,
  "training_gpu_2_memory_MB": 0,
  "training_gpu_3_memory_MB": 2427,
  "validation_accuracy": 0.34426897605705553,
  "validation_loss": 1.1004253920980696,
  "best_validation_accuracy": 0.34426897605705553,
  "best_validation_loss": 1.1004253920980696
}