{
  "best_epoch": 6,
  "peak_cpu_memory_MB": 5492.776,
  "peak_gpu_0_memory_MB": 12553,
  "peak_gpu_1_memory_MB": 21435,
  "peak_gpu_2_memory_MB": 0,
  "peak_gpu_3_memory_MB": 12805,
  "training_duration": "0:04:18.008694",
  "training_start_epoch": 0,
  "training_epochs": 6,
  "epoch": 6,
  "training_accuracy": 0.8625954198473282,
  "training_loss": 0.44094900901500994,
  "training_cpu_memory_MB": 5492.776,
  "training_gpu_0_memory_MB": 12553,
  "training_gpu_1_memory_MB": 21435,
  "training_gpu_2_memory_MB": 0,
  "training_gpu_3_memory_MB": 12805,
  "validation_accuracy": 0.5267447784004076,
  "validation_loss": 1.0264598432115313,
  "best_validation_accuracy": 0.5267447784004076,
  "best_validation_loss": 1.0264598432115313
}