{
  "best_epoch": 0,
  "peak_cpu_memory_MB": 5492.776,
  "peak_gpu_0_memory_MB": 12553,
  "peak_gpu_1_memory_MB": 21435,
  "peak_gpu_2_memory_MB": 0,
  "peak_gpu_3_memory_MB": 2425,
  "training_duration": "0:00:29.758844",
  "training_start_epoch": 0,
  "training_epochs": 0,
  "epoch": 0,
  "training_accuracy": 0.3053435114503817,
  "training_loss": 1.2465449755008404,
  "training_cpu_memory_MB": 5492.776,
  "training_gpu_0_memory_MB": 12553,
  "training_gpu_1_memory_MB": 21435,
  "training_gpu_2_memory_MB": 0,
  "training_gpu_3_memory_MB": 2425,
  "validation_accuracy": 0.3424350483953133,
  "validation_loss": 1.152799969581517,
  "best_validation_accuracy": 0.3424350483953133,
  "best_validation_loss": 1.152799969581517
}