{
  "best_epoch": 1,
  "peak_cpu_memory_MB": 5492.776,
  "peak_gpu_0_memory_MB": 12553,
  "peak_gpu_1_memory_MB": 21435,
  "peak_gpu_2_memory_MB": 0,
  "peak_gpu_3_memory_MB": 12805,
  "training_duration": "0:01:05.375394",
  "training_start_epoch": 0,
  "training_epochs": 1,
  "epoch": 1,
  "training_accuracy": 0.3969465648854962,
  "training_loss": 1.1408206682938795,
  "training_cpu_memory_MB": 5492.776,
  "training_gpu_0_memory_MB": 12553,
  "training_gpu_1_memory_MB": 21435,
  "training_gpu_2_memory_MB": 0,
  "training_gpu_3_memory_MB": 12805,
  "validation_accuracy": 0.3546612328069282,
  "validation_loss": 1.0989787613530113,
  "best_validation_accuracy": 0.3546612328069282,
  "best_validation_loss": 1.0989787613530113
}