{
  "best_epoch": 13,
  "peak_cpu_memory_MB": 5492.776,
  "peak_gpu_0_memory_MB": 12553,
  "peak_gpu_1_memory_MB": 21435,
  "peak_gpu_2_memory_MB": 0,
  "peak_gpu_3_memory_MB": 12805,
  "training_duration": "0:08:53.702412",
  "training_start_epoch": 0,
  "training_epochs": 13,
  "epoch": 13,
  "training_accuracy": 0.9949109414758269,
  "training_loss": 0.03625428461684631,
  "training_cpu_memory_MB": 5492.776,
  "training_gpu_0_memory_MB": 12553,
  "training_gpu_1_memory_MB": 21435,
  "training_gpu_2_memory_MB": 0,
  "training_gpu_3_memory_MB": 12805,
  "validation_accuracy": 0.6542027508914926,
  "validation_loss": 0.9914239029542631,
  "best_validation_accuracy": 0.6542027508914926,
  "best_validation_loss": 0.9914239029542631
}