{
  "best_epoch": 0,
  "peak_cpu_memory_MB": 5356.988,
  "peak_gpu_0_memory_MB": 2309,
  "peak_gpu_1_memory_MB": 0,
  "peak_gpu_2_memory_MB": 10225,
  "peak_gpu_3_memory_MB": 12869,
  "training_duration": "0:00:30.274846",
  "training_start_epoch": 0,
  "training_epochs": 0,
  "epoch": 0,
  "training_accuracy": 0.42493638676844786,
  "training_loss": 1.0887206930380602,
  "training_cpu_memory_MB": 5356.988,
  "training_gpu_0_memory_MB": 2309,
  "training_gpu_1_memory_MB": 0,
  "training_gpu_2_memory_MB": 10225,
  "training_gpu_3_memory_MB": 12869,
  "validation_accuracy": 0.48425878757004587,
  "validation_loss": 1.0290770967542542,
  "best_validation_accuracy": 0.48425878757004587,
  "best_validation_loss": 1.0290770967542542
}