{
  "best_epoch": 1,
  "peak_cpu_memory_MB": 5501.108,
  "peak_gpu_0_memory_MB": 12693,
  "peak_gpu_1_memory_MB": 21435,
  "peak_gpu_2_memory_MB": 0,
  "peak_gpu_3_memory_MB": 12805,
  "training_duration": "0:01:05.899210",
  "training_start_epoch": 0,
  "training_epochs": 1,
  "epoch": 1,
  "training_accuracy": 0.3638676844783715,
  "training_loss": 1.1569185440356915,
  "training_cpu_memory_MB": 5501.108,
  "training_gpu_0_memory_MB": 12693,
  "training_gpu_1_memory_MB": 21435,
  "training_gpu_2_memory_MB": 0,
  "training_gpu_3_memory_MB": 12805,
  "validation_accuracy": 0.3544574630667346,
  "validation_loss": 1.1189530161770624,
  "best_validation_accuracy": 0.3544574630667346,
  "best_validation_loss": 1.1189530161770624
}