{
  "best_epoch": 4,
  "peak_cpu_memory_MB": 5501.108,
  "peak_gpu_0_memory_MB": 12693,
  "peak_gpu_1_memory_MB": 21435,
  "peak_gpu_2_memory_MB": 0,
  "peak_gpu_3_memory_MB": 12805,
  "training_duration": "0:03:06.242543",
  "training_start_epoch": 0,
  "training_epochs": 4,
  "epoch": 4,
  "training_accuracy": 0.43256997455470736,
  "training_loss": 1.1229949501844554,
  "training_cpu_memory_MB": 5501.108,
  "training_gpu_0_memory_MB": 12693,
  "training_gpu_1_memory_MB": 21435,
  "training_gpu_2_memory_MB": 0,
  "training_gpu_3_memory_MB": 12805,
  "validation_accuracy": 0.37890983188996435,
  "validation_loss": 1.1123320000179426,
  "best_validation_accuracy": 0.37890983188996435,
  "best_validation_loss": 1.1123320000179426
}