{
  "best_epoch": 1,
  "peak_cpu_memory_MB": 7324.012,
  "peak_gpu_0_memory_MB": 5451,
  "peak_gpu_1_memory_MB": 5274,
  "training_duration": "1:08:23.699620",
  "training_start_epoch": 0,
  "training_epochs": 1,
  "epoch": 1,
  "training_accuracy": 0.8748745868368382,
  "training_loss": 0.3292533121526489,
  "training_cpu_memory_MB": 7324.012,
  "training_gpu_0_memory_MB": 5451,
  "training_gpu_1_memory_MB": 5164,
  "validation_accuracy": 0.878349465104432,
  "validation_loss": 0.3341934672080539,
  "best_validation_accuracy": 0.878349465104432,
  "best_validation_loss": 0.3341934672080539
}