{
  "best_epoch": 1,
  "peak_cpu_memory_MB": 5345.1,
  "peak_gpu_0_memory_MB": 12693,
  "peak_gpu_1_memory_MB": 21433,
  "peak_gpu_2_memory_MB": 10225,
  "peak_gpu_3_memory_MB": 12805,
  "training_duration": "0:01:05.874853",
  "training_start_epoch": 0,
  "training_epochs": 1,
  "epoch": 1,
  "training_accuracy": 0.6310432569974554,
  "training_loss": 0.8507562875747681,
  "training_cpu_memory_MB": 5345.1,
  "training_gpu_0_memory_MB": 12693,
  "training_gpu_1_memory_MB": 21433,
  "training_gpu_2_memory_MB": 10225,
  "training_gpu_3_memory_MB": 12805,
  "validation_accuracy": 0.525012735608762,
  "validation_loss": 1.0593626367152709,
  "best_validation_accuracy": 0.525012735608762,
  "best_validation_loss": 1.0593626367152709
}