{
  "best_epoch": 2,
  "peak_cpu_memory_MB": 5345.1,
  "peak_gpu_0_memory_MB": 12693,
  "peak_gpu_1_memory_MB": 21433,
  "peak_gpu_2_memory_MB": 10225,
  "peak_gpu_3_memory_MB": 12805,
  "training_duration": "0:01:46.434666",
  "training_start_epoch": 0,
  "training_epochs": 2,
  "epoch": 2,
  "training_accuracy": 0.8295165394402035,
  "training_loss": 0.4485503595608931,
  "training_cpu_memory_MB": 5345.1,
  "training_gpu_0_memory_MB": 12693,
  "training_gpu_1_memory_MB": 21433,
  "training_gpu_2_memory_MB": 10225,
  "training_gpu_3_memory_MB": 12805,
  "validation_accuracy": 0.5307182883341823,
  "validation_loss": 1.0533475009936852,
  "best_validation_accuracy": 0.5307182883341823,
  "best_validation_loss": 1.0533475009936852
}