{
  "best_epoch": 0,
  "peak_cpu_memory_MB": 5866.204,
  "peak_gpu_0_memory_MB": 2617,
  "peak_gpu_1_memory_MB": 13029,
  "peak_gpu_2_memory_MB": 14587,
  "peak_gpu_3_memory_MB": 21435,
  "training_duration": "0:00:25.565789",
  "training_start_epoch": 0,
  "training_epochs": 0,
  "epoch": 0,
  "training_accuracy": 0.3384223918575064,
  "training_disc_loss": 8.748208720684051,
  "training_gen_loss": 9.50163872718811,
  "training_loss": 9.313281211853027,
  "training_cpu_memory_MB": 5866.204,
  "training_gpu_0_memory_MB": 2617,
  "training_gpu_1_memory_MB": 13029,
  "training_gpu_2_memory_MB": 14587,
  "training_gpu_3_memory_MB": 21435,
  "validation_accuracy": 0.32382892057026474,
  "validation_disc_loss": 1.2583599890150674,
  "validation_gen_loss": 7.038872009370385,
  "validation_loss": 5.593743971692837,
  "best_validation_accuracy": 0.32382892057026474,
  "best_validation_disc_loss": 1.2583599890150674,
  "best_validation_gen_loss": 7.038872009370385,
  "best_validation_loss": 5.593743971692837
}