{
  "best_epoch": 2,
  "peak_cpu_memory_MB": 5866.204,
  "peak_gpu_0_memory_MB": 14587,
  "peak_gpu_1_memory_MB": 13029,
  "peak_gpu_2_memory_MB": 14587,
  "peak_gpu_3_memory_MB": 21435,
  "training_duration": "0:08:52.858058",
  "training_start_epoch": 0,
  "training_epochs": 16,
  "epoch": 16,
  "training_accuracy": 0.5368956743002544,
  "training_disc_loss": 0.9102206259965897,
  "training_gen_loss": 5.718539295196533,
  "training_loss": 4.516459550857544,
  "training_cpu_memory_MB": 5866.204,
  "training_gpu_0_memory_MB": 14587,
  "training_gpu_1_memory_MB": 13029,
  "training_gpu_2_memory_MB": 14587,
  "training_gpu_3_memory_MB": 21435,
  "validation_accuracy": 0.34521384928716903,
  "validation_disc_loss": 1.098393807566263,
  "validation_gen_loss": 7.445688495791055,
  "validation_loss": 5.858864826884696,
  "best_validation_accuracy": 0.3645621181262729,
  "best_validation_disc_loss": 1.3757649049526308,
  "best_validation_gen_loss": 6.86405866902049,
  "best_validation_loss": 5.49198523188025
}