{
  "best_epoch": 2,
  "peak_cpu_memory_MB": 5866.204,
  "peak_gpu_0_memory_MB": 14587,
  "peak_gpu_1_memory_MB": 13029,
  "peak_gpu_2_memory_MB": 14587,
  "peak_gpu_3_memory_MB": 21435,
  "training_duration": "0:08:21.964281",
  "training_start_epoch": 0,
  "training_epochs": 15,
  "epoch": 15,
  "training_accuracy": 0.549618320610687,
  "training_disc_loss": 1.1068889480829238,
  "training_gen_loss": 5.7319533634185795,
  "training_loss": 4.575687236785889,
  "training_cpu_memory_MB": 5866.204,
  "training_gpu_0_memory_MB": 14587,
  "training_gpu_1_memory_MB": 13029,
  "training_gpu_2_memory_MB": 14587,
  "training_gpu_3_memory_MB": 21435,
  "validation_accuracy": 0.32790224032586557,
  "validation_disc_loss": 1.098578642054302,
  "validation_gen_loss": 7.400020878489425,
  "validation_loss": 5.824660316715396,
  "best_validation_accuracy": 0.3645621181262729,
  "best_validation_disc_loss": 1.3757649049526308,
  "best_validation_gen_loss": 6.86405866902049,
  "best_validation_loss": 5.49198523188025
}