{
  "best_epoch": 0,
  "peak_cpu_memory_MB": 5866.204,
  "peak_gpu_0_memory_MB": 14587,
  "peak_gpu_1_memory_MB": 13029,
  "peak_gpu_2_memory_MB": 14587,
  "peak_gpu_3_memory_MB": 21435,
  "training_duration": "0:00:58.367088",
  "training_start_epoch": 0,
  "training_epochs": 1,
  "epoch": 1,
  "training_accuracy": 0.3053435114503817,
  "training_disc_loss": 1.9964765858650209,
  "training_gen_loss": 6.598876829147339,
  "training_loss": 5.448276767730713,
  "training_cpu_memory_MB": 5866.204,
  "training_gpu_0_memory_MB": 14587,
  "training_gpu_1_memory_MB": 13029,
  "training_gpu_2_memory_MB": 14587,
  "training_gpu_3_memory_MB": 21435,
  "validation_accuracy": 0.32382892057026474,
  "validation_disc_loss": 1.3760052585020297,
  "validation_gen_loss": 7.052361127806873,
  "validation_loss": 5.633272140006709,
  "best_validation_accuracy": 0.32382892057026474,
  "best_validation_disc_loss": 1.2583599890150674,
  "best_validation_gen_loss": 7.038872009370385,
  "best_validation_loss": 5.593743971692837
}