{
  "best_epoch": 2,
  "peak_cpu_memory_MB": 5866.204,
  "peak_gpu_0_memory_MB": 14587,
  "peak_gpu_1_memory_MB": 13029,
  "peak_gpu_2_memory_MB": 14587,
  "peak_gpu_3_memory_MB": 21435,
  "training_duration": "0:04:43.515547",
  "training_start_epoch": 0,
  "training_epochs": 8,
  "epoch": 8,
  "training_accuracy": 0.3384223918575064,
  "training_disc_loss": 1.8303308176994324,
  "training_gen_loss": 5.973008861541748,
  "training_loss": 4.937339363098144,
  "training_cpu_memory_MB": 5866.204,
  "training_gpu_0_memory_MB": 14587,
  "training_gpu_1_memory_MB": 13029,
  "training_gpu_2_memory_MB": 14587,
  "training_gpu_3_memory_MB": 21435,
  "validation_accuracy": 0.35845213849287166,
  "validation_disc_loss": 1.0975690488892842,
  "validation_gen_loss": 7.151721512399068,
  "validation_loss": 5.638183396037032,
  "best_validation_accuracy": 0.3645621181262729,
  "best_validation_disc_loss": 1.3757649049526308,
  "best_validation_gen_loss": 6.86405866902049,
  "best_validation_loss": 5.49198523188025
}