{
  "best_epoch": 2,
  "peak_cpu_memory_MB": 5866.204,
  "peak_gpu_0_memory_MB": 14587,
  "peak_gpu_1_memory_MB": 13029,
  "peak_gpu_2_memory_MB": 14587,
  "peak_gpu_3_memory_MB": 21435,
  "training_duration": "0:07:50.674251",
  "training_start_epoch": 0,
  "training_epochs": 14,
  "epoch": 14,
  "training_accuracy": 0.5063613231552163,
  "training_disc_loss": 1.1891735625267028,
  "training_gen_loss": 5.7346735763549805,
  "training_loss": 4.598298540115357,
  "training_cpu_memory_MB": 5866.204,
  "training_gpu_0_memory_MB": 14587,
  "training_gpu_1_memory_MB": 13029,
  "training_gpu_2_memory_MB": 14587,
  "training_gpu_3_memory_MB": 21435,
  "validation_accuracy": 0.3329938900203666,
  "validation_disc_loss": 1.0986077165215966,
  "validation_gen_loss": 7.388730874875697,
  "validation_loss": 5.816200089648487,
  "best_validation_accuracy": 0.3645621181262729,
  "best_validation_disc_loss": 1.3757649049526308,
  "best_validation_gen_loss": 6.86405866902049,
  "best_validation_loss": 5.49198523188025
}