{
  "best_epoch": 2,
  "peak_cpu_memory_MB": 5866.204,
  "peak_gpu_0_memory_MB": 14587,
  "peak_gpu_1_memory_MB": 13029,
  "peak_gpu_2_memory_MB": 14587,
  "peak_gpu_3_memory_MB": 21435,
  "training_duration": "0:03:40.563387",
  "training_start_epoch": 0,
  "training_epochs": 6,
  "epoch": 6,
  "training_accuracy": 0.366412213740458,
  "training_disc_loss": 1.6131317114830017,
  "training_gen_loss": 6.041587829589844,
  "training_loss": 4.934473819732666,
  "training_cpu_memory_MB": 5866.204,
  "training_gpu_0_memory_MB": 14587,
  "training_gpu_1_memory_MB": 13029,
  "training_gpu_2_memory_MB": 14587,
  "training_gpu_3_memory_MB": 21435,
  "validation_accuracy": 0.33706720977596744,
  "validation_disc_loss": 1.0981976889013274,
  "validation_gen_loss": 7.0495630667461615,
  "validation_loss": 5.561721731976765,
  "best_validation_accuracy": 0.3645621181262729,
  "best_validation_disc_loss": 1.3757649049526308,
  "best_validation_gen_loss": 6.86405866902049,
  "best_validation_loss": 5.49198523188025
}