{
  "best_epoch": 11,
  "peak_cpu_memory_MB": 5866.288,
  "peak_gpu_0_memory_MB": 21435,
  "peak_gpu_1_memory_MB": 20139,
  "peak_gpu_2_memory_MB": 20139,
  "peak_gpu_3_memory_MB": 20139,
  "training_duration": "0:09:14.181500",
  "training_start_epoch": 0,
  "training_epochs": 19,
  "epoch": 19,
  "training_accuracy": 0.5826972010178118,
  "training_disc_loss": 0.9964664733409881,
  "training_gen_loss": 6.745494976043701,
  "training_loss": 2.1488610689456644,
  "training_cpu_memory_MB": 5866.288,
  "training_gpu_0_memory_MB": 21435,
  "training_gpu_1_memory_MB": 20139,
  "training_gpu_2_memory_MB": 20139,
  "training_gpu_3_memory_MB": 20139,
  "validation_accuracy": 0.3890020366598778,
  "validation_disc_loss": 1.769906355488685,
  "validation_gen_loss": 7.157535176123342,
  "validation_loss": 2.845113285126225,
  "best_validation_accuracy": 0.395112016293279,
  "best_validation_disc_loss": 1.6842903783244472,
  "best_validation_gen_loss": 7.3629525246158725,
  "best_validation_loss": 2.8179271144251667
}