{
  "best_epoch": 8,
  "peak_cpu_memory_MB": 5866.288,
  "peak_gpu_0_memory_MB": 21435,
  "peak_gpu_1_memory_MB": 20139,
  "peak_gpu_2_memory_MB": 20139,
  "peak_gpu_3_memory_MB": 20139,
  "training_duration": "0:05:09.323972",
  "training_start_epoch": 0,
  "training_epochs": 10,
  "epoch": 10,
  "training_accuracy": 0.49872773536895676,
  "training_disc_loss": 1.2802131032943727,
  "training_gen_loss": 7.113846988677978,
  "training_loss": 2.43346199622521,
  "training_cpu_memory_MB": 5866.288,
  "training_gpu_0_memory_MB": 21435,
  "training_gpu_1_memory_MB": 20139,
  "training_gpu_2_memory_MB": 20139,
  "training_gpu_3_memory_MB": 20139,
  "validation_accuracy": 0.37983706720977595,
  "validation_disc_loss": 1.6281415993167507,
  "validation_gen_loss": 7.4444860873683805,
  "validation_loss": 2.7879795951227986,
  "best_validation_accuracy": 0.384928716904277,
  "best_validation_disc_loss": 1.6902825938117119,
  "best_validation_gen_loss": 7.558378150386195,
  "best_validation_loss": 2.865832467232981
}