{
  "best_epoch": 11,
  "peak_cpu_memory_MB": 5866.288,
  "peak_gpu_0_memory_MB": 21435,
  "peak_gpu_1_memory_MB": 20139,
  "peak_gpu_2_memory_MB": 20139,
  "peak_gpu_3_memory_MB": 20139,
  "training_duration": "0:05:35.913985",
  "training_start_epoch": 0,
  "training_epochs": 11,
  "epoch": 11,
  "training_accuracy": 0.46055979643765904,
  "training_disc_loss": 1.284700767993927,
  "training_gen_loss": 7.0302458763122555,
  "training_loss": 2.4208100208869348,
  "training_cpu_memory_MB": 5866.288,
  "training_gpu_0_memory_MB": 21435,
  "training_gpu_1_memory_MB": 20139,
  "training_gpu_2_memory_MB": 20139,
  "training_gpu_3_memory_MB": 20139,
  "validation_accuracy": 0.395112016293279,
  "validation_disc_loss": 1.6842903783244472,
  "validation_gen_loss": 7.3629525246158725,
  "validation_loss": 2.8179271144251667,
  "best_validation_accuracy": 0.395112016293279,
  "best_validation_disc_loss": 1.6842903783244472,
  "best_validation_gen_loss": 7.3629525246158725,
  "best_validation_loss": 2.8179271144251667
}