{
  "best_epoch": 11,
  "peak_cpu_memory_MB": 5866.288,
  "peak_gpu_0_memory_MB": 21435,
  "peak_gpu_1_memory_MB": 20139,
  "peak_gpu_2_memory_MB": 20139,
  "peak_gpu_3_memory_MB": 20139,
  "training_duration": "0:09:40.639484",
  "training_start_epoch": 0,
  "training_epochs": 20,
  "epoch": 20,
  "training_accuracy": 0.5954198473282443,
  "training_disc_loss": 0.9195601832866669,
  "training_gen_loss": 6.737036781311035,
  "training_loss": 2.1046019242360043,
  "training_cpu_memory_MB": 5866.288,
  "training_gpu_0_memory_MB": 21435,
  "training_gpu_1_memory_MB": 20139,
  "training_gpu_2_memory_MB": 20139,
  "training_gpu_3_memory_MB": 20139,
  "validation_accuracy": 0.3890020366598778,
  "validation_disc_loss": 1.8069543338591052,
  "validation_gen_loss": 7.165807139488958,
  "validation_loss": 2.8735041156891854,
  "best_validation_accuracy": 0.395112016293279,
  "best_validation_disc_loss": 1.6842903783244472,
  "best_validation_gen_loss": 7.3629525246158725,
  "best_validation_loss": 2.8179271144251667
}