{
  "best_epoch": 1,
  "peak_cpu_memory_MB": 5866.288,
  "peak_gpu_0_memory_MB": 21435,
  "peak_gpu_1_memory_MB": 20139,
  "peak_gpu_2_memory_MB": 20139,
  "peak_gpu_3_memory_MB": 20139,
  "training_duration": "0:02:11.594998",
  "training_start_epoch": 0,
  "training_epochs": 4,
  "epoch": 4,
  "training_accuracy": 0.3994910941475827,
  "training_disc_loss": 2.208585467338562,
  "training_gen_loss": 8.358783893585205,
  "training_loss": 3.4284695295187144,
  "training_cpu_memory_MB": 5866.288,
  "training_gpu_0_memory_MB": 21435,
  "training_gpu_1_memory_MB": 20139,
  "training_gpu_2_memory_MB": 20139,
  "training_gpu_3_memory_MB": 20139,
  "validation_accuracy": 0.34623217922606925,
  "validation_disc_loss": 3.2210132172030788,
  "validation_gen_loss": 8.519509484691005,
  "validation_loss": 4.293558966728948,
  "best_validation_accuracy": 0.3513238289205703,
  "best_validation_disc_loss": 7.713570141023205,
  "best_validation_gen_loss": 11.730513711129465,
  "best_validation_loss": 8.535505863928027
}