{
  "best_epoch": 6,
  "peak_cpu_memory_MB": 5866.288,
  "peak_gpu_0_memory_MB": 21435,
  "peak_gpu_1_memory_MB": 20139,
  "peak_gpu_2_memory_MB": 20139,
  "peak_gpu_3_memory_MB": 20139,
  "training_duration": "0:03:09.417792",
  "training_start_epoch": 0,
  "training_epochs": 6,
  "epoch": 6,
  "training_accuracy": 0.3994910941475827,
  "training_disc_loss": 1.7526961040496827,
  "training_gen_loss": 7.794798011779785,
  "training_loss": 2.9447720050811768,
  "training_cpu_memory_MB": 5866.288,
  "training_gpu_0_memory_MB": 21435,
  "training_gpu_1_memory_MB": 20139,
  "training_gpu_2_memory_MB": 20139,
  "training_gpu_3_memory_MB": 20139,
  "validation_accuracy": 0.35539714867617106,
  "validation_disc_loss": 1.9887226800764761,
  "validation_gen_loss": 8.036921693432715,
  "validation_loss": 3.195659537469187,
  "best_validation_accuracy": 0.35539714867617106,
  "best_validation_disc_loss": 1.9887226800764761,
  "best_validation_gen_loss": 8.036921693432715,
  "best_validation_loss": 3.195659537469187
}