{
  "best_epoch": 8,
  "peak_cpu_memory_MB": 5866.288,
  "peak_gpu_0_memory_MB": 21435,
  "peak_gpu_1_memory_MB": 20139,
  "peak_gpu_2_memory_MB": 20139,
  "peak_gpu_3_memory_MB": 20139,
  "training_duration": "0:04:42.820670",
  "training_start_epoch": 0,
  "training_epochs": 9,
  "epoch": 9,
  "training_accuracy": 0.48346055979643765,
  "training_disc_loss": 1.403986508846283,
  "training_gen_loss": 7.198917293548584,
  "training_loss": 2.570597538581261,
  "training_cpu_memory_MB": 5866.288,
  "training_gpu_0_memory_MB": 21435,
  "training_gpu_1_memory_MB": 20139,
  "training_gpu_2_memory_MB": 20139,
  "training_gpu_3_memory_MB": 20139,
  "validation_accuracy": 0.3635437881873727,
  "validation_disc_loss": 1.6553808710267466,
  "validation_gen_loss": 7.581178442124398,
  "validation_loss": 2.838926161489179,
  "best_validation_accuracy": 0.384928716904277,
  "best_validation_disc_loss": 1.6902825938117119,
  "best_validation_gen_loss": 7.558378150386195,
  "best_validation_loss": 2.865832467232981
}