{
  "best_epoch": 2,
  "peak_cpu_memory_MB": 5539.384,
  "peak_gpu_0_memory_MB": 12645,
  "peak_gpu_1_memory_MB": 21435,
  "peak_gpu_2_memory_MB": 0,
  "peak_gpu_3_memory_MB": 12805,
  "training_duration": "0:01:43.773582",
  "training_start_epoch": 0,
  "training_epochs": 2,
  "epoch": 2,
  "training_accuracy": 0.55470737913486,
  "training_loss": 1.035030993131491,
  "training_cpu_memory_MB": 5539.384,
  "training_gpu_0_memory_MB": 12645,
  "training_gpu_1_memory_MB": 21435,
  "training_gpu_2_memory_MB": 0,
  "training_gpu_3_memory_MB": 12805,
  "validation_accuracy": 0.4833418237391747,
  "validation_loss": 1.0528956449769606,
  "best_validation_accuracy": 0.4833418237391747,
  "best_validation_loss": 1.0528956449769606
}