{
  "best_epoch": 4,
  "peak_cpu_memory_MB": 5866.38,
  "peak_gpu_0_memory_MB": 13845,
  "peak_gpu_1_memory_MB": 13005,
  "peak_gpu_2_memory_MB": 13845,
  "peak_gpu_3_memory_MB": 21435,
  "training_duration": "0:02:37.853663",
  "training_start_epoch": 0,
  "training_epochs": 4,
  "epoch": 4,
  "training_accuracy": 0.38676844783715014,
  "training_disc_loss": 1.5978792762756349,
  "training_gen_loss": 6.043602542877197,
  "training_loss": 6.043602542877197,
  "training_cpu_memory_MB": 5866.38,
  "training_gpu_0_memory_MB": 13845,
  "training_gpu_1_memory_MB": 13005,
  "training_gpu_2_memory_MB": 13845,
  "training_gpu_3_memory_MB": 21435,
  "validation_accuracy": 0.37067209775967414,
  "validation_disc_loss": 1.3733859793926642,
  "validation_gen_loss": 7.204353910151536,
  "validation_loss": 7.204353910151536,
  "best_validation_accuracy": 0.37067209775967414,
  "best_validation_disc_loss": 1.3733859793926642,
  "best_validation_gen_loss": 7.204353910151536,
  "best_validation_loss": 7.204353910151536
}