{
  "best_epoch": 12,
  "peak_cpu_memory_MB": 5866.38,
  "peak_gpu_0_memory_MB": 13845,
  "peak_gpu_1_memory_MB": 13005,
  "peak_gpu_2_memory_MB": 13845,
  "peak_gpu_3_memory_MB": 21435,
  "training_duration": "0:13:11.668522",
  "training_start_epoch": 0,
  "training_epochs": 24,
  "epoch": 24,
  "training_accuracy": 0.9287531806615776,
  "training_disc_loss": 0.1661210502582253,
  "training_gen_loss": 5.28932861328125,
  "training_loss": 5.28932861328125,
  "training_cpu_memory_MB": 5866.38,
  "training_gpu_0_memory_MB": 13845,
  "training_gpu_1_memory_MB": 13005,
  "training_gpu_2_memory_MB": 13845,
  "training_gpu_3_memory_MB": 21435,
  "validation_accuracy": 0.390020366598778,
  "validation_disc_loss": 2.580427579763459,
  "validation_gen_loss": 8.814342998876803,
  "validation_loss": 8.814342998876803,
  "best_validation_accuracy": 0.4103869653767821,
  "best_validation_disc_loss": 1.706070116380366,
  "best_validation_gen_loss": 7.729361820996292,
  "best_validation_loss": 7.729361820996292
}