{
  "best_epoch": 12,
  "peak_cpu_memory_MB": 5866.38,
  "peak_gpu_0_memory_MB": 13845,
  "peak_gpu_1_memory_MB": 13005,
  "peak_gpu_2_memory_MB": 13845,
  "peak_gpu_3_memory_MB": 21435,
  "training_duration": "0:08:05.381265",
  "training_start_epoch": 0,
  "training_epochs": 14,
  "epoch": 14,
  "training_accuracy": 0.7862595419847328,
  "training_disc_loss": 0.5497237176448106,
  "training_gen_loss": 5.5148206806182865,
  "training_loss": 5.5148206806182865,
  "training_cpu_memory_MB": 5866.38,
  "training_gpu_0_memory_MB": 13845,
  "training_gpu_1_memory_MB": 13005,
  "training_gpu_2_memory_MB": 13845,
  "training_gpu_3_memory_MB": 21435,
  "validation_accuracy": 0.40020366598778007,
  "validation_disc_loss": 2.0700212860010505,
  "validation_gen_loss": 8.028403452741422,
  "validation_loss": 8.028403452741422,
  "best_validation_accuracy": 0.4103869653767821,
  "best_validation_disc_loss": 1.706070116380366,
  "best_validation_gen_loss": 7.729361820996292,
  "best_validation_loss": 7.729361820996292
}