{
  "best_epoch": 4,
  "peak_cpu_memory_MB": 5866.38,
  "peak_gpu_0_memory_MB": 13845,
  "peak_gpu_1_memory_MB": 13005,
  "peak_gpu_2_memory_MB": 13845,
  "peak_gpu_3_memory_MB": 21435,
  "training_duration": "0:03:13.776559",
  "training_start_epoch": 0,
  "training_epochs": 5,
  "epoch": 5,
  "training_accuracy": 0.38676844783715014,
  "training_disc_loss": 1.4006097617745399,
  "training_gen_loss": 5.887789983749389,
  "training_loss": 5.887789983749389,
  "training_cpu_memory_MB": 5866.38,
  "training_gpu_0_memory_MB": 13845,
  "training_gpu_1_memory_MB": 13005,
  "training_gpu_2_memory_MB": 13845,
  "training_gpu_3_memory_MB": 21435,
  "validation_accuracy": 0.3421588594704684,
  "validation_disc_loss": 2.033934716286698,
  "validation_gen_loss": 7.441950290183711,
  "validation_loss": 7.441950290183711,
  "best_validation_accuracy": 0.37067209775967414,
  "best_validation_disc_loss": 1.3733859793926642,
  "best_validation_gen_loss": 7.204353910151536,
  "best_validation_loss": 7.204353910151536
}