{
  "best_epoch": 12,
  "peak_cpu_memory_MB": 5866.38,
  "peak_gpu_0_memory_MB": 13845,
  "peak_gpu_1_memory_MB": 13005,
  "peak_gpu_2_memory_MB": 13845,
  "peak_gpu_3_memory_MB": 21435,
  "training_duration": "0:08:36.012384",
  "training_start_epoch": 0,
  "training_epochs": 15,
  "epoch": 15,
  "training_accuracy": 0.8193384223918575,
  "training_disc_loss": 0.47978773195296526,
  "training_gen_loss": 5.503270378112793,
  "training_loss": 5.503270378112793,
  "training_cpu_memory_MB": 5866.38,
  "training_gpu_0_memory_MB": 13845,
  "training_gpu_1_memory_MB": 13005,
  "training_gpu_2_memory_MB": 13845,
  "training_gpu_3_memory_MB": 21435,
  "validation_accuracy": 0.3574338085539715,
  "validation_disc_loss": 3.3043092402016243,
  "validation_gen_loss": 8.198804913497552,
  "validation_loss": 8.198804913497552,
  "best_validation_accuracy": 0.4103869653767821,
  "best_validation_disc_loss": 1.706070116380366,
  "best_validation_gen_loss": 7.729361820996292,
  "best_validation_loss": 7.729361820996292
}