{
  "best_epoch": 9,
  "peak_cpu_memory_MB": 5866.38,
  "peak_gpu_0_memory_MB": 13845,
  "peak_gpu_1_memory_MB": 13005,
  "peak_gpu_2_memory_MB": 13845,
  "peak_gpu_3_memory_MB": 21435,
  "training_duration": "0:05:22.501051",
  "training_start_epoch": 0,
  "training_epochs": 9,
  "epoch": 9,
  "training_accuracy": 0.5979643765903307,
  "training_disc_loss": 1.0035632598400115,
  "training_gen_loss": 5.672842750549316,
  "training_loss": 5.672842750549316,
  "training_cpu_memory_MB": 5866.38,
  "training_gpu_0_memory_MB": 13845,
  "training_gpu_1_memory_MB": 13005,
  "training_gpu_2_memory_MB": 13845,
  "training_gpu_3_memory_MB": 21435,
  "validation_accuracy": 0.39613034623217924,
  "validation_disc_loss": 1.4400559586238086,
  "validation_gen_loss": 7.523879799416394,
  "validation_loss": 7.523879799416394,
  "best_validation_accuracy": 0.39613034623217924,
  "best_validation_disc_loss": 1.4400559586238086,
  "best_validation_gen_loss": 7.523879799416394,
  "best_validation_loss": 7.523879799416394
}