{
  "best_epoch": 12,
  "peak_cpu_memory_MB": 5866.38,
  "peak_gpu_0_memory_MB": 13845,
  "peak_gpu_1_memory_MB": 13005,
  "peak_gpu_2_memory_MB": 13845,
  "peak_gpu_3_memory_MB": 21435,
  "training_duration": "0:09:06.095239",
  "training_start_epoch": 0,
  "training_epochs": 16,
  "epoch": 16,
  "training_accuracy": 0.8880407124681934,
  "training_disc_loss": 0.3183889475092292,
  "training_gen_loss": 5.470490732192993,
  "training_loss": 5.470490732192993,
  "training_cpu_memory_MB": 5866.38,
  "training_gpu_0_memory_MB": 13845,
  "training_gpu_1_memory_MB": 13005,
  "training_gpu_2_memory_MB": 13845,
  "training_gpu_3_memory_MB": 21435,
  "validation_accuracy": 0.37067209775967414,
  "validation_disc_loss": 4.928935716791851,
  "validation_gen_loss": 8.40670490652565,
  "validation_loss": 8.40670490652565,
  "best_validation_accuracy": 0.4103869653767821,
  "best_validation_disc_loss": 1.706070116380366,
  "best_validation_gen_loss": 7.729361820996292,
  "best_validation_loss": 7.729361820996292
}