{
  "best_epoch": 12,
  "peak_cpu_memory_MB": 5866.38,
  "peak_gpu_0_memory_MB": 13845,
  "peak_gpu_1_memory_MB": 13005,
  "peak_gpu_2_memory_MB": 13845,
  "peak_gpu_3_memory_MB": 21435,
  "training_duration": "0:11:40.169619",
  "training_start_epoch": 0,
  "training_epochs": 21,
  "epoch": 21,
  "training_accuracy": 0.9338422391857506,
  "training_disc_loss": 0.21549330753074172,
  "training_gen_loss": 5.354769649505616,
  "training_loss": 5.354769649505616,
  "training_cpu_memory_MB": 5866.38,
  "training_gpu_0_memory_MB": 13845,
  "training_gpu_1_memory_MB": 13005,
  "training_gpu_2_memory_MB": 13845,
  "training_gpu_3_memory_MB": 21435,
  "validation_accuracy": 0.3910386965376782,
  "validation_disc_loss": 3.003656945577482,
  "validation_gen_loss": 8.52540198380385,
  "validation_loss": 8.52540198380385,
  "best_validation_accuracy": 0.4103869653767821,
  "best_validation_disc_loss": 1.706070116380366,
  "best_validation_gen_loss": 7.729361820996292,
  "best_validation_loss": 7.729361820996292
}