{
  "best_epoch": 1,
  "peak_cpu_memory_MB": 5866.38,
  "peak_gpu_0_memory_MB": 13845,
  "peak_gpu_1_memory_MB": 13005,
  "peak_gpu_2_memory_MB": 13845,
  "peak_gpu_3_memory_MB": 21435,
  "training_duration": "0:00:57.134620",
  "training_start_epoch": 0,
  "training_epochs": 1,
  "epoch": 1,
  "training_accuracy": 0.3104325699745547,
  "training_disc_loss": 1.8830798840522767,
  "training_gen_loss": 6.497829351425171,
  "training_loss": 6.497829351425171,
  "training_cpu_memory_MB": 5866.38,
  "training_gpu_0_memory_MB": 13845,
  "training_gpu_1_memory_MB": 13005,
  "training_gpu_2_memory_MB": 13845,
  "training_gpu_3_memory_MB": 21435,
  "validation_accuracy": 0.3574338085539715,
  "validation_disc_loss": 1.538046117720565,
  "validation_gen_loss": 6.90211834946299,
  "validation_loss": 6.90211834946299,
  "best_validation_accuracy": 0.3574338085539715,
  "best_validation_disc_loss": 1.538046117720565,
  "best_validation_gen_loss": 6.90211834946299,
  "best_validation_loss": 6.90211834946299
}