{
  "best_epoch": 6,
  "peak_cpu_memory_MB": 5866.38,
  "peak_gpu_0_memory_MB": 13845,
  "peak_gpu_1_memory_MB": 13005,
  "peak_gpu_2_memory_MB": 13845,
  "peak_gpu_3_memory_MB": 21435,
  "training_duration": "0:03:44.381157",
  "training_start_epoch": 0,
  "training_epochs": 6,
  "epoch": 6,
  "training_accuracy": 0.5012722646310432,
  "training_disc_loss": 1.2956125354766845,
  "training_gen_loss": 5.8315910053253175,
  "training_loss": 5.8315910053253175,
  "training_cpu_memory_MB": 5866.38,
  "training_gpu_0_memory_MB": 13845,
  "training_gpu_1_memory_MB": 13005,
  "training_gpu_2_memory_MB": 13845,
  "training_gpu_3_memory_MB": 21435,
  "validation_accuracy": 0.38289205702647655,
  "validation_disc_loss": 1.2434936388721312,
  "validation_gen_loss": 7.271999963899938,
  "validation_loss": 7.271999963899938,
  "best_validation_accuracy": 0.38289205702647655,
  "best_validation_disc_loss": 1.2434936388721312,
  "best_validation_gen_loss": 7.271999963899938,
  "best_validation_loss": 7.271999963899938
}