{
  "best_epoch": 1,
  "peak_cpu_memory_MB": 5866.38,
  "peak_gpu_0_memory_MB": 13845,
  "peak_gpu_1_memory_MB": 13005,
  "peak_gpu_2_memory_MB": 13845,
  "peak_gpu_3_memory_MB": 21435,
  "training_duration": "0:01:32.197964",
  "training_start_epoch": 0,
  "training_epochs": 2,
  "epoch": 2,
  "training_accuracy": 0.37659033078880405,
  "training_disc_loss": 1.6471213698387146,
  "training_gen_loss": 6.306977586746216,
  "training_loss": 6.306977586746216,
  "training_cpu_memory_MB": 5866.38,
  "training_gpu_0_memory_MB": 13845,
  "training_gpu_1_memory_MB": 13005,
  "training_gpu_2_memory_MB": 13845,
  "training_gpu_3_memory_MB": 21435,
  "validation_accuracy": 0.34623217922606925,
  "validation_disc_loss": 1.271064896893695,
  "validation_gen_loss": 6.97504997253418,
  "validation_loss": 6.97504997253418,
  "best_validation_accuracy": 0.3574338085539715,
  "best_validation_disc_loss": 1.538046117720565,
  "best_validation_gen_loss": 6.90211834946299,
  "best_validation_loss": 6.90211834946299
}