{
  "best_epoch": 0,
  "peak_cpu_memory_MB": 5866.38,
  "peak_gpu_0_memory_MB": 2617,
  "peak_gpu_1_memory_MB": 13005,
  "peak_gpu_2_memory_MB": 13845,
  "peak_gpu_3_memory_MB": 21435,
  "training_duration": "0:00:25.081122",
  "training_start_epoch": 0,
  "training_epochs": 0,
  "epoch": 0,
  "training_accuracy": 0.37404580152671757,
  "training_disc_loss": 6.6845399761199955,
  "training_gen_loss": 8.920239601135254,
  "training_loss": 8.920239601135254,
  "training_cpu_memory_MB": 5866.38,
  "training_gpu_0_memory_MB": 2617,
  "training_gpu_1_memory_MB": 13005,
  "training_gpu_2_memory_MB": 13845,
  "training_gpu_3_memory_MB": 21435,
  "validation_accuracy": 0.3340122199592668,
  "validation_disc_loss": 3.152205152240226,
  "validation_gen_loss": 7.936071771916335,
  "validation_loss": 7.936071771916335,
  "best_validation_accuracy": 0.3340122199592668,
  "best_validation_disc_loss": 3.152205152240226,
  "best_validation_gen_loss": 7.936071771916335,
  "best_validation_loss": 7.936071771916335
}