{
  "best_epoch": 3,
  "peak_cpu_memory_MB": 5866.38,
  "peak_gpu_0_memory_MB": 13845,
  "peak_gpu_1_memory_MB": 13005,
  "peak_gpu_2_memory_MB": 13845,
  "peak_gpu_3_memory_MB": 21435,
  "training_duration": "0:02:03.151889",
  "training_start_epoch": 0,
  "training_epochs": 3,
  "epoch": 3,
  "training_accuracy": 0.37659033078880405,
  "training_disc_loss": 1.5629883778095246,
  "training_gen_loss": 6.171669645309448,
  "training_loss": 6.171669645309448,
  "training_cpu_memory_MB": 5866.38,
  "training_gpu_0_memory_MB": 13845,
  "training_gpu_1_memory_MB": 13005,
  "training_gpu_2_memory_MB": 13845,
  "training_gpu_3_memory_MB": 21435,
  "validation_accuracy": 0.3604887983706721,
  "validation_disc_loss": 1.1168321119091376,
  "validation_gen_loss": 6.997087032814336,
  "validation_loss": 6.997087032814336,
  "best_validation_accuracy": 0.3604887983706721,
  "best_validation_disc_loss": 1.1168321119091376,
  "best_validation_gen_loss": 6.997087032814336,
  "best_validation_loss": 6.997087032814336
}