{
  "best_epoch": 3,
  "peak_cpu_memory_MB": 5866.052,
  "peak_gpu_0_memory_MB": 21435,
  "peak_gpu_1_memory_MB": 20139,
  "peak_gpu_2_memory_MB": 20139,
  "peak_gpu_3_memory_MB": 20139,
  "training_duration": "0:02:46.966624",
  "training_start_epoch": 0,
  "training_epochs": 5,
  "epoch": 5,
  "training_accuracy": 0.44529262086513993,
  "training_disc_loss": 2.449136197566986,
  "training_gen_loss": 6.8304305839538575,
  "training_loss": 6.38298434477586,
  "training_cpu_memory_MB": 5866.052,
  "training_gpu_0_memory_MB": 21435,
  "training_gpu_1_memory_MB": 20139,
  "training_gpu_2_memory_MB": 20139,
  "training_gpu_3_memory_MB": 20139,
  "validation_accuracy": 0.32790224032586557,
  "validation_disc_loss": 10.996375053159651,
  "validation_gen_loss": 7.807717054120956,
  "validation_loss": 8.12949392872472,
  "best_validation_accuracy": 0.34521384928716903,
  "best_validation_disc_loss": 12.797369941588371,
  "best_validation_gen_loss": 8.359298490708873,
  "best_validation_loss": 8.805420475621377
}