{
  "best_epoch": 3,
  "peak_cpu_memory_MB": 5866.052,
  "peak_gpu_0_memory_MB": 21435,
  "peak_gpu_1_memory_MB": 20139,
  "peak_gpu_2_memory_MB": 20139,
  "peak_gpu_3_memory_MB": 20139,
  "training_duration": "0:02:20.261991",
  "training_start_epoch": 0,
  "training_epochs": 4,
  "epoch": 4,
  "training_accuracy": 0.44783715012722647,
  "training_disc_loss": 2.5416833114624025,
  "training_gen_loss": 6.922604293823242,
  "training_loss": 6.478570791391226,
  "training_cpu_memory_MB": 5866.052,
  "training_gpu_0_memory_MB": 21435,
  "training_gpu_1_memory_MB": 20139,
  "training_gpu_2_memory_MB": 20139,
  "training_gpu_3_memory_MB": 20139,
  "validation_accuracy": 0.329938900203666,
  "validation_disc_loss": 12.826709485823109,
  "validation_gen_loss": 8.144365902869932,
  "validation_loss": 8.615435938681326,
  "best_validation_accuracy": 0.34521384928716903,
  "best_validation_disc_loss": 12.797369941588371,
  "best_validation_gen_loss": 8.359298490708873,
  "best_validation_loss": 8.805420475621377
}