{
  "best_epoch": 3,
  "peak_cpu_memory_MB": 5866.052,
  "peak_gpu_0_memory_MB": 21435,
  "peak_gpu_1_memory_MB": 20139,
  "peak_gpu_2_memory_MB": 20139,
  "peak_gpu_3_memory_MB": 20139,
  "training_duration": "0:04:34.219775",
  "training_start_epoch": 0,
  "training_epochs": 9,
  "epoch": 9,
  "training_accuracy": 0.44274809160305345,
  "training_disc_loss": 2.1009538698196413,
  "training_gen_loss": 6.738415012359619,
  "training_loss": 6.275108410761907,
  "training_cpu_memory_MB": 5866.052,
  "training_gpu_0_memory_MB": 21435,
  "training_gpu_1_memory_MB": 20139,
  "training_gpu_2_memory_MB": 20139,
  "training_gpu_3_memory_MB": 20139,
  "validation_accuracy": 0.34317718940936864,
  "validation_disc_loss": 7.99984093635313,
  "validation_gen_loss": 7.512932077530892,
  "validation_loss": 7.56447644387522,
  "best_validation_accuracy": 0.34521384928716903,
  "best_validation_disc_loss": 12.797369941588371,
  "best_validation_gen_loss": 8.359298490708873,
  "best_validation_loss": 8.805420475621377
}