{
  "best_epoch": 2,
  "peak_cpu_memory_MB": 5866.052,
  "peak_gpu_0_memory_MB": 21435,
  "peak_gpu_1_memory_MB": 20139,
  "peak_gpu_2_memory_MB": 20139,
  "peak_gpu_3_memory_MB": 20139,
  "training_duration": "0:01:15.687850",
  "training_start_epoch": 0,
  "training_epochs": 2,
  "epoch": 2,
  "training_accuracy": 0.3816793893129771,
  "training_disc_loss": 4.232853345870971,
  "training_gen_loss": 7.415600738525391,
  "training_loss": 7.084970327524038,
  "training_cpu_memory_MB": 5866.052,
  "training_gpu_0_memory_MB": 21435,
  "training_gpu_1_memory_MB": 20139,
  "training_gpu_2_memory_MB": 20139,
  "training_gpu_3_memory_MB": 20139,
  "validation_accuracy": 0.32790224032586557,
  "validation_disc_loss": 14.202682556644563,
  "validation_gen_loss": 9.422727738657306,
  "validation_loss": 9.901330947875977,
  "best_validation_accuracy": 0.32790224032586557,
  "best_validation_disc_loss": 14.202682556644563,
  "best_validation_gen_loss": 9.422727738657306,
  "best_validation_loss": 9.901330947875977
}