{
  "best_epoch": 0,
  "peak_cpu_memory_MB": 5866.488,
  "peak_gpu_0_memory_MB": 22543,
  "peak_gpu_1_memory_MB": 20139,
  "peak_gpu_2_memory_MB": 20139,
  "peak_gpu_3_memory_MB": 20139,
  "training_duration": "0:01:14.295786",
  "training_start_epoch": 0,
  "training_epochs": 2,
  "epoch": 2,
  "training_accuracy": 0.33078880407124683,
  "training_disc_loss": 4.82481167793274,
  "training_gen_loss": 7.3087575340271,
  "training_loss": 7.293845616854155,
  "training_cpu_memory_MB": 5866.488,
  "training_gpu_0_memory_MB": 22543,
  "training_gpu_1_memory_MB": 20139,
  "training_gpu_2_memory_MB": 20139,
  "training_gpu_3_memory_MB": 20139,
  "validation_accuracy": 0.31568228105906315,
  "validation_disc_loss": 7.240419164780648,
  "validation_gen_loss": 7.863258507943923,
  "validation_loss": 7.866814828688098,
  "best_validation_accuracy": 0.3360488798370672,
  "best_validation_disc_loss": 14.718500829512074,
  "best_validation_gen_loss": 10.388281437658495,
  "best_validation_loss": 10.384367081426806
}