{
  "best_epoch": 5,
  "peak_cpu_memory_MB": 5866.488,
  "peak_gpu_0_memory_MB": 22543,
  "peak_gpu_1_memory_MB": 20139,
  "peak_gpu_2_memory_MB": 20139,
  "peak_gpu_3_memory_MB": 20139,
  "training_duration": "0:03:08.851839",
  "training_start_epoch": 0,
  "training_epochs": 6,
  "epoch": 6,
  "training_accuracy": 0.37404580152671757,
  "training_disc_loss": 3.8561435985565184,
  "training_gen_loss": 6.8203105545043945,
  "training_loss": 6.8177283360407905,
  "training_cpu_memory_MB": 5866.488,
  "training_gpu_0_memory_MB": 22543,
  "training_gpu_1_memory_MB": 20139,
  "training_gpu_2_memory_MB": 20139,
  "training_gpu_3_memory_MB": 20139,
  "validation_accuracy": 0.3421588594704684,
  "validation_disc_loss": 4.515588706539523,
  "validation_gen_loss": 7.259796427142236,
  "validation_loss": 7.26106648291311,
  "best_validation_accuracy": 0.3564154786150713,
  "best_validation_disc_loss": 3.8048415337839434,
  "best_validation_gen_loss": 7.18869698432184,
  "best_validation_loss": 7.191142174505418
}