{
  "best_epoch": 0,
  "peak_cpu_memory_MB": 5866.488,
  "peak_gpu_0_memory_MB": 22543,
  "peak_gpu_1_memory_MB": 20139,
  "peak_gpu_2_memory_MB": 20139,
  "peak_gpu_3_memory_MB": 20139,
  "training_duration": "0:01:40.129524",
  "training_start_epoch": 0,
  "training_epochs": 3,
  "epoch": 3,
  "training_accuracy": 0.3104325699745547,
  "training_disc_loss": 4.632669105529785,
  "training_gen_loss": 7.071625556945801,
  "training_loss": 7.074742830716646,
  "training_cpu_memory_MB": 5866.488,
  "training_gpu_0_memory_MB": 22543,
  "training_gpu_1_memory_MB": 20139,
  "training_gpu_2_memory_MB": 20139,
  "training_gpu_3_memory_MB": 20139,
  "validation_accuracy": 0.33095723014256617,
  "validation_disc_loss": 3.7491564673762166,
  "validation_gen_loss": 7.308872522846345,
  "validation_loss": 7.310777125820037,
  "best_validation_accuracy": 0.3360488798370672,
  "best_validation_disc_loss": 14.718500829512074,
  "best_validation_gen_loss": 10.388281437658495,
  "best_validation_loss": 10.384367081426806
}