{
  "best_epoch": 5,
  "peak_cpu_memory_MB": 5866.488,
  "peak_gpu_0_memory_MB": 22543,
  "peak_gpu_1_memory_MB": 20139,
  "peak_gpu_2_memory_MB": 20139,
  "peak_gpu_3_memory_MB": 20139,
  "training_duration": "0:04:27.505893",
  "training_start_epoch": 0,
  "training_epochs": 9,
  "epoch": 9,
  "training_accuracy": 0.3994910941475827,
  "training_disc_loss": 3.0759771490097045,
  "training_gen_loss": 6.722438697814941,
  "training_loss": 6.7274435850290155,
  "training_cpu_memory_MB": 5866.488,
  "training_gpu_0_memory_MB": 22543,
  "training_gpu_1_memory_MB": 20139,
  "training_gpu_2_memory_MB": 20139,
  "training_gpu_3_memory_MB": 20139,
  "validation_accuracy": 0.3411405295315682,
  "validation_disc_loss": 5.336456518019399,
  "validation_gen_loss": 7.284431280628327,
  "validation_loss": 7.2854796994117,
  "best_validation_accuracy": 0.3564154786150713,
  "best_validation_disc_loss": 3.8048415337839434,
  "best_validation_gen_loss": 7.18869698432184,
  "best_validation_loss": 7.191142174505418
}