{
  "best_epoch": 13,
  "peak_cpu_memory_MB": 5491.844,
  "peak_gpu_0_memory_MB": 12645,
  "peak_gpu_1_memory_MB": 21435,
  "peak_gpu_2_memory_MB": 0,
  "peak_gpu_3_memory_MB": 12821,
  "training_duration": "0:09:23.510966",
  "training_start_epoch": 0,
  "training_epochs": 14,
  "epoch": 14,
  "training_accuracy": 0.9440203562340967,
  "training_loss": 0.25192236327208006,
  "training_cpu_memory_MB": 5491.844,
  "training_gpu_0_memory_MB": 12645,
  "training_gpu_1_memory_MB": 21435,
  "training_gpu_2_memory_MB": 0,
  "training_gpu_3_memory_MB": 12821,
  "validation_accuracy": 0.6071319409067754,
  "validation_loss": 0.9560225939905993,
  "best_validation_accuracy": 0.6071319409067754,
  "best_validation_loss": 0.9560225939905993
}