{
  "best_epoch": 8,
  "peak_cpu_memory_MB": 5491.844,
  "peak_gpu_0_memory_MB": 12645,
  "peak_gpu_1_memory_MB": 21435,
  "peak_gpu_2_memory_MB": 0,
  "peak_gpu_3_memory_MB": 12821,
  "training_duration": "0:05:33.866924",
  "training_start_epoch": 0,
  "training_epochs": 8,
  "epoch": 8,
  "training_accuracy": 0.806615776081425,
  "training_loss": 0.5241673107330616,
  "training_cpu_memory_MB": 5491.844,
  "training_gpu_0_memory_MB": 12645,
  "training_gpu_1_memory_MB": 21435,
  "training_gpu_2_memory_MB": 0,
  "training_gpu_3_memory_MB": 12821,
  "validation_accuracy": 0.543555781966378,
  "validation_loss": 1.0048411626380895,
  "best_validation_accuracy": 0.543555781966378,
  "best_validation_loss": 1.0048411626380895
}