{
  "best_epoch": 11,
  "peak_cpu_memory_MB": 5491.844,
  "peak_gpu_0_memory_MB": 12645,
  "peak_gpu_1_memory_MB": 21435,
  "peak_gpu_2_memory_MB": 0,
  "peak_gpu_3_memory_MB": 12821,
  "training_duration": "0:07:28.487113",
  "training_start_epoch": 0,
  "training_epochs": 11,
  "epoch": 11,
  "training_accuracy": 0.9414758269720102,
  "training_loss": 0.29054398376208085,
  "training_cpu_memory_MB": 5491.844,
  "training_gpu_0_memory_MB": 12645,
  "training_gpu_1_memory_MB": 21435,
  "training_gpu_2_memory_MB": 0,
  "training_gpu_3_memory_MB": 12821,
  "validation_accuracy": 0.5946001018848701,
  "validation_loss": 0.9689223337251123,
  "best_validation_accuracy": 0.5946001018848701,
  "best_validation_loss": 0.9689223337251123
}