{
  "best_epoch": 6,
  "peak_cpu_memory_MB": 5491.844,
  "peak_gpu_0_memory_MB": 12645,
  "peak_gpu_1_memory_MB": 21435,
  "peak_gpu_2_memory_MB": 0,
  "peak_gpu_3_memory_MB": 12821,
  "training_duration": "0:04:15.845486",
  "training_start_epoch": 0,
  "training_epochs": 6,
  "epoch": 6,
  "training_accuracy": 0.72264631043257,
  "training_loss": 0.7563822773786691,
  "training_cpu_memory_MB": 5491.844,
  "training_gpu_0_memory_MB": 12645,
  "training_gpu_1_memory_MB": 21435,
  "training_gpu_2_memory_MB": 0,
  "training_gpu_3_memory_MB": 12821,
  "validation_accuracy": 0.4760061130922058,
  "validation_loss": 1.063982259372935,
  "best_validation_accuracy": 0.4760061130922058,
  "best_validation_loss": 1.063982259372935
}