{
  "best_epoch": 9,
  "peak_cpu_memory_MB": 5491.844,
  "peak_gpu_0_memory_MB": 12645,
  "peak_gpu_1_memory_MB": 21435,
  "peak_gpu_2_memory_MB": 0,
  "peak_gpu_3_memory_MB": 12821,
  "training_duration": "0:06:12.254448",
  "training_start_epoch": 0,
  "training_epochs": 9,
  "epoch": 9,
  "training_accuracy": 0.8676844783715013,
  "training_loss": 0.4090905842872766,
  "training_cpu_memory_MB": 5491.844,
  "training_gpu_0_memory_MB": 12645,
  "training_gpu_1_memory_MB": 21435,
  "training_gpu_2_memory_MB": 0,
  "training_gpu_3_memory_MB": 12821,
  "validation_accuracy": 0.545491594498217,
  "validation_loss": 1.0361356665334795,
  "best_validation_accuracy": 0.545491594498217,
  "best_validation_loss": 1.0361356665334795
}