{
  "best_epoch": 1,
  "peak_cpu_memory_MB": 8036.316,
  "peak_gpu_0_memory_MB": 12733,
  "peak_gpu_1_memory_MB": 0,
  "peak_gpu_2_memory_MB": 0,
  "peak_gpu_3_memory_MB": 13045,
  "training_duration": "3:19:07.506286",
  "training_start_epoch": 0,
  "training_epochs": 2,
  "epoch": 2,
  "training_accuracy": 0.9480191086370836,
  "training_loss": 0.14899123162990424,
  "training_cpu_memory_MB": 8036.316,
  "training_gpu_0_memory_MB": 12621,
  "training_gpu_1_memory_MB": 0,
  "training_gpu_2_memory_MB": 0,
  "training_gpu_3_memory_MB": 13045,
  "validation_accuracy": 0.9044319918492104,
  "validation_loss": 0.33183686202240303,
  "best_validation_accuracy": 0.9050433010697911,
  "best_validation_loss": 0.28051399414090844
}