{
  "best_epoch": 12,
  "peak_cpu_memory_MB": 5514.076,
  "peak_gpu_0_memory_MB": 12693,
  "peak_gpu_1_memory_MB": 21435,
  "peak_gpu_2_memory_MB": 0,
  "peak_gpu_3_memory_MB": 12869,
  "training_duration": "0:08:22.230085",
  "training_start_epoch": 0,
  "training_epochs": 13,
  "epoch": 13,
  "training_accuracy": 0.42748091603053434,
  "training_loss": 1.0696985721588135,
  "training_cpu_memory_MB": 5514.076,
  "training_gpu_0_memory_MB": 12693,
  "training_gpu_1_memory_MB": 21435,
  "training_gpu_2_memory_MB": 0,
  "training_gpu_3_memory_MB": 12869,
  "validation_accuracy": 0.33418237391747324,
  "validation_loss": 1.104538631749852,
  "best_validation_accuracy": 0.335303107488538,
  "best_validation_loss": 1.1058635245705273
}