{
  "best_epoch": 1,
  "peak_cpu_memory_MB": 5514.076,
  "peak_gpu_0_memory_MB": 12693,
  "peak_gpu_1_memory_MB": 21435,
  "peak_gpu_2_memory_MB": 0,
  "peak_gpu_3_memory_MB": 12869,
  "training_duration": "0:02:54.726847",
  "training_start_epoch": 0,
  "training_epochs": 4,
  "epoch": 4,
  "training_accuracy": 0.33078880407124683,
  "training_loss": 1.1095251578551073,
  "training_cpu_memory_MB": 5514.076,
  "training_gpu_0_memory_MB": 12693,
  "training_gpu_1_memory_MB": 21435,
  "training_gpu_2_memory_MB": 0,
  "training_gpu_3_memory_MB": 12869,
  "validation_accuracy": 0.32766174223127864,
  "validation_loss": 1.1095020075962676,
  "best_validation_accuracy": 0.3289862455425369,
  "best_validation_loss": 1.103013035140519
}