{
  "best_epoch": 1,
  "peak_cpu_memory_MB": 5514.076,
  "peak_gpu_0_memory_MB": 12693,
  "peak_gpu_1_memory_MB": 21435,
  "peak_gpu_2_memory_MB": 0,
  "peak_gpu_3_memory_MB": 12869,
  "training_duration": "0:03:29.879617",
  "training_start_epoch": 0,
  "training_epochs": 5,
  "epoch": 5,
  "training_accuracy": 0.35368956743002544,
  "training_loss": 1.103486996430617,
  "training_cpu_memory_MB": 5514.076,
  "training_gpu_0_memory_MB": 12693,
  "training_gpu_1_memory_MB": 21435,
  "training_gpu_2_memory_MB": 0,
  "training_gpu_3_memory_MB": 12869,
  "validation_accuracy": 0.32592969943963324,
  "validation_loss": 1.1054483419132544,
  "best_validation_accuracy": 0.3289862455425369,
  "best_validation_loss": 1.103013035140519
}