{
  "best_epoch": 3,
  "peak_cpu_memory_MB": 5866.624,
  "peak_gpu_0_memory_MB": 13845,
  "peak_gpu_1_memory_MB": 13845,
  "peak_gpu_2_memory_MB": 13845,
  "peak_gpu_3_memory_MB": 21435,
  "training_duration": "0:02:41.824343",
  "training_start_epoch": 0,
  "training_epochs": 4,
  "epoch": 4,
  "training_accuracy": 0.43256997455470736,
  "training_disc_loss": 1.3709804312884808,
  "training_gen_loss": 6.107328815460205,
  "training_loss": 6.107328815460205,
  "training_cpu_memory_MB": 5866.624,
  "training_gpu_0_memory_MB": 13845,
  "training_gpu_1_memory_MB": 13845,
  "training_gpu_2_memory_MB": 13845,
  "training_gpu_3_memory_MB": 21435,
  "validation_accuracy": 0.35234215885947046,
  "validation_disc_loss": 1.2394599652871854,
  "validation_gen_loss": 6.997282501158676,
  "validation_loss": 6.997282501158676,
  "best_validation_accuracy": 0.37169042769857435,
  "best_validation_disc_loss": 1.1423272737642614,
  "best_validation_gen_loss": 6.911636976691765,
  "best_validation_loss": 6.911636976691765
}