{
  "best_epoch": 3,
  "peak_cpu_memory_MB": 5866.624,
  "peak_gpu_0_memory_MB": 13845,
  "peak_gpu_1_memory_MB": 13845,
  "peak_gpu_2_memory_MB": 13845,
  "peak_gpu_3_memory_MB": 21435,
  "training_duration": "0:04:43.676131",
  "training_start_epoch": 0,
  "training_epochs": 8,
  "epoch": 8,
  "training_accuracy": 0.5241730279898219,
  "training_disc_loss": 1.1371469986438751,
  "training_gen_loss": 5.839888257980347,
  "training_loss": 5.839888257980347,
  "training_cpu_memory_MB": 5866.624,
  "training_gpu_0_memory_MB": 13845,
  "training_gpu_1_memory_MB": 13845,
  "training_gpu_2_memory_MB": 13845,
  "training_gpu_3_memory_MB": 21435,
  "validation_accuracy": 0.3665987780040733,
  "validation_disc_loss": 1.4408238220021008,
  "validation_gen_loss": 7.214161969781891,
  "validation_loss": 7.214161969781891,
  "best_validation_accuracy": 0.37169042769857435,
  "best_validation_disc_loss": 1.1423272737642614,
  "best_validation_gen_loss": 6.911636976691765,
  "best_validation_loss": 6.911636976691765
}