{
  "best_epoch": 1,
  "peak_cpu_memory_MB": 5866.624,
  "peak_gpu_0_memory_MB": 13845,
  "peak_gpu_1_memory_MB": 13845,
  "peak_gpu_2_memory_MB": 13845,
  "peak_gpu_3_memory_MB": 21435,
  "training_duration": "0:00:56.759200",
  "training_start_epoch": 0,
  "training_epochs": 1,
  "epoch": 1,
  "training_accuracy": 0.3511450381679389,
  "training_disc_loss": 1.651041190624237,
  "training_gen_loss": 6.505538234710693,
  "training_loss": 6.505538234710693,
  "training_cpu_memory_MB": 5866.624,
  "training_gpu_0_memory_MB": 13845,
  "training_gpu_1_memory_MB": 13845,
  "training_gpu_2_memory_MB": 13845,
  "training_gpu_3_memory_MB": 21435,
  "validation_accuracy": 0.3513238289205703,
  "validation_disc_loss": 1.1790690155533272,
  "validation_gen_loss": 6.852623943390885,
  "validation_loss": 6.852623943390885,
  "best_validation_accuracy": 0.3513238289205703,
  "best_validation_disc_loss": 1.1790690155533272,
  "best_validation_gen_loss": 6.852623943390885,
  "best_validation_loss": 6.852623943390885
}