{
  "best_epoch": 9,
  "peak_cpu_memory_MB": 5866.624,
  "peak_gpu_0_memory_MB": 13845,
  "peak_gpu_1_memory_MB": 13845,
  "peak_gpu_2_memory_MB": 13845,
  "peak_gpu_3_memory_MB": 21435,
  "training_duration": "0:05:14.432711",
  "training_start_epoch": 0,
  "training_epochs": 9,
  "epoch": 9,
  "training_accuracy": 0.5318066157760815,
  "training_disc_loss": 1.0929323381185532,
  "training_gen_loss": 5.805507431030273,
  "training_loss": 5.805507431030273,
  "training_cpu_memory_MB": 5866.624,
  "training_gpu_0_memory_MB": 13845,
  "training_gpu_1_memory_MB": 13845,
  "training_gpu_2_memory_MB": 13845,
  "training_gpu_3_memory_MB": 21435,
  "validation_accuracy": 0.37372708757637474,
  "validation_disc_loss": 1.9776025971746056,
  "validation_gen_loss": 7.439994835272068,
  "validation_loss": 7.439994835272068,
  "best_validation_accuracy": 0.37372708757637474,
  "best_validation_disc_loss": 1.9776025971746056,
  "best_validation_gen_loss": 7.439994835272068,
  "best_validation_loss": 7.439994835272068
}