{
  "best_epoch": 3,
  "peak_cpu_memory_MB": 5866.624,
  "peak_gpu_0_memory_MB": 13845,
  "peak_gpu_1_memory_MB": 13845,
  "peak_gpu_2_memory_MB": 13845,
  "peak_gpu_3_memory_MB": 21435,
  "training_duration": "0:04:13.574536",
  "training_start_epoch": 0,
  "training_epochs": 7,
  "epoch": 7,
  "training_accuracy": 0.47837150127226463,
  "training_disc_loss": 1.219860212802887,
  "training_gen_loss": 5.8667638301849365,
  "training_loss": 5.8667638301849365,
  "training_cpu_memory_MB": 5866.624,
  "training_gpu_0_memory_MB": 13845,
  "training_gpu_1_memory_MB": 13845,
  "training_gpu_2_memory_MB": 13845,
  "training_gpu_3_memory_MB": 21435,
  "validation_accuracy": 0.3696537678207739,
  "validation_disc_loss": 1.2760424812634785,
  "validation_gen_loss": 7.151054149720727,
  "validation_loss": 7.151054149720727,
  "best_validation_accuracy": 0.37169042769857435,
  "best_validation_disc_loss": 1.1423272737642614,
  "best_validation_gen_loss": 6.911636976691765,
  "best_validation_loss": 6.911636976691765
}