{
  "best_epoch": 7,
  "peak_cpu_memory_MB": 5866.488,
  "peak_gpu_0_memory_MB": 22543,
  "peak_gpu_1_memory_MB": 20139,
  "peak_gpu_2_memory_MB": 20139,
  "peak_gpu_3_memory_MB": 20139,
  "training_duration": "0:04:18.739237",
  "training_start_epoch": 0,
  "training_epochs": 8,
  "epoch": 8,
  "training_accuracy": 0.4198473282442748,
  "training_disc_loss": 1.4668561601638794,
  "training_gen_loss": 6.41394889831543,
  "training_loss": 6.4028502977811375,
  "training_cpu_memory_MB": 5866.488,
  "training_gpu_0_memory_MB": 22543,
  "training_gpu_1_memory_MB": 20139,
  "training_gpu_2_memory_MB": 20139,
  "training_gpu_3_memory_MB": 20139,
  "validation_accuracy": 0.34419551934826886,
  "validation_disc_loss": 1.3446806438507573,
  "validation_gen_loss": 6.890324200353315,
  "validation_loss": 6.892787379603232,
  "best_validation_accuracy": 0.3543788187372709,
  "best_validation_disc_loss": 1.354686657267232,
  "best_validation_gen_loss": 6.892757108134608,
  "best_validation_loss": 6.895260426305955
}