{
  "best_epoch": 1,
  "peak_cpu_memory_MB": 5866.488,
  "peak_gpu_0_memory_MB": 22297,
  "peak_gpu_1_memory_MB": 20139,
  "peak_gpu_2_memory_MB": 20139,
  "peak_gpu_3_memory_MB": 20139,
  "training_duration": "0:00:49.051374",
  "training_start_epoch": 0,
  "training_epochs": 1,
  "epoch": 1,
  "training_accuracy": 0.366412213740458,
  "training_disc_loss": 4.3565818977355955,
  "training_gen_loss": 7.470922832489014,
  "training_loss": 7.464977264404297,
  "training_cpu_memory_MB": 5866.488,
  "training_gpu_0_memory_MB": 22297,
  "training_gpu_1_memory_MB": 20139,
  "training_gpu_2_memory_MB": 20139,
  "training_gpu_3_memory_MB": 20139,
  "validation_accuracy": 0.3319755600814664,
  "validation_disc_loss": 8.046845043859173,
  "validation_gen_loss": 7.769196202678065,
  "validation_loss": 7.7724624141570064,
  "best_validation_accuracy": 0.3319755600814664,
  "best_validation_disc_loss": 8.046845043859173,
  "best_validation_gen_loss": 7.769196202678065,
  "best_validation_loss": 7.7724624141570064
}