{
  "best_epoch": 7,
  "peak_cpu_memory_MB": 5866.488,
  "peak_gpu_0_memory_MB": 22543,
  "peak_gpu_1_memory_MB": 20139,
  "peak_gpu_2_memory_MB": 20139,
  "peak_gpu_3_memory_MB": 20139,
  "training_duration": "0:03:47.742950",
  "training_start_epoch": 0,
  "training_epochs": 7,
  "epoch": 7,
  "training_accuracy": 0.3893129770992366,
  "training_disc_loss": 1.557298300266266,
  "training_gen_loss": 6.453155422210694,
  "training_loss": 6.465386133927566,
  "training_cpu_memory_MB": 5866.488,
  "training_gpu_0_memory_MB": 22543,
  "training_gpu_1_memory_MB": 20139,
  "training_gpu_2_memory_MB": 20139,
  "training_gpu_3_memory_MB": 20139,
  "validation_accuracy": 0.3543788187372709,
  "validation_disc_loss": 1.354686657267232,
  "validation_gen_loss": 6.892757108134608,
  "validation_loss": 6.895260426305955,
  "best_validation_accuracy": 0.3543788187372709,
  "best_validation_disc_loss": 1.354686657267232,
  "best_validation_gen_loss": 6.892757108134608,
  "best_validation_loss": 6.895260426305955
}