{
  "best_epoch": 4,
  "peak_cpu_memory_MB": 5866.488,
  "peak_gpu_0_memory_MB": 22543,
  "peak_gpu_1_memory_MB": 20139,
  "peak_gpu_2_memory_MB": 20139,
  "peak_gpu_3_memory_MB": 20139,
  "training_duration": "0:02:46.614511",
  "training_start_epoch": 0,
  "training_epochs": 5,
  "epoch": 5,
  "training_accuracy": 0.39185750636132316,
  "training_disc_loss": 1.6438022804260255,
  "training_gen_loss": 6.482783660888672,
  "training_loss": 6.485049174382136,
  "training_cpu_memory_MB": 5866.488,
  "training_gpu_0_memory_MB": 22543,
  "training_gpu_1_memory_MB": 20139,
  "training_gpu_2_memory_MB": 20139,
  "training_gpu_3_memory_MB": 20139,
  "validation_accuracy": 0.3360488798370672,
  "validation_disc_loss": 1.5832091464150337,
  "validation_gen_loss": 6.9795011012784895,
  "validation_loss": 6.982042143421788,
  "best_validation_accuracy": 0.3380855397148676,
  "best_validation_disc_loss": 1.495789570193137,
  "best_validation_gen_loss": 6.933904101771693,
  "best_validation_loss": 6.936357898096884
}