{
  "best_epoch": 1,
  "peak_cpu_memory_MB": 5866.488,
  "peak_gpu_0_memory_MB": 22543,
  "peak_gpu_1_memory_MB": 20139,
  "peak_gpu_2_memory_MB": 20139,
  "peak_gpu_3_memory_MB": 20139,
  "training_duration": "0:01:19.982810",
  "training_start_epoch": 0,
  "training_epochs": 2,
  "epoch": 2,
  "training_accuracy": 0.3460559796437659,
  "training_disc_loss": 2.994681086540222,
  "training_gen_loss": 6.82792667388916,
  "training_loss": 6.816004056196946,
  "training_cpu_memory_MB": 5866.488,
  "training_gpu_0_memory_MB": 22543,
  "training_gpu_1_memory_MB": 20139,
  "training_gpu_2_memory_MB": 20139,
  "training_gpu_3_memory_MB": 20139,
  "validation_accuracy": 0.319755600814664,
  "validation_disc_loss": 2.108745261546104,
  "validation_gen_loss": 7.131148353699715,
  "validation_loss": 7.133001265987273,
  "best_validation_accuracy": 0.3319755600814664,
  "best_validation_disc_loss": 8.046845043859173,
  "best_validation_gen_loss": 7.769196202678065,
  "best_validation_loss": 7.7724624141570064
}