{
  "best_epoch": 4,
  "peak_cpu_memory_MB": 5866.184,
  "peak_gpu_0_memory_MB": 21435,
  "peak_gpu_1_memory_MB": 20139,
  "peak_gpu_2_memory_MB": 20139,
  "peak_gpu_3_memory_MB": 20139,
  "training_duration": "0:03:14.912278",
  "training_start_epoch": 0,
  "training_epochs": 6,
  "epoch": 6,
  "training_accuracy": 0.361323155216285,
  "training_disc_loss": 2.16947340965271,
  "training_gen_loss": 6.76632791519165,
  "training_loss": 5.610161524552566,
  "training_cpu_memory_MB": 5866.184,
  "training_gpu_0_memory_MB": 21435,
  "training_gpu_1_memory_MB": 20139,
  "training_gpu_2_memory_MB": 20139,
  "training_gpu_3_memory_MB": 20139,
  "validation_accuracy": 0.31466395112016293,
  "validation_disc_loss": 1.7360301152352364,
  "validation_gen_loss": 7.051294880528604,
  "validation_loss": 5.723613785159204,
  "best_validation_accuracy": 0.34012219959266804,
  "best_validation_disc_loss": 1.6414781308943225,
  "best_validation_gen_loss": 7.119410137976369,
  "best_validation_loss": 5.7513673074783815
}