{
  "best_epoch": 4,
  "peak_cpu_memory_MB": 5866.184,
  "peak_gpu_0_memory_MB": 21435,
  "peak_gpu_1_memory_MB": 20139,
  "peak_gpu_2_memory_MB": 20139,
  "peak_gpu_3_memory_MB": 20139,
  "training_duration": "0:02:48.470561",
  "training_start_epoch": 0,
  "training_epochs": 5,
  "epoch": 5,
  "training_accuracy": 0.3511450381679389,
  "training_disc_loss": 2.0661246299743654,
  "training_gen_loss": 6.799544754028321,
  "training_loss": 5.617823013892541,
  "training_cpu_memory_MB": 5866.184,
  "training_gpu_0_memory_MB": 21435,
  "training_gpu_1_memory_MB": 20139,
  "training_gpu_2_memory_MB": 20139,
  "training_gpu_3_memory_MB": 20139,
  "validation_accuracy": 0.31262729124236255,
  "validation_disc_loss": 1.1014729661326255,
  "validation_gen_loss": 7.021603691962458,
  "validation_loss": 5.543184188104445,
  "best_validation_accuracy": 0.34012219959266804,
  "best_validation_disc_loss": 1.6414781308943225,
  "best_validation_gen_loss": 7.119410137976369,
  "best_validation_loss": 5.7513673074783815
}