{
  "best_epoch": 4,
  "peak_cpu_memory_MB": 5866.184,
  "peak_gpu_0_memory_MB": 21435,
  "peak_gpu_1_memory_MB": 20139,
  "peak_gpu_2_memory_MB": 20139,
  "peak_gpu_3_memory_MB": 20139,
  "training_duration": "0:02:15.018933",
  "training_start_epoch": 0,
  "training_epochs": 4,
  "epoch": 4,
  "training_accuracy": 0.3282442748091603,
  "training_disc_loss": 2.5787435722351075,
  "training_gen_loss": 6.939449367523193,
  "training_loss": 5.8283377427321215,
  "training_cpu_memory_MB": 5866.184,
  "training_gpu_0_memory_MB": 21435,
  "training_gpu_1_memory_MB": 20139,
  "training_gpu_2_memory_MB": 20139,
  "training_gpu_3_memory_MB": 20139,
  "validation_accuracy": 0.34012219959266804,
  "validation_disc_loss": 1.6414781308943225,
  "validation_gen_loss": 7.119410137976369,
  "validation_loss": 5.7513673074783815,
  "best_validation_accuracy": 0.34012219959266804,
  "best_validation_disc_loss": 1.6414781308943225,
  "best_validation_gen_loss": 7.119410137976369,
  "best_validation_loss": 5.7513673074783815
}