{
  "best_epoch": 8,
  "peak_cpu_memory_MB": 5866.184,
  "peak_gpu_0_memory_MB": 21435,
  "peak_gpu_1_memory_MB": 20139,
  "peak_gpu_2_memory_MB": 20139,
  "peak_gpu_3_memory_MB": 20139,
  "training_duration": "0:04:12.544644",
  "training_start_epoch": 0,
  "training_epochs": 8,
  "epoch": 8,
  "training_accuracy": 0.36895674300254455,
  "training_disc_loss": 2.290331120491028,
  "training_gen_loss": 6.733339004516601,
  "training_loss": 5.6035799246567946,
  "training_cpu_memory_MB": 5866.184,
  "training_gpu_0_memory_MB": 21435,
  "training_gpu_1_memory_MB": 20139,
  "training_gpu_2_memory_MB": 20139,
  "training_gpu_3_memory_MB": 20139,
  "validation_accuracy": 0.3513238289205703,
  "validation_disc_loss": 1.1203488784451638,
  "validation_gen_loss": 6.9682016141953005,
  "validation_loss": 5.508177480389995,
  "best_validation_accuracy": 0.3513238289205703,
  "best_validation_disc_loss": 1.1203488784451638,
  "best_validation_gen_loss": 6.9682016141953005,
  "best_validation_loss": 5.508177480389995
}