{
  "best_epoch": 2,
  "peak_cpu_memory_MB": 5522.452,
  "peak_gpu_0_memory_MB": 12693,
  "peak_gpu_1_memory_MB": 21433,
  "peak_gpu_2_memory_MB": 10225,
  "peak_gpu_3_memory_MB": 12805,
  "training_duration": "0:01:42.949229",
  "training_start_epoch": 0,
  "training_epochs": 2,
  "epoch": 2,
  "training_accuracy": 0.5267175572519084,
  "training_loss": 1.082802978845743,
  "training_cpu_memory_MB": 5522.452,
  "training_gpu_0_memory_MB": 12693,
  "training_gpu_1_memory_MB": 21433,
  "training_gpu_2_memory_MB": 10225,
  "training_gpu_3_memory_MB": 12805,
  "validation_accuracy": 0.4236372898624554,
  "validation_loss": 1.0844528158635192,
  "best_validation_accuracy": 0.4236372898624554,
  "best_validation_loss": 1.0844528158635192
}