{
  "best_epoch": 15,
  "peak_cpu_memory_MB": 5866.532,
  "peak_gpu_0_memory_MB": 14587,
  "peak_gpu_1_memory_MB": 12805,
  "peak_gpu_2_memory_MB": 14587,
  "peak_gpu_3_memory_MB": 21435,
  "training_duration": "0:10:06.353271",
  "training_start_epoch": 0,
  "training_epochs": 17,
  "epoch": 17,
  "training_accuracy": 0.9669211195928753,
  "training_disc_loss": 0.08695612625859211,
  "training_gen_loss": 5.560967569351196,
  "training_loss": 4.192464723587036,
  "training_cpu_memory_MB": 5866.532,
  "training_gpu_0_memory_MB": 14587,
  "training_gpu_1_memory_MB": 12805,
  "training_gpu_2_memory_MB": 14587,
  "training_gpu_3_memory_MB": 21435,
  "validation_accuracy": 0.384928716904277,
  "validation_disc_loss": 2.2105256028291658,
  "validation_gen_loss": 8.703257700292076,
  "validation_loss": 7.080074651454522,
  "best_validation_accuracy": 0.395112016293279,
  "best_validation_disc_loss": 2.2161992267379915,
  "best_validation_gen_loss": 8.086076530983778,
  "best_validation_loss": 6.618607207042415
}