{
  "best_epoch": 10,
  "peak_cpu_memory_MB": 5866.532,
  "peak_gpu_0_memory_MB": 14587,
  "peak_gpu_1_memory_MB": 12805,
  "peak_gpu_2_memory_MB": 14587,
  "peak_gpu_3_memory_MB": 21435,
  "training_duration": "0:07:12.274036",
  "training_start_epoch": 0,
  "training_epochs": 12,
  "epoch": 12,
  "training_accuracy": 0.9211195928753181,
  "training_disc_loss": 0.23231167631223798,
  "training_gen_loss": 5.804354038238525,
  "training_loss": 4.4113434886932374,
  "training_cpu_memory_MB": 5866.532,
  "training_gpu_0_memory_MB": 14587,
  "training_gpu_1_memory_MB": 12805,
  "training_gpu_2_memory_MB": 14587,
  "training_gpu_3_memory_MB": 21435,
  "validation_accuracy": 0.3869653767820774,
  "validation_disc_loss": 2.007792395304858,
  "validation_gen_loss": 7.801309155254829,
  "validation_loss": 6.35292997592833,
  "best_validation_accuracy": 0.3920570264765784,
  "best_validation_disc_loss": 1.552971686774153,
  "best_validation_gen_loss": 7.608785253230149,
  "best_validation_loss": 6.094831862100741
}