{
  "best_epoch": 3,
  "peak_cpu_memory_MB": 5866.532,
  "peak_gpu_0_memory_MB": 14587,
  "peak_gpu_1_memory_MB": 12805,
  "peak_gpu_2_memory_MB": 14587,
  "peak_gpu_3_memory_MB": 21435,
  "training_duration": "0:02:35.287199",
  "training_start_epoch": 0,
  "training_epochs": 4,
  "epoch": 4,
  "training_accuracy": 0.33078880407124683,
  "training_disc_loss": 1.8087383526563645,
  "training_gen_loss": 6.387790021896362,
  "training_loss": 5.243027067184448,
  "training_cpu_memory_MB": 5866.532,
  "training_gpu_0_memory_MB": 14587,
  "training_gpu_1_memory_MB": 12805,
  "training_gpu_2_memory_MB": 14587,
  "training_gpu_3_memory_MB": 21435,
  "validation_accuracy": 0.34419551934826886,
  "validation_disc_loss": 1.1133485702964347,
  "validation_gen_loss": 7.049933724287079,
  "validation_loss": 5.565787435547123,
  "best_validation_accuracy": 0.37067209775967414,
  "best_validation_disc_loss": 1.1000220639918878,
  "best_validation_gen_loss": 6.935975477947452,
  "best_validation_loss": 5.476987129304467
}