{
  "best_epoch": 15,
  "peak_cpu_memory_MB": 5866.532,
  "peak_gpu_0_memory_MB": 14587,
  "peak_gpu_1_memory_MB": 12805,
  "peak_gpu_2_memory_MB": 14587,
  "peak_gpu_3_memory_MB": 21435,
  "training_duration": "0:09:32.113548",
  "training_start_epoch": 0,
  "training_epochs": 16,
  "epoch": 16,
  "training_accuracy": 0.9720101781170484,
  "training_disc_loss": 0.0844125242868904,
  "training_gen_loss": 5.6453213882446285,
  "training_loss": 4.255094242095947,
  "training_cpu_memory_MB": 5866.532,
  "training_gpu_0_memory_MB": 14587,
  "training_gpu_1_memory_MB": 12805,
  "training_gpu_2_memory_MB": 14587,
  "training_gpu_3_memory_MB": 21435,
  "validation_accuracy": 0.37780040733197556,
  "validation_disc_loss": 2.4871166048011157,
  "validation_gen_loss": 8.09916492787803,
  "validation_loss": 6.696152869278823,
  "best_validation_accuracy": 0.395112016293279,
  "best_validation_disc_loss": 2.2161992267379915,
  "best_validation_gen_loss": 8.086076530983778,
  "best_validation_loss": 6.618607207042415
}