{
  "best_epoch": 10,
  "peak_cpu_memory_MB": 5866.532,
  "peak_gpu_0_memory_MB": 14587,
  "peak_gpu_1_memory_MB": 12805,
  "peak_gpu_2_memory_MB": 14587,
  "peak_gpu_3_memory_MB": 21435,
  "training_duration": "0:06:38.498163",
  "training_start_epoch": 0,
  "training_epochs": 11,
  "epoch": 11,
  "training_accuracy": 0.8778625954198473,
  "training_disc_loss": 0.30071255944669245,
  "training_gen_loss": 5.9393640232086184,
  "training_loss": 4.529701099395752,
  "training_cpu_memory_MB": 5866.532,
  "training_gpu_0_memory_MB": 14587,
  "training_gpu_1_memory_MB": 12805,
  "training_gpu_2_memory_MB": 14587,
  "training_gpu_3_memory_MB": 21435,
  "validation_accuracy": 0.38289205702647655,
  "validation_disc_loss": 1.934314421521939,
  "validation_gen_loss": 7.671780621133199,
  "validation_loss": 6.237414065415297,
  "best_validation_accuracy": 0.3920570264765784,
  "best_validation_disc_loss": 1.552971686774153,
  "best_validation_gen_loss": 7.608785253230149,
  "best_validation_loss": 6.094831862100741
}