{
  "best_epoch": 6,
  "peak_cpu_memory_MB": 5866.532,
  "peak_gpu_0_memory_MB": 14587,
  "peak_gpu_1_memory_MB": 12805,
  "peak_gpu_2_memory_MB": 14587,
  "peak_gpu_3_memory_MB": 21435,
  "training_duration": "0:04:16.113028",
  "training_start_epoch": 0,
  "training_epochs": 7,
  "epoch": 7,
  "training_accuracy": 0.46055979643765904,
  "training_disc_loss": 1.302642086222768,
  "training_gen_loss": 6.106651077270508,
  "training_loss": 4.905648803710937,
  "training_cpu_memory_MB": 5866.532,
  "training_gpu_0_memory_MB": 14587,
  "training_gpu_1_memory_MB": 12805,
  "training_gpu_2_memory_MB": 14587,
  "training_gpu_3_memory_MB": 21435,
  "validation_accuracy": 0.3655804480651731,
  "validation_disc_loss": 1.4837428069696195,
  "validation_gen_loss": 7.488593981518009,
  "validation_loss": 5.98738119466518,
  "best_validation_accuracy": 0.37780040733197556,
  "best_validation_disc_loss": 1.2409015152512528,
  "best_validation_gen_loss": 7.2421002155397,
  "best_validation_loss": 5.741800552461205
}