{
  "best_epoch": 15,
  "peak_cpu_memory_MB": 5866.532,
  "peak_gpu_0_memory_MB": 14587,
  "peak_gpu_1_memory_MB": 13029,
  "peak_gpu_2_memory_MB": 14587,
  "peak_gpu_3_memory_MB": 21435,
  "training_duration": "0:13:29.035383",
  "training_start_epoch": 0,
  "training_epochs": 23,
  "epoch": 23,
  "training_accuracy": 0.8320610687022901,
  "training_disc_loss": 0.43120807142579,
  "training_gen_loss": 5.551449909210205,
  "training_loss": 4.271389460563659,
  "training_cpu_memory_MB": 5866.532,
  "training_gpu_0_memory_MB": 14587,
  "training_gpu_1_memory_MB": 13029,
  "training_gpu_2_memory_MB": 14587,
  "training_gpu_3_memory_MB": 21435,
  "validation_accuracy": 0.34521384928716903,
  "validation_disc_loss": 8.30762302972437,
  "validation_gen_loss": 10.524480734414201,
  "validation_loss": 9.970266380930335,
  "best_validation_accuracy": 0.395112016293279,
  "best_validation_disc_loss": 2.2161992267379915,
  "best_validation_gen_loss": 8.086076530983778,
  "best_validation_loss": 6.618607207042415
}