{
  "best_epoch": 10,
  "peak_cpu_memory_MB": 5866.532,
  "peak_gpu_0_memory_MB": 14587,
  "peak_gpu_1_memory_MB": 12805,
  "peak_gpu_2_memory_MB": 14587,
  "peak_gpu_3_memory_MB": 21435,
  "training_duration": "0:07:46.671050",
  "training_start_epoch": 0,
  "training_epochs": 13,
  "epoch": 13,
  "training_accuracy": 0.8753180661577609,
  "training_disc_loss": 0.3802676242031157,
  "training_gen_loss": 5.796279382705689,
  "training_loss": 4.442276420593262,
  "training_cpu_memory_MB": 5866.532,
  "training_gpu_0_memory_MB": 14333,
  "training_gpu_1_memory_MB": 12805,
  "training_gpu_2_memory_MB": 14587,
  "training_gpu_3_memory_MB": 21435,
  "validation_accuracy": 0.3594704684317719,
  "validation_disc_loss": 2.311144349051685,
  "validation_gen_loss": 7.759373052333428,
  "validation_loss": 6.3973158588254355,
  "best_validation_accuracy": 0.3920570264765784,
  "best_validation_disc_loss": 1.552971686774153,
  "best_validation_gen_loss": 7.608785253230149,
  "best_validation_loss": 6.094831862100741
}