{
  "best_epoch": 3,
  "peak_cpu_memory_MB": 5866.532,
  "peak_gpu_0_memory_MB": 14587,
  "peak_gpu_1_memory_MB": 12805,
  "peak_gpu_2_memory_MB": 14587,
  "peak_gpu_3_memory_MB": 21435,
  "training_duration": "0:01:59.563216",
  "training_start_epoch": 0,
  "training_epochs": 3,
  "epoch": 3,
  "training_accuracy": 0.29770992366412213,
  "training_disc_loss": 2.4934917294979098,
  "training_gen_loss": 6.508005256652832,
  "training_loss": 5.504376859664917,
  "training_cpu_memory_MB": 5866.532,
  "training_gpu_0_memory_MB": 14587,
  "training_gpu_1_memory_MB": 12805,
  "training_gpu_2_memory_MB": 14587,
  "training_gpu_3_memory_MB": 21435,
  "validation_accuracy": 0.37067209775967414,
  "validation_disc_loss": 1.1000220639918878,
  "validation_gen_loss": 6.935975477947452,
  "validation_loss": 5.476987129304467,
  "best_validation_accuracy": 0.37067209775967414,
  "best_validation_disc_loss": 1.1000220639918878,
  "best_validation_gen_loss": 6.935975477947452,
  "best_validation_loss": 5.476987129304467
}