{
  "best_epoch": 3,
  "peak_cpu_memory_MB": 5866.532,
  "peak_gpu_0_memory_MB": 14587,
  "peak_gpu_1_memory_MB": 12805,
  "peak_gpu_2_memory_MB": 14587,
  "peak_gpu_3_memory_MB": 21435,
  "training_duration": "0:03:07.315318",
  "training_start_epoch": 0,
  "training_epochs": 5,
  "epoch": 5,
  "training_accuracy": 0.30279898218829515,
  "training_disc_loss": 1.7697342586517335,
  "training_gen_loss": 6.241200942993164,
  "training_loss": 5.123334312438965,
  "training_cpu_memory_MB": 5866.532,
  "training_gpu_0_memory_MB": 14587,
  "training_gpu_1_memory_MB": 12805,
  "training_gpu_2_memory_MB": 14587,
  "training_gpu_3_memory_MB": 21435,
  "validation_accuracy": 0.3543788187372709,
  "validation_disc_loss": 1.1443181105745517,
  "validation_gen_loss": 7.2314588732835725,
  "validation_loss": 5.709673710954868,
  "best_validation_accuracy": 0.37067209775967414,
  "best_validation_disc_loss": 1.1000220639918878,
  "best_validation_gen_loss": 6.935975477947452,
  "best_validation_loss": 5.476987129304467
}