{
  "best_epoch": 10,
  "peak_cpu_memory_MB": 5866.532,
  "peak_gpu_0_memory_MB": 14587,
  "peak_gpu_1_memory_MB": 12805,
  "peak_gpu_2_memory_MB": 14587,
  "peak_gpu_3_memory_MB": 21435,
  "training_duration": "0:06:00.548630",
  "training_start_epoch": 0,
  "training_epochs": 10,
  "epoch": 10,
  "training_accuracy": 0.7913486005089059,
  "training_disc_loss": 0.5729782710969448,
  "training_gen_loss": 5.954219903945923,
  "training_loss": 4.608909502029419,
  "training_cpu_memory_MB": 5866.532,
  "training_gpu_0_memory_MB": 14587,
  "training_gpu_1_memory_MB": 12805,
  "training_gpu_2_memory_MB": 14587,
  "training_gpu_3_memory_MB": 21435,
  "validation_accuracy": 0.3920570264765784,
  "validation_disc_loss": 1.552971686774153,
  "validation_gen_loss": 7.608785253230149,
  "validation_loss": 6.094831862100741,
  "best_validation_accuracy": 0.3920570264765784,
  "best_validation_disc_loss": 1.552971686774153,
  "best_validation_gen_loss": 7.608785253230149,
  "best_validation_loss": 6.094831862100741
}