{
  "best_epoch": 15,
  "peak_cpu_memory_MB": 5866.532,
  "peak_gpu_0_memory_MB": 14587,
  "peak_gpu_1_memory_MB": 13029,
  "peak_gpu_2_memory_MB": 14587,
  "peak_gpu_3_memory_MB": 21435,
  "training_duration": "0:16:17.246887",
  "training_start_epoch": 0,
  "training_epochs": 28,
  "epoch": 28,
  "training_accuracy": 0.989821882951654,
  "training_disc_loss": 0.05364670515627949,
  "training_gen_loss": 5.3179804229736325,
  "training_loss": 4.001897010803223,
  "training_cpu_memory_MB": 5866.532,
  "training_gpu_0_memory_MB": 14587,
  "training_gpu_1_memory_MB": 13029,
  "training_gpu_2_memory_MB": 14587,
  "training_gpu_3_memory_MB": 21435,
  "validation_accuracy": 0.33095723014256617,
  "validation_disc_loss": 12.216992211535695,
  "validation_gen_loss": 13.06376275008287,
  "validation_loss": 12.852070102846719,
  "best_validation_accuracy": 0.395112016293279,
  "best_validation_disc_loss": 2.2161992267379915,
  "best_validation_gen_loss": 8.086076530983778,
  "best_validation_loss": 6.618607207042415
}