{
  "best_epoch": 15,
  "peak_cpu_memory_MB": 5866.532,
  "peak_gpu_0_memory_MB": 14587,
  "peak_gpu_1_memory_MB": 13029,
  "peak_gpu_2_memory_MB": 14587,
  "peak_gpu_3_memory_MB": 21435,
  "training_duration": "0:12:21.408068",
  "training_start_epoch": 0,
  "training_epochs": 21,
  "epoch": 21,
  "training_accuracy": 0.9821882951653944,
  "training_disc_loss": 0.05974982495375116,
  "training_gen_loss": 5.442897100448608,
  "training_loss": 4.09711030960083,
  "training_cpu_memory_MB": 5866.532,
  "training_gpu_0_memory_MB": 14587,
  "training_gpu_1_memory_MB": 13029,
  "training_gpu_2_memory_MB": 14587,
  "training_gpu_3_memory_MB": 21435,
  "validation_accuracy": 0.39307535641547864,
  "validation_disc_loss": 2.2419177826827132,
  "validation_gen_loss": 10.45997059054491,
  "validation_loss": 8.40545738809477,
  "best_validation_accuracy": 0.395112016293279,
  "best_validation_disc_loss": 2.2161992267379915,
  "best_validation_gen_loss": 8.086076530983778,
  "best_validation_loss": 6.618607207042415
}