{
  "best_epoch": 0,
  "peak_cpu_memory_MB": 5340.136,
  "peak_gpu_0_memory_MB": 2309,
  "peak_gpu_1_memory_MB": 0,
  "peak_gpu_2_memory_MB": 0,
  "peak_gpu_3_memory_MB": 12821,
  "training_duration": "0:00:30.490405",
  "training_start_epoch": 0,
  "training_epochs": 0,
  "epoch": 0,
  "training_accuracy": 0.3816793893129771,
  "training_loss": 1.115875555918767,
  "training_cpu_memory_MB": 5340.136,
  "training_gpu_0_memory_MB": 2309,
  "training_gpu_1_memory_MB": 0,
  "training_gpu_2_memory_MB": 0,
  "training_gpu_3_memory_MB": 12821,
  "validation_accuracy": 0.39745287824758024,
  "validation_loss": 1.0786835766770553,
  "best_validation_accuracy": 0.39745287824758024,
  "best_validation_loss": 1.0786835766770553
}