{
  "best_epoch": 2,
  "peak_cpu_memory_MB": 5866.288,
  "peak_gpu_0_memory_MB": 21435,
  "peak_gpu_1_memory_MB": 20139,
  "peak_gpu_2_memory_MB": 20139,
  "peak_gpu_3_memory_MB": 20139,
  "training_duration": "0:04:29.821945",
  "training_start_epoch": 0,
  "training_epochs": 9,
  "epoch": 9,
  "training_accuracy": 0.37659033078880405,
  "training_disc_loss": 2.160772294998169,
  "training_gen_loss": 6.762028217315674,
  "training_loss": 5.60931737606342,
  "training_cpu_memory_MB": 5866.288,
  "training_gpu_0_memory_MB": 21435,
  "training_gpu_1_memory_MB": 20139,
  "training_gpu_2_memory_MB": 20139,
  "training_gpu_3_memory_MB": 20139,
  "validation_accuracy": 0.3411405295315682,
  "validation_disc_loss": 3.300969527613732,
  "validation_gen_loss": 7.217632316773938,
  "validation_loss": 6.2421693955698325,
  "best_validation_accuracy": 0.3513238289205703,
  "best_validation_disc_loss": 17.081697971590103,
  "best_validation_gen_loss": 10.272170251415622,
  "best_validation_loss": 11.962308729848553
}