{
  "best_epoch": 2,
  "peak_cpu_memory_MB": 5866.288,
  "peak_gpu_0_memory_MB": 21435,
  "peak_gpu_1_memory_MB": 20139,
  "peak_gpu_2_memory_MB": 20139,
  "peak_gpu_3_memory_MB": 20139,
  "training_duration": "0:03:36.228516",
  "training_start_epoch": 0,
  "training_epochs": 7,
  "epoch": 7,
  "training_accuracy": 0.3384223918575064,
  "training_disc_loss": 2.1804041910171508,
  "training_gen_loss": 6.793527946472168,
  "training_loss": 5.640048393836389,
  "training_cpu_memory_MB": 5866.288,
  "training_gpu_0_memory_MB": 21435,
  "training_gpu_1_memory_MB": 20139,
  "training_gpu_2_memory_MB": 20139,
  "training_gpu_3_memory_MB": 20139,
  "validation_accuracy": 0.3340122199592668,
  "validation_disc_loss": 3.815472129852541,
  "validation_gen_loss": 7.274359795355028,
  "validation_loss": 6.413249600318171,
  "best_validation_accuracy": 0.3513238289205703,
  "best_validation_disc_loss": 17.081697971590103,
  "best_validation_gen_loss": 10.272170251415622,
  "best_validation_loss": 11.962308729848553
}