{
  "best_epoch": 11,
  "peak_cpu_memory_MB": 5867.604,
  "peak_gpu_0_memory_MB": 21435,
  "peak_gpu_1_memory_MB": 20139,
  "peak_gpu_2_memory_MB": 20139,
  "peak_gpu_3_memory_MB": 20139,
  "training_duration": "0:06:24.797538",
  "training_start_epoch": 0,
  "training_epochs": 13,
  "epoch": 13,
  "training_accuracy": 0.6005089058524173,
  "training_disc_loss": 1.1409952139854431,
  "training_gen_loss": 6.379137287139892,
  "training_loss": 5.853894563821646,
  "training_cpu_memory_MB": 5867.604,
  "training_gpu_0_memory_MB": 21435,
  "training_gpu_1_memory_MB": 20139,
  "training_gpu_2_memory_MB": 20139,
  "training_gpu_3_memory_MB": 20139,
  "validation_accuracy": 0.3859470468431772,
  "validation_disc_loss": 1.701294546165774,
  "validation_gen_loss": 6.952130894507131,
  "validation_loss": 6.4276597884393505,
  "best_validation_accuracy": 0.3869653767820774,
  "best_validation_disc_loss": 1.7074186532728133,
  "best_validation_gen_loss": 6.9165010298452065,
  "best_validation_loss": 6.396160048823202
}