{
  "best_epoch": 6,
  "peak_cpu_memory_MB": 5867.604,
  "peak_gpu_0_memory_MB": 21435,
  "peak_gpu_1_memory_MB": 20139,
  "peak_gpu_2_memory_MB": 20139,
  "peak_gpu_3_memory_MB": 20139,
  "training_duration": "0:04:07.538944",
  "training_start_epoch": 0,
  "training_epochs": 8,
  "epoch": 8,
  "training_accuracy": 0.455470737913486,
  "training_disc_loss": 1.509865415096283,
  "training_gen_loss": 6.489908638000489,
  "training_loss": 5.983770994039682,
  "training_cpu_memory_MB": 5867.604,
  "training_gpu_0_memory_MB": 21435,
  "training_gpu_1_memory_MB": 20139,
  "training_gpu_2_memory_MB": 20139,
  "training_gpu_3_memory_MB": 20139,
  "validation_accuracy": 0.34623217922606925,
  "validation_disc_loss": 3.5540947145031345,
  "validation_gen_loss": 7.1382272935682725,
  "validation_loss": 6.780531037238337,
  "best_validation_accuracy": 0.37474541751527496,
  "best_validation_disc_loss": 1.996450912567877,
  "best_validation_gen_loss": 7.004495951437181,
  "best_validation_loss": 6.504667328250024
}