{
  "best_epoch": 2,
  "peak_cpu_memory_MB": 5867.604,
  "peak_gpu_0_memory_MB": 21435,
  "peak_gpu_1_memory_MB": 20139,
  "peak_gpu_2_memory_MB": 20139,
  "peak_gpu_3_memory_MB": 20139,
  "training_duration": "0:01:19.535609",
  "training_start_epoch": 0,
  "training_epochs": 2,
  "epoch": 2,
  "training_accuracy": 0.32061068702290074,
  "training_disc_loss": 3.61774498462677,
  "training_gen_loss": 7.160513114929199,
  "training_loss": 6.785269957322341,
  "training_cpu_memory_MB": 5867.604,
  "training_gpu_0_memory_MB": 21435,
  "training_gpu_1_memory_MB": 20139,
  "training_gpu_2_memory_MB": 20139,
  "training_gpu_3_memory_MB": 20139,
  "validation_accuracy": 0.37067209775967414,
  "validation_disc_loss": 3.7267952695969613,
  "validation_gen_loss": 7.335043330346385,
  "validation_loss": 6.977651965233587,
  "best_validation_accuracy": 0.37067209775967414,
  "best_validation_disc_loss": 3.7267952695969613,
  "best_validation_gen_loss": 7.335043330346385,
  "best_validation_loss": 6.977651965233587
}