{
  "best_epoch": 6,
  "peak_cpu_memory_MB": 5867.604,
  "peak_gpu_0_memory_MB": 21435,
  "peak_gpu_1_memory_MB": 20139,
  "peak_gpu_2_memory_MB": 20139,
  "peak_gpu_3_memory_MB": 20139,
  "training_duration": "0:05:00.377018",
  "training_start_epoch": 0,
  "training_epochs": 10,
  "epoch": 10,
  "training_accuracy": 0.4402035623409669,
  "training_disc_loss": 1.466643135547638,
  "training_gen_loss": 6.453373794555664,
  "training_loss": 5.944644451141357,
  "training_cpu_memory_MB": 5867.604,
  "training_gpu_0_memory_MB": 21435,
  "training_gpu_1_memory_MB": 20139,
  "training_gpu_2_memory_MB": 20139,
  "training_gpu_3_memory_MB": 20139,
  "validation_accuracy": 0.37474541751527496,
  "validation_disc_loss": 1.9205213554443852,
  "validation_gen_loss": 6.9586485816586405,
  "validation_loss": 6.455597077646563,
  "best_validation_accuracy": 0.37474541751527496,
  "best_validation_disc_loss": 1.996450912567877,
  "best_validation_gen_loss": 7.004495951437181,
  "best_validation_loss": 6.504667328250024
}