{
  "best_epoch": 16,
  "peak_cpu_memory_MB": 5867.604,
  "peak_gpu_0_memory_MB": 21435,
  "peak_gpu_1_memory_MB": 20139,
  "peak_gpu_2_memory_MB": 20139,
  "peak_gpu_3_memory_MB": 20139,
  "training_duration": "0:08:17.152457",
  "training_start_epoch": 0,
  "training_epochs": 17,
  "epoch": 17,
  "training_accuracy": 0.5776081424936387,
  "training_disc_loss": 1.1492347049713134,
  "training_gen_loss": 6.3554087829589845,
  "training_loss": 5.819271124326265,
  "training_cpu_memory_MB": 5867.604,
  "training_gpu_0_memory_MB": 21435,
  "training_gpu_1_memory_MB": 20139,
  "training_gpu_2_memory_MB": 20139,
  "training_gpu_3_memory_MB": 20139,
  "validation_accuracy": 0.3890020366598778,
  "validation_disc_loss": 1.818159282207489,
  "validation_gen_loss": 6.956115022782357,
  "validation_loss": 6.443001670222128,
  "best_validation_accuracy": 0.39307535641547864,
  "best_validation_disc_loss": 1.734966617438101,
  "best_validation_gen_loss": 6.917683870561661,
  "best_validation_loss": 6.400032351093907
}