{
  "best_epoch": 3,
  "peak_cpu_memory_MB": 5501.028,
  "peak_gpu_0_memory_MB": 12645,
  "peak_gpu_1_memory_MB": 21435,
  "peak_gpu_2_memory_MB": 0,
  "peak_gpu_3_memory_MB": 12805,
  "training_duration": "0:02:20.567134",
  "training_start_epoch": 0,
  "training_epochs": 3,
  "epoch": 3,
  "training_accuracy": 0.4910941475826972,
  "training_loss": 1.0542561136759245,
  "training_cpu_memory_MB": 5501.028,
  "training_gpu_0_memory_MB": 12645,
  "training_gpu_1_memory_MB": 21435,
  "training_gpu_2_memory_MB": 0,
  "training_gpu_3_memory_MB": 12805,
  "validation_accuracy": 0.37789098318899644,
  "validation_loss": 1.1352886270234173,
  "best_validation_accuracy": 0.37789098318899644,
  "best_validation_loss": 1.1352886270234173
}