{
  "best_epoch": 5,
  "peak_cpu_memory_MB": 5501.028,
  "peak_gpu_0_memory_MB": 12645,
  "peak_gpu_1_memory_MB": 21435,
  "peak_gpu_2_memory_MB": 0,
  "peak_gpu_3_memory_MB": 12805,
  "training_duration": "0:03:37.599857",
  "training_start_epoch": 0,
  "training_epochs": 5,
  "epoch": 5,
  "training_accuracy": 0.7837150127226463,
  "training_loss": 0.585414340862861,
  "training_cpu_memory_MB": 5501.028,
  "training_gpu_0_memory_MB": 12645,
  "training_gpu_1_memory_MB": 21435,
  "training_gpu_2_memory_MB": 0,
  "training_gpu_3_memory_MB": 12805,
  "validation_accuracy": 0.5257259296994397,
  "validation_loss": 1.037606079920107,
  "best_validation_accuracy": 0.5257259296994397,
  "best_validation_loss": 1.037606079920107
}