{
  "best_epoch": 11,
  "peak_cpu_memory_MB": 5501.028,
  "peak_gpu_0_memory_MB": 12645,
  "peak_gpu_1_memory_MB": 21435,
  "peak_gpu_2_memory_MB": 0,
  "peak_gpu_3_memory_MB": 12805,
  "training_duration": "0:07:23.295380",
  "training_start_epoch": 0,
  "training_epochs": 11,
  "epoch": 11,
  "training_accuracy": 0.9974554707379135,
  "training_loss": 0.0420852223267922,
  "training_cpu_memory_MB": 5501.028,
  "training_gpu_0_memory_MB": 12645,
  "training_gpu_1_memory_MB": 21435,
  "training_gpu_2_memory_MB": 0,
  "training_gpu_3_memory_MB": 12805,
  "validation_accuracy": 0.7002547121752419,
  "validation_loss": 0.889256731549381,
  "best_validation_accuracy": 0.7002547121752419,
  "best_validation_loss": 0.889256731549381
}