{
  "best_epoch": 7,
  "peak_cpu_memory_MB": 5501.028,
  "peak_gpu_0_memory_MB": 12645,
  "peak_gpu_1_memory_MB": 21435,
  "peak_gpu_2_memory_MB": 0,
  "peak_gpu_3_memory_MB": 12805,
  "training_duration": "0:04:54.584693",
  "training_start_epoch": 0,
  "training_epochs": 7,
  "epoch": 7,
  "training_accuracy": 0.9516539440203562,
  "training_loss": 0.21437805317915404,
  "training_cpu_memory_MB": 5501.028,
  "training_gpu_0_memory_MB": 12645,
  "training_gpu_1_memory_MB": 21435,
  "training_gpu_2_memory_MB": 0,
  "training_gpu_3_memory_MB": 12805,
  "validation_accuracy": 0.652572592969944,
  "validation_loss": 0.8486219720265764,
  "best_validation_accuracy": 0.652572592969944,
  "best_validation_loss": 0.8486219720265764
}