{
  "best_epoch": 1,
  "peak_cpu_memory_MB": 5866.62,
  "peak_gpu_0_memory_MB": 21435,
  "peak_gpu_1_memory_MB": 20139,
  "peak_gpu_2_memory_MB": 20139,
  "peak_gpu_3_memory_MB": 20139,
  "training_duration": "0:01:44.943960",
  "training_start_epoch": 0,
  "training_epochs": 3,
  "epoch": 3,
  "training_accuracy": 0.31806615776081426,
  "training_disc_loss": 3.377916941642761,
  "training_gen_loss": 7.838962650299072,
  "training_loss": 5.687412995558518,
  "training_cpu_memory_MB": 5866.62,
  "training_gpu_0_memory_MB": 21435,
  "training_gpu_1_memory_MB": 20139,
  "training_gpu_2_memory_MB": 20139,
  "training_gpu_3_memory_MB": 20139,
  "validation_accuracy": 0.34826883910386963,
  "validation_disc_loss": 1.6848329267194193,
  "validation_gen_loss": 7.666191201056203,
  "validation_loss": 4.677870735045402,
  "best_validation_accuracy": 0.3594704684317719,
  "best_validation_disc_loss": 15.727585331086189,
  "best_validation_gen_loss": 11.559218868132561,
  "best_validation_loss": 13.653346800035045
}