{
  "best_epoch": 6,
  "peak_cpu_memory_MB": 5866.62,
  "peak_gpu_0_memory_MB": 21435,
  "peak_gpu_1_memory_MB": 20139,
  "peak_gpu_2_memory_MB": 20139,
  "peak_gpu_3_memory_MB": 20139,
  "training_duration": "0:03:08.061208",
  "training_start_epoch": 0,
  "training_epochs": 6,
  "epoch": 6,
  "training_accuracy": 0.366412213740458,
  "training_disc_loss": 1.919312117099762,
  "training_gen_loss": 6.934597320556641,
  "training_loss": 4.412327693058894,
  "training_cpu_memory_MB": 5866.62,
  "training_gpu_0_memory_MB": 21435,
  "training_gpu_1_memory_MB": 20139,
  "training_gpu_2_memory_MB": 20139,
  "training_gpu_3_memory_MB": 20139,
  "validation_accuracy": 0.3696537678207739,
  "validation_disc_loss": 1.8544418436865653,
  "validation_gen_loss": 7.191744150653962,
  "validation_loss": 4.52718416337044,
  "best_validation_accuracy": 0.3696537678207739,
  "best_validation_disc_loss": 1.8544418436865653,
  "best_validation_gen_loss": 7.191744150653962,
  "best_validation_loss": 4.52718416337044
}