{
  "best_epoch": 0,
  "peak_cpu_memory_MB": 5866.62,
  "peak_gpu_0_memory_MB": 2617,
  "peak_gpu_1_memory_MB": 20139,
  "peak_gpu_2_memory_MB": 20139,
  "peak_gpu_3_memory_MB": 20139,
  "training_duration": "0:00:21.213834",
  "training_start_epoch": 0,
  "training_epochs": 0,
  "epoch": 0,
  "training_accuracy": 0.3842239185750636,
  "training_disc_loss": 13.695644340515138,
  "training_gen_loss": 12.74886791229248,
  "training_loss": 13.105747883136456,
  "training_cpu_memory_MB": 5866.62,
  "training_gpu_0_memory_MB": 2617,
  "training_gpu_1_memory_MB": 20139,
  "training_gpu_2_memory_MB": 20139,
  "training_gpu_3_memory_MB": 20139,
  "validation_accuracy": 0.3340122199592668,
  "validation_disc_loss": 11.40855808411875,
  "validation_gen_loss": 12.482885391481462,
  "validation_loss": 11.960631739708685,
  "best_validation_accuracy": 0.3340122199592668,
  "best_validation_disc_loss": 11.40855808411875,
  "best_validation_gen_loss": 12.482885391481462,
  "best_validation_loss": 11.960631739708685
}