{
  "best_epoch": 9,
  "peak_cpu_memory_MB": 5866.62,
  "peak_gpu_0_memory_MB": 21435,
  "peak_gpu_1_memory_MB": 20139,
  "peak_gpu_2_memory_MB": 20139,
  "peak_gpu_3_memory_MB": 20139,
  "training_duration": "0:12:10.208246",
  "training_start_epoch": 0,
  "training_epochs": 26,
  "epoch": 26,
  "training_accuracy": 0.4910941475826972,
  "training_disc_loss": 1.0651813268661499,
  "training_gen_loss": 6.473971614837646,
  "training_loss": 3.775143494972816,
  "training_cpu_memory_MB": 5866.62,
  "training_gpu_0_memory_MB": 21435,
  "training_gpu_1_memory_MB": 20139,
  "training_gpu_2_memory_MB": 20139,
  "training_gpu_3_memory_MB": 20139,
  "validation_accuracy": 0.3665987780040733,
  "validation_disc_loss": 1.4898374042203348,
  "validation_gen_loss": 6.8872702429371495,
  "validation_loss": 4.190340557406025,
  "best_validation_accuracy": 0.390020366598778,
  "best_validation_disc_loss": 1.6245560117306248,
  "best_validation_gen_loss": 7.028071511176325,
  "best_validation_loss": 4.3301257164247575
}