{
  "best_epoch": 8,
  "peak_cpu_memory_MB": 5866.62,
  "peak_gpu_0_memory_MB": 21435,
  "peak_gpu_1_memory_MB": 20139,
  "peak_gpu_2_memory_MB": 20139,
  "peak_gpu_3_memory_MB": 20139,
  "training_duration": "0:04:05.332697",
  "training_start_epoch": 0,
  "training_epochs": 8,
  "epoch": 8,
  "training_accuracy": 0.3893129770992366,
  "training_disc_loss": 1.709512882232666,
  "training_gen_loss": 6.7853125381469725,
  "training_loss": 4.236397596505972,
  "training_cpu_memory_MB": 5866.62,
  "training_gpu_0_memory_MB": 21435,
  "training_gpu_1_memory_MB": 20139,
  "training_gpu_2_memory_MB": 20139,
  "training_gpu_3_memory_MB": 20139,
  "validation_accuracy": 0.37474541751527496,
  "validation_disc_loss": 1.6809982090227065,
  "validation_gen_loss": 7.069782856971987,
  "validation_loss": 4.379013599887971,
  "best_validation_accuracy": 0.37474541751527496,
  "best_validation_disc_loss": 1.6809982090227065,
  "best_validation_gen_loss": 7.069782856971987,
  "best_validation_loss": 4.379013599887971
}