{
  "best_epoch": 1,
  "peak_cpu_memory_MB": 5866.62,
  "peak_gpu_0_memory_MB": 21435,
  "peak_gpu_1_memory_MB": 20139,
  "peak_gpu_2_memory_MB": 20139,
  "peak_gpu_3_memory_MB": 20139,
  "training_duration": "0:02:11.165462",
  "training_start_epoch": 0,
  "training_epochs": 4,
  "epoch": 4,
  "training_accuracy": 0.3842239185750636,
  "training_disc_loss": 2.1885503101348878,
  "training_gen_loss": 7.317208423614502,
  "training_loss": 4.76523678119366,
  "training_cpu_memory_MB": 5866.62,
  "training_gpu_0_memory_MB": 21435,
  "training_gpu_1_memory_MB": 20139,
  "training_gpu_2_memory_MB": 20139,
  "training_gpu_3_memory_MB": 20139,
  "validation_accuracy": 0.3268839103869654,
  "validation_disc_loss": 2.0128905830844754,
  "validation_gen_loss": 7.744340927370133,
  "validation_loss": 4.883143455751481,
  "best_validation_accuracy": 0.3594704684317719,
  "best_validation_disc_loss": 15.727585331086189,
  "best_validation_gen_loss": 11.559218868132561,
  "best_validation_loss": 13.653346800035045
}