{
  "best_epoch": 1,
  "peak_cpu_memory_MB": 5866.62,
  "peak_gpu_0_memory_MB": 21435,
  "peak_gpu_1_memory_MB": 20139,
  "peak_gpu_2_memory_MB": 20139,
  "peak_gpu_3_memory_MB": 20139,
  "training_duration": "0:01:18.858805",
  "training_start_epoch": 0,
  "training_epochs": 2,
  "epoch": 2,
  "training_accuracy": 0.3511450381679389,
  "training_disc_loss": 4.533217797279358,
  "training_gen_loss": 8.7860298538208,
  "training_loss": 6.656581548544077,
  "training_cpu_memory_MB": 5866.62,
  "training_gpu_0_memory_MB": 21435,
  "training_gpu_1_memory_MB": 20139,
  "training_gpu_2_memory_MB": 20139,
  "training_gpu_3_memory_MB": 20139,
  "validation_accuracy": 0.3513238289205703,
  "validation_disc_loss": 4.683734224688623,
  "validation_gen_loss": 8.519325494766235,
  "validation_loss": 6.6122378226249445,
  "best_validation_accuracy": 0.3594704684317719,
  "best_validation_disc_loss": 15.727585331086189,
  "best_validation_gen_loss": 11.559218868132561,
  "best_validation_loss": 13.653346800035045
}