{
  "best_epoch": 2,
  "peak_cpu_memory_MB": 5492.772,
  "peak_gpu_0_memory_MB": 12593,
  "peak_gpu_1_memory_MB": 0,
  "peak_gpu_2_memory_MB": 10225,
  "peak_gpu_3_memory_MB": 12821,
  "training_duration": "0:01:43.081285",
  "training_start_epoch": 0,
  "training_epochs": 2,
  "epoch": 2,
  "training_accuracy": 0.49363867684478374,
  "training_loss": 1.093572566142449,
  "training_cpu_memory_MB": 5492.772,
  "training_gpu_0_memory_MB": 12593,
  "training_gpu_1_memory_MB": 0,
  "training_gpu_2_memory_MB": 10225,
  "training_gpu_3_memory_MB": 12821,
  "validation_accuracy": 0.40122261844116147,
  "validation_loss": 1.0894927696995316,
  "best_validation_accuracy": 0.40122261844116147,
  "best_validation_loss": 1.0894927696995316
}