{
  "best_epoch": 1,
  "peak_cpu_memory_MB": 5492.772,
  "peak_gpu_0_memory_MB": 12593,
  "peak_gpu_1_memory_MB": 0,
  "peak_gpu_2_memory_MB": 10225,
  "peak_gpu_3_memory_MB": 12821,
  "training_duration": "0:01:05.043518",
  "training_start_epoch": 0,
  "training_epochs": 1,
  "epoch": 1,
  "training_accuracy": 0.36895674300254455,
  "training_loss": 1.1318536263245802,
  "training_cpu_memory_MB": 5492.772,
  "training_gpu_0_memory_MB": 12593,
  "training_gpu_1_memory_MB": 0,
  "training_gpu_2_memory_MB": 10225,
  "training_gpu_3_memory_MB": 12821,
  "validation_accuracy": 0.36546102903718797,
  "validation_loss": 1.095891318414421,
  "best_validation_accuracy": 0.36546102903718797,
  "best_validation_loss": 1.095891318414421
}