{
  "best_epoch": 0,
  "peak_cpu_memory_MB": 5492.772,
  "peak_gpu_0_memory_MB": 12593,
  "peak_gpu_1_memory_MB": 0,
  "peak_gpu_2_memory_MB": 10225,
  "peak_gpu_3_memory_MB": 2425,
  "training_duration": "0:00:29.711725",
  "training_start_epoch": 0,
  "training_epochs": 0,
  "epoch": 0,
  "training_accuracy": 0.3384223918575064,
  "training_loss": 1.2441482910743127,
  "training_cpu_memory_MB": 5492.772,
  "training_gpu_0_memory_MB": 12593,
  "training_gpu_1_memory_MB": 0,
  "training_gpu_2_memory_MB": 10225,
  "training_gpu_3_memory_MB": 2425,
  "validation_accuracy": 0.31818644931227713,
  "validation_loss": 1.1216838041423587,
  "best_validation_accuracy": 0.31818644931227713,
  "best_validation_loss": 1.1216838041423587
}