{
  "best_epoch": 4,
  "peak_cpu_memory_MB": 5865.828,
  "peak_gpu_0_memory_MB": 21435,
  "peak_gpu_1_memory_MB": 20139,
  "peak_gpu_2_memory_MB": 20139,
  "peak_gpu_3_memory_MB": 20139,
  "training_duration": "0:03:36.767410",
  "training_start_epoch": 0,
  "training_epochs": 7,
  "epoch": 7,
  "training_accuracy": 0.4758269720101781,
  "training_disc_loss": 1.5751187133789062,
  "training_gen_loss": 7.061546173095703,
  "training_loss": 4.334583172431359,
  "training_cpu_memory_MB": 5865.828,
  "training_gpu_0_memory_MB": 21435,
  "training_gpu_1_memory_MB": 20139,
  "training_gpu_2_memory_MB": 20139,
  "training_gpu_3_memory_MB": 20139,
  "validation_accuracy": 0.3411405295315682,
  "validation_disc_loss": 4.68058342318381,
  "validation_gen_loss": 7.416946688006001,
  "validation_loss": 6.056875628809775,
  "best_validation_accuracy": 0.3574338085539715,
  "best_validation_disc_loss": 2.539829469496204,
  "best_validation_gen_loss": 7.634810870693576,
  "best_validation_loss": 5.091611431490991
}