{
  "best_epoch": 13,
  "peak_cpu_memory_MB": 5865.828,
  "peak_gpu_0_memory_MB": 21435,
  "peak_gpu_1_memory_MB": 20139,
  "peak_gpu_2_memory_MB": 20139,
  "peak_gpu_3_memory_MB": 20139,
  "training_duration": "0:09:32.448008",
  "training_start_epoch": 0,
  "training_epochs": 20,
  "epoch": 20,
  "training_accuracy": 0.5877862595419847,
  "training_disc_loss": 0.837899614572525,
  "training_gen_loss": 6.599580860137939,
  "training_loss": 3.7165137437673716,
  "training_cpu_memory_MB": 5865.828,
  "training_gpu_0_memory_MB": 21435,
  "training_gpu_1_memory_MB": 20139,
  "training_gpu_2_memory_MB": 20139,
  "training_gpu_3_memory_MB": 20139,
  "validation_accuracy": 0.35539714867617106,
  "validation_disc_loss": 2.29390045327525,
  "validation_gen_loss": 7.008745570336619,
  "validation_loss": 4.654441125931278,
  "best_validation_accuracy": 0.3696537678207739,
  "best_validation_disc_loss": 2.2316327364214006,
  "best_validation_gen_loss": 7.052794464172855,
  "best_validation_loss": 4.645078489857335
}