{
  "best_epoch": 4,
  "peak_cpu_memory_MB": 5865.828,
  "peak_gpu_0_memory_MB": 21435,
  "peak_gpu_1_memory_MB": 20139,
  "peak_gpu_2_memory_MB": 20139,
  "peak_gpu_3_memory_MB": 20139,
  "training_duration": "0:04:03.294854",
  "training_start_epoch": 0,
  "training_epochs": 8,
  "epoch": 8,
  "training_accuracy": 0.5038167938931297,
  "training_disc_loss": 1.388538818359375,
  "training_gen_loss": 6.920280151367187,
  "training_loss": 4.155490490106436,
  "training_cpu_memory_MB": 5865.828,
  "training_gpu_0_memory_MB": 21435,
  "training_gpu_1_memory_MB": 20139,
  "training_gpu_2_memory_MB": 20139,
  "training_gpu_3_memory_MB": 20139,
  "validation_accuracy": 0.3421588594704684,
  "validation_disc_loss": 6.138152810835069,
  "validation_gen_loss": 7.499601310299289,
  "validation_loss": 6.829820971335134,
  "best_validation_accuracy": 0.3574338085539715,
  "best_validation_disc_loss": 2.539829469496204,
  "best_validation_gen_loss": 7.634810870693576,
  "best_validation_loss": 5.091611431490991
}