{
  "best_epoch": 0,
  "peak_cpu_memory_MB": 5488.3,
  "peak_gpu_0_memory_MB": 2309,
  "peak_gpu_1_memory_MB": 21435,
  "peak_gpu_2_memory_MB": 0,
  "peak_gpu_3_memory_MB": 12805,
  "training_duration": "0:00:30.670287",
  "training_start_epoch": 0,
  "training_epochs": 0,
  "epoch": 0,
  "training_accuracy": 0.4198473282442748,
  "training_loss": 1.0921543102998,
  "training_cpu_memory_MB": 5488.3,
  "training_gpu_0_memory_MB": 2309,
  "training_gpu_1_memory_MB": 21435,
  "training_gpu_2_memory_MB": 0,
  "training_gpu_3_memory_MB": 12805,
  "validation_accuracy": 0.3674987264391238,
  "validation_loss": 1.2232186338023954,
  "best_validation_accuracy": 0.3674987264391238,
  "best_validation_loss": 1.2232186338023954
}