{
  "best_epoch": 4,
  "peak_cpu_memory_MB": 5866.968,
  "peak_gpu_0_memory_MB": 21435,
  "peak_gpu_1_memory_MB": 20139,
  "peak_gpu_2_memory_MB": 20139,
  "peak_gpu_3_memory_MB": 20139,
  "training_duration": "0:02:11.483074",
  "training_start_epoch": 0,
  "training_epochs": 4,
  "epoch": 4,
  "training_accuracy": 0.36895674300254455,
  "training_disc_loss": 1.8082141590118408,
  "training_gen_loss": 6.860785751342774,
  "training_loss": 4.333814694331243,
  "training_cpu_memory_MB": 5866.968,
  "training_gpu_0_memory_MB": 21435,
  "training_gpu_1_memory_MB": 20139,
  "training_gpu_2_memory_MB": 20139,
  "training_gpu_3_memory_MB": 20139,
  "validation_accuracy": 0.335030549898167,
  "validation_disc_loss": 1.3122964443699006,
  "validation_gen_loss": 7.104251892335953,
  "validation_loss": 4.209691201486895,
  "best_validation_accuracy": 0.335030549898167,
  "best_validation_disc_loss": 1.3122964443699006,
  "best_validation_gen_loss": 7.104251892335953,
  "best_validation_loss": 4.209691201486895
}