{
  "best_epoch": 15,
  "peak_cpu_memory_MB": 5866.968,
  "peak_gpu_0_memory_MB": 21435,
  "peak_gpu_1_memory_MB": 20139,
  "peak_gpu_2_memory_MB": 20139,
  "peak_gpu_3_memory_MB": 20139,
  "training_duration": "0:07:29.200022",
  "training_start_epoch": 0,
  "training_epochs": 15,
  "epoch": 15,
  "training_accuracy": 0.42493638676844786,
  "training_disc_loss": 1.2252696943283081,
  "training_gen_loss": 6.504015235900879,
  "training_loss": 3.8583653156573954,
  "training_cpu_memory_MB": 5866.968,
  "training_gpu_0_memory_MB": 21435,
  "training_gpu_1_memory_MB": 20139,
  "training_gpu_2_memory_MB": 20139,
  "training_gpu_3_memory_MB": 20139,
  "validation_accuracy": 0.3665987780040733,
  "validation_disc_loss": 1.2846261993531258,
  "validation_gen_loss": 6.89785760448825,
  "validation_loss": 4.092913766061106,
  "best_validation_accuracy": 0.3665987780040733,
  "best_validation_disc_loss": 1.2846261993531258,
  "best_validation_gen_loss": 6.89785760448825,
  "best_validation_loss": 4.092913766061106
}