{
  "best_epoch": 0,
  "peak_cpu_memory_MB": 5866.968,
  "peak_gpu_0_memory_MB": 2617,
  "peak_gpu_1_memory_MB": 20139,
  "peak_gpu_2_memory_MB": 20139,
  "peak_gpu_3_memory_MB": 20139,
  "training_duration": "0:00:20.993210",
  "training_start_epoch": 0,
  "training_epochs": 0,
  "epoch": 0,
  "training_accuracy": 0.37404580152671757,
  "training_disc_loss": 13.437112560272217,
  "training_gen_loss": 12.845223808288575,
  "training_loss": 12.992939728956957,
  "training_cpu_memory_MB": 5866.968,
  "training_gpu_0_memory_MB": 2617,
  "training_gpu_1_memory_MB": 20139,
  "training_gpu_2_memory_MB": 20139,
  "training_gpu_3_memory_MB": 20139,
  "validation_accuracy": 0.3258655804480652,
  "validation_disc_loss": 17.162930350149832,
  "validation_gen_loss": 12.95105428080405,
  "validation_loss": 15.064505515560027,
  "best_validation_accuracy": 0.3258655804480652,
  "best_validation_disc_loss": 17.162930350149832,
  "best_validation_gen_loss": 12.95105428080405,
  "best_validation_loss": 15.064505515560027
}