{
  "best_epoch": 11,
  "peak_cpu_memory_MB": 5866.968,
  "peak_gpu_0_memory_MB": 21435,
  "peak_gpu_1_memory_MB": 20139,
  "peak_gpu_2_memory_MB": 20139,
  "peak_gpu_3_memory_MB": 20139,
  "training_duration": "0:06:09.683672",
  "training_start_epoch": 0,
  "training_epochs": 12,
  "epoch": 12,
  "training_accuracy": 0.39185750636132316,
  "training_disc_loss": 1.3077033519744874,
  "training_gen_loss": 6.532071075439453,
  "training_loss": 3.912573374234713,
  "training_cpu_memory_MB": 5866.968,
  "training_gpu_0_memory_MB": 21435,
  "training_gpu_1_memory_MB": 20139,
  "training_gpu_2_memory_MB": 20139,
  "training_gpu_3_memory_MB": 20139,
  "validation_accuracy": 0.3594704684317719,
  "validation_disc_loss": 1.2741081108970027,
  "validation_gen_loss": 6.9058550327054915,
  "validation_loss": 4.09150961137587,
  "best_validation_accuracy": 0.3635437881873727,
  "best_validation_disc_loss": 1.2868358444782995,
  "best_validation_gen_loss": 6.945947131802959,
  "best_validation_loss": 4.11760502476846
}