{
  "best_epoch": 11,
  "peak_cpu_memory_MB": 5866.968,
  "peak_gpu_0_memory_MB": 21435,
  "peak_gpu_1_memory_MB": 20139,
  "peak_gpu_2_memory_MB": 20139,
  "peak_gpu_3_memory_MB": 20139,
  "training_duration": "0:07:02.356251",
  "training_start_epoch": 0,
  "training_epochs": 14,
  "epoch": 14,
  "training_accuracy": 0.46564885496183206,
  "training_disc_loss": 1.2805047559738159,
  "training_gen_loss": 6.498827362060547,
  "training_loss": 3.8811630652501035,
  "training_cpu_memory_MB": 5866.968,
  "training_gpu_0_memory_MB": 21435,
  "training_gpu_1_memory_MB": 20139,
  "training_gpu_2_memory_MB": 20139,
  "training_gpu_3_memory_MB": 20139,
  "validation_accuracy": 0.3625254582484725,
  "validation_disc_loss": 1.2710308471033651,
  "validation_gen_loss": 6.8903561715156805,
  "validation_loss": 4.082441760647681,
  "best_validation_accuracy": 0.3635437881873727,
  "best_validation_disc_loss": 1.2868358444782995,
  "best_validation_gen_loss": 6.945947131802959,
  "best_validation_loss": 4.11760502476846
}