{
  "best_epoch": 2,
  "peak_cpu_memory_MB": 5349.876,
  "peak_gpu_0_memory_MB": 12593,
  "peak_gpu_1_memory_MB": 21435,
  "peak_gpu_2_memory_MB": 0,
  "peak_gpu_3_memory_MB": 12805,
  "training_duration": "0:01:43.324941",
  "training_start_epoch": 0,
  "training_epochs": 2,
  "epoch": 2,
  "training_accuracy": 0.7430025445292621,
  "training_loss": 0.6443631052970886,
  "training_cpu_memory_MB": 5349.876,
  "training_gpu_0_memory_MB": 12593,
  "training_gpu_1_memory_MB": 21435,
  "training_gpu_2_memory_MB": 0,
  "training_gpu_3_memory_MB": 12805,
  "validation_accuracy": 0.5415180845644422,
  "validation_loss": 1.2306534449906614,
  "best_validation_accuracy": 0.5415180845644422,
  "best_validation_loss": 1.2306534449906614
}