{
  "best_epoch": 0,
  "peak_cpu_memory_MB": 5349.876,
  "peak_gpu_0_memory_MB": 2309,
  "peak_gpu_1_memory_MB": 21435,
  "peak_gpu_2_memory_MB": 0,
  "peak_gpu_3_memory_MB": 12805,
  "training_duration": "0:00:30.609918",
  "training_start_epoch": 0,
  "training_epochs": 0,
  "epoch": 0,
  "training_accuracy": 0.33587786259541985,
  "training_loss": 1.1105440121430616,
  "training_cpu_memory_MB": 5349.876,
  "training_gpu_0_memory_MB": 2309,
  "training_gpu_1_memory_MB": 21435,
  "training_gpu_2_memory_MB": 0,
  "training_gpu_3_memory_MB": 12805,
  "validation_accuracy": 0.44014263881813553,
  "validation_loss": 1.06721544459899,
  "best_validation_accuracy": 0.44014263881813553,
  "best_validation_loss": 1.06721544459899
}