{
  "best_epoch": 1,
  "peak_cpu_memory_MB": 5349.876,
  "peak_gpu_0_memory_MB": 12593,
  "peak_gpu_1_memory_MB": 21435,
  "peak_gpu_2_memory_MB": 0,
  "peak_gpu_3_memory_MB": 12805,
  "training_duration": "0:01:05.538951",
  "training_start_epoch": 0,
  "training_epochs": 1,
  "epoch": 1,
  "training_accuracy": 0.5776081424936387,
  "training_loss": 0.9794394786541278,
  "training_cpu_memory_MB": 5349.876,
  "training_gpu_0_memory_MB": 12593,
  "training_gpu_1_memory_MB": 21435,
  "training_gpu_2_memory_MB": 0,
  "training_gpu_3_memory_MB": 12805,
  "validation_accuracy": 0.4748853795211411,
  "validation_loss": 1.0237105321806494,
  "best_validation_accuracy": 0.4748853795211411,
  "best_validation_loss": 1.0237105321806494
}