{
  "best_epoch": 3,
  "peak_cpu_memory_MB": 5867.376,
  "peak_gpu_0_memory_MB": 14587,
  "peak_gpu_1_memory_MB": 12805,
  "peak_gpu_2_memory_MB": 14587,
  "peak_gpu_3_memory_MB": 21435,
  "training_duration": "0:03:14.067227",
  "training_start_epoch": 0,
  "training_epochs": 5,
  "epoch": 5,
  "training_accuracy": 0.4732824427480916,
  "training_disc_loss": 1.3098703733831645,
  "training_gen_loss": 6.54232780456543,
  "training_loss": 5.234213442802429,
  "training_cpu_memory_MB": 5867.376,
  "training_gpu_0_memory_MB": 14587,
  "training_gpu_1_memory_MB": 12805,
  "training_gpu_2_memory_MB": 14587,
  "training_gpu_3_memory_MB": 21435,
  "validation_accuracy": 0.36863543788187375,
  "validation_disc_loss": 2.2259595365059086,
  "validation_gen_loss": 7.184628947963559,
  "validation_loss": 5.944961606002435,
  "best_validation_accuracy": 0.3818737270875764,
  "best_validation_disc_loss": 1.391491675279974,
  "best_validation_gen_loss": 6.84543670483721,
  "best_validation_loss": 5.481950441996257
}