{
  "best_epoch": 0,
  "peak_cpu_memory_MB": 5867.376,
  "peak_gpu_0_memory_MB": 14587,
  "peak_gpu_1_memory_MB": 12805,
  "peak_gpu_2_memory_MB": 2617,
  "peak_gpu_3_memory_MB": 21435,
  "training_duration": "0:00:25.243809",
  "training_start_epoch": 0,
  "training_epochs": 0,
  "epoch": 0,
  "training_accuracy": 0.3816793893129771,
  "training_disc_loss": 11.957563180923461,
  "training_gen_loss": 10.91092345237732,
  "training_loss": 11.172583293914794,
  "training_cpu_memory_MB": 5867.376,
  "training_gpu_0_memory_MB": 14587,
  "training_gpu_1_memory_MB": 12805,
  "training_gpu_2_memory_MB": 2617,
  "training_gpu_3_memory_MB": 21435,
  "validation_accuracy": 0.34623217922606925,
  "validation_disc_loss": 4.18238508313652,
  "validation_gen_loss": 7.924156902282219,
  "validation_loss": 6.988713935138733,
  "best_validation_accuracy": 0.34623217922606925,
  "best_validation_disc_loss": 4.18238508313652,
  "best_validation_gen_loss": 7.924156902282219,
  "best_validation_loss": 6.988713935138733
}