{
  "best_epoch": 8,
  "peak_cpu_memory_MB": 5867.376,
  "peak_gpu_0_memory_MB": 14587,
  "peak_gpu_1_memory_MB": 12805,
  "peak_gpu_2_memory_MB": 14587,
  "peak_gpu_3_memory_MB": 21435,
  "training_duration": "0:08:23.673705",
  "training_start_epoch": 0,
  "training_epochs": 14,
  "epoch": 14,
  "training_accuracy": 0.8804071246819338,
  "training_disc_loss": 0.36798246489837766,
  "training_gen_loss": 5.885506343841553,
  "training_loss": 4.506125335693359,
  "training_cpu_memory_MB": 5867.376,
  "training_gpu_0_memory_MB": 14587,
  "training_gpu_1_memory_MB": 12805,
  "training_gpu_2_memory_MB": 14587,
  "training_gpu_3_memory_MB": 21435,
  "validation_accuracy": 0.3971486761710794,
  "validation_disc_loss": 1.9073070525153866,
  "validation_gen_loss": 7.420138583919866,
  "validation_loss": 6.04193070652039,
  "best_validation_accuracy": 0.40529531568228105,
  "best_validation_disc_loss": 1.5158816743187788,
  "best_validation_gen_loss": 7.484064741832454,
  "best_validation_loss": 5.992018955509837
}