{
  "best_epoch": 6,
  "peak_cpu_memory_MB": 5867.376,
  "peak_gpu_0_memory_MB": 14587,
  "peak_gpu_1_memory_MB": 12805,
  "peak_gpu_2_memory_MB": 14587,
  "peak_gpu_3_memory_MB": 21435,
  "training_duration": "0:04:23.516282",
  "training_start_epoch": 0,
  "training_epochs": 7,
  "epoch": 7,
  "training_accuracy": 0.6055979643765903,
  "training_disc_loss": 0.9424768785946072,
  "training_gen_loss": 6.225566291809082,
  "training_loss": 4.904793996810913,
  "training_cpu_memory_MB": 5867.376,
  "training_gpu_0_memory_MB": 14587,
  "training_gpu_1_memory_MB": 12805,
  "training_gpu_2_memory_MB": 14587,
  "training_gpu_3_memory_MB": 21435,
  "validation_accuracy": 0.37983706720977595,
  "validation_disc_loss": 1.6605699687469295,
  "validation_gen_loss": 6.984193941441978,
  "validation_loss": 5.653287934093941,
  "best_validation_accuracy": 0.384928716904277,
  "best_validation_disc_loss": 1.535284258001219,
  "best_validation_gen_loss": 6.921000306199237,
  "best_validation_loss": 5.574571291605632
}