{
  "best_epoch": 8,
  "peak_cpu_memory_MB": 5867.376,
  "peak_gpu_0_memory_MB": 14587,
  "peak_gpu_1_memory_MB": 12805,
  "peak_gpu_2_memory_MB": 14587,
  "peak_gpu_3_memory_MB": 21435,
  "training_duration": "0:11:12.648181",
  "training_start_epoch": 0,
  "training_epochs": 19,
  "epoch": 19,
  "training_accuracy": 0.9363867684478372,
  "training_disc_loss": 0.17920046895276756,
  "training_gen_loss": 5.639431848526001,
  "training_loss": 4.274373989105225,
  "training_cpu_memory_MB": 5867.376,
  "training_gpu_0_memory_MB": 14587,
  "training_gpu_1_memory_MB": 12805,
  "training_gpu_2_memory_MB": 14587,
  "training_gpu_3_memory_MB": 21435,
  "validation_accuracy": 0.3859470468431772,
  "validation_disc_loss": 7.49399146025743,
  "validation_gen_loss": 8.474599718078364,
  "validation_loss": 8.229447616794245,
  "best_validation_accuracy": 0.40529531568228105,
  "best_validation_disc_loss": 1.5158816743187788,
  "best_validation_gen_loss": 7.484064741832454,
  "best_validation_loss": 5.992018955509837
}