{
  "best_epoch": 8,
  "peak_cpu_memory_MB": 5867.376,
  "peak_gpu_0_memory_MB": 14587,
  "peak_gpu_1_memory_MB": 12805,
  "peak_gpu_2_memory_MB": 14587,
  "peak_gpu_3_memory_MB": 21435,
  "training_duration": "0:12:20.046287",
  "training_start_epoch": 0,
  "training_epochs": 21,
  "epoch": 21,
  "training_accuracy": 0.9669211195928753,
  "training_disc_loss": 0.06883216400450692,
  "training_gen_loss": 5.5587139987945555,
  "training_loss": 4.186243534088135,
  "training_cpu_memory_MB": 5867.376,
  "training_gpu_0_memory_MB": 14587,
  "training_gpu_1_memory_MB": 12805,
  "training_gpu_2_memory_MB": 14587,
  "training_gpu_3_memory_MB": 21435,
  "validation_accuracy": 0.3890020366598778,
  "validation_disc_loss": 2.745372003656093,
  "validation_gen_loss": 8.098430850641515,
  "validation_loss": 6.760166148829266,
  "best_validation_accuracy": 0.40529531568228105,
  "best_validation_disc_loss": 1.5158816743187788,
  "best_validation_gen_loss": 7.484064741832454,
  "best_validation_loss": 5.992018955509837
}