{
  "best_epoch": 8,
  "peak_cpu_memory_MB": 5867.376,
  "peak_gpu_0_memory_MB": 14587,
  "peak_gpu_1_memory_MB": 12805,
  "peak_gpu_2_memory_MB": 14587,
  "peak_gpu_3_memory_MB": 21435,
  "training_duration": "0:09:31.259900",
  "training_start_epoch": 0,
  "training_epochs": 16,
  "epoch": 16,
  "training_accuracy": 0.9516539440203562,
  "training_disc_loss": 0.13619648628868164,
  "training_gen_loss": 5.808518543243408,
  "training_loss": 4.390438013076782,
  "training_cpu_memory_MB": 5867.376,
  "training_gpu_0_memory_MB": 14333,
  "training_gpu_1_memory_MB": 12805,
  "training_gpu_2_memory_MB": 14587,
  "training_gpu_3_memory_MB": 21435,
  "validation_accuracy": 0.34826883910386963,
  "validation_disc_loss": 4.185571916704255,
  "validation_gen_loss": 7.895713852673042,
  "validation_loss": 6.968178369165436,
  "best_validation_accuracy": 0.40529531568228105,
  "best_validation_disc_loss": 1.5158816743187788,
  "best_validation_gen_loss": 7.484064741832454,
  "best_validation_loss": 5.992018955509837
}