{
  "best_epoch": 8,
  "peak_cpu_memory_MB": 5867.376,
  "peak_gpu_0_memory_MB": 14587,
  "peak_gpu_1_memory_MB": 12805,
  "peak_gpu_2_memory_MB": 14587,
  "peak_gpu_3_memory_MB": 21435,
  "training_duration": "0:07:50.158866",
  "training_start_epoch": 0,
  "training_epochs": 13,
  "epoch": 13,
  "training_accuracy": 0.7022900763358778,
  "training_disc_loss": 0.7404736375808716,
  "training_gen_loss": 6.072485656738281,
  "training_loss": 4.739482641220093,
  "training_cpu_memory_MB": 5867.376,
  "training_gpu_0_memory_MB": 14587,
  "training_gpu_1_memory_MB": 12805,
  "training_gpu_2_memory_MB": 14587,
  "training_gpu_3_memory_MB": 21435,
  "validation_accuracy": 0.3696537678207739,
  "validation_disc_loss": 2.077506076998827,
  "validation_gen_loss": 7.314160536944382,
  "validation_loss": 6.00499693552653,
  "best_validation_accuracy": 0.40529531568228105,
  "best_validation_disc_loss": 1.5158816743187788,
  "best_validation_gen_loss": 7.484064741832454,
  "best_validation_loss": 5.992018955509837
}