{
  "best_epoch": 1,
  "peak_cpu_memory_MB": 5866.34,
  "peak_gpu_0_memory_MB": 21435,
  "peak_gpu_1_memory_MB": 20139,
  "peak_gpu_2_memory_MB": 20139,
  "peak_gpu_3_memory_MB": 20139,
  "training_duration": "0:00:48.522746",
  "training_start_epoch": 0,
  "training_epochs": 1,
  "epoch": 1,
  "training_accuracy": 0.32061068702290074,
  "training_disc_loss": 12.204913959503173,
  "training_gen_loss": 11.163621139526366,
  "training_loss": 11.618739054753231,
  "training_cpu_memory_MB": 5866.34,
  "training_gpu_0_memory_MB": 21435,
  "training_gpu_1_memory_MB": 20139,
  "training_gpu_2_memory_MB": 20139,
  "training_gpu_3_memory_MB": 20139,
  "validation_accuracy": 0.3513238289205703,
  "validation_disc_loss": 12.59017885884931,
  "validation_gen_loss": 14.86553902779856,
  "validation_loss": 13.792861723130748,
  "best_validation_accuracy": 0.3513238289205703,
  "best_validation_disc_loss": 12.59017885884931,
  "best_validation_gen_loss": 14.86553902779856,
  "best_validation_loss": 13.792861723130748
}