{
  "best_epoch": 6,
  "peak_cpu_memory_MB": 5866.34,
  "peak_gpu_0_memory_MB": 21435,
  "peak_gpu_1_memory_MB": 20139,
  "peak_gpu_2_memory_MB": 20139,
  "peak_gpu_3_memory_MB": 20139,
  "training_duration": "0:04:03.572501",
  "training_start_epoch": 0,
  "training_epochs": 8,
  "epoch": 8,
  "training_accuracy": 0.34096692111959287,
  "training_disc_loss": 2.068210475444794,
  "training_gen_loss": 7.442599773406982,
  "training_loss": 4.745910131014311,
  "training_cpu_memory_MB": 5866.34,
  "training_gpu_0_memory_MB": 21435,
  "training_gpu_1_memory_MB": 20139,
  "training_gpu_2_memory_MB": 20139,
  "training_gpu_3_memory_MB": 20139,
  "validation_accuracy": 0.34826883910386963,
  "validation_disc_loss": 1.2014915500917742,
  "validation_gen_loss": 7.667126355632659,
  "validation_loss": 4.434751464474585,
  "best_validation_accuracy": 0.35234215885947046,
  "best_validation_disc_loss": 1.1965827230484254,
  "best_validation_gen_loss": 7.920882648037326,
  "best_validation_loss": 4.558859025278399
}