{
  "best_epoch": 1,
  "peak_cpu_memory_MB": 5866.34,
  "peak_gpu_0_memory_MB": 21435,
  "peak_gpu_1_memory_MB": 20139,
  "peak_gpu_2_memory_MB": 20139,
  "peak_gpu_3_memory_MB": 20139,
  "training_duration": "0:02:12.278449",
  "training_start_epoch": 0,
  "training_epochs": 4,
  "epoch": 4,
  "training_accuracy": 0.3511450381679389,
  "training_disc_loss": 2.93887309551239,
  "training_gen_loss": 8.179197978973388,
  "training_loss": 5.552791852217454,
  "training_cpu_memory_MB": 5866.34,
  "training_gpu_0_memory_MB": 21435,
  "training_gpu_1_memory_MB": 20139,
  "training_gpu_2_memory_MB": 20139,
  "training_gpu_3_memory_MB": 20139,
  "validation_accuracy": 0.3411405295315682,
  "validation_disc_loss": 1.1871826975576338,
  "validation_gen_loss": 8.263488615712811,
  "validation_loss": 4.725408307967648,
  "best_validation_accuracy": 0.3513238289205703,
  "best_validation_disc_loss": 12.59017885884931,
  "best_validation_gen_loss": 14.86553902779856,
  "best_validation_loss": 13.792861723130748
}