{
  "best_epoch": 6,
  "peak_cpu_memory_MB": 5866.34,
  "peak_gpu_0_memory_MB": 21435,
  "peak_gpu_1_memory_MB": 20139,
  "peak_gpu_2_memory_MB": 20139,
  "peak_gpu_3_memory_MB": 20139,
  "training_duration": "0:03:36.953623",
  "training_start_epoch": 0,
  "training_epochs": 7,
  "epoch": 7,
  "training_accuracy": 0.3460559796437659,
  "training_disc_loss": 1.945926501750946,
  "training_gen_loss": 7.55098524093628,
  "training_loss": 4.728800076704759,
  "training_cpu_memory_MB": 5866.34,
  "training_gpu_0_memory_MB": 21435,
  "training_gpu_1_memory_MB": 20139,
  "training_gpu_2_memory_MB": 20139,
  "training_gpu_3_memory_MB": 20139,
  "validation_accuracy": 0.3513238289205703,
  "validation_disc_loss": 1.2059556899532196,
  "validation_gen_loss": 7.727878109101327,
  "validation_loss": 4.467306367812618,
  "best_validation_accuracy": 0.35234215885947046,
  "best_validation_disc_loss": 1.1965827230484254,
  "best_validation_gen_loss": 7.920882648037326,
  "best_validation_loss": 4.558859025278399
}