{
  "best_epoch": 8,
  "peak_cpu_memory_MB": 5866.088,
  "peak_gpu_0_memory_MB": 21435,
  "peak_gpu_1_memory_MB": 20139,
  "peak_gpu_2_memory_MB": 20139,
  "peak_gpu_3_memory_MB": 20139,
  "training_duration": "0:05:44.538762",
  "training_start_epoch": 0,
  "training_epochs": 12,
  "epoch": 12,
  "training_accuracy": 0.40966921119592875,
  "training_disc_loss": 1.4816088318824767,
  "training_gen_loss": 6.517621936798096,
  "training_loss": 5.261275988358718,
  "training_cpu_memory_MB": 5866.088,
  "training_gpu_0_memory_MB": 21435,
  "training_gpu_1_memory_MB": 20139,
  "training_gpu_2_memory_MB": 20139,
  "training_gpu_3_memory_MB": 20139,
  "validation_accuracy": 0.31568228105906315,
  "validation_disc_loss": 1.5577443991937945,
  "validation_gen_loss": 6.912868122900686,
  "validation_loss": 5.577236375501079,
  "best_validation_accuracy": 0.3543788187372709,
  "best_validation_disc_loss": 1.8260931324574254,
  "best_validation_gen_loss": 7.012558383326376,
  "best_validation_loss": 5.720303612370645
}