{
  "best_epoch": 8,
  "peak_cpu_memory_MB": 5866.088,
  "peak_gpu_0_memory_MB": 21435,
  "peak_gpu_1_memory_MB": 20139,
  "peak_gpu_2_memory_MB": 20139,
  "peak_gpu_3_memory_MB": 20139,
  "training_duration": "0:06:37.408625",
  "training_start_epoch": 0,
  "training_epochs": 14,
  "epoch": 14,
  "training_accuracy": 0.37150127226463103,
  "training_disc_loss": 1.551177637577057,
  "training_gen_loss": 6.479493312835693,
  "training_loss": 5.234879860511193,
  "training_cpu_memory_MB": 5866.088,
  "training_gpu_0_memory_MB": 21435,
  "training_gpu_1_memory_MB": 20139,
  "training_gpu_2_memory_MB": 20139,
  "training_gpu_3_memory_MB": 20139,
  "validation_accuracy": 0.3421588594704684,
  "validation_disc_loss": 1.768414803089634,
  "validation_gen_loss": 6.938000309851862,
  "validation_loss": 5.649550545600153,
  "best_validation_accuracy": 0.3543788187372709,
  "best_validation_disc_loss": 1.8260931324574254,
  "best_validation_gen_loss": 7.012558383326376,
  "best_validation_loss": 5.720303612370645
}