{
  "best_epoch": 8,
  "peak_cpu_memory_MB": 5866.088,
  "peak_gpu_0_memory_MB": 21435,
  "peak_gpu_1_memory_MB": 20139,
  "peak_gpu_2_memory_MB": 20139,
  "peak_gpu_3_memory_MB": 20139,
  "training_duration": "0:04:25.424174",
  "training_start_epoch": 0,
  "training_epochs": 9,
  "epoch": 9,
  "training_accuracy": 0.40458015267175573,
  "training_disc_loss": 1.6089788961410523,
  "training_gen_loss": 6.573951721191406,
  "training_loss": 5.337501269120437,
  "training_cpu_memory_MB": 5866.088,
  "training_gpu_0_memory_MB": 21435,
  "training_gpu_1_memory_MB": 20139,
  "training_gpu_2_memory_MB": 20139,
  "training_gpu_3_memory_MB": 20139,
  "validation_accuracy": 0.34317718940936864,
  "validation_disc_loss": 1.8531024061864423,
  "validation_gen_loss": 6.9750308144477104,
  "validation_loss": 5.699128350903911,
  "best_validation_accuracy": 0.3543788187372709,
  "best_validation_disc_loss": 1.8260931324574254,
  "best_validation_gen_loss": 7.012558383326376,
  "best_validation_loss": 5.720303612370645
}