{
  "best_epoch": 0,
  "peak_cpu_memory_MB": 5866.088,
  "peak_gpu_0_memory_MB": 2617,
  "peak_gpu_1_memory_MB": 20139,
  "peak_gpu_2_memory_MB": 20139,
  "peak_gpu_3_memory_MB": 20139,
  "training_duration": "0:00:21.039374",
  "training_start_epoch": 0,
  "training_epochs": 0,
  "epoch": 0,
  "training_accuracy": 0.38676844783715014,
  "training_disc_loss": 14.511550979614258,
  "training_gen_loss": 12.657464256286621,
  "training_loss": 13.104409364553598,
  "training_cpu_memory_MB": 5866.088,
  "training_gpu_0_memory_MB": 2617,
  "training_gpu_1_memory_MB": 20139,
  "training_gpu_2_memory_MB": 20139,
  "training_gpu_3_memory_MB": 20139,
  "validation_accuracy": 0.3380855397148676,
  "validation_disc_loss": 17.183520978496922,
  "validation_gen_loss": 12.38971633295859,
  "validation_loss": 13.600637989659463,
  "best_validation_accuracy": 0.3380855397148676,
  "best_validation_disc_loss": 17.183520978496922,
  "best_validation_gen_loss": 12.38971633295859,
  "best_validation_loss": 13.600637989659463
}