{
  "best_epoch": 8,
  "peak_cpu_memory_MB": 5866.088,
  "peak_gpu_0_memory_MB": 21435,
  "peak_gpu_1_memory_MB": 20139,
  "peak_gpu_2_memory_MB": 20139,
  "peak_gpu_3_memory_MB": 20139,
  "training_duration": "0:06:10.965774",
  "training_start_epoch": 0,
  "training_epochs": 13,
  "epoch": 13,
  "training_accuracy": 0.43256997455470736,
  "training_disc_loss": 1.436675579547882,
  "training_gen_loss": 6.4881081199646,
  "training_loss": 5.225335964789758,
  "training_cpu_memory_MB": 5866.088,
  "training_gpu_0_memory_MB": 21435,
  "training_gpu_1_memory_MB": 20139,
  "training_gpu_2_memory_MB": 20139,
  "training_gpu_3_memory_MB": 20139,
  "validation_accuracy": 0.3228105906313646,
  "validation_disc_loss": 1.617967358519954,
  "validation_gen_loss": 6.909660239373484,
  "validation_loss": 5.590284055279147,
  "best_validation_accuracy": 0.3543788187372709,
  "best_validation_disc_loss": 1.8260931324574254,
  "best_validation_gen_loss": 7.012558383326376,
  "best_validation_loss": 5.720303612370645
}