{
  "best_epoch": 0,
  "peak_cpu_memory_MB": 5866.088,
  "peak_gpu_0_memory_MB": 21435,
  "peak_gpu_1_memory_MB": 20139,
  "peak_gpu_2_memory_MB": 20139,
  "peak_gpu_3_memory_MB": 20139,
  "training_duration": "0:00:47.990889",
  "training_start_epoch": 0,
  "training_epochs": 1,
  "epoch": 1,
  "training_accuracy": 0.3816793893129771,
  "training_disc_loss": 8.556023778915405,
  "training_gen_loss": 9.794283409118652,
  "training_loss": 9.382854461669922,
  "training_cpu_memory_MB": 5866.088,
  "training_gpu_0_memory_MB": 21435,
  "training_gpu_1_memory_MB": 20139,
  "training_gpu_2_memory_MB": 20139,
  "training_gpu_3_memory_MB": 20139,
  "validation_accuracy": 0.33095723014256617,
  "validation_disc_loss": 20.09753131866455,
  "validation_gen_loss": 12.642104871811405,
  "validation_loss": 14.516522038367487,
  "best_validation_accuracy": 0.3380855397148676,
  "best_validation_disc_loss": 17.183520978496922,
  "best_validation_gen_loss": 12.38971633295859,
  "best_validation_loss": 13.600637989659463
}