{
  "best_epoch": 0,
  "peak_cpu_memory_MB": 5866.088,
  "peak_gpu_0_memory_MB": 21435,
  "peak_gpu_1_memory_MB": 20139,
  "peak_gpu_2_memory_MB": 20139,
  "peak_gpu_3_memory_MB": 20139,
  "training_duration": "0:02:32.647979",
  "training_start_epoch": 0,
  "training_epochs": 5,
  "epoch": 5,
  "training_accuracy": 0.35877862595419846,
  "training_disc_loss": 2.2066738176345826,
  "training_gen_loss": 6.794567718505859,
  "training_loss": 5.6355911034804125,
  "training_cpu_memory_MB": 5866.088,
  "training_gpu_0_memory_MB": 21435,
  "training_gpu_1_memory_MB": 20139,
  "training_gpu_2_memory_MB": 20139,
  "training_gpu_3_memory_MB": 20139,
  "validation_accuracy": 0.3360488798370672,
  "validation_disc_loss": 2.5905729936015223,
  "validation_gen_loss": 7.255183904401718,
  "validation_loss": 6.095819073338663,
  "best_validation_accuracy": 0.3380855397148676,
  "best_validation_disc_loss": 17.183520978496922,
  "best_validation_gen_loss": 12.38971633295859,
  "best_validation_loss": 13.600637989659463
}