{
  "best_epoch": 4,
  "peak_cpu_memory_MB": 5430.96,
  "peak_gpu_0_memory_MB": 12693,
  "peak_gpu_1_memory_MB": 21435,
  "peak_gpu_2_memory_MB": 0,
  "peak_gpu_3_memory_MB": 12869,
  "training_duration": "0:02:56.036505",
  "training_start_epoch": 0,
  "training_epochs": 4,
  "epoch": 4,
  "training_accuracy": 0.9847328244274809,
  "training_loss": 0.09035784120743091,
  "training_cpu_memory_MB": 5430.96,
  "training_gpu_0_memory_MB": 12693,
  "training_gpu_1_memory_MB": 21435,
  "training_gpu_2_memory_MB": 0,
  "training_gpu_3_memory_MB": 12869,
  "validation_accuracy": 0.5914416709118696,
  "validation_loss": 1.3449640330351913,
  "best_validation_accuracy": 0.5914416709118696,
  "best_validation_loss": 1.3449640330351913
}