{
  "best_epoch": 3,
  "peak_cpu_memory_MB": 5430.96,
  "peak_gpu_0_memory_MB": 12693,
  "peak_gpu_1_memory_MB": 21435,
  "peak_gpu_2_memory_MB": 0,
  "peak_gpu_3_memory_MB": 12869,
  "training_duration": "0:02:18.238550",
  "training_start_epoch": 0,
  "training_epochs": 3,
  "epoch": 3,
  "training_accuracy": 0.9414758269720102,
  "training_loss": 0.21422576216550973,
  "training_cpu_memory_MB": 5430.96,
  "training_gpu_0_memory_MB": 12693,
  "training_gpu_1_memory_MB": 21435,
  "training_gpu_2_memory_MB": 0,
  "training_gpu_3_memory_MB": 12869,
  "validation_accuracy": 0.5827814569536424,
  "validation_loss": 1.376664539695951,
  "best_validation_accuracy": 0.5827814569536424,
  "best_validation_loss": 1.376664539695951
}