{
  "best_epoch": 2,
  "peak_cpu_memory_MB": 7500.096,
  "peak_gpu_0_memory_MB": 5451,
  "peak_gpu_1_memory_MB": 5212,
  "training_duration": "1:58:34.864696",
  "training_start_epoch": 0,
  "training_epochs": 2,
  "epoch": 2,
  "training_accuracy": 0.9160279295750977,
  "training_loss": 0.23187360754679776,
  "training_cpu_memory_MB": 7500.096,
  "training_gpu_0_memory_MB": 36,
  "training_gpu_1_memory_MB": 5212,
  "validation_accuracy": 0.8431991849210392,
  "validation_loss": 0.4909371097817871,
  "best_validation_accuracy": 0.8431991849210392,
  "best_validation_loss": 0.4909371097817871
}