{
  "best_epoch": 2,
  "peak_cpu_memory_MB": 5357.932,
  "peak_gpu_0_memory_MB": 12677,
  "peak_gpu_1_memory_MB": 21437,
  "peak_gpu_2_memory_MB": 0,
  "peak_gpu_3_memory_MB": 12821,
  "training_duration": "0:01:43.856489",
  "training_start_epoch": 0,
  "training_epochs": 2,
  "epoch": 2,
  "training_accuracy": 0.8091603053435115,
  "training_loss": 0.6481045071895306,
  "training_cpu_memory_MB": 5357.932,
  "training_gpu_0_memory_MB": 12677,
  "training_gpu_1_memory_MB": 21437,
  "training_gpu_2_memory_MB": 0,
  "training_gpu_3_memory_MB": 12821,
  "validation_accuracy": 0.543555781966378,
  "validation_loss": 0.9991467319404652,
  "best_validation_accuracy": 0.543555781966378,
  "best_validation_loss": 0.9991467319404652
}