{
  "best_epoch": 1,
  "peak_cpu_memory_MB": 5357.932,
  "peak_gpu_0_memory_MB": 12677,
  "peak_gpu_1_memory_MB": 21437,
  "peak_gpu_2_memory_MB": 0,
  "peak_gpu_3_memory_MB": 12821,
  "training_duration": "0:01:06.000035",
  "training_start_epoch": 0,
  "training_epochs": 1,
  "epoch": 1,
  "training_accuracy": 0.6259541984732825,
  "training_loss": 0.9194884758729202,
  "training_cpu_memory_MB": 5357.932,
  "training_gpu_0_memory_MB": 12677,
  "training_gpu_1_memory_MB": 21437,
  "training_gpu_2_memory_MB": 0,
  "training_gpu_3_memory_MB": 12821,
  "validation_accuracy": 0.5228731533367295,
  "validation_loss": 1.0019117752969848,
  "best_validation_accuracy": 0.5228731533367295,
  "best_validation_loss": 1.0019117752969848
}