{
  "best_epoch": 1,
  "peak_cpu_memory_MB": 5345.308,
  "peak_gpu_0_memory_MB": 12645,
  "peak_gpu_1_memory_MB": 21435,
  "peak_gpu_2_memory_MB": 0,
  "peak_gpu_3_memory_MB": 12805,
  "training_duration": "0:01:44.257307",
  "training_start_epoch": 0,
  "training_epochs": 2,
  "epoch": 2,
  "training_accuracy": 0.9312977099236641,
  "training_loss": 0.27515921684411854,
  "training_cpu_memory_MB": 5345.308,
  "training_gpu_0_memory_MB": 12645,
  "training_gpu_1_memory_MB": 21435,
  "training_gpu_2_memory_MB": 0,
  "training_gpu_3_memory_MB": 12805,
  "validation_accuracy": 0.556698930208864,
  "validation_loss": 1.4580904853072152,
  "best_validation_accuracy": 0.5875700458481915,
  "best_validation_loss": 0.9865498956329272
}