{
  "best_epoch": 7,
  "peak_cpu_memory_MB": 5866.488,
  "peak_gpu_0_memory_MB": 22543,
  "peak_gpu_1_memory_MB": 20139,
  "peak_gpu_2_memory_MB": 20139,
  "peak_gpu_3_memory_MB": 20139,
  "training_duration": "0:04:45.450172",
  "training_start_epoch": 0,
  "training_epochs": 9,
  "epoch": 9,
  "training_accuracy": 0.36895674300254455,
  "training_disc_loss": 1.4968863391876222,
  "training_gen_loss": 6.4318664932250975,
  "training_loss": 6.438737282386193,
  "training_cpu_memory_MB": 5866.488,
  "training_gpu_0_memory_MB": 22543,
  "training_gpu_1_memory_MB": 20139,
  "training_gpu_2_memory_MB": 20139,
  "training_gpu_3_memory_MB": 20139,
  "validation_accuracy": 0.34725050916496947,
  "validation_disc_loss": 1.344201244654194,
  "validation_gen_loss": 6.8902114283654,
  "validation_loss": 6.892679629787322,
  "best_validation_accuracy": 0.3543788187372709,
  "best_validation_disc_loss": 1.354686657267232,
  "best_validation_gen_loss": 6.892757108134608,
  "best_validation_loss": 6.895260426305955
}