{
  "best_epoch": 6,
  "peak_cpu_memory_MB": 5866.488,
  "peak_gpu_0_memory_MB": 22543,
  "peak_gpu_1_memory_MB": 20139,
  "peak_gpu_2_memory_MB": 20139,
  "peak_gpu_3_memory_MB": 20139,
  "training_duration": "0:03:13.330054",
  "training_start_epoch": 0,
  "training_epochs": 6,
  "epoch": 6,
  "training_accuracy": 0.38676844783715014,
  "training_disc_loss": 1.5012423038482665,
  "training_gen_loss": 6.457787895202637,
  "training_loss": 6.4524276806758,
  "training_cpu_memory_MB": 5866.488,
  "training_gpu_0_memory_MB": 22543,
  "training_gpu_1_memory_MB": 20139,
  "training_gpu_2_memory_MB": 20139,
  "training_gpu_3_memory_MB": 20139,
  "validation_accuracy": 0.3391038696537678,
  "validation_disc_loss": 1.3570186582303816,
  "validation_gen_loss": 6.879013845997472,
  "validation_loss": 6.881466588666362,
  "best_validation_accuracy": 0.3391038696537678,
  "best_validation_disc_loss": 1.3570186582303816,
  "best_validation_gen_loss": 6.879013845997472,
  "best_validation_loss": 6.881466588666362
}