{
  "best_epoch": 2,
  "peak_cpu_memory_MB": 5866.348,
  "peak_gpu_0_memory_MB": 13845,
  "peak_gpu_1_memory_MB": 12805,
  "peak_gpu_2_memory_MB": 13845,
  "peak_gpu_3_memory_MB": 21435,
  "training_duration": "0:06:20.596079",
  "training_start_epoch": 0,
  "training_epochs": 11,
  "epoch": 11,
  "training_accuracy": 0.7404580152671756,
  "training_disc_loss": 0.7227527257800103,
  "training_gen_loss": 5.608568277359009,
  "training_loss": 5.608568277359009,
  "training_cpu_memory_MB": 5866.348,
  "training_gpu_0_memory_MB": 13845,
  "training_gpu_1_memory_MB": 12805,
  "training_gpu_2_memory_MB": 13845,
  "training_gpu_3_memory_MB": 21435,
  "validation_accuracy": 0.3329938900203666,
  "validation_disc_loss": 6.403000986672999,
  "validation_gen_loss": 8.22143686108473,
  "validation_loss": 8.22143686108473,
  "best_validation_accuracy": 0.38391038696537677,
  "best_validation_disc_loss": 1.1080141062658977,
  "best_validation_gen_loss": 6.916760871080848,
  "best_validation_loss": 6.916760871080848
}