{
  "best_epoch": 13,
  "peak_cpu_memory_MB": 5866.348,
  "peak_gpu_0_memory_MB": 13845,
  "peak_gpu_1_memory_MB": 12805,
  "peak_gpu_2_memory_MB": 13845,
  "peak_gpu_3_memory_MB": 21435,
  "training_duration": "0:07:23.004472",
  "training_start_epoch": 0,
  "training_epochs": 13,
  "epoch": 13,
  "training_accuracy": 0.7302798982188295,
  "training_disc_loss": 0.8482543678581714,
  "training_gen_loss": 5.559095506668091,
  "training_loss": 5.559095506668091,
  "training_cpu_memory_MB": 5866.348,
  "training_gpu_0_memory_MB": 13845,
  "training_gpu_1_memory_MB": 12805,
  "training_gpu_2_memory_MB": 13845,
  "training_gpu_3_memory_MB": 21435,
  "validation_accuracy": 0.40020366598778007,
  "validation_disc_loss": 1.9703850571702166,
  "validation_gen_loss": 7.949296924156871,
  "validation_loss": 7.949296924156871,
  "best_validation_accuracy": 0.40020366598778007,
  "best_validation_disc_loss": 1.9703850571702166,
  "best_validation_gen_loss": 7.949296924156871,
  "best_validation_loss": 7.949296924156871
}