{
  "best_epoch": 2,
  "peak_cpu_memory_MB": 5866.348,
  "peak_gpu_0_memory_MB": 13845,
  "peak_gpu_1_memory_MB": 12805,
  "peak_gpu_2_memory_MB": 13845,
  "peak_gpu_3_memory_MB": 21435,
  "training_duration": "0:04:15.496973",
  "training_start_epoch": 0,
  "training_epochs": 7,
  "epoch": 7,
  "training_accuracy": 0.539440203562341,
  "training_disc_loss": 1.268846789970994,
  "training_gen_loss": 5.74584587097168,
  "training_loss": 5.74584587097168,
  "training_cpu_memory_MB": 5866.348,
  "training_gpu_0_memory_MB": 13845,
  "training_gpu_1_memory_MB": 12805,
  "training_gpu_2_memory_MB": 13845,
  "training_gpu_3_memory_MB": 21435,
  "validation_accuracy": 0.3757637474541752,
  "validation_disc_loss": 1.326962464708623,
  "validation_gen_loss": 8.409463746760919,
  "validation_loss": 8.409463746760919,
  "best_validation_accuracy": 0.38391038696537677,
  "best_validation_disc_loss": 1.1080141062658977,
  "best_validation_gen_loss": 6.916760871080848,
  "best_validation_loss": 6.916760871080848
}