{
  "best_epoch": 13,
  "peak_cpu_memory_MB": 5866.348,
  "peak_gpu_0_memory_MB": 13845,
  "peak_gpu_1_memory_MB": 12805,
  "peak_gpu_2_memory_MB": 13845,
  "peak_gpu_3_memory_MB": 21435,
  "training_duration": "0:09:35.857275",
  "training_start_epoch": 0,
  "training_epochs": 17,
  "epoch": 17,
  "training_accuracy": 0.8651399491094147,
  "training_disc_loss": 0.3955536169558764,
  "training_gen_loss": 5.401492404937744,
  "training_loss": 5.401492404937744,
  "training_cpu_memory_MB": 5866.348,
  "training_gpu_0_memory_MB": 13845,
  "training_gpu_1_memory_MB": 12805,
  "training_gpu_2_memory_MB": 13845,
  "training_gpu_3_memory_MB": 21435,
  "validation_accuracy": 0.3940936863543788,
  "validation_disc_loss": 2.2332873569756018,
  "validation_gen_loss": 8.314862859927542,
  "validation_loss": 8.314862859927542,
  "best_validation_accuracy": 0.40020366598778007,
  "best_validation_disc_loss": 1.9703850571702166,
  "best_validation_gen_loss": 7.949296924156871,
  "best_validation_loss": 7.949296924156871
}