{
  "best_epoch": 2,
  "peak_cpu_memory_MB": 5866.348,
  "peak_gpu_0_memory_MB": 13845,
  "peak_gpu_1_memory_MB": 12805,
  "peak_gpu_2_memory_MB": 13845,
  "peak_gpu_3_memory_MB": 21435,
  "training_duration": "0:01:33.808783",
  "training_start_epoch": 0,
  "training_epochs": 2,
  "epoch": 2,
  "training_accuracy": 0.3384223918575064,
  "training_disc_loss": 1.6184771382808685,
  "training_gen_loss": 6.280014114379883,
  "training_loss": 6.280014114379883,
  "training_cpu_memory_MB": 5866.348,
  "training_gpu_0_memory_MB": 13845,
  "training_gpu_1_memory_MB": 12805,
  "training_gpu_2_memory_MB": 13845,
  "training_gpu_3_memory_MB": 21435,
  "validation_accuracy": 0.38391038696537677,
  "validation_disc_loss": 1.1080141062658977,
  "validation_gen_loss": 6.916760871080848,
  "validation_loss": 6.916760871080848,
  "best_validation_accuracy": 0.38391038696537677,
  "best_validation_disc_loss": 1.1080141062658977,
  "best_validation_gen_loss": 6.916760871080848,
  "best_validation_loss": 6.916760871080848
}