{
  "best_epoch": 2,
  "peak_cpu_memory_MB": 5866.348,
  "peak_gpu_0_memory_MB": 13845,
  "peak_gpu_1_memory_MB": 12805,
  "peak_gpu_2_memory_MB": 13845,
  "peak_gpu_3_memory_MB": 21435,
  "training_duration": "0:02:41.014113",
  "training_start_epoch": 0,
  "training_epochs": 4,
  "epoch": 4,
  "training_accuracy": 0.4173027989821883,
  "training_disc_loss": 1.3755612027645112,
  "training_gen_loss": 6.011353950500489,
  "training_loss": 6.011353950500489,
  "training_cpu_memory_MB": 5866.348,
  "training_gpu_0_memory_MB": 13845,
  "training_gpu_1_memory_MB": 12805,
  "training_gpu_2_memory_MB": 13845,
  "training_gpu_3_memory_MB": 21435,
  "validation_accuracy": 0.3655804480651731,
  "validation_disc_loss": 1.2035398333053278,
  "validation_gen_loss": 7.113991287665638,
  "validation_loss": 7.113991287665638,
  "best_validation_accuracy": 0.38391038696537677,
  "best_validation_disc_loss": 1.1080141062658977,
  "best_validation_gen_loss": 6.916760871080848,
  "best_validation_loss": 6.916760871080848
}