{
  "best_epoch": 18,
  "peak_cpu_memory_MB": 5866.348,
  "peak_gpu_0_memory_MB": 13845,
  "peak_gpu_1_memory_MB": 12805,
  "peak_gpu_2_memory_MB": 13845,
  "peak_gpu_3_memory_MB": 21435,
  "training_duration": "0:10:45.749069",
  "training_start_epoch": 0,
  "training_epochs": 19,
  "epoch": 19,
  "training_accuracy": 0.905852417302799,
  "training_disc_loss": 0.28359415540791816,
  "training_gen_loss": 5.338672399520874,
  "training_loss": 5.338672399520874,
  "training_cpu_memory_MB": 5866.348,
  "training_gpu_0_memory_MB": 13845,
  "training_gpu_1_memory_MB": 12805,
  "training_gpu_2_memory_MB": 13845,
  "training_gpu_3_memory_MB": 21435,
  "validation_accuracy": 0.3920570264765784,
  "validation_disc_loss": 2.678796864137417,
  "validation_gen_loss": 8.88015733889448,
  "validation_loss": 8.88015733889448,
  "best_validation_accuracy": 0.4175152749490835,
  "best_validation_disc_loss": 2.474122294686674,
  "best_validation_gen_loss": 8.62390264262998,
  "best_validation_loss": 8.62390264262998
}