{
  "best_epoch": 0,
  "peak_cpu_memory_MB": 5866.348,
  "peak_gpu_0_memory_MB": 2617,
  "peak_gpu_1_memory_MB": 12805,
  "peak_gpu_2_memory_MB": 13845,
  "peak_gpu_3_memory_MB": 21435,
  "training_duration": "0:00:25.636645",
  "training_start_epoch": 0,
  "training_epochs": 0,
  "epoch": 0,
  "training_accuracy": 0.3638676844783715,
  "training_disc_loss": 6.985752918720245,
  "training_gen_loss": 8.53829236984253,
  "training_loss": 8.53829236984253,
  "training_cpu_memory_MB": 5866.348,
  "training_gpu_0_memory_MB": 2617,
  "training_gpu_1_memory_MB": 12805,
  "training_gpu_2_memory_MB": 13845,
  "training_gpu_3_memory_MB": 21435,
  "validation_accuracy": 0.33706720977596744,
  "validation_disc_loss": 1.9950914567079001,
  "validation_gen_loss": 7.05477776566172,
  "validation_loss": 7.05477776566172,
  "best_validation_accuracy": 0.33706720977596744,
  "best_validation_disc_loss": 1.9950914567079001,
  "best_validation_gen_loss": 7.05477776566172,
  "best_validation_loss": 7.05477776566172
}