{
  "best_epoch": 18,
  "peak_cpu_memory_MB": 5866.348,
  "peak_gpu_0_memory_MB": 13845,
  "peak_gpu_1_memory_MB": 12805,
  "peak_gpu_2_memory_MB": 13845,
  "peak_gpu_3_memory_MB": 21435,
  "training_duration": "0:15:27.623081",
  "training_start_epoch": 0,
  "training_epochs": 28,
  "epoch": 28,
  "training_accuracy": 0.9491094147582697,
  "training_disc_loss": 0.13273738163406962,
  "training_gen_loss": 5.233916139602661,
  "training_loss": 5.233916139602661,
  "training_cpu_memory_MB": 5866.348,
  "training_gpu_0_memory_MB": 13845,
  "training_gpu_1_memory_MB": 12805,
  "training_gpu_2_memory_MB": 13845,
  "training_gpu_3_memory_MB": 21435,
  "validation_accuracy": 0.3625254582484725,
  "validation_disc_loss": 3.910276274370953,
  "validation_gen_loss": 9.124439456598546,
  "validation_loss": 9.124439456598546,
  "best_validation_accuracy": 0.4175152749490835,
  "best_validation_disc_loss": 2.474122294686674,
  "best_validation_gen_loss": 8.62390264262998,
  "best_validation_loss": 8.62390264262998
}