{
  "best_epoch": 18,
  "peak_cpu_memory_MB": 5866.348,
  "peak_gpu_0_memory_MB": 13845,
  "peak_gpu_1_memory_MB": 12805,
  "peak_gpu_2_memory_MB": 13845,
  "peak_gpu_3_memory_MB": 21435,
  "training_duration": "0:11:48.244676",
  "training_start_epoch": 0,
  "training_epochs": 21,
  "epoch": 21,
  "training_accuracy": 0.926208651399491,
  "training_disc_loss": 0.19555422779696527,
  "training_gen_loss": 5.33293083190918,
  "training_loss": 5.33293083190918,
  "training_cpu_memory_MB": 5866.348,
  "training_gpu_0_memory_MB": 13845,
  "training_gpu_1_memory_MB": 12805,
  "training_gpu_2_memory_MB": 13845,
  "training_gpu_3_memory_MB": 21435,
  "validation_accuracy": 0.3788187372708758,
  "validation_disc_loss": 6.378639283219004,
  "validation_gen_loss": 9.226330648592818,
  "validation_loss": 9.226330648592818,
  "best_validation_accuracy": 0.4175152749490835,
  "best_validation_disc_loss": 2.474122294686674,
  "best_validation_gen_loss": 8.62390264262998,
  "best_validation_loss": 8.62390264262998
}