{
  "best_epoch": 13,
  "peak_cpu_memory_MB": 5866.348,
  "peak_gpu_0_memory_MB": 13845,
  "peak_gpu_1_memory_MB": 12805,
  "peak_gpu_2_memory_MB": 13845,
  "peak_gpu_3_memory_MB": 21435,
  "training_duration": "0:08:33.388598",
  "training_start_epoch": 0,
  "training_epochs": 15,
  "epoch": 15,
  "training_accuracy": 0.8447837150127226,
  "training_disc_loss": 0.47072526916861535,
  "training_gen_loss": 5.475079193115234,
  "training_loss": 5.475079193115234,
  "training_cpu_memory_MB": 5866.348,
  "training_gpu_0_memory_MB": 13845,
  "training_gpu_1_memory_MB": 12805,
  "training_gpu_2_memory_MB": 13845,
  "training_gpu_3_memory_MB": 21435,
  "validation_accuracy": 0.37983706720977595,
  "validation_disc_loss": 2.4296493888870487,
  "validation_gen_loss": 8.230999020056997,
  "validation_loss": 8.230999020056997,
  "best_validation_accuracy": 0.40020366598778007,
  "best_validation_disc_loss": 1.9703850571702166,
  "best_validation_gen_loss": 7.949296924156871,
  "best_validation_loss": 7.949296924156871
}