{
  "best_epoch": 3,
  "peak_cpu_memory_MB": 5865.736,
  "peak_gpu_0_memory_MB": 21435,
  "peak_gpu_1_memory_MB": 20139,
  "peak_gpu_2_memory_MB": 20139,
  "peak_gpu_3_memory_MB": 20139,
  "training_duration": "0:04:26.296569",
  "training_start_epoch": 0,
  "training_epochs": 9,
  "epoch": 9,
  "training_accuracy": 0.34096692111959287,
  "training_disc_loss": 1.523278317451477,
  "training_gen_loss": 6.624173526763916,
  "training_loss": 4.073762636918288,
  "training_cpu_memory_MB": 5865.736,
  "training_gpu_0_memory_MB": 21435,
  "training_gpu_1_memory_MB": 20139,
  "training_gpu_2_memory_MB": 20139,
  "training_gpu_3_memory_MB": 20139,
  "validation_accuracy": 0.3319755600814664,
  "validation_disc_loss": 1.1135062517658356,
  "validation_gen_loss": 7.048009141798942,
  "validation_loss": 4.08141956790801,
  "best_validation_accuracy": 0.3319755600814664,
  "best_validation_disc_loss": 1.1757012855622075,
  "best_validation_gen_loss": 7.739616517097719,
  "best_validation_loss": 4.457815431779431
}