{
  "best_epoch": 12,
  "peak_cpu_memory_MB": 5865.736,
  "peak_gpu_0_memory_MB": 21435,
  "peak_gpu_1_memory_MB": 20139,
  "peak_gpu_2_memory_MB": 20139,
  "peak_gpu_3_memory_MB": 20139,
  "training_duration": "0:05:58.157974",
  "training_start_epoch": 0,
  "training_epochs": 12,
  "epoch": 12,
  "training_accuracy": 0.32061068702290074,
  "training_disc_loss": 1.4971011471748352,
  "training_gen_loss": 6.552246952056885,
  "training_loss": 4.017750318233784,
  "training_cpu_memory_MB": 5865.736,
  "training_gpu_0_memory_MB": 21435,
  "training_gpu_1_memory_MB": 20139,
  "training_gpu_2_memory_MB": 20139,
  "training_gpu_3_memory_MB": 20139,
  "validation_accuracy": 0.34521384928716903,
  "validation_disc_loss": 1.108668932991643,
  "validation_gen_loss": 6.930801537729079,
  "validation_loss": 4.020518187553652,
  "best_validation_accuracy": 0.34521384928716903,
  "best_validation_disc_loss": 1.108668932991643,
  "best_validation_gen_loss": 6.930801537729079,
  "best_validation_loss": 4.020518187553652
}