{
  "best_epoch": 3,
  "peak_cpu_memory_MB": 5865.736,
  "peak_gpu_0_memory_MB": 21435,
  "peak_gpu_1_memory_MB": 20139,
  "peak_gpu_2_memory_MB": 20139,
  "peak_gpu_3_memory_MB": 20139,
  "training_duration": "0:03:05.837089",
  "training_start_epoch": 0,
  "training_epochs": 6,
  "epoch": 6,
  "training_accuracy": 0.3460559796437659,
  "training_disc_loss": 1.6486894512176513,
  "training_gen_loss": 6.782955551147461,
  "training_loss": 4.220469218034011,
  "training_cpu_memory_MB": 5865.736,
  "training_gpu_0_memory_MB": 21435,
  "training_gpu_1_memory_MB": 20139,
  "training_gpu_2_memory_MB": 20139,
  "training_gpu_3_memory_MB": 20139,
  "validation_accuracy": 0.3289205702647658,
  "validation_disc_loss": 1.1203532776524943,
  "validation_gen_loss": 7.161540262160763,
  "validation_loss": 4.141691800086729,
  "best_validation_accuracy": 0.3319755600814664,
  "best_validation_disc_loss": 1.1757012855622075,
  "best_validation_gen_loss": 7.739616517097719,
  "best_validation_loss": 4.457815431779431
}