{
  "best_epoch": 17,
  "peak_cpu_memory_MB": 5865.736,
  "peak_gpu_0_memory_MB": 21435,
  "peak_gpu_1_memory_MB": 20139,
  "peak_gpu_2_memory_MB": 20139,
  "peak_gpu_3_memory_MB": 20139,
  "training_duration": "0:12:56.820498",
  "training_start_epoch": 0,
  "training_epochs": 27,
  "epoch": 27,
  "training_accuracy": 0.366412213740458,
  "training_disc_loss": 1.2834155464172363,
  "training_gen_loss": 6.410711650848389,
  "training_loss": 3.8582348089951735,
  "training_cpu_memory_MB": 5865.736,
  "training_gpu_0_memory_MB": 21435,
  "training_gpu_1_memory_MB": 20139,
  "training_gpu_2_memory_MB": 20139,
  "training_gpu_3_memory_MB": 20139,
  "validation_accuracy": 0.3533604887983707,
  "validation_disc_loss": 1.1100682020187378,
  "validation_gen_loss": 6.89318141629619,
  "validation_loss": 4.002498303690264,
  "best_validation_accuracy": 0.3615071283095723,
  "best_validation_disc_loss": 1.1068584236406511,
  "best_validation_gen_loss": 6.9561966542274725,
  "best_validation_loss": 4.032192014878796
}