{
  "best_epoch": 0,
  "peak_cpu_memory_MB": 5865.736,
  "peak_gpu_0_memory_MB": 21435,
  "peak_gpu_1_memory_MB": 20139,
  "peak_gpu_2_memory_MB": 20139,
  "peak_gpu_3_memory_MB": 20139,
  "training_duration": "0:00:48.621338",
  "training_start_epoch": 0,
  "training_epochs": 1,
  "epoch": 1,
  "training_accuracy": 0.3638676844783715,
  "training_disc_loss": 11.08133222103119,
  "training_gen_loss": 11.721620025634765,
  "training_loss": 11.250890585092398,
  "training_cpu_memory_MB": 5865.736,
  "training_gpu_0_memory_MB": 21435,
  "training_gpu_1_memory_MB": 20139,
  "training_gpu_2_memory_MB": 20139,
  "training_gpu_3_memory_MB": 20139,
  "validation_accuracy": 0.3268839103869654,
  "validation_disc_loss": 1.5659519241702171,
  "validation_gen_loss": 11.085471507041685,
  "validation_loss": 6.325064213045182,
  "best_validation_accuracy": 0.3289205702647658,
  "best_validation_disc_loss": 16.327763941980177,
  "best_validation_gen_loss": 12.033373186665196,
  "best_validation_loss": 14.187788163461994
}