{
  "best_epoch": 13,
  "peak_cpu_memory_MB": 5865.736,
  "peak_gpu_0_memory_MB": 21435,
  "peak_gpu_1_memory_MB": 20139,
  "peak_gpu_2_memory_MB": 20139,
  "peak_gpu_3_memory_MB": 20139,
  "training_duration": "0:07:55.386510",
  "training_start_epoch": 0,
  "training_epochs": 16,
  "epoch": 16,
  "training_accuracy": 0.3994910941475827,
  "training_disc_loss": 1.324448699951172,
  "training_gen_loss": 6.482641735076904,
  "training_loss": 3.9028155987079325,
  "training_cpu_memory_MB": 5865.736,
  "training_gpu_0_memory_MB": 21435,
  "training_gpu_1_memory_MB": 20139,
  "training_gpu_2_memory_MB": 20139,
  "training_gpu_3_memory_MB": 20139,
  "validation_accuracy": 0.34725050916496947,
  "validation_disc_loss": 1.107799627127186,
  "validation_gen_loss": 6.920059519429361,
  "validation_loss": 4.0147234624431976,
  "best_validation_accuracy": 0.34928716904276985,
  "best_validation_disc_loss": 1.1079366707032727,
  "best_validation_gen_loss": 6.94731387015312,
  "best_validation_loss": 4.028384593225295
}