{
  "best_epoch": 13,
  "peak_cpu_memory_MB": 5865.736,
  "peak_gpu_0_memory_MB": 21435,
  "peak_gpu_1_memory_MB": 20139,
  "peak_gpu_2_memory_MB": 20139,
  "peak_gpu_3_memory_MB": 20139,
  "training_duration": "0:07:01.471785",
  "training_start_epoch": 0,
  "training_epochs": 14,
  "epoch": 14,
  "training_accuracy": 0.36895674300254455,
  "training_disc_loss": 1.5174375176429749,
  "training_gen_loss": 6.507172527313233,
  "training_loss": 4.0064188700455885,
  "training_cpu_memory_MB": 5865.736,
  "training_gpu_0_memory_MB": 21435,
  "training_gpu_1_memory_MB": 20139,
  "training_gpu_2_memory_MB": 20139,
  "training_gpu_3_memory_MB": 20139,
  "validation_accuracy": 0.34928716904276985,
  "validation_disc_loss": 1.1068326753954734,
  "validation_gen_loss": 6.925904397041567,
  "validation_loss": 4.01709561194143,
  "best_validation_accuracy": 0.34928716904276985,
  "best_validation_disc_loss": 1.1079366707032727,
  "best_validation_gen_loss": 6.94731387015312,
  "best_validation_loss": 4.028384593225295
}