{
  "best_epoch": 13,
  "peak_cpu_memory_MB": 5865.736,
  "peak_gpu_0_memory_MB": 21435,
  "peak_gpu_1_memory_MB": 20139,
  "peak_gpu_2_memory_MB": 20139,
  "peak_gpu_3_memory_MB": 20139,
  "training_duration": "0:07:28.728150",
  "training_start_epoch": 0,
  "training_epochs": 15,
  "epoch": 15,
  "training_accuracy": 0.32061068702290074,
  "training_disc_loss": 1.4009519958496093,
  "training_gen_loss": 6.50554838180542,
  "training_loss": 3.957894435295692,
  "training_cpu_memory_MB": 5865.736,
  "training_gpu_0_memory_MB": 21435,
  "training_gpu_1_memory_MB": 20139,
  "training_gpu_2_memory_MB": 20139,
  "training_gpu_3_memory_MB": 20139,
  "validation_accuracy": 0.34928716904276985,
  "validation_disc_loss": 1.1069393600186994,
  "validation_gen_loss": 6.95315594057883,
  "validation_loss": 4.030760688166464,
  "best_validation_accuracy": 0.34928716904276985,
  "best_validation_disc_loss": 1.1079366707032727,
  "best_validation_gen_loss": 6.94731387015312,
  "best_validation_loss": 4.028384593225295
}