{
  "best_epoch": 7,
  "peak_cpu_memory_MB": 5596.948,
  "peak_gpu_0_memory_MB": 12677,
  "peak_gpu_1_memory_MB": 21435,
  "peak_gpu_2_memory_MB": 0,
  "peak_gpu_3_memory_MB": 12821,
  "training_duration": "0:04:55.778469",
  "training_start_epoch": 0,
  "training_epochs": 7,
  "epoch": 7,
  "training_accuracy": 0.9516539440203562,
  "training_loss": 0.19653434592943925,
  "training_cpu_memory_MB": 5596.948,
  "training_gpu_0_memory_MB": 12677,
  "training_gpu_1_memory_MB": 21435,
  "training_gpu_2_memory_MB": 0,
  "training_gpu_3_memory_MB": 12821,
  "validation_accuracy": 0.6513499745287825,
  "validation_loss": 0.9114174744787744,
  "best_validation_accuracy": 0.6513499745287825,
  "best_validation_loss": 0.9114174744787744
}