{
  "best_epoch": 13,
  "peak_cpu_memory_MB": 5596.948,
  "peak_gpu_0_memory_MB": 12693,
  "peak_gpu_1_memory_MB": 21435,
  "peak_gpu_2_memory_MB": 0,
  "peak_gpu_3_memory_MB": 12821,
  "training_duration": "0:09:19.750371",
  "training_start_epoch": 0,
  "training_epochs": 14,
  "epoch": 14,
  "training_accuracy": 1.0,
  "training_loss": 0.019042845385578964,
  "training_cpu_memory_MB": 5596.948,
  "training_gpu_0_memory_MB": 12693,
  "training_gpu_1_memory_MB": 21435,
  "training_gpu_2_memory_MB": 0,
  "training_gpu_3_memory_MB": 12821,
  "validation_accuracy": 0.6824248599083036,
  "validation_loss": 1.0487761173263823,
  "best_validation_accuracy": 0.6824248599083036,
  "best_validation_loss": 1.0487761173263823
}