{
  "best_epoch": 0,
  "peak_cpu_memory_MB": 5596.948,
  "peak_gpu_0_memory_MB": 12677,
  "peak_gpu_1_memory_MB": 21435,
  "peak_gpu_2_memory_MB": 0,
  "peak_gpu_3_memory_MB": 12821,
  "training_duration": "0:01:05.759564",
  "training_start_epoch": 0,
  "training_epochs": 1,
  "epoch": 1,
  "training_accuracy": 0.36895674300254455,
  "training_loss": 1.1481098578526423,
  "training_cpu_memory_MB": 5596.948,
  "training_gpu_0_memory_MB": 12677,
  "training_gpu_1_memory_MB": 21435,
  "training_gpu_2_memory_MB": 0,
  "training_gpu_3_memory_MB": 12821,
  "validation_accuracy": 0.31818644931227713,
  "validation_loss": 1.184426570171642,
  "best_validation_accuracy": 0.3250127356087621,
  "best_validation_loss": 1.1176696060534796
}