{
  "best_epoch": 0,
  "peak_cpu_memory_MB": 5596.948,
  "peak_gpu_0_memory_MB": 12677,
  "peak_gpu_1_memory_MB": 21435,
  "peak_gpu_2_memory_MB": 0,
  "peak_gpu_3_memory_MB": 2425,
  "training_duration": "0:00:29.956681",
  "training_start_epoch": 0,
  "training_epochs": 0,
  "epoch": 0,
  "training_accuracy": 0.34096692111959287,
  "training_loss": 1.2360577033116267,
  "training_cpu_memory_MB": 5596.948,
  "training_gpu_0_memory_MB": 12677,
  "training_gpu_1_memory_MB": 21435,
  "training_gpu_2_memory_MB": 0,
  "training_gpu_3_memory_MB": 2425,
  "validation_accuracy": 0.3250127356087621,
  "validation_loss": 1.1176696060534796,
  "best_validation_accuracy": 0.3250127356087621,
  "best_validation_loss": 1.1176696060534796
}