{
  "best_epoch": 7,
  "peak_cpu_memory_MB": 5498.512,
  "peak_gpu_0_memory_MB": 12593,
  "peak_gpu_1_memory_MB": 21435,
  "peak_gpu_2_memory_MB": 0,
  "peak_gpu_3_memory_MB": 12805,
  "training_duration": "0:04:50.610522",
  "training_start_epoch": 0,
  "training_epochs": 7,
  "epoch": 7,
  "training_accuracy": 0.5954198473282443,
  "training_loss": 0.9752459388512832,
  "training_cpu_memory_MB": 5498.512,
  "training_gpu_0_memory_MB": 12593,
  "training_gpu_1_memory_MB": 21435,
  "training_gpu_2_memory_MB": 0,
  "training_gpu_3_memory_MB": 12805,
  "validation_accuracy": 0.3992868059093225,
  "validation_loss": 1.1333788468317412,
  "best_validation_accuracy": 0.3992868059093225,
  "best_validation_loss": 1.1333788468317412
}