{
  "best_epoch": 8,
  "peak_cpu_memory_MB": 5498.512,
  "peak_gpu_0_memory_MB": 12593,
  "peak_gpu_1_memory_MB": 21435,
  "peak_gpu_2_memory_MB": 0,
  "peak_gpu_3_memory_MB": 12805,
  "training_duration": "0:05:28.502003",
  "training_start_epoch": 0,
  "training_epochs": 8,
  "epoch": 8,
  "training_accuracy": 0.6412213740458015,
  "training_loss": 0.9051235409883353,
  "training_cpu_memory_MB": 5498.512,
  "training_gpu_0_memory_MB": 12593,
  "training_gpu_1_memory_MB": 21435,
  "training_gpu_2_memory_MB": 0,
  "training_gpu_3_memory_MB": 12805,
  "validation_accuracy": 0.42893530310748856,
  "validation_loss": 1.0972218332927468,
  "best_validation_accuracy": 0.42893530310748856,
  "best_validation_loss": 1.0972218332927468
}