{
  "best_epoch": 8,
  "peak_cpu_memory_MB": 5498.512,
  "peak_gpu_0_memory_MB": 12593,
  "peak_gpu_1_memory_MB": 21435,
  "peak_gpu_2_memory_MB": 0,
  "peak_gpu_3_memory_MB": 12805,
  "training_duration": "0:06:06.673714",
  "training_start_epoch": 0,
  "training_epochs": 9,
  "epoch": 9,
  "training_accuracy": 0.6310432569974554,
  "training_loss": 0.8897047088696406,
  "training_cpu_memory_MB": 5498.512,
  "training_gpu_0_memory_MB": 12593,
  "training_gpu_1_memory_MB": 21435,
  "training_gpu_2_memory_MB": 0,
  "training_gpu_3_memory_MB": 12805,
  "validation_accuracy": 0.42771268466632706,
  "validation_loss": 1.0987416773743273,
  "best_validation_accuracy": 0.42893530310748856,
  "best_validation_loss": 1.0972218332927468
}