{
  "best_epoch": 0,
  "peak_cpu_memory_MB": 5498.512,
  "peak_gpu_0_memory_MB": 12593,
  "peak_gpu_1_memory_MB": 21435,
  "peak_gpu_2_memory_MB": 0,
  "peak_gpu_3_memory_MB": 2425,
  "training_duration": "0:00:30.335931",
  "training_start_epoch": 0,
  "training_epochs": 0,
  "epoch": 0,
  "training_accuracy": 0.31806615776081426,
  "training_loss": 1.2764616379371057,
  "training_cpu_memory_MB": 5498.512,
  "training_gpu_0_memory_MB": 12593,
  "training_gpu_1_memory_MB": 21435,
  "training_gpu_2_memory_MB": 0,
  "training_gpu_3_memory_MB": 2425,
  "validation_accuracy": 0.34060112073357107,
  "validation_loss": 1.1455252162796667,
  "best_validation_accuracy": 0.34060112073357107,
  "best_validation_loss": 1.1455252162796667
}