{
  "best_epoch": 12,
  "peak_cpu_memory_MB": 5867.468,
  "peak_gpu_0_memory_MB": 21435,
  "peak_gpu_1_memory_MB": 20139,
  "peak_gpu_2_memory_MB": 20139,
  "peak_gpu_3_memory_MB": 20139,
  "training_duration": "0:09:05.214199",
  "training_start_epoch": 0,
  "training_epochs": 19,
  "epoch": 19,
  "training_accuracy": 0.42748091603053434,
  "training_disc_loss": 1.3339842772483825,
  "training_gen_loss": 6.905564842224121,
  "training_loss": 2.443760009912344,
  "training_cpu_memory_MB": 5867.468,
  "training_gpu_0_memory_MB": 21435,
  "training_gpu_1_memory_MB": 20139,
  "training_gpu_2_memory_MB": 20139,
  "training_gpu_3_memory_MB": 20139,
  "validation_accuracy": 0.3564154786150713,
  "validation_disc_loss": 1.2579654359048413,
  "validation_gen_loss": 7.232870509547572,
  "validation_loss": 2.452286458784534,
  "best_validation_accuracy": 0.3665987780040733,
  "best_validation_disc_loss": 1.2236414176802481,
  "best_validation_gen_loss": 7.270165143474456,
  "best_validation_loss": 2.4321684222067557
}