{
  "best_epoch": 12,
  "peak_cpu_memory_MB": 5867.468,
  "peak_gpu_0_memory_MB": 21435,
  "peak_gpu_1_memory_MB": 20139,
  "peak_gpu_2_memory_MB": 20139,
  "peak_gpu_3_memory_MB": 20139,
  "training_duration": "0:05:54.101064",
  "training_start_epoch": 0,
  "training_epochs": 12,
  "epoch": 12,
  "training_accuracy": 0.3638676844783715,
  "training_disc_loss": 1.5441960024833679,
  "training_gen_loss": 7.006996955871582,
  "training_loss": 2.624072405008169,
  "training_cpu_memory_MB": 5867.468,
  "training_gpu_0_memory_MB": 21435,
  "training_gpu_1_memory_MB": 20139,
  "training_gpu_2_memory_MB": 20139,
  "training_gpu_3_memory_MB": 20139,
  "validation_accuracy": 0.3665987780040733,
  "validation_disc_loss": 1.2236414176802481,
  "validation_gen_loss": 7.270165143474456,
  "validation_loss": 2.4321684222067557,
  "best_validation_accuracy": 0.3665987780040733,
  "best_validation_disc_loss": 1.2236414176802481,
  "best_validation_gen_loss": 7.270165143474456,
  "best_validation_loss": 2.4321684222067557
}