{
  "best_epoch": 12,
  "peak_cpu_memory_MB": 5867.468,
  "peak_gpu_0_memory_MB": 21435,
  "peak_gpu_1_memory_MB": 20139,
  "peak_gpu_2_memory_MB": 20139,
  "peak_gpu_3_memory_MB": 20139,
  "training_duration": "0:06:51.874965",
  "training_start_epoch": 0,
  "training_epochs": 14,
  "epoch": 14,
  "training_accuracy": 0.3893129770992366,
  "training_disc_loss": 1.448503201007843,
  "training_gen_loss": 6.944166965484619,
  "training_loss": 2.5481063586014967,
  "training_cpu_memory_MB": 5867.468,
  "training_gpu_0_memory_MB": 21435,
  "training_gpu_1_memory_MB": 20139,
  "training_gpu_2_memory_MB": 20139,
  "training_gpu_3_memory_MB": 20139,
  "validation_accuracy": 0.3564154786150713,
  "validation_disc_loss": 1.2384208709962907,
  "validation_gen_loss": 7.24826918878863,
  "validation_loss": 2.439740534751646,
  "best_validation_accuracy": 0.3665987780040733,
  "best_validation_disc_loss": 1.2236414176802481,
  "best_validation_gen_loss": 7.270165143474456,
  "best_validation_loss": 2.4321684222067557
}