{
  "best_epoch": 2,
  "peak_cpu_memory_MB": 5867.468,
  "peak_gpu_0_memory_MB": 21435,
  "peak_gpu_1_memory_MB": 20139,
  "peak_gpu_2_memory_MB": 20139,
  "peak_gpu_3_memory_MB": 20139,
  "training_duration": "0:03:57.516411",
  "training_start_epoch": 0,
  "training_epochs": 8,
  "epoch": 8,
  "training_accuracy": 0.3460559796437659,
  "training_disc_loss": 1.4941366696357727,
  "training_gen_loss": 7.297220077514648,
  "training_loss": 2.6645724773406982,
  "training_cpu_memory_MB": 5867.468,
  "training_gpu_0_memory_MB": 21435,
  "training_gpu_1_memory_MB": 20139,
  "training_gpu_2_memory_MB": 20139,
  "training_gpu_3_memory_MB": 20139,
  "validation_accuracy": 0.3380855397148676,
  "validation_disc_loss": 1.2769042426540005,
  "validation_gen_loss": 7.495606383969707,
  "validation_loss": 2.520024876440725,
  "best_validation_accuracy": 0.34521384928716903,
  "best_validation_disc_loss": 1.7498772028953797,
  "best_validation_gen_loss": 9.027975897635184,
  "best_validation_loss": 3.201591799336095
}