{
  "best_epoch": 12,
  "peak_cpu_memory_MB": 5867.468,
  "peak_gpu_0_memory_MB": 21435,
  "peak_gpu_1_memory_MB": 20139,
  "peak_gpu_2_memory_MB": 20139,
  "peak_gpu_3_memory_MB": 20139,
  "training_duration": "0:07:45.245101",
  "training_start_epoch": 0,
  "training_epochs": 16,
  "epoch": 16,
  "training_accuracy": 0.44529262086513993,
  "training_disc_loss": 1.294346055984497,
  "training_gen_loss": 6.925592136383057,
  "training_loss": 2.4205314562870908,
  "training_cpu_memory_MB": 5867.468,
  "training_gpu_0_memory_MB": 21435,
  "training_gpu_1_memory_MB": 20139,
  "training_gpu_2_memory_MB": 20139,
  "training_gpu_3_memory_MB": 20139,
  "validation_accuracy": 0.35539714867617106,
  "validation_disc_loss": 1.2546684559314483,
  "validation_gen_loss": 7.236474044861332,
  "validation_loss": 2.450375618473176,
  "best_validation_accuracy": 0.3665987780040733,
  "best_validation_disc_loss": 1.2236414176802481,
  "best_validation_gen_loss": 7.270165143474456,
  "best_validation_loss": 2.4321684222067557
}