{
  "best_epoch": 2,
  "peak_cpu_memory_MB": 5867.468,
  "peak_gpu_0_memory_MB": 21435,
  "peak_gpu_1_memory_MB": 20139,
  "peak_gpu_2_memory_MB": 20139,
  "peak_gpu_3_memory_MB": 20139,
  "training_duration": "0:02:37.859318",
  "training_start_epoch": 0,
  "training_epochs": 5,
  "epoch": 5,
  "training_accuracy": 0.35368956743002544,
  "training_disc_loss": 1.825369462966919,
  "training_gen_loss": 7.848792591094971,
  "training_loss": 3.063804369706374,
  "training_cpu_memory_MB": 5867.468,
  "training_gpu_0_memory_MB": 21435,
  "training_gpu_1_memory_MB": 20139,
  "training_gpu_2_memory_MB": 20139,
  "training_gpu_3_memory_MB": 20139,
  "validation_accuracy": 0.3411405295315682,
  "validation_disc_loss": 1.5585843843798484,
  "validation_gen_loss": 7.990935025676604,
  "validation_loss": 2.844597908758348,
  "best_validation_accuracy": 0.34521384928716903,
  "best_validation_disc_loss": 1.7498772028953797,
  "best_validation_gen_loss": 9.027975897635184,
  "best_validation_loss": 3.201591799336095
}