{
  "best_epoch": 5,
  "peak_cpu_memory_MB": 5865.904,
  "peak_gpu_0_memory_MB": 21435,
  "peak_gpu_1_memory_MB": 20139,
  "peak_gpu_2_memory_MB": 20139,
  "peak_gpu_3_memory_MB": 20139,
  "training_duration": "0:04:27.972908",
  "training_start_epoch": 0,
  "training_epochs": 9,
  "epoch": 9,
  "training_accuracy": 0.42493638676844786,
  "training_disc_loss": 1.4144340944290161,
  "training_gen_loss": 6.457144012451172,
  "training_loss": 5.200227554027851,
  "training_cpu_memory_MB": 5865.904,
  "training_gpu_0_memory_MB": 21435,
  "training_gpu_1_memory_MB": 20139,
  "training_gpu_2_memory_MB": 20139,
  "training_gpu_3_memory_MB": 20139,
  "validation_accuracy": 0.3574338085539715,
  "validation_disc_loss": 1.5599278067388842,
  "validation_gen_loss": 6.88406365917575,
  "validation_loss": 5.553287413812453,
  "best_validation_accuracy": 0.35845213849287166,
  "best_validation_disc_loss": 2.1934849485274284,
  "best_validation_gen_loss": 7.013756605886644,
  "best_validation_loss": 5.809037946885632
}