{
  "best_epoch": 11,
  "peak_cpu_memory_MB": 5865.904,
  "peak_gpu_0_memory_MB": 21435,
  "peak_gpu_1_memory_MB": 20139,
  "peak_gpu_2_memory_MB": 20139,
  "peak_gpu_3_memory_MB": 20139,
  "training_duration": "0:05:26.054045",
  "training_start_epoch": 0,
  "training_epochs": 11,
  "epoch": 11,
  "training_accuracy": 0.40966921119592875,
  "training_disc_loss": 1.28882262468338,
  "training_gen_loss": 6.4128713798522945,
  "training_loss": 5.122276672950158,
  "training_cpu_memory_MB": 5865.904,
  "training_gpu_0_memory_MB": 21435,
  "training_gpu_1_memory_MB": 20139,
  "training_gpu_2_memory_MB": 20139,
  "training_gpu_3_memory_MB": 20139,
  "validation_accuracy": 0.3625254582484725,
  "validation_disc_loss": 1.3829744092879757,
  "validation_gen_loss": 6.896160356460079,
  "validation_loss": 5.517982467528312,
  "best_validation_accuracy": 0.3625254582484725,
  "best_validation_disc_loss": 1.3829744092879757,
  "best_validation_gen_loss": 6.896160356460079,
  "best_validation_loss": 5.517982467528312
}