{
  "best_epoch": 5,
  "peak_cpu_memory_MB": 5865.904,
  "peak_gpu_0_memory_MB": 21435,
  "peak_gpu_1_memory_MB": 20139,
  "peak_gpu_2_memory_MB": 20139,
  "peak_gpu_3_memory_MB": 20139,
  "training_duration": "0:03:08.425568",
  "training_start_epoch": 0,
  "training_epochs": 6,
  "epoch": 6,
  "training_accuracy": 0.3842239185750636,
  "training_disc_loss": 1.6237946915626527,
  "training_gen_loss": 6.560163555145263,
  "training_loss": 5.319996026846079,
  "training_cpu_memory_MB": 5865.904,
  "training_gpu_0_memory_MB": 21435,
  "training_gpu_1_memory_MB": 20139,
  "training_gpu_2_memory_MB": 20139,
  "training_gpu_3_memory_MB": 20139,
  "validation_accuracy": 0.35234215885947046,
  "validation_disc_loss": 1.8509967673209407,
  "validation_gen_loss": 6.952964882696828,
  "validation_loss": 5.677764738759687,
  "best_validation_accuracy": 0.35845213849287166,
  "best_validation_disc_loss": 2.1934849485274284,
  "best_validation_gen_loss": 7.013756605886644,
  "best_validation_loss": 5.809037946885632
}