{
  "best_epoch": 0,
  "peak_cpu_memory_MB": 5865.904,
  "peak_gpu_0_memory_MB": 2617,
  "peak_gpu_1_memory_MB": 20139,
  "peak_gpu_2_memory_MB": 20139,
  "peak_gpu_3_memory_MB": 20139,
  "training_duration": "0:00:21.126992",
  "training_start_epoch": 0,
  "training_epochs": 0,
  "epoch": 0,
  "training_accuracy": 0.38676844783715014,
  "training_disc_loss": 13.900799980163574,
  "training_gen_loss": 12.64393051147461,
  "training_loss": 12.928712624769945,
  "training_cpu_memory_MB": 5865.904,
  "training_gpu_0_memory_MB": 2617,
  "training_gpu_1_memory_MB": 20139,
  "training_gpu_2_memory_MB": 20139,
  "training_gpu_3_memory_MB": 20139,
  "validation_accuracy": 0.3340122199592668,
  "validation_disc_loss": 6.188733508509975,
  "validation_gen_loss": 11.59929072472357,
  "validation_loss": 10.245856408149965,
  "best_validation_accuracy": 0.3340122199592668,
  "best_validation_disc_loss": 6.188733508509975,
  "best_validation_gen_loss": 11.59929072472357,
  "best_validation_loss": 10.245856408149965
}