{
  "best_epoch": 10,
  "peak_cpu_memory_MB": 5865.904,
  "peak_gpu_0_memory_MB": 21435,
  "peak_gpu_1_memory_MB": 20139,
  "peak_gpu_2_memory_MB": 20139,
  "peak_gpu_3_memory_MB": 20139,
  "training_duration": "0:04:54.341913",
  "training_start_epoch": 0,
  "training_epochs": 10,
  "epoch": 10,
  "training_accuracy": 0.3842239185750636,
  "training_disc_loss": 1.4232919716835022,
  "training_gen_loss": 6.4385552406311035,
  "training_loss": 5.17866248350877,
  "training_cpu_memory_MB": 5865.904,
  "training_gpu_0_memory_MB": 21435,
  "training_gpu_1_memory_MB": 20139,
  "training_gpu_2_memory_MB": 20139,
  "training_gpu_3_memory_MB": 20139,
  "validation_accuracy": 0.3615071283095723,
  "validation_disc_loss": 1.4762494871693272,
  "validation_gen_loss": 6.889130100127189,
  "validation_loss": 5.536148763472034,
  "best_validation_accuracy": 0.3615071283095723,
  "best_validation_disc_loss": 1.4762494871693272,
  "best_validation_gen_loss": 6.889130100127189,
  "best_validation_loss": 5.536148763472034
}