{
  "best_epoch": 16,
  "peak_cpu_memory_MB": 5865.904,
  "peak_gpu_0_memory_MB": 21435,
  "peak_gpu_1_memory_MB": 20139,
  "peak_gpu_2_memory_MB": 20139,
  "peak_gpu_3_memory_MB": 20139,
  "training_duration": "0:11:50.600805",
  "training_start_epoch": 0,
  "training_epochs": 25,
  "epoch": 25,
  "training_accuracy": 0.5623409669211196,
  "training_disc_loss": 1.0524648022651673,
  "training_gen_loss": 6.300208415985107,
  "training_loss": 4.995330040271465,
  "training_cpu_memory_MB": 5865.904,
  "training_gpu_0_memory_MB": 21435,
  "training_gpu_1_memory_MB": 20139,
  "training_gpu_2_memory_MB": 20139,
  "training_gpu_3_memory_MB": 20139,
  "validation_accuracy": 0.3625254582484725,
  "validation_disc_loss": 1.6326270516841643,
  "validation_gen_loss": 6.867772486902052,
  "validation_loss": 5.560229255307105,
  "best_validation_accuracy": 0.37169042769857435,
  "best_validation_disc_loss": 1.650579184293747,
  "best_validation_gen_loss": 6.867700292218116,
  "best_validation_loss": 5.564132921157345
}