{
  "best_epoch": 9,
  "peak_cpu_memory_MB": 5866.396,
  "peak_gpu_0_memory_MB": 21435,
  "peak_gpu_1_memory_MB": 20139,
  "peak_gpu_2_memory_MB": 20139,
  "peak_gpu_3_memory_MB": 20139,
  "training_duration": "0:04:55.112052",
  "training_start_epoch": 0,
  "training_epochs": 10,
  "epoch": 10,
  "training_accuracy": 0.455470737913486,
  "training_disc_loss": 1.3328522491455077,
  "training_gen_loss": 6.471163177490235,
  "training_loss": 5.184776819669283,
  "training_cpu_memory_MB": 5866.396,
  "training_gpu_0_memory_MB": 21435,
  "training_gpu_1_memory_MB": 20139,
  "training_gpu_2_memory_MB": 20139,
  "training_gpu_3_memory_MB": 20139,
  "validation_accuracy": 0.329938900203666,
  "validation_disc_loss": 1.33928362208028,
  "validation_gen_loss": 6.868188088940036,
  "validation_loss": 5.488332548449116,
  "best_validation_accuracy": 0.3421588594704684,
  "best_validation_disc_loss": 1.3426885104948474,
  "best_validation_gen_loss": 6.893469502848964,
  "best_validation_loss": 5.508192539215088
}