{
  "best_epoch": 0,
  "peak_cpu_memory_MB": 5866.396,
  "peak_gpu_0_memory_MB": 21435,
  "peak_gpu_1_memory_MB": 20139,
  "peak_gpu_2_memory_MB": 20139,
  "peak_gpu_3_memory_MB": 20139,
  "training_duration": "0:02:35.516933",
  "training_start_epoch": 0,
  "training_epochs": 5,
  "epoch": 5,
  "training_accuracy": 0.35368956743002544,
  "training_disc_loss": 1.6697621393203734,
  "training_gen_loss": 6.638184509277344,
  "training_loss": 5.398418243114765,
  "training_cpu_memory_MB": 5866.396,
  "training_gpu_0_memory_MB": 21435,
  "training_gpu_1_memory_MB": 20139,
  "training_gpu_2_memory_MB": 20139,
  "training_gpu_3_memory_MB": 20139,
  "validation_accuracy": 0.3258655804480652,
  "validation_disc_loss": 1.4766861036900552,
  "validation_gen_loss": 6.972211276331255,
  "validation_loss": 5.601227421914378,
  "best_validation_accuracy": 0.3411405295315682,
  "best_validation_disc_loss": 11.584247550656718,
  "best_validation_gen_loss": 10.183864455069266,
  "best_validation_loss": 10.52660794411936
}