{
  "best_epoch": 1,
  "peak_cpu_memory_MB": 5491.508,
  "peak_gpu_0_memory_MB": 12645,
  "peak_gpu_1_memory_MB": 21435,
  "peak_gpu_2_memory_MB": 0,
  "peak_gpu_3_memory_MB": 13013,
  "training_duration": "0:02:49.923929",
  "training_start_epoch": 0,
  "training_epochs": 4,
  "epoch": 4,
  "training_accuracy": 0.361323155216285,
  "training_loss": 1.1106713460041926,
  "training_cpu_memory_MB": 5491.508,
  "training_gpu_0_memory_MB": 12645,
  "training_gpu_1_memory_MB": 21435,
  "training_gpu_2_memory_MB": 0,
  "training_gpu_3_memory_MB": 13013,
  "validation_accuracy": 0.3273560876209883,
  "validation_loss": 1.1169443973112572,
  "best_validation_accuracy": 0.3306164034640856,
  "best_validation_loss": 1.1018903760257683
}