{
  "best_epoch": 1,
  "peak_cpu_memory_MB": 5491.508,
  "peak_gpu_0_memory_MB": 12645,
  "peak_gpu_1_memory_MB": 21435,
  "peak_gpu_2_memory_MB": 0,
  "peak_gpu_3_memory_MB": 13013,
  "training_duration": "0:03:24.368865",
  "training_start_epoch": 0,
  "training_epochs": 5,
  "epoch": 5,
  "training_accuracy": 0.3333333333333333,
  "training_loss": 1.1109083249018743,
  "training_cpu_memory_MB": 5491.508,
  "training_gpu_0_memory_MB": 12645,
  "training_gpu_1_memory_MB": 21435,
  "training_gpu_2_memory_MB": 0,
  "training_gpu_3_memory_MB": 13013,
  "validation_accuracy": 0.327967396841569,
  "validation_loss": 1.1056390243555125,
  "best_validation_accuracy": 0.3306164034640856,
  "best_validation_loss": 1.1018903760257683
}