{
  "best_epoch": 7,
  "peak_cpu_memory_MB": 5867.616,
  "peak_gpu_0_memory_MB": 21435,
  "peak_gpu_1_memory_MB": 20139,
  "peak_gpu_2_memory_MB": 20139,
  "peak_gpu_3_memory_MB": 20139,
  "training_duration": "0:05:29.951988",
  "training_start_epoch": 0,
  "training_epochs": 11,
  "epoch": 11,
  "training_accuracy": 0.5521628498727735,
  "training_disc_loss": 1.3357217073440553,
  "training_gen_loss": 6.610922603607178,
  "training_loss": 5.285528182983398,
  "training_cpu_memory_MB": 5867.616,
  "training_gpu_0_memory_MB": 21435,
  "training_gpu_1_memory_MB": 20139,
  "training_gpu_2_memory_MB": 20139,
  "training_gpu_3_memory_MB": 20139,
  "validation_accuracy": 0.3574338085539715,
  "validation_disc_loss": 2.063887721107852,
  "validation_gen_loss": 7.0089732062432075,
  "validation_loss": 5.774382329756214,
  "best_validation_accuracy": 0.36761710794297353,
  "best_validation_disc_loss": 2.1970635979406294,
  "best_validation_gen_loss": 7.123960202740085,
  "best_validation_loss": 5.894918103371897
}