{
  "best_epoch": 18,
  "peak_cpu_memory_MB": 5867.616,
  "peak_gpu_0_memory_MB": 21435,
  "peak_gpu_1_memory_MB": 20139,
  "peak_gpu_2_memory_MB": 20139,
  "peak_gpu_3_memory_MB": 20139,
  "training_duration": "0:09:46.471831",
  "training_start_epoch": 0,
  "training_epochs": 20,
  "epoch": 20,
  "training_accuracy": 0.6921119592875318,
  "training_disc_loss": 0.8423915755748749,
  "training_gen_loss": 6.426539936065674,
  "training_loss": 5.0324507126441365,
  "training_cpu_memory_MB": 5867.616,
  "training_gpu_0_memory_MB": 21435,
  "training_gpu_1_memory_MB": 20139,
  "training_gpu_2_memory_MB": 20139,
  "training_gpu_3_memory_MB": 20139,
  "validation_accuracy": 0.3696537678207739,
  "validation_disc_loss": 2.1566465862335695,
  "validation_gen_loss": 7.035105597588323,
  "validation_loss": 5.818362728241952,
  "best_validation_accuracy": 0.37678207739307534,
  "best_validation_disc_loss": 2.0372827399161553,
  "best_validation_gen_loss": 6.98937193809017,
  "best_validation_loss": 5.754125364365116
}