{
  "best_epoch": 18,
  "peak_cpu_memory_MB": 5867.616,
  "peak_gpu_0_memory_MB": 21435,
  "peak_gpu_1_memory_MB": 20139,
  "peak_gpu_2_memory_MB": 20139,
  "peak_gpu_3_memory_MB": 20139,
  "training_duration": "0:11:07.201365",
  "training_start_epoch": 0,
  "training_epochs": 23,
  "epoch": 23,
  "training_accuracy": 0.6997455470737913,
  "training_disc_loss": 0.7980209982395172,
  "training_gen_loss": 6.4187671661376955,
  "training_loss": 5.015660212590144,
  "training_cpu_memory_MB": 5867.616,
  "training_gpu_0_memory_MB": 21435,
  "training_gpu_1_memory_MB": 20139,
  "training_gpu_2_memory_MB": 20139,
  "training_gpu_3_memory_MB": 20139,
  "validation_accuracy": 0.37372708757637474,
  "validation_disc_loss": 2.664679771469485,
  "validation_gen_loss": 7.086034728634742,
  "validation_loss": 5.985254456920009,
  "best_validation_accuracy": 0.37678207739307534,
  "best_validation_disc_loss": 2.0372827399161553,
  "best_validation_gen_loss": 6.98937193809017,
  "best_validation_loss": 5.754125364365116
}