{
  "best_epoch": 14,
  "peak_cpu_memory_MB": 5867.616,
  "peak_gpu_0_memory_MB": 21435,
  "peak_gpu_1_memory_MB": 20139,
  "peak_gpu_2_memory_MB": 20139,
  "peak_gpu_3_memory_MB": 20139,
  "training_duration": "0:07:27.191140",
  "training_start_epoch": 0,
  "training_epochs": 15,
  "epoch": 15,
  "training_accuracy": 0.6513994910941476,
  "training_disc_loss": 1.0885773730278014,
  "training_gen_loss": 6.520511283874511,
  "training_loss": 5.161724127255953,
  "training_cpu_memory_MB": 5867.616,
  "training_gpu_0_memory_MB": 21435,
  "training_gpu_1_memory_MB": 20139,
  "training_gpu_2_memory_MB": 20139,
  "training_gpu_3_memory_MB": 20139,
  "validation_accuracy": 0.3727087576374745,
  "validation_disc_loss": 2.0707392846384356,
  "validation_gen_loss": 7.043949619416268,
  "validation_loss": 5.803372183153706,
  "best_validation_accuracy": 0.37474541751527496,
  "best_validation_disc_loss": 2.009785633894705,
  "best_validation_gen_loss": 7.0044307478012575,
  "best_validation_loss": 5.758013694517074
}