{
  "best_epoch": 26,
  "peak_cpu_memory_MB": 5867.616,
  "peak_gpu_0_memory_MB": 21435,
  "peak_gpu_1_memory_MB": 20139,
  "peak_gpu_2_memory_MB": 20139,
  "peak_gpu_3_memory_MB": 20139,
  "training_duration": "0:13:05.541214",
  "training_start_epoch": 0,
  "training_epochs": 27,
  "epoch": 27,
  "training_accuracy": 0.7251908396946565,
  "training_disc_loss": 0.7087287056446075,
  "training_gen_loss": 6.392617416381836,
  "training_loss": 4.969456635988676,
  "training_cpu_memory_MB": 5867.616,
  "training_gpu_0_memory_MB": 21435,
  "training_gpu_1_memory_MB": 20139,
  "training_gpu_2_memory_MB": 20139,
  "training_gpu_3_memory_MB": 20139,
  "validation_accuracy": 0.3910386965376782,
  "validation_disc_loss": 2.082193397706555,
  "validation_gen_loss": 7.057276002822384,
  "validation_loss": 5.81692309533396,
  "best_validation_accuracy": 0.39307535641547864,
  "best_validation_disc_loss": 2.0882567734487596,
  "best_validation_gen_loss": 7.031365140791862,
  "best_validation_loss": 5.799093477187618
}