{
  "best_epoch": 3,
  "peak_cpu_memory_MB": 5867.616,
  "peak_gpu_0_memory_MB": 21435,
  "peak_gpu_1_memory_MB": 20139,
  "peak_gpu_2_memory_MB": 20139,
  "peak_gpu_3_memory_MB": 20139,
  "training_duration": "0:02:17.860846",
  "training_start_epoch": 0,
  "training_epochs": 4,
  "epoch": 4,
  "training_accuracy": 0.41475826972010177,
  "training_disc_loss": 2.56054235458374,
  "training_gen_loss": 7.057190647125244,
  "training_loss": 5.923977264991174,
  "training_cpu_memory_MB": 5867.616,
  "training_gpu_0_memory_MB": 21435,
  "training_gpu_1_memory_MB": 20139,
  "training_gpu_2_memory_MB": 20139,
  "training_gpu_3_memory_MB": 20139,
  "validation_accuracy": 0.3564154786150713,
  "validation_disc_loss": 2.3311663962179616,
  "validation_gen_loss": 7.143332135292791,
  "validation_loss": 5.941198302853492,
  "best_validation_accuracy": 0.3665987780040733,
  "best_validation_disc_loss": 3.0995440771502833,
  "best_validation_gen_loss": 7.325921858510664,
  "best_validation_loss": 6.270384357821557
}