{
  "best_epoch": 1,
  "peak_cpu_memory_MB": 5867.616,
  "peak_gpu_0_memory_MB": 21435,
  "peak_gpu_1_memory_MB": 20139,
  "peak_gpu_2_memory_MB": 20139,
  "peak_gpu_3_memory_MB": 20139,
  "training_duration": "0:01:20.099231",
  "training_start_epoch": 0,
  "training_epochs": 2,
  "epoch": 2,
  "training_accuracy": 0.3638676844783715,
  "training_disc_loss": 4.338413224220276,
  "training_gen_loss": 7.741795310974121,
  "training_loss": 6.866309275993934,
  "training_cpu_memory_MB": 5867.616,
  "training_gpu_0_memory_MB": 21435,
  "training_gpu_1_memory_MB": 20139,
  "training_gpu_2_memory_MB": 20139,
  "training_gpu_3_memory_MB": 20139,
  "validation_accuracy": 0.329938900203666,
  "validation_disc_loss": 3.772772296782463,
  "validation_gen_loss": 7.614685481594455,
  "validation_loss": 6.659275577914331,
  "best_validation_accuracy": 0.35234215885947046,
  "best_validation_disc_loss": 4.117422542264385,
  "best_validation_gen_loss": 8.355880975723267,
  "best_validation_loss": 7.297340777612502
}