{
  "best_epoch": 3,
  "peak_cpu_memory_MB": 5867.616,
  "peak_gpu_0_memory_MB": 21435,
  "peak_gpu_1_memory_MB": 20139,
  "peak_gpu_2_memory_MB": 20139,
  "peak_gpu_3_memory_MB": 20139,
  "training_duration": "0:01:46.818597",
  "training_start_epoch": 0,
  "training_epochs": 3,
  "epoch": 3,
  "training_accuracy": 0.3842239185750636,
  "training_disc_loss": 3.0318693351745605,
  "training_gen_loss": 7.280721645355225,
  "training_loss": 6.213193379915678,
  "training_cpu_memory_MB": 5867.616,
  "training_gpu_0_memory_MB": 21435,
  "training_gpu_1_memory_MB": 20139,
  "training_gpu_2_memory_MB": 20139,
  "training_gpu_3_memory_MB": 20139,
  "validation_accuracy": 0.3665987780040733,
  "validation_disc_loss": 3.0995440771502833,
  "validation_gen_loss": 7.325921858510664,
  "validation_loss": 6.270384357821557,
  "best_validation_accuracy": 0.3665987780040733,
  "best_validation_disc_loss": 3.0995440771502833,
  "best_validation_gen_loss": 7.325921858510664,
  "best_validation_loss": 6.270384357821557
}