{
  "best_epoch": 3,
  "peak_cpu_memory_MB": 5867.616,
  "peak_gpu_0_memory_MB": 21435,
  "peak_gpu_1_memory_MB": 20139,
  "peak_gpu_2_memory_MB": 20139,
  "peak_gpu_3_memory_MB": 20139,
  "training_duration": "0:02:44.689406",
  "training_start_epoch": 0,
  "training_epochs": 5,
  "epoch": 5,
  "training_accuracy": 0.4223918575063613,
  "training_disc_loss": 2.093125762939453,
  "training_gen_loss": 6.9080570030212405,
  "training_loss": 5.705512083493746,
  "training_cpu_memory_MB": 5867.616,
  "training_gpu_0_memory_MB": 21435,
  "training_gpu_1_memory_MB": 20139,
  "training_gpu_2_memory_MB": 20139,
  "training_gpu_3_memory_MB": 20139,
  "validation_accuracy": 0.3533604887983707,
  "validation_disc_loss": 2.3157602606281156,
  "validation_gen_loss": 7.116455585725846,
  "validation_loss": 5.91895035774477,
  "best_validation_accuracy": 0.3665987780040733,
  "best_validation_disc_loss": 3.0995440771502833,
  "best_validation_gen_loss": 7.325921858510664,
  "best_validation_loss": 6.270384357821557
}