{
  "best_epoch": 6,
  "peak_cpu_memory_MB": 5866.924,
  "peak_gpu_0_memory_MB": 22543,
  "peak_gpu_1_memory_MB": 20139,
  "peak_gpu_2_memory_MB": 20139,
  "peak_gpu_3_memory_MB": 20139,
  "training_duration": "0:04:17.970822",
  "training_start_epoch": 0,
  "training_epochs": 8,
  "epoch": 8,
  "training_accuracy": 0.39185750636132316,
  "training_disc_loss": 1.6991291546821594,
  "training_gen_loss": 6.4075103378295895,
  "training_loss": 6.394732145162729,
  "training_cpu_memory_MB": 5866.924,
  "training_gpu_0_memory_MB": 22543,
  "training_gpu_1_memory_MB": 20139,
  "training_gpu_2_memory_MB": 20139,
  "training_gpu_3_memory_MB": 20139,
  "validation_accuracy": 0.3513238289205703,
  "validation_disc_loss": 1.6693880500332001,
  "validation_gen_loss": 6.939453471091486,
  "validation_loss": 6.941768369367046,
  "best_validation_accuracy": 0.3574338085539715,
  "best_validation_disc_loss": 1.5686134244165113,
  "best_validation_gen_loss": 6.9364254628458335,
  "best_validation_loss": 6.9389860091670865
}