{
  "best_epoch": 12,
  "peak_cpu_memory_MB": 5866.924,
  "peak_gpu_0_memory_MB": 22543,
  "peak_gpu_1_memory_MB": 20139,
  "peak_gpu_2_memory_MB": 20139,
  "peak_gpu_3_memory_MB": 20139,
  "training_duration": "0:07:11.328266",
  "training_start_epoch": 0,
  "training_epochs": 14,
  "epoch": 14,
  "training_accuracy": 0.3333333333333333,
  "training_disc_loss": 1.6694401121139526,
  "training_gen_loss": 6.334688568115235,
  "training_loss": 6.320704753582294,
  "training_cpu_memory_MB": 5866.924,
  "training_gpu_0_memory_MB": 22543,
  "training_gpu_1_memory_MB": 20139,
  "training_gpu_2_memory_MB": 20139,
  "training_gpu_3_memory_MB": 20139,
  "validation_accuracy": 0.3533604887983707,
  "validation_disc_loss": 1.6395649477358787,
  "validation_gen_loss": 6.895854273150044,
  "validation_loss": 6.898207618344214,
  "best_validation_accuracy": 0.3615071283095723,
  "best_validation_disc_loss": 1.4205566615827623,
  "best_validation_gen_loss": 6.870315405630296,
  "best_validation_loss": 6.872688708766814
}