{
  "best_epoch": 12,
  "peak_cpu_memory_MB": 5866.924,
  "peak_gpu_0_memory_MB": 22543,
  "peak_gpu_1_memory_MB": 20139,
  "peak_gpu_2_memory_MB": 20139,
  "peak_gpu_3_memory_MB": 20139,
  "training_duration": "0:09:25.358829",
  "training_start_epoch": 0,
  "training_epochs": 19,
  "epoch": 19,
  "training_accuracy": 0.3816793893129771,
  "training_disc_loss": 1.529106616973877,
  "training_gen_loss": 6.302960910797119,
  "training_loss": 6.289100536933312,
  "training_cpu_memory_MB": 5866.924,
  "training_gpu_0_memory_MB": 22543,
  "training_gpu_1_memory_MB": 20139,
  "training_gpu_2_memory_MB": 20139,
  "training_gpu_3_memory_MB": 20139,
  "validation_accuracy": 0.3564154786150713,
  "validation_disc_loss": 1.5497708599413595,
  "validation_gen_loss": 6.8798892344197915,
  "validation_loss": 6.882274627685547,
  "best_validation_accuracy": 0.3615071283095723,
  "best_validation_disc_loss": 1.4205566615827623,
  "best_validation_gen_loss": 6.870315405630296,
  "best_validation_loss": 6.872688708766814
}