{
  "best_epoch": 12,
  "peak_cpu_memory_MB": 5866.924,
  "peak_gpu_0_memory_MB": 22543,
  "peak_gpu_1_memory_MB": 20139,
  "peak_gpu_2_memory_MB": 20139,
  "peak_gpu_3_memory_MB": 20139,
  "training_duration": "0:06:13.707371",
  "training_start_epoch": 0,
  "training_epochs": 12,
  "epoch": 12,
  "training_accuracy": 0.3842239185750636,
  "training_disc_loss": 1.5615922164916993,
  "training_gen_loss": 6.3560976219177245,
  "training_loss": 6.362469049600454,
  "training_cpu_memory_MB": 5866.924,
  "training_gpu_0_memory_MB": 22543,
  "training_gpu_1_memory_MB": 20139,
  "training_gpu_2_memory_MB": 20139,
  "training_gpu_3_memory_MB": 20139,
  "validation_accuracy": 0.3615071283095723,
  "validation_disc_loss": 1.4205566615827623,
  "validation_gen_loss": 6.870315405630296,
  "validation_loss": 6.872688708766814,
  "best_validation_accuracy": 0.3615071283095723,
  "best_validation_disc_loss": 1.4205566615827623,
  "best_validation_gen_loss": 6.870315405630296,
  "best_validation_loss": 6.872688708766814
}