{
  "best_epoch": 12,
  "peak_cpu_memory_MB": 5866.924,
  "peak_gpu_0_memory_MB": 22543,
  "peak_gpu_1_memory_MB": 20139,
  "peak_gpu_2_memory_MB": 20139,
  "peak_gpu_3_memory_MB": 20139,
  "training_duration": "0:06:44.679590",
  "training_start_epoch": 0,
  "training_epochs": 13,
  "epoch": 13,
  "training_accuracy": 0.43765903307888043,
  "training_disc_loss": 1.4010080432891845,
  "training_gen_loss": 6.329111232757568,
  "training_loss": 6.325140622945932,
  "training_cpu_memory_MB": 5866.924,
  "training_gpu_0_memory_MB": 22543,
  "training_gpu_1_memory_MB": 20139,
  "training_gpu_2_memory_MB": 20139,
  "training_gpu_3_memory_MB": 20139,
  "validation_accuracy": 0.35234215885947046,
  "validation_disc_loss": 1.4771644713417176,
  "validation_gen_loss": 6.8845769513037895,
  "validation_loss": 6.8869741039891395,
  "best_validation_accuracy": 0.3615071283095723,
  "best_validation_disc_loss": 1.4205566615827623,
  "best_validation_gen_loss": 6.870315405630296,
  "best_validation_loss": 6.872688708766814
}