{
  "best_epoch": 0,
  "peak_cpu_memory_MB": 8442.468,
  "peak_gpu_0_memory_MB": 2309,
  "peak_gpu_1_memory_MB": 21577,
  "peak_gpu_2_memory_MB": 20715,
  "peak_gpu_3_memory_MB": 12805,
  "training_duration": "1:16:13.412525",
  "training_start_epoch": 0,
  "training_epochs": 0,
  "epoch": 0,
  "training_accuracy": 0.8074417751883107,
  "training_loss": 0.48269939447924337,
  "training_cpu_memory_MB": 8442.468,
  "training_gpu_0_memory_MB": 2309,
  "training_gpu_1_memory_MB": 21577,
  "training_gpu_2_memory_MB": 20715,
  "training_gpu_3_memory_MB": 12805,
  "validation_accuracy": 0.850636780438105,
  "validation_loss": 0.38519799847653324,
  "best_validation_accuracy": 0.850636780438105,
  "best_validation_loss": 0.38519799847653324
}