{
  "best_epoch": 9,
  "peak_cpu_memory_MB": 5865.616,
  "peak_gpu_0_memory_MB": 22543,
  "peak_gpu_1_memory_MB": 20139,
  "peak_gpu_2_memory_MB": 20139,
  "peak_gpu_3_memory_MB": 20139,
  "training_duration": "0:07:42.850659",
  "training_start_epoch": 0,
  "training_epochs": 16,
  "epoch": 16,
  "training_accuracy": 0.5216284987277354,
  "training_disc_loss": 1.2803868961334228,
  "training_gen_loss": 6.284923839569092,
  "training_loss": 6.284663090339074,
  "training_cpu_memory_MB": 5865.616,
  "training_gpu_0_memory_MB": 22543,
  "training_gpu_1_memory_MB": 20139,
  "training_gpu_2_memory_MB": 20139,
  "training_gpu_3_memory_MB": 20139,
  "validation_accuracy": 0.34419551934826886,
  "validation_disc_loss": 1.7344817346142185,
  "validation_gen_loss": 6.955570543965986,
  "validation_loss": 6.958406709855603,
  "best_validation_accuracy": 0.37169042769857435,
  "best_validation_disc_loss": 1.8092729756909032,
  "best_validation_gen_loss": 6.920768637810984,
  "best_validation_loss": 6.923797392076062
}