{
  "best_epoch": 9,
  "peak_cpu_memory_MB": 5865.616,
  "peak_gpu_0_memory_MB": 22543,
  "peak_gpu_1_memory_MB": 20139,
  "peak_gpu_2_memory_MB": 20139,
  "peak_gpu_3_memory_MB": 20139,
  "training_duration": "0:13:27.638760",
  "training_start_epoch": 0,
  "training_epochs": 29,
  "epoch": 29,
  "training_accuracy": 0.549618320610687,
  "training_disc_loss": 1.0738639402389527,
  "training_gen_loss": 6.205040302276611,
  "training_loss": 6.2153006333571215,
  "training_cpu_memory_MB": 5865.616,
  "training_gpu_0_memory_MB": 22543,
  "training_gpu_1_memory_MB": 20139,
  "training_gpu_2_memory_MB": 20139,
  "training_gpu_3_memory_MB": 20139,
  "validation_accuracy": 0.34012219959266804,
  "validation_disc_loss": 1.7425393971704668,
  "validation_gen_loss": 6.951164599387877,
  "validation_loss": 6.954196191603137,
  "best_validation_accuracy": 0.37169042769857435,
  "best_validation_disc_loss": 1.8092729756909032,
  "best_validation_gen_loss": 6.920768637810984,
  "best_validation_loss": 6.923797392076062
}