{
  "best_epoch": 0,
  "peak_cpu_memory_MB": 5865.616,
  "peak_gpu_0_memory_MB": 22543,
  "peak_gpu_1_memory_MB": 20139,
  "peak_gpu_2_memory_MB": 20139,
  "peak_gpu_3_memory_MB": 20139,
  "training_duration": "0:01:14.710345",
  "training_start_epoch": 0,
  "training_epochs": 2,
  "epoch": 2,
  "training_accuracy": 0.3256997455470738,
  "training_disc_loss": 3.6798785591125487,
  "training_gen_loss": 6.982823524475098,
  "training_loss": 6.970158283527081,
  "training_cpu_memory_MB": 5865.616,
  "training_gpu_0_memory_MB": 22543,
  "training_gpu_1_memory_MB": 20139,
  "training_gpu_2_memory_MB": 20139,
  "training_gpu_3_memory_MB": 20139,
  "validation_accuracy": 0.3329938900203666,
  "validation_disc_loss": 5.559859810336944,
  "validation_gen_loss": 7.381372374873007,
  "validation_loss": 7.385387897491455,
  "best_validation_accuracy": 0.3329938900203666,
  "best_validation_disc_loss": 23.02420271596601,
  "best_validation_gen_loss": 13.693752996383175,
  "best_validation_loss": 13.699696202431955
}