{
  "best_epoch": 0,
  "peak_cpu_memory_MB": 5865.616,
  "peak_gpu_0_memory_MB": 2617,
  "peak_gpu_1_memory_MB": 20139,
  "peak_gpu_2_memory_MB": 20139,
  "peak_gpu_3_memory_MB": 20139,
  "training_duration": "0:00:20.949347",
  "training_start_epoch": 0,
  "training_epochs": 0,
  "epoch": 0,
  "training_accuracy": 0.366412213740458,
  "training_disc_loss": 15.685956764221192,
  "training_gen_loss": 11.911571197509765,
  "training_loss": 11.870030476496769,
  "training_cpu_memory_MB": 5865.616,
  "training_gpu_0_memory_MB": 2617,
  "training_gpu_1_memory_MB": 20139,
  "training_gpu_2_memory_MB": 20139,
  "training_gpu_3_memory_MB": 20139,
  "validation_accuracy": 0.3329938900203666,
  "validation_disc_loss": 23.02420271596601,
  "validation_gen_loss": 13.693752996383175,
  "validation_loss": 13.699696202431955,
  "best_validation_accuracy": 0.3329938900203666,
  "best_validation_disc_loss": 23.02420271596601,
  "best_validation_gen_loss": 13.693752996383175,
  "best_validation_loss": 13.699696202431955
}