{
  "best_epoch": 0,
  "peak_cpu_memory_MB": 5865.616,
  "peak_gpu_0_memory_MB": 22543,
  "peak_gpu_1_memory_MB": 20139,
  "peak_gpu_2_memory_MB": 20139,
  "peak_gpu_3_memory_MB": 20139,
  "training_duration": "0:01:41.167766",
  "training_start_epoch": 0,
  "training_epochs": 3,
  "epoch": 3,
  "training_accuracy": 0.3155216284987277,
  "training_disc_loss": 2.873693642616272,
  "training_gen_loss": 6.750385246276855,
  "training_loss": 6.754643146808331,
  "training_cpu_memory_MB": 5865.616,
  "training_gpu_0_memory_MB": 22543,
  "training_gpu_1_memory_MB": 20139,
  "training_gpu_2_memory_MB": 20139,
  "training_gpu_3_memory_MB": 20139,
  "validation_accuracy": 0.3289205702647658,
  "validation_disc_loss": 7.2871341936049925,
  "validation_gen_loss": 7.460696381907309,
  "validation_loss": 7.46470295998358,
  "best_validation_accuracy": 0.3329938900203666,
  "best_validation_disc_loss": 23.02420271596601,
  "best_validation_gen_loss": 13.693752996383175,
  "best_validation_loss": 13.699696202431955
}