{
  "best_epoch": 4,
  "peak_cpu_memory_MB": 5865.616,
  "peak_gpu_0_memory_MB": 22543,
  "peak_gpu_1_memory_MB": 20139,
  "peak_gpu_2_memory_MB": 20139,
  "peak_gpu_3_memory_MB": 20139,
  "training_duration": "0:02:07.603895",
  "training_start_epoch": 0,
  "training_epochs": 4,
  "epoch": 4,
  "training_accuracy": 0.36895674300254455,
  "training_disc_loss": 2.5949688005447387,
  "training_gen_loss": 6.652824630737305,
  "training_loss": 6.64930849808913,
  "training_cpu_memory_MB": 5865.616,
  "training_gpu_0_memory_MB": 22543,
  "training_gpu_1_memory_MB": 20139,
  "training_gpu_2_memory_MB": 20139,
  "training_gpu_3_memory_MB": 20139,
  "validation_accuracy": 0.3421588594704684,
  "validation_disc_loss": 2.8865039713921083,
  "validation_gen_loss": 7.081199376813827,
  "validation_loss": 7.084831499284314,
  "best_validation_accuracy": 0.3421588594704684,
  "best_validation_disc_loss": 2.8865039713921083,
  "best_validation_gen_loss": 7.081199376813827,
  "best_validation_loss": 7.084831499284314
}