{
  "best_epoch": 3,
  "peak_cpu_memory_MB": 5513.108,
  "peak_gpu_0_memory_MB": 12553,
  "peak_gpu_1_memory_MB": 21435,
  "peak_gpu_2_memory_MB": 0,
  "peak_gpu_3_memory_MB": 12805,
  "training_duration": "0:02:22.442208",
  "training_start_epoch": 0,
  "training_epochs": 3,
  "epoch": 3,
  "training_accuracy": 0.6310432569974554,
  "training_loss": 0.8596758475670447,
  "training_cpu_memory_MB": 5513.108,
  "training_gpu_0_memory_MB": 12553,
  "training_gpu_1_memory_MB": 21435,
  "training_gpu_2_memory_MB": 0,
  "training_gpu_3_memory_MB": 12805,
  "validation_accuracy": 0.5144167091186959,
  "validation_loss": 1.0106253810348262,
  "best_validation_accuracy": 0.5144167091186959,
  "best_validation_loss": 1.0106253810348262
}