{
  "best_epoch": 9,
  "peak_cpu_memory_MB": 5511.228,
  "peak_gpu_0_memory_MB": 12693,
  "peak_gpu_1_memory_MB": 21435,
  "peak_gpu_2_memory_MB": 0,
  "peak_gpu_3_memory_MB": 12805,
  "training_duration": "0:06:07.371980",
  "training_start_epoch": 0,
  "training_epochs": 9,
  "epoch": 9,
  "training_accuracy": 0.916030534351145,
  "training_loss": 0.3746987260304965,
  "training_cpu_memory_MB": 5511.228,
  "training_gpu_0_memory_MB": 12645,
  "training_gpu_1_memory_MB": 21435,
  "training_gpu_2_memory_MB": 0,
  "training_gpu_3_memory_MB": 12805,
  "validation_accuracy": 0.4912888436067244,
  "validation_loss": 1.0676662073461551,
  "best_validation_accuracy": 0.4912888436067244,
  "best_validation_loss": 1.0676662073461551
}