{
  "best_epoch": 4,
  "peak_cpu_memory_MB": 5511.228,
  "peak_gpu_0_memory_MB": 12693,
  "peak_gpu_1_memory_MB": 21435,
  "peak_gpu_2_memory_MB": 0,
  "peak_gpu_3_memory_MB": 12805,
  "training_duration": "0:02:57.493867",
  "training_start_epoch": 0,
  "training_epochs": 4,
  "epoch": 4,
  "training_accuracy": 0.5648854961832062,
  "training_loss": 0.935886405981504,
  "training_cpu_memory_MB": 5511.228,
  "training_gpu_0_memory_MB": 12645,
  "training_gpu_1_memory_MB": 21435,
  "training_gpu_2_memory_MB": 0,
  "training_gpu_3_memory_MB": 12805,
  "validation_accuracy": 0.39215486500254715,
  "validation_loss": 1.1506697582111296,
  "best_validation_accuracy": 0.39215486500254715,
  "best_validation_loss": 1.1506697582111296
}