{
  "best_epoch": 5,
  "peak_cpu_memory_MB": 5511.228,
  "peak_gpu_0_memory_MB": 12693,
  "peak_gpu_1_memory_MB": 21435,
  "peak_gpu_2_memory_MB": 0,
  "peak_gpu_3_memory_MB": 12805,
  "training_duration": "0:03:35.115609",
  "training_start_epoch": 0,
  "training_epochs": 5,
  "epoch": 5,
  "training_accuracy": 0.7073791348600509,
  "training_loss": 0.7308886830623333,
  "training_cpu_memory_MB": 5511.228,
  "training_gpu_0_memory_MB": 12645,
  "training_gpu_1_memory_MB": 21435,
  "training_gpu_2_memory_MB": 0,
  "training_gpu_3_memory_MB": 12805,
  "validation_accuracy": 0.4202750891492613,
  "validation_loss": 1.143412836405664,
  "best_validation_accuracy": 0.4202750891492613,
  "best_validation_loss": 1.143412836405664
}