{
  "best_epoch": 3,
  "peak_cpu_memory_MB": 5511.228,
  "peak_gpu_0_memory_MB": 12693,
  "peak_gpu_1_memory_MB": 21435,
  "peak_gpu_2_memory_MB": 0,
  "peak_gpu_3_memory_MB": 12805,
  "training_duration": "0:02:18.890785",
  "training_start_epoch": 0,
  "training_epochs": 3,
  "epoch": 3,
  "training_accuracy": 0.45038167938931295,
  "training_loss": 1.0861020867641156,
  "training_cpu_memory_MB": 5511.228,
  "training_gpu_0_memory_MB": 12645,
  "training_gpu_1_memory_MB": 21435,
  "training_gpu_2_memory_MB": 0,
  "training_gpu_3_memory_MB": 12805,
  "validation_accuracy": 0.3633214467651554,
  "validation_loss": 1.1325333656239587,
  "best_validation_accuracy": 0.3633214467651554,
  "best_validation_loss": 1.1325333656239587
}