{
  "best_epoch": 1,
  "peak_cpu_memory_MB": 5497.264,
  "peak_gpu_0_memory_MB": 12645,
  "peak_gpu_1_memory_MB": 21435,
  "peak_gpu_2_memory_MB": 0,
  "peak_gpu_3_memory_MB": 12821,
  "training_duration": "0:01:05.604514",
  "training_start_epoch": 0,
  "training_epochs": 1,
  "epoch": 1,
  "training_accuracy": 0.3460559796437659,
  "training_loss": 1.1360916449473455,
  "training_cpu_memory_MB": 5497.264,
  "training_gpu_0_memory_MB": 12645,
  "training_gpu_1_memory_MB": 21435,
  "training_gpu_2_memory_MB": 0,
  "training_gpu_3_memory_MB": 12821,
  "validation_accuracy": 0.3464085583290881,
  "validation_loss": 1.1103481648410958,
  "best_validation_accuracy": 0.3464085583290881,
  "best_validation_loss": 1.1103481648410958
}