{
  "best_epoch": 6,
  "peak_cpu_memory_MB": 5527.436,
  "peak_gpu_0_memory_MB": 12553,
  "peak_gpu_1_memory_MB": 21435,
  "peak_gpu_2_memory_MB": 0,
  "peak_gpu_3_memory_MB": 12805,
  "training_duration": "0:04:12.049096",
  "training_start_epoch": 0,
  "training_epochs": 6,
  "epoch": 6,
  "training_accuracy": 0.9083969465648855,
  "training_loss": 0.3019596842619089,
  "training_cpu_memory_MB": 5527.436,
  "training_gpu_0_memory_MB": 12553,
  "training_gpu_1_memory_MB": 21435,
  "training_gpu_2_memory_MB": 0,
  "training_gpu_3_memory_MB": 12805,
  "validation_accuracy": 0.6371879775853285,
  "validation_loss": 0.9486196941972167,
  "best_validation_accuracy": 0.6371879775853285,
  "best_validation_loss": 0.9486196941972167
}