{
  "best_epoch": 1,
  "peak_cpu_memory_MB": 5527.436,
  "peak_gpu_0_memory_MB": 12553,
  "peak_gpu_1_memory_MB": 21435,
  "peak_gpu_2_memory_MB": 0,
  "peak_gpu_3_memory_MB": 12805,
  "training_duration": "0:01:04.077267",
  "training_start_epoch": 0,
  "training_epochs": 1,
  "epoch": 1,
  "training_accuracy": 0.3460559796437659,
  "training_loss": 1.1507831445107093,
  "training_cpu_memory_MB": 5527.436,
  "training_gpu_0_memory_MB": 12553,
  "training_gpu_1_memory_MB": 21435,
  "training_gpu_2_memory_MB": 0,
  "training_gpu_3_memory_MB": 12805,
  "validation_accuracy": 0.3594498217014773,
  "validation_loss": 1.1005269038560725,
  "best_validation_accuracy": 0.3594498217014773,
  "best_validation_loss": 1.1005269038560725
}