{
  "best_epoch": 8,
  "peak_cpu_memory_MB": 5527.436,
  "peak_gpu_0_memory_MB": 12553,
  "peak_gpu_1_memory_MB": 21435,
  "peak_gpu_2_memory_MB": 0,
  "peak_gpu_3_memory_MB": 12805,
  "training_duration": "0:05:28.280940",
  "training_start_epoch": 0,
  "training_epochs": 8,
  "epoch": 8,
  "training_accuracy": 0.9694656488549618,
  "training_loss": 0.1030878832993599,
  "training_cpu_memory_MB": 5527.436,
  "training_gpu_0_memory_MB": 12553,
  "training_gpu_1_memory_MB": 21435,
  "training_gpu_2_memory_MB": 0,
  "training_gpu_3_memory_MB": 12805,
  "validation_accuracy": 0.6607233825776873,
  "validation_loss": 1.0936531323563392,
  "best_validation_accuracy": 0.6607233825776873,
  "best_validation_loss": 1.0936531323563392
}