{
  "best_epoch": 11,
  "peak_cpu_memory_MB": 5527.436,
  "peak_gpu_0_memory_MB": 12553,
  "peak_gpu_1_memory_MB": 21435,
  "peak_gpu_2_memory_MB": 0,
  "peak_gpu_3_memory_MB": 12805,
  "training_duration": "0:08:35.135802",
  "training_start_epoch": 0,
  "training_epochs": 13,
  "epoch": 13,
  "training_accuracy": 0.9949109414758269,
  "training_loss": 0.025122372433543205,
  "training_cpu_memory_MB": 5527.436,
  "training_gpu_0_memory_MB": 0,
  "training_gpu_1_memory_MB": 21435,
  "training_gpu_2_memory_MB": 0,
  "training_gpu_3_memory_MB": 12805,
  "validation_accuracy": 0.6852776362710138,
  "validation_loss": 1.1999876192901344,
  "best_validation_accuracy": 0.6906775343861437,
  "best_validation_loss": 1.1676228863796894
}