{
  "best_epoch": 2,
  "peak_cpu_memory_MB": 5527.436,
  "peak_gpu_0_memory_MB": 12553,
  "peak_gpu_1_memory_MB": 21435,
  "peak_gpu_2_memory_MB": 0,
  "peak_gpu_3_memory_MB": 12805,
  "training_duration": "0:01:41.540493",
  "training_start_epoch": 0,
  "training_epochs": 2,
  "epoch": 2,
  "training_accuracy": 0.455470737913486,
  "training_loss": 1.0706303211358876,
  "training_cpu_memory_MB": 5527.436,
  "training_gpu_0_memory_MB": 12553,
  "training_gpu_1_memory_MB": 21435,
  "training_gpu_2_memory_MB": 0,
  "training_gpu_3_memory_MB": 12805,
  "validation_accuracy": 0.45022924095771777,
  "validation_loss": 1.167931154030542,
  "best_validation_accuracy": 0.45022924095771777,
  "best_validation_loss": 1.167931154030542
}