{
  "best_epoch": 10,
  "peak_cpu_memory_MB": 5527.436,
  "peak_gpu_0_memory_MB": 12553,
  "peak_gpu_1_memory_MB": 21435,
  "peak_gpu_2_memory_MB": 0,
  "peak_gpu_3_memory_MB": 12805,
  "training_duration": "0:06:44.623734",
  "training_start_epoch": 0,
  "training_epochs": 10,
  "epoch": 10,
  "training_accuracy": 0.9974554707379135,
  "training_loss": 0.03741549929747215,
  "training_cpu_memory_MB": 5527.436,
  "training_gpu_0_memory_MB": 0,
  "training_gpu_1_memory_MB": 21435,
  "training_gpu_2_memory_MB": 0,
  "training_gpu_3_memory_MB": 12805,
  "validation_accuracy": 0.6869077941925624,
  "validation_loss": 1.1235307558934153,
  "best_validation_accuracy": 0.6869077941925624,
  "best_validation_loss": 1.1235307558934153
}