{
  "best_epoch": 7,
  "peak_cpu_memory_MB": 5527.436,
  "peak_gpu_0_memory_MB": 12553,
  "peak_gpu_1_memory_MB": 21435,
  "peak_gpu_2_memory_MB": 0,
  "peak_gpu_3_memory_MB": 12805,
  "training_duration": "0:04:50.121895",
  "training_start_epoch": 0,
  "training_epochs": 7,
  "epoch": 7,
  "training_accuracy": 0.9465648854961832,
  "training_loss": 0.18790994183375284,
  "training_cpu_memory_MB": 5527.436,
  "training_gpu_0_memory_MB": 12553,
  "training_gpu_1_memory_MB": 21435,
  "training_gpu_2_memory_MB": 0,
  "training_gpu_3_memory_MB": 12805,
  "validation_accuracy": 0.6577687213448803,
  "validation_loss": 0.9888159802565746,
  "best_validation_accuracy": 0.6577687213448803,
  "best_validation_loss": 0.9888159802565746
}