{
  "best_epoch": 0,
  "peak_cpu_memory_MB": 5340.412,
  "peak_gpu_0_memory_MB": 12645,
  "peak_gpu_1_memory_MB": 21435,
  "peak_gpu_2_memory_MB": 0,
  "peak_gpu_3_memory_MB": 12805,
  "training_duration": "0:05:44.518855",
  "training_start_epoch": 0,
  "training_epochs": 9,
  "epoch": 9,
  "training_accuracy": 0.3460559796437659,
  "training_loss": 1.1011487612357507,
  "training_cpu_memory_MB": 5340.412,
  "training_gpu_0_memory_MB": 12645,
  "training_gpu_1_memory_MB": 21435,
  "training_gpu_2_memory_MB": 0,
  "training_gpu_3_memory_MB": 12,
  "validation_accuracy": 0.3544574630667346,
  "validation_loss": 1.098402006618363,
  "best_validation_accuracy": 0.436984207845135,
  "best_validation_loss": 1.0714686757578524
}