{
  "best_epoch": 0,
  "peak_cpu_memory_MB": 5340.412,
  "peak_gpu_0_memory_MB": 12645,
  "peak_gpu_1_memory_MB": 21435,
  "peak_gpu_2_memory_MB": 0,
  "peak_gpu_3_memory_MB": 12821,
  "training_duration": "0:08:05.065717",
  "training_start_epoch": 0,
  "training_epochs": 13,
  "epoch": 13,
  "training_accuracy": 0.34096692111959287,
  "training_loss": 1.0980299161030695,
  "training_cpu_memory_MB": 5340.412,
  "training_gpu_0_memory_MB": 12645,
  "training_gpu_1_memory_MB": 21435,
  "training_gpu_2_memory_MB": 0,
  "training_gpu_3_memory_MB": 12821,
  "validation_accuracy": 0.31818644931227713,
  "validation_loss": 1.0986114573401038,
  "best_validation_accuracy": 0.436984207845135,
  "best_validation_loss": 1.0714686757578524
}