{
  "best_epoch": 3,
  "peak_cpu_memory_MB": 5340.24,
  "peak_gpu_0_memory_MB": 12553,
  "peak_gpu_1_memory_MB": 21435,
  "peak_gpu_2_memory_MB": 0,
  "peak_gpu_3_memory_MB": 12821,
  "training_duration": "0:02:22.100320",
  "training_start_epoch": 0,
  "training_epochs": 3,
  "epoch": 3,
  "training_accuracy": 0.9694656488549618,
  "training_loss": 0.11822883698802727,
  "training_cpu_memory_MB": 5340.24,
  "training_gpu_0_memory_MB": 12553,
  "training_gpu_1_memory_MB": 21435,
  "training_gpu_2_memory_MB": 0,
  "training_gpu_3_memory_MB": 12821,
  "validation_accuracy": 0.6069281711665817,
  "validation_loss": 1.3230213223917089,
  "best_validation_accuracy": 0.6069281711665817,
  "best_validation_loss": 1.3230213223917089
}