{
  "best_epoch": 0,
  "peak_cpu_memory_MB": 5340.24,
  "peak_gpu_0_memory_MB": 2309,
  "peak_gpu_1_memory_MB": 21435,
  "peak_gpu_2_memory_MB": 0,
  "peak_gpu_3_memory_MB": 12821,
  "training_duration": "0:00:30.654891",
  "training_start_epoch": 0,
  "training_epochs": 0,
  "epoch": 0,
  "training_accuracy": 0.3791348600508906,
  "training_loss": 1.0806536307701697,
  "training_cpu_memory_MB": 5340.24,
  "training_gpu_0_memory_MB": 2309,
  "training_gpu_1_memory_MB": 21435,
  "training_gpu_2_memory_MB": 0,
  "training_gpu_3_memory_MB": 12821,
  "validation_accuracy": 0.469077941925624,
  "validation_loss": 1.0271419319733734,
  "best_validation_accuracy": 0.469077941925624,
  "best_validation_loss": 1.0271419319733734
}