{
  "best_epoch": 3,
  "peak_cpu_memory_MB": 5487.884,
  "peak_gpu_0_memory_MB": 12695,
  "peak_gpu_1_memory_MB": 21435,
  "peak_gpu_2_memory_MB": 0,
  "peak_gpu_3_memory_MB": 12805,
  "training_duration": "0:02:53.692675",
  "training_start_epoch": 0,
  "training_epochs": 4,
  "epoch": 4,
  "training_accuracy": 0.46055979643765904,
  "training_loss": 1.0526985755333533,
  "training_cpu_memory_MB": 5487.884,
  "training_gpu_0_memory_MB": 12695,
  "training_gpu_1_memory_MB": 21435,
  "training_gpu_2_memory_MB": 0,
  "training_gpu_3_memory_MB": 12805,
  "validation_accuracy": 0.3597554763117677,
  "validation_loss": 1.102487288585315,
  "best_validation_accuracy": 0.36046867040244523,
  "best_validation_loss": 1.1034886941847661
}