{
  "best_epoch": 9,
  "peak_cpu_memory_MB": 5510.444,
  "peak_gpu_0_memory_MB": 12693,
  "peak_gpu_1_memory_MB": 21435,
  "peak_gpu_2_memory_MB": 0,
  "peak_gpu_3_memory_MB": 12821,
  "training_duration": "0:06:08.947791",
  "training_start_epoch": 0,
  "training_epochs": 9,
  "epoch": 9,
  "training_accuracy": 0.8854961832061069,
  "training_loss": 0.35460763481947094,
  "training_cpu_memory_MB": 5510.444,
  "training_gpu_0_memory_MB": 0,
  "training_gpu_1_memory_MB": 21435,
  "training_gpu_2_memory_MB": 0,
  "training_gpu_3_memory_MB": 12821,
  "validation_accuracy": 0.6386143657666836,
  "validation_loss": 0.8556075299989905,
  "best_validation_accuracy": 0.6386143657666836,
  "best_validation_loss": 0.8556075299989905
}