{
  "best_epoch": 12,
  "peak_cpu_memory_MB": 5510.444,
  "peak_gpu_0_memory_MB": 12693,
  "peak_gpu_1_memory_MB": 21435,
  "peak_gpu_2_memory_MB": 0,
  "peak_gpu_3_memory_MB": 12821,
  "training_duration": "0:08:03.179805",
  "training_start_epoch": 0,
  "training_epochs": 12,
  "epoch": 12,
  "training_accuracy": 0.9363867684478372,
  "training_loss": 0.2074033715403997,
  "training_cpu_memory_MB": 5510.444,
  "training_gpu_0_memory_MB": 12677,
  "training_gpu_1_memory_MB": 21435,
  "training_gpu_2_memory_MB": 0,
  "training_gpu_3_memory_MB": 12821,
  "validation_accuracy": 0.6629648497198166,
  "validation_loss": 0.8500479882043037,
  "best_validation_accuracy": 0.6629648497198166,
  "best_validation_loss": 0.8500479882043037
}