{
  "best_epoch": 11,
  "peak_cpu_memory_MB": 5510.444,
  "peak_gpu_0_memory_MB": 12693,
  "peak_gpu_1_memory_MB": 21435,
  "peak_gpu_2_memory_MB": 0,
  "peak_gpu_3_memory_MB": 12821,
  "training_duration": "0:07:25.013247",
  "training_start_epoch": 0,
  "training_epochs": 11,
  "epoch": 11,
  "training_accuracy": 0.9363867684478372,
  "training_loss": 0.23070943928681886,
  "training_cpu_memory_MB": 5510.444,
  "training_gpu_0_memory_MB": 12677,
  "training_gpu_1_memory_MB": 21435,
  "training_gpu_2_memory_MB": 0,
  "training_gpu_3_memory_MB": 12821,
  "validation_accuracy": 0.6600101884870097,
  "validation_loss": 0.8449316416967187,
  "best_validation_accuracy": 0.6600101884870097,
  "best_validation_loss": 0.8449316416967187
}