{
  "best_epoch": 6,
  "peak_cpu_memory_MB": 5510.444,
  "peak_gpu_0_memory_MB": 12693,
  "peak_gpu_1_memory_MB": 21435,
  "peak_gpu_2_memory_MB": 0,
  "peak_gpu_3_memory_MB": 12821,
  "training_duration": "0:04:14.810529",
  "training_start_epoch": 0,
  "training_epochs": 6,
  "epoch": 6,
  "training_accuracy": 0.6106870229007634,
  "training_loss": 0.887702056994805,
  "training_cpu_memory_MB": 5510.444,
  "training_gpu_0_memory_MB": 12693,
  "training_gpu_1_memory_MB": 21435,
  "training_gpu_2_memory_MB": 0,
  "training_gpu_3_memory_MB": 12821,
  "validation_accuracy": 0.4968925114620479,
  "validation_loss": 1.0315688586390368,
  "best_validation_accuracy": 0.4968925114620479,
  "best_validation_loss": 1.0315688586390368
}