{
  "best_epoch": 3,
  "peak_cpu_memory_MB": 5510.444,
  "peak_gpu_0_memory_MB": 12693,
  "peak_gpu_1_memory_MB": 21435,
  "peak_gpu_2_memory_MB": 0,
  "peak_gpu_3_memory_MB": 12821,
  "training_duration": "0:02:20.577621",
  "training_start_epoch": 0,
  "training_epochs": 3,
  "epoch": 3,
  "training_accuracy": 0.3333333333333333,
  "training_loss": 1.1693900273396418,
  "training_cpu_memory_MB": 5510.444,
  "training_gpu_0_memory_MB": 12693,
  "training_gpu_1_memory_MB": 21435,
  "training_gpu_2_memory_MB": 0,
  "training_gpu_3_memory_MB": 12821,
  "validation_accuracy": 0.3704533876719307,
  "validation_loss": 1.1379177834389653,
  "best_validation_accuracy": 0.3704533876719307,
  "best_validation_loss": 1.1379177834389653
}