{
  "best_epoch": 8,
  "peak_cpu_memory_MB": 5510.444,
  "peak_gpu_0_memory_MB": 12693,
  "peak_gpu_1_memory_MB": 21435,
  "peak_gpu_2_memory_MB": 0,
  "peak_gpu_3_memory_MB": 12821,
  "training_duration": "0:05:30.897776",
  "training_start_epoch": 0,
  "training_epochs": 8,
  "epoch": 8,
  "training_accuracy": 0.8549618320610687,
  "training_loss": 0.4500815822527959,
  "training_cpu_memory_MB": 5510.444,
  "training_gpu_0_memory_MB": 12693,
  "training_gpu_1_memory_MB": 21435,
  "training_gpu_2_memory_MB": 0,
  "training_gpu_3_memory_MB": 12821,
  "validation_accuracy": 0.6250636780438105,
  "validation_loss": 0.8644698651489295,
  "best_validation_accuracy": 0.6250636780438105,
  "best_validation_loss": 0.8644698651489295
}