{
  "best_epoch": 7,
  "peak_cpu_memory_MB": 5510.444,
  "peak_gpu_0_memory_MB": 12693,
  "peak_gpu_1_memory_MB": 21435,
  "peak_gpu_2_memory_MB": 0,
  "peak_gpu_3_memory_MB": 12821,
  "training_duration": "0:04:53.002476",
  "training_start_epoch": 0,
  "training_epochs": 7,
  "epoch": 7,
  "training_accuracy": 0.7913486005089059,
  "training_loss": 0.6420107025366563,
  "training_cpu_memory_MB": 5510.444,
  "training_gpu_0_memory_MB": 12693,
  "training_gpu_1_memory_MB": 21435,
  "training_gpu_2_memory_MB": 0,
  "training_gpu_3_memory_MB": 12821,
  "validation_accuracy": 0.582985226693836,
  "validation_loss": 0.9150359040362828,
  "best_validation_accuracy": 0.582985226693836,
  "best_validation_loss": 0.9150359040362828
}