{
  "best_epoch": 2,
  "peak_cpu_memory_MB": 5510.444,
  "peak_gpu_0_memory_MB": 12693,
  "peak_gpu_1_memory_MB": 21435,
  "peak_gpu_2_memory_MB": 0,
  "peak_gpu_3_memory_MB": 12821,
  "training_duration": "0:01:42.610774",
  "training_start_epoch": 0,
  "training_epochs": 2,
  "epoch": 2,
  "training_accuracy": 0.3511450381679389,
  "training_loss": 1.1575757815287664,
  "training_cpu_memory_MB": 5510.444,
  "training_gpu_0_memory_MB": 12693,
  "training_gpu_1_memory_MB": 21435,
  "training_gpu_2_memory_MB": 0,
  "training_gpu_3_memory_MB": 12821,
  "validation_accuracy": 0.3588385124808966,
  "validation_loss": 1.1046258300445755,
  "best_validation_accuracy": 0.3588385124808966,
  "best_validation_loss": 1.1046258300445755
}