{
  "best_epoch": 0,
  "peak_cpu_memory_MB": 5865.8,
  "peak_gpu_0_memory_MB": 21435,
  "peak_gpu_1_memory_MB": 20139,
  "peak_gpu_2_memory_MB": 20139,
  "peak_gpu_3_memory_MB": 20139,
  "training_duration": "0:02:10.244221",
  "training_start_epoch": 0,
  "training_epochs": 4,
  "epoch": 4,
  "training_accuracy": 0.455470737913486,
  "training_disc_loss": 4.714610528945923,
  "training_gen_loss": 8.686910858154297,
  "training_loss": 5.51744296000554,
  "training_cpu_memory_MB": 5865.8,
  "training_gpu_0_memory_MB": 21435,
  "training_gpu_1_memory_MB": 20139,
  "training_gpu_2_memory_MB": 20139,
  "training_gpu_3_memory_MB": 20139,
  "validation_accuracy": 0.35030549898167007,
  "validation_disc_loss": 7.171944302897299,
  "validation_gen_loss": 9.053361138989848,
  "validation_loss": 7.575071642475743,
  "best_validation_accuracy": 0.3574338085539715,
  "best_validation_disc_loss": 13.418866603605208,
  "best_validation_gen_loss": 10.877444851783014,
  "best_validation_loss": 12.933289927821006
}