{
  "best_epoch": 12,
  "peak_cpu_memory_MB": 5866.616,
  "peak_gpu_0_memory_MB": 12693,
  "peak_gpu_1_memory_MB": 21433,
  "peak_gpu_2_memory_MB": 10225,
  "peak_gpu_3_memory_MB": 12805,
  "training_duration": "0:08:17.793708",
  "training_start_epoch": 0,
  "training_epochs": 16,
  "epoch": 16,
  "training_accuracy": 0.36895674300254455,
  "training_gen_loss": 1.8558102750778198,
  "training_disc_loss": 1.4635744524002074,
  "training_loss": 1.6596923637390137,
  "training_cpu_memory_MB": 5866.616,
  "training_gpu_0_memory_MB": 12693,
  "training_gpu_1_memory_MB": 21433,
  "training_gpu_2_memory_MB": 10225,
  "training_gpu_3_memory_MB": 12805,
  "validation_accuracy": 0.3615071283095723,
  "validation_gen_loss": 2.573517034130712,
  "validation_disc_loss": 1.115124612085281,
  "validation_loss": 1.8443208163784397,
  "best_validation_accuracy": 0.3665987780040733,
  "best_validation_gen_loss": 2.468220818427301,
  "best_validation_disc_loss": 1.115987810396379,
  "best_validation_loss": 1.7921043115277444
}