{
  "best_epoch": 12,
  "peak_cpu_memory_MB": 5866.616,
  "peak_gpu_0_memory_MB": 12693,
  "peak_gpu_1_memory_MB": 21433,
  "peak_gpu_2_memory_MB": 10225,
  "peak_gpu_3_memory_MB": 12805,
  "training_duration": "0:07:22.451946",
  "training_start_epoch": 0,
  "training_epochs": 14,
  "epoch": 14,
  "training_accuracy": 0.32061068702290074,
  "training_gen_loss": 1.8841113567352294,
  "training_disc_loss": 1.543185474872589,
  "training_loss": 1.7136484241485597,
  "training_cpu_memory_MB": 5866.616,
  "training_gpu_0_memory_MB": 12693,
  "training_gpu_1_memory_MB": 21433,
  "training_gpu_2_memory_MB": 10225,
  "training_gpu_3_memory_MB": 12805,
  "validation_accuracy": 0.3533604887983707,
  "validation_gen_loss": 2.409025611415986,
  "validation_disc_loss": 1.1152694052265537,
  "validation_loss": 1.7621475073599047,
  "best_validation_accuracy": 0.3665987780040733,
  "best_validation_gen_loss": 2.468220818427301,
  "best_validation_disc_loss": 1.115987810396379,
  "best_validation_loss": 1.7921043115277444
}