{
  "best_epoch": 3,
  "peak_cpu_memory_MB": 5866.616,
  "peak_gpu_0_memory_MB": 12693,
  "peak_gpu_1_memory_MB": 21433,
  "peak_gpu_2_memory_MB": 10225,
  "peak_gpu_3_memory_MB": 12805,
  "training_duration": "0:01:50.918892",
  "training_start_epoch": 0,
  "training_epochs": 3,
  "epoch": 3,
  "training_accuracy": 0.3333333333333333,
  "training_gen_loss": 2.4961041831970214,
  "training_disc_loss": 1.7730146551132202,
  "training_loss": 2.13455943107605,
  "training_cpu_memory_MB": 5866.616,
  "training_gpu_0_memory_MB": 12693,
  "training_gpu_1_memory_MB": 21433,
  "training_gpu_2_memory_MB": 10225,
  "training_gpu_3_memory_MB": 12805,
  "validation_accuracy": 0.3319755600814664,
  "validation_gen_loss": 2.723017127283158,
  "validation_disc_loss": 1.1407497755942806,
  "validation_loss": 1.9318834600910064,
  "best_validation_accuracy": 0.3319755600814664,
  "best_validation_gen_loss": 2.723017127283158,
  "best_validation_disc_loss": 1.1407497755942806,
  "best_validation_loss": 1.9318834600910064
}