{
  "best_epoch": 12,
  "peak_cpu_memory_MB": 5866.616,
  "peak_gpu_0_memory_MB": 12693,
  "peak_gpu_1_memory_MB": 21433,
  "peak_gpu_2_memory_MB": 10225,
  "peak_gpu_3_memory_MB": 12805,
  "training_duration": "0:09:12.740906",
  "training_start_epoch": 0,
  "training_epochs": 18,
  "epoch": 18,
  "training_accuracy": 0.366412213740458,
  "training_gen_loss": 1.8540649175643922,
  "training_disc_loss": 1.4465389490127563,
  "training_loss": 1.6503019285202027,
  "training_cpu_memory_MB": 5866.616,
  "training_gpu_0_memory_MB": 12553,
  "training_gpu_1_memory_MB": 21433,
  "training_gpu_2_memory_MB": 10225,
  "training_gpu_3_memory_MB": 12805,
  "validation_accuracy": 0.3574338085539715,
  "validation_gen_loss": 2.579731910459457,
  "validation_disc_loss": 1.1146844317836146,
  "validation_loss": 1.8472081749669966,
  "best_validation_accuracy": 0.3665987780040733,
  "best_validation_gen_loss": 2.468220818427301,
  "best_validation_disc_loss": 1.115987810396379,
  "best_validation_loss": 1.7921043115277444
}