{
  "best_epoch": 11,
  "peak_cpu_memory_MB": 5866.616,
  "peak_gpu_0_memory_MB": 12693,
  "peak_gpu_1_memory_MB": 21433,
  "peak_gpu_2_memory_MB": 10225,
  "peak_gpu_3_memory_MB": 12805,
  "training_duration": "0:05:51.088467",
  "training_start_epoch": 0,
  "training_epochs": 11,
  "epoch": 11,
  "training_accuracy": 0.3384223918575064,
  "training_gen_loss": 1.9506920862197876,
  "training_disc_loss": 1.4876176166534423,
  "training_loss": 1.7191548538208008,
  "training_cpu_memory_MB": 5866.616,
  "training_gpu_0_memory_MB": 12693,
  "training_gpu_1_memory_MB": 21433,
  "training_gpu_2_memory_MB": 10225,
  "training_gpu_3_memory_MB": 12805,
  "validation_accuracy": 0.3513238289205703,
  "validation_gen_loss": 2.606277911893783,
  "validation_disc_loss": 1.1259180615025182,
  "validation_loss": 1.8660979866981506,
  "best_validation_accuracy": 0.3513238289205703,
  "best_validation_gen_loss": 2.606277911893783,
  "best_validation_disc_loss": 1.1259180615025182,
  "best_validation_loss": 1.8660979866981506
}