{
  "best_epoch": 6,
  "peak_cpu_memory_MB": 5866.616,
  "peak_gpu_0_memory_MB": 12693,
  "peak_gpu_1_memory_MB": 21433,
  "peak_gpu_2_memory_MB": 10225,
  "peak_gpu_3_memory_MB": 12805,
  "training_duration": "0:04:17.850563",
  "training_start_epoch": 0,
  "training_epochs": 8,
  "epoch": 8,
  "training_accuracy": 0.37150127226463103,
  "training_gen_loss": 2.058806209564209,
  "training_disc_loss": 1.4820807409286498,
  "training_loss": 1.77044349193573,
  "training_cpu_memory_MB": 5866.616,
  "training_gpu_0_memory_MB": 12693,
  "training_gpu_1_memory_MB": 21433,
  "training_gpu_2_memory_MB": 10225,
  "training_gpu_3_memory_MB": 12805,
  "validation_accuracy": 0.319755600814664,
  "validation_gen_loss": 2.5259841565162904,
  "validation_disc_loss": 1.1190902783024697,
  "validation_loss": 1.8225372202934758,
  "best_validation_accuracy": 0.3329938900203666,
  "best_validation_gen_loss": 2.4193954852319535,
  "best_validation_disc_loss": 1.1305325377372004,
  "best_validation_loss": 1.7749640114845768
}