{
  "best_epoch": 12,
  "peak_cpu_memory_MB": 5866.616,
  "peak_gpu_0_memory_MB": 12693,
  "peak_gpu_1_memory_MB": 21433,
  "peak_gpu_2_memory_MB": 10225,
  "peak_gpu_3_memory_MB": 12805,
  "training_duration": "0:08:45.179761",
  "training_start_epoch": 0,
  "training_epochs": 17,
  "epoch": 17,
  "training_accuracy": 0.3511450381679389,
  "training_gen_loss": 1.8591668367385865,
  "training_disc_loss": 1.48409827709198,
  "training_loss": 1.6716325616836547,
  "training_cpu_memory_MB": 5866.616,
  "training_gpu_0_memory_MB": 12693,
  "training_gpu_1_memory_MB": 21433,
  "training_gpu_2_memory_MB": 10225,
  "training_gpu_3_memory_MB": 12805,
  "validation_accuracy": 0.3645621181262729,
  "validation_gen_loss": 2.5904450839565647,
  "validation_disc_loss": 1.114770197099255,
  "validation_loss": 1.8526076424506404,
  "best_validation_accuracy": 0.3665987780040733,
  "best_validation_gen_loss": 2.468220818427301,
  "best_validation_disc_loss": 1.115987810396379,
  "best_validation_loss": 1.7921043115277444
}