{
  "best_epoch": 0,
  "peak_cpu_memory_MB": 5866.616,
  "peak_gpu_0_memory_MB": 12693,
  "peak_gpu_1_memory_MB": 2617,
  "peak_gpu_2_memory_MB": 10225,
  "peak_gpu_3_memory_MB": 12805,
  "training_duration": "0:00:21.993445",
  "training_start_epoch": 0,
  "training_epochs": 0,
  "epoch": 0,
  "training_accuracy": 0.3435114503816794,
  "training_gen_loss": 7.649516172409058,
  "training_disc_loss": 9.372704515457153,
  "training_loss": 8.51111029624939,
  "training_cpu_memory_MB": 5866.616,
  "training_gpu_0_memory_MB": 12693,
  "training_gpu_1_memory_MB": 2617,
  "training_gpu_2_memory_MB": 10225,
  "training_gpu_3_memory_MB": 12805,
  "validation_accuracy": 0.3268839103869654,
  "validation_gen_loss": 3.894355554734507,
  "validation_disc_loss": 1.2119369093448884,
  "validation_loss": 2.553146227713554,
  "best_validation_accuracy": 0.3268839103869654,
  "best_validation_gen_loss": 3.894355554734507,
  "best_validation_disc_loss": 1.2119369093448884,
  "best_validation_loss": 2.553146227713554
}