{
  "best_epoch": 10,
  "peak_cpu_memory_MB": 5866.616,
  "peak_gpu_0_memory_MB": 12693,
  "peak_gpu_1_memory_MB": 21433,
  "peak_gpu_2_memory_MB": 10225,
  "peak_gpu_3_memory_MB": 12805,
  "training_duration": "0:05:18.204728",
  "training_start_epoch": 0,
  "training_epochs": 10,
  "epoch": 10,
  "training_accuracy": 0.33587786259541985,
  "training_gen_loss": 1.980263624191284,
  "training_disc_loss": 1.5550154542922974,
  "training_loss": 1.7676395416259765,
  "training_cpu_memory_MB": 5866.616,
  "training_gpu_0_memory_MB": 12693,
  "training_gpu_1_memory_MB": 21433,
  "training_gpu_2_memory_MB": 10225,
  "training_gpu_3_memory_MB": 12805,
  "validation_accuracy": 0.34725050916496947,
  "validation_gen_loss": 2.6070124218540807,
  "validation_disc_loss": 1.1215760842446358,
  "validation_loss": 1.8642942578561845,
  "best_validation_accuracy": 0.34725050916496947,
  "best_validation_gen_loss": 2.6070124218540807,
  "best_validation_disc_loss": 1.1215760842446358,
  "best_validation_loss": 1.8642942578561845
}