{
  "best_epoch": 2,
  "peak_cpu_memory_MB": 5866.616,
  "peak_gpu_0_memory_MB": 12693,
  "peak_gpu_1_memory_MB": 21433,
  "peak_gpu_2_memory_MB": 10225,
  "peak_gpu_3_memory_MB": 12805,
  "training_duration": "0:01:18.689375",
  "training_start_epoch": 0,
  "training_epochs": 2,
  "epoch": 2,
  "training_accuracy": 0.29770992366412213,
  "training_gen_loss": 2.8348499488830567,
  "training_disc_loss": 1.8825092554092406,
  "training_loss": 2.3586795854568483,
  "training_cpu_memory_MB": 5866.616,
  "training_gpu_0_memory_MB": 12693,
  "training_gpu_1_memory_MB": 21433,
  "training_gpu_2_memory_MB": 10225,
  "training_gpu_3_memory_MB": 12805,
  "validation_accuracy": 0.3289205702647658,
  "validation_gen_loss": 3.015003811928534,
  "validation_disc_loss": 1.1393200716664713,
  "validation_loss": 2.077161946604329,
  "best_validation_accuracy": 0.3289205702647658,
  "best_validation_gen_loss": 3.015003811928534,
  "best_validation_disc_loss": 1.1393200716664713,
  "best_validation_loss": 2.077161946604329
}