{
  "best_epoch": 24,
  "peak_cpu_memory_MB": 5866.412,
  "peak_gpu_0_memory_MB": 13845,
  "peak_gpu_1_memory_MB": 13005,
  "peak_gpu_2_memory_MB": 13845,
  "peak_gpu_3_memory_MB": 21435,
  "training_duration": "0:21:27.969636",
  "training_start_epoch": 0,
  "training_epochs": 36,
  "epoch": 36,
  "training_accuracy": 0.6615776081424937,
  "training_disc_loss": 0.9069263830780983,
  "training_gen_loss": 5.2085970020294186,
  "training_loss": 5.2085970020294186,
  "training_cpu_memory_MB": 5866.412,
  "training_gpu_0_memory_MB": 13845,
  "training_gpu_1_memory_MB": 13005,
  "training_gpu_2_memory_MB": 13845,
  "training_gpu_3_memory_MB": 21435,
  "validation_accuracy": 0.34928716904276985,
  "validation_disc_loss": 4.10459603575187,
  "validation_gen_loss": 11.539994565452018,
  "validation_loss": 11.539994565452018,
  "best_validation_accuracy": 0.40224032586558045,
  "best_validation_disc_loss": 2.0573681057468662,
  "best_validation_gen_loss": 11.048385589103388,
  "best_validation_loss": 11.048385589103388
}