{
  "best_epoch": 24,
  "peak_cpu_memory_MB": 5866.412,
  "peak_gpu_0_memory_MB": 13845,
  "peak_gpu_1_memory_MB": 13005,
  "peak_gpu_2_memory_MB": 13845,
  "peak_gpu_3_memory_MB": 21435,
  "training_duration": "0:15:11.866166",
  "training_start_epoch": 0,
  "training_epochs": 25,
  "epoch": 25,
  "training_accuracy": 0.9440203562340967,
  "training_disc_loss": 0.2302161131054163,
  "training_gen_loss": 5.210563344955444,
  "training_loss": 5.210563344955444,
  "training_cpu_memory_MB": 5866.412,
  "training_gpu_0_memory_MB": 13845,
  "training_gpu_1_memory_MB": 13005,
  "training_gpu_2_memory_MB": 13845,
  "training_gpu_3_memory_MB": 21435,
  "validation_accuracy": 0.34317718940936864,
  "validation_disc_loss": 10.670730583066863,
  "validation_gen_loss": 10.890543046036386,
  "validation_loss": 10.890543046036386,
  "best_validation_accuracy": 0.40224032586558045,
  "best_validation_disc_loss": 2.0573681057468662,
  "best_validation_gen_loss": 11.048385589103388,
  "best_validation_loss": 11.048385589103388
}