{
  "best_epoch": 1,
  "peak_cpu_memory_MB": 5866.412,
  "peak_gpu_0_memory_MB": 13845,
  "peak_gpu_1_memory_MB": 13005,
  "peak_gpu_2_memory_MB": 13845,
  "peak_gpu_3_memory_MB": 21435,
  "training_duration": "0:00:59.261633",
  "training_start_epoch": 0,
  "training_epochs": 1,
  "epoch": 1,
  "training_accuracy": 0.3384223918575064,
  "training_disc_loss": 1.6391628086566925,
  "training_gen_loss": 6.467716512680053,
  "training_loss": 6.467716512680053,
  "training_cpu_memory_MB": 5866.412,
  "training_gpu_0_memory_MB": 13845,
  "training_gpu_1_memory_MB": 13005,
  "training_gpu_2_memory_MB": 13845,
  "training_gpu_3_memory_MB": 21435,
  "validation_accuracy": 0.3564154786150713,
  "validation_disc_loss": 1.1889126155434586,
  "validation_gen_loss": 6.963973754789771,
  "validation_loss": 6.963973754789771,
  "best_validation_accuracy": 0.3564154786150713,
  "best_validation_disc_loss": 1.1889126155434586,
  "best_validation_gen_loss": 6.963973754789771,
  "best_validation_loss": 6.963973754789771
}