{
  "best_epoch": 10,
  "peak_cpu_memory_MB": 5866.412,
  "peak_gpu_0_memory_MB": 13845,
  "peak_gpu_1_memory_MB": 13005,
  "peak_gpu_2_memory_MB": 13845,
  "peak_gpu_3_memory_MB": 21435,
  "training_duration": "0:09:49.278681",
  "training_start_epoch": 0,
  "training_epochs": 16,
  "epoch": 16,
  "training_accuracy": 0.8625954198473282,
  "training_disc_loss": 0.4184264302439988,
  "training_gen_loss": 5.418520126342774,
  "training_loss": 5.418520126342774,
  "training_cpu_memory_MB": 5866.412,
  "training_gpu_0_memory_MB": 13845,
  "training_gpu_1_memory_MB": 13005,
  "training_gpu_2_memory_MB": 13845,
  "training_gpu_3_memory_MB": 21435,
  "validation_accuracy": 0.3329938900203666,
  "validation_disc_loss": 16.79363084808598,
  "validation_gen_loss": 10.259763616856521,
  "validation_loss": 10.259763616856521,
  "best_validation_accuracy": 0.3879837067209776,
  "best_validation_disc_loss": 2.9138825046337717,
  "best_validation_gen_loss": 8.088187078150307,
  "best_validation_loss": 8.088187078150307
}