{
  "best_epoch": 24,
  "peak_cpu_memory_MB": 5866.412,
  "peak_gpu_0_memory_MB": 13845,
  "peak_gpu_1_memory_MB": 13005,
  "peak_gpu_2_memory_MB": 13845,
  "peak_gpu_3_memory_MB": 21435,
  "training_duration": "0:14:32.411927",
  "training_start_epoch": 0,
  "training_epochs": 24,
  "epoch": 24,
  "training_accuracy": 0.9567430025445293,
  "training_disc_loss": 0.18092815244279337,
  "training_gen_loss": 5.228681116104126,
  "training_loss": 5.228681116104126,
  "training_cpu_memory_MB": 5866.412,
  "training_gpu_0_memory_MB": 13845,
  "training_gpu_1_memory_MB": 13005,
  "training_gpu_2_memory_MB": 13845,
  "training_gpu_3_memory_MB": 21435,
  "validation_accuracy": 0.40224032586558045,
  "validation_disc_loss": 2.0573681057468662,
  "validation_gen_loss": 11.048385589103388,
  "validation_loss": 11.048385589103388,
  "best_validation_accuracy": 0.40224032586558045,
  "best_validation_disc_loss": 2.0573681057468662,
  "best_validation_gen_loss": 11.048385589103388,
  "best_validation_loss": 11.048385589103388
}