{
  "best_epoch": 24,
  "peak_cpu_memory_MB": 5866.412,
  "peak_gpu_0_memory_MB": 13845,
  "peak_gpu_1_memory_MB": 13005,
  "peak_gpu_2_memory_MB": 13845,
  "peak_gpu_3_memory_MB": 21435,
  "training_duration": "0:19:10.910265",
  "training_start_epoch": 0,
  "training_epochs": 32,
  "epoch": 32,
  "training_accuracy": 0.6310432569974554,
  "training_disc_loss": 1.086309477686882,
  "training_gen_loss": 5.275718030929565,
  "training_loss": 5.275718030929565,
  "training_cpu_memory_MB": 5866.412,
  "training_gpu_0_memory_MB": 13845,
  "training_gpu_1_memory_MB": 13005,
  "training_gpu_2_memory_MB": 13845,
  "training_gpu_3_memory_MB": 21435,
  "validation_accuracy": 0.34623217922606925,
  "validation_disc_loss": 5.490250758039273,
  "validation_gen_loss": 12.672016500457515,
  "validation_loss": 12.672016500457515,
  "best_validation_accuracy": 0.40224032586558045,
  "best_validation_disc_loss": 2.0573681057468662,
  "best_validation_gen_loss": 11.048385589103388,
  "best_validation_loss": 11.048385589103388
}