{
  "best_epoch": 10,
  "peak_cpu_memory_MB": 5866.412,
  "peak_gpu_0_memory_MB": 13845,
  "peak_gpu_1_memory_MB": 13005,
  "peak_gpu_2_memory_MB": 13845,
  "peak_gpu_3_memory_MB": 21435,
  "training_duration": "0:07:29.976737",
  "training_start_epoch": 0,
  "training_epochs": 12,
  "epoch": 12,
  "training_accuracy": 0.7480916030534351,
  "training_disc_loss": 0.8653506287932395,
  "training_gen_loss": 5.550060749053955,
  "training_loss": 5.550060749053955,
  "training_cpu_memory_MB": 5866.412,
  "training_gpu_0_memory_MB": 13845,
  "training_gpu_1_memory_MB": 13005,
  "training_gpu_2_memory_MB": 13845,
  "training_gpu_3_memory_MB": 21435,
  "validation_accuracy": 0.34623217922606925,
  "validation_disc_loss": 3.2883356295950046,
  "validation_gen_loss": 8.309786757802575,
  "validation_loss": 8.309786757802575,
  "best_validation_accuracy": 0.3879837067209776,
  "best_validation_disc_loss": 2.9138825046337717,
  "best_validation_gen_loss": 8.088187078150307,
  "best_validation_loss": 8.088187078150307
}