{
  "best_epoch": 10,
  "peak_cpu_memory_MB": 5866.412,
  "peak_gpu_0_memory_MB": 13845,
  "peak_gpu_1_memory_MB": 13005,
  "peak_gpu_2_memory_MB": 13845,
  "peak_gpu_3_memory_MB": 21435,
  "training_duration": "0:06:55.206973",
  "training_start_epoch": 0,
  "training_epochs": 11,
  "epoch": 11,
  "training_accuracy": 0.7175572519083969,
  "training_disc_loss": 0.7621812736988067,
  "training_gen_loss": 5.5714175987243655,
  "training_loss": 5.5714175987243655,
  "training_cpu_memory_MB": 5866.412,
  "training_gpu_0_memory_MB": 13845,
  "training_gpu_1_memory_MB": 13005,
  "training_gpu_2_memory_MB": 13845,
  "training_gpu_3_memory_MB": 21435,
  "validation_accuracy": 0.3329938900203666,
  "validation_disc_loss": 10.815903431031762,
  "validation_gen_loss": 12.453527690918465,
  "validation_loss": 12.453527690918465,
  "best_validation_accuracy": 0.3879837067209776,
  "best_validation_disc_loss": 2.9138825046337717,
  "best_validation_gen_loss": 8.088187078150307,
  "best_validation_loss": 8.088187078150307
}