{
  "best_epoch": 17,
  "peak_cpu_memory_MB": 5866.412,
  "peak_gpu_0_memory_MB": 13845,
  "peak_gpu_1_memory_MB": 13005,
  "peak_gpu_2_memory_MB": 13845,
  "peak_gpu_3_memory_MB": 21435,
  "training_duration": "0:12:49.543455",
  "training_start_epoch": 0,
  "training_epochs": 21,
  "epoch": 21,
  "training_accuracy": 0.910941475826972,
  "training_disc_loss": 0.26426657390784386,
  "training_gen_loss": 5.317997903823852,
  "training_loss": 5.317997903823852,
  "training_cpu_memory_MB": 5866.412,
  "training_gpu_0_memory_MB": 13845,
  "training_gpu_1_memory_MB": 13005,
  "training_gpu_2_memory_MB": 13845,
  "training_gpu_3_memory_MB": 21435,
  "validation_accuracy": 0.3340122199592668,
  "validation_disc_loss": 16.779429040304045,
  "validation_gen_loss": 11.362692623603635,
  "validation_loss": 11.362692623603635,
  "best_validation_accuracy": 0.390020366598778,
  "best_validation_disc_loss": 2.4141205113108564,
  "best_validation_gen_loss": 9.22817539199581,
  "best_validation_loss": 9.22817539199581
}