{
  "best_epoch": 24,
  "peak_cpu_memory_MB": 5866.412,
  "peak_gpu_0_memory_MB": 13845,
  "peak_gpu_1_memory_MB": 13005,
  "peak_gpu_2_memory_MB": 13845,
  "peak_gpu_3_memory_MB": 21435,
  "training_duration": "0:20:19.527991",
  "training_start_epoch": 0,
  "training_epochs": 34,
  "epoch": 34,
  "training_accuracy": 0.6437659033078881,
  "training_disc_loss": 0.8971740724146366,
  "training_gen_loss": 5.265597276687622,
  "training_loss": 5.265597276687622,
  "training_cpu_memory_MB": 5866.412,
  "training_gpu_0_memory_MB": 13845,
  "training_gpu_1_memory_MB": 13005,
  "training_gpu_2_memory_MB": 13845,
  "training_gpu_3_memory_MB": 21435,
  "validation_accuracy": 0.34725050916496947,
  "validation_disc_loss": 4.900514905045672,
  "validation_gen_loss": 13.12589761687488,
  "validation_loss": 13.12589761687488,
  "best_validation_accuracy": 0.40224032586558045,
  "best_validation_disc_loss": 2.0573681057468662,
  "best_validation_gen_loss": 11.048385589103388,
  "best_validation_loss": 11.048385589103388
}