{
  "best_epoch": 17,
  "peak_cpu_memory_MB": 5866.412,
  "peak_gpu_0_memory_MB": 13845,
  "peak_gpu_1_memory_MB": 13005,
  "peak_gpu_2_memory_MB": 13845,
  "peak_gpu_3_memory_MB": 21435,
  "training_duration": "0:10:24.376107",
  "training_start_epoch": 0,
  "training_epochs": 17,
  "epoch": 17,
  "training_accuracy": 0.8702290076335878,
  "training_disc_loss": 0.36784553179168145,
  "training_gen_loss": 5.355523223876953,
  "training_loss": 5.355523223876953,
  "training_cpu_memory_MB": 5866.412,
  "training_gpu_0_memory_MB": 13845,
  "training_gpu_1_memory_MB": 13005,
  "training_gpu_2_memory_MB": 13845,
  "training_gpu_3_memory_MB": 21435,
  "validation_accuracy": 0.390020366598778,
  "validation_disc_loss": 2.4141205113108564,
  "validation_gen_loss": 9.22817539199581,
  "validation_loss": 9.22817539199581,
  "best_validation_accuracy": 0.390020366598778,
  "best_validation_disc_loss": 2.4141205113108564,
  "best_validation_gen_loss": 9.22817539199581,
  "best_validation_loss": 9.22817539199581
}