{
  "best_epoch": 6,
  "peak_cpu_memory_MB": 5866.412,
  "peak_gpu_0_memory_MB": 13845,
  "peak_gpu_1_memory_MB": 13005,
  "peak_gpu_2_memory_MB": 13845,
  "peak_gpu_3_memory_MB": 21435,
  "training_duration": "0:04:32.381566",
  "training_start_epoch": 0,
  "training_epochs": 7,
  "epoch": 7,
  "training_accuracy": 0.4758269720101781,
  "training_disc_loss": 1.6542161828279496,
  "training_gen_loss": 5.748287210464477,
  "training_loss": 5.748287210464477,
  "training_cpu_memory_MB": 5866.412,
  "training_gpu_0_memory_MB": 13845,
  "training_gpu_1_memory_MB": 13005,
  "training_gpu_2_memory_MB": 13845,
  "training_gpu_3_memory_MB": 21435,
  "validation_accuracy": 0.3329938900203666,
  "validation_disc_loss": 12.106757268673036,
  "validation_gen_loss": 9.876628108140899,
  "validation_loss": 9.876628108140899,
  "best_validation_accuracy": 0.38391038696537677,
  "best_validation_disc_loss": 1.1657867266879818,
  "best_validation_gen_loss": 7.450136366898452,
  "best_validation_loss": 7.450136366898452
}