{
  "best_epoch": 6,
  "peak_cpu_memory_MB": 5866.412,
  "peak_gpu_0_memory_MB": 13845,
  "peak_gpu_1_memory_MB": 13005,
  "peak_gpu_2_memory_MB": 13845,
  "peak_gpu_3_memory_MB": 21435,
  "training_duration": "0:05:41.146048",
  "training_start_epoch": 0,
  "training_epochs": 9,
  "epoch": 9,
  "training_accuracy": 0.5750636132315522,
  "training_disc_loss": 1.3144651034474373,
  "training_gen_loss": 5.656438074111938,
  "training_loss": 5.656438074111938,
  "training_cpu_memory_MB": 5866.412,
  "training_gpu_0_memory_MB": 13845,
  "training_gpu_1_memory_MB": 13005,
  "training_gpu_2_memory_MB": 13845,
  "training_gpu_3_memory_MB": 21435,
  "validation_accuracy": 0.36863543788187375,
  "validation_disc_loss": 1.4241917438623382,
  "validation_gen_loss": 7.806596352802059,
  "validation_loss": 7.806596352802059,
  "best_validation_accuracy": 0.38391038696537677,
  "best_validation_disc_loss": 1.1657867266879818,
  "best_validation_gen_loss": 7.450136366898452,
  "best_validation_loss": 7.450136366898452
}