{
  "best_epoch": 17,
  "peak_cpu_memory_MB": 5866.412,
  "peak_gpu_0_memory_MB": 13845,
  "peak_gpu_1_memory_MB": 13005,
  "peak_gpu_2_memory_MB": 13845,
  "peak_gpu_3_memory_MB": 21435,
  "training_duration": "0:11:05.461699",
  "training_start_epoch": 0,
  "training_epochs": 18,
  "epoch": 18,
  "training_accuracy": 0.7531806615776081,
  "training_disc_loss": 0.6747685137949884,
  "training_gen_loss": 5.400457553863525,
  "training_loss": 5.400457553863525,
  "training_cpu_memory_MB": 5866.412,
  "training_gpu_0_memory_MB": 13845,
  "training_gpu_1_memory_MB": 13005,
  "training_gpu_2_memory_MB": 13845,
  "training_gpu_3_memory_MB": 21435,
  "validation_accuracy": 0.3340122199592668,
  "validation_disc_loss": 3.2272415354969057,
  "validation_gen_loss": 9.175909061742022,
  "validation_loss": 9.175909061742022,
  "best_validation_accuracy": 0.390020366598778,
  "best_validation_disc_loss": 2.4141205113108564,
  "best_validation_gen_loss": 9.22817539199581,
  "best_validation_loss": 9.22817539199581
}