{
  "best_epoch": 14,
  "peak_cpu_memory_MB": 5867.412,
  "peak_gpu_0_memory_MB": 13845,
  "peak_gpu_1_memory_MB": 13845,
  "peak_gpu_2_memory_MB": 13845,
  "peak_gpu_3_memory_MB": 21435,
  "training_duration": "0:09:34.850211",
  "training_start_epoch": 0,
  "training_epochs": 16,
  "epoch": 16,
  "training_accuracy": 0.6895674300254453,
  "training_disc_loss": 0.7937047079205513,
  "training_gen_loss": 5.844079551696777,
  "training_loss": 5.844079551696777,
  "training_cpu_memory_MB": 5867.412,
  "training_gpu_0_memory_MB": 13845,
  "training_gpu_1_memory_MB": 13845,
  "training_gpu_2_memory_MB": 13845,
  "training_gpu_3_memory_MB": 21435,
  "validation_accuracy": 0.395112016293279,
  "validation_disc_loss": 1.5238447179639243,
  "validation_gen_loss": 7.1462372996942785,
  "validation_loss": 7.1462372996942785,
  "best_validation_accuracy": 0.40325865580448067,
  "best_validation_disc_loss": 1.5224420893483046,
  "best_validation_gen_loss": 7.0809458290658345,
  "best_validation_loss": 7.0809458290658345
}