{
  "best_epoch": 14,
  "peak_cpu_memory_MB": 5867.412,
  "peak_gpu_0_memory_MB": 13845,
  "peak_gpu_1_memory_MB": 13845,
  "peak_gpu_2_memory_MB": 13845,
  "peak_gpu_3_memory_MB": 21435,
  "training_duration": "0:11:15.274130",
  "training_start_epoch": 0,
  "training_epochs": 19,
  "epoch": 19,
  "training_accuracy": 0.6997455470737913,
  "training_disc_loss": 0.7654345472948626,
  "training_gen_loss": 5.73198205947876,
  "training_loss": 5.73198205947876,
  "training_cpu_memory_MB": 5867.412,
  "training_gpu_0_memory_MB": 13845,
  "training_gpu_1_memory_MB": 12,
  "training_gpu_2_memory_MB": 13845,
  "training_gpu_3_memory_MB": 21435,
  "validation_accuracy": 0.40325865580448067,
  "validation_disc_loss": 1.6235361913355386,
  "validation_gen_loss": 7.28139889337183,
  "validation_loss": 7.28139889337183,
  "best_validation_accuracy": 0.40325865580448067,
  "best_validation_disc_loss": 1.5224420893483046,
  "best_validation_gen_loss": 7.0809458290658345,
  "best_validation_loss": 7.0809458290658345
}