{
  "best_epoch": 2,
  "peak_cpu_memory_MB": 5867.412,
  "peak_gpu_0_memory_MB": 13845,
  "peak_gpu_1_memory_MB": 13845,
  "peak_gpu_2_memory_MB": 13845,
  "peak_gpu_3_memory_MB": 21435,
  "training_duration": "0:01:32.143297",
  "training_start_epoch": 0,
  "training_epochs": 2,
  "epoch": 2,
  "training_accuracy": 0.361323155216285,
  "training_disc_loss": 3.537550936937332,
  "training_gen_loss": 6.750583076477051,
  "training_loss": 6.750583076477051,
  "training_cpu_memory_MB": 5867.412,
  "training_gpu_0_memory_MB": 13845,
  "training_gpu_1_memory_MB": 13845,
  "training_gpu_2_memory_MB": 13845,
  "training_gpu_3_memory_MB": 21435,
  "validation_accuracy": 0.34826883910386963,
  "validation_disc_loss": 2.6789852581857665,
  "validation_gen_loss": 7.031304735478347,
  "validation_loss": 7.031304735478347,
  "best_validation_accuracy": 0.34826883910386963,
  "best_validation_disc_loss": 2.6789852581857665,
  "best_validation_gen_loss": 7.031304735478347,
  "best_validation_loss": 7.031304735478347
}