{
  "best_epoch": 25,
  "peak_cpu_memory_MB": 5867.412,
  "peak_gpu_0_memory_MB": 13845,
  "peak_gpu_1_memory_MB": 13845,
  "peak_gpu_2_memory_MB": 13845,
  "peak_gpu_3_memory_MB": 21435,
  "training_duration": "0:16:25.058027",
  "training_start_epoch": 0,
  "training_epochs": 28,
  "epoch": 28,
  "training_accuracy": 0.8244274809160306,
  "training_disc_loss": 0.45316738164052367,
  "training_gen_loss": 5.595750045776367,
  "training_loss": 5.595750045776367,
  "training_cpu_memory_MB": 5867.412,
  "training_gpu_0_memory_MB": 13845,
  "training_gpu_1_memory_MB": 13845,
  "training_gpu_2_memory_MB": 13845,
  "training_gpu_3_memory_MB": 21435,
  "validation_accuracy": 0.3940936863543788,
  "validation_disc_loss": 2.2426790890654895,
  "validation_gen_loss": 7.526042096983127,
  "validation_loss": 7.526042096983127,
  "best_validation_accuracy": 0.4073319755600815,
  "best_validation_disc_loss": 1.9507066864308302,
  "best_validation_gen_loss": 7.439593183315866,
  "best_validation_loss": 7.439593183315866
}