{
  "best_epoch": 4,
  "peak_cpu_memory_MB": 5867.412,
  "peak_gpu_0_memory_MB": 13845,
  "peak_gpu_1_memory_MB": 13845,
  "peak_gpu_2_memory_MB": 13845,
  "peak_gpu_3_memory_MB": 21435,
  "training_duration": "0:02:42.576511",
  "training_start_epoch": 0,
  "training_epochs": 4,
  "epoch": 4,
  "training_accuracy": 0.4020356234096692,
  "training_disc_loss": 1.4733876603841782,
  "training_gen_loss": 6.401406459808349,
  "training_loss": 6.401406459808349,
  "training_cpu_memory_MB": 5867.412,
  "training_gpu_0_memory_MB": 13845,
  "training_gpu_1_memory_MB": 13845,
  "training_gpu_2_memory_MB": 13845,
  "training_gpu_3_memory_MB": 21435,
  "validation_accuracy": 0.3727087576374745,
  "validation_disc_loss": 1.3229482866884248,
  "validation_gen_loss": 6.876524553066346,
  "validation_loss": 6.876524553066346,
  "best_validation_accuracy": 0.3727087576374745,
  "best_validation_disc_loss": 1.3229482866884248,
  "best_validation_gen_loss": 6.876524553066346,
  "best_validation_loss": 6.876524553066346
}