{
  "best_epoch": 25,
  "peak_cpu_memory_MB": 5867.412,
  "peak_gpu_0_memory_MB": 13845,
  "peak_gpu_1_memory_MB": 13845,
  "peak_gpu_2_memory_MB": 13845,
  "peak_gpu_3_memory_MB": 21435,
  "training_duration": "0:21:25.310700",
  "training_start_epoch": 0,
  "training_epochs": 37,
  "epoch": 37,
  "training_accuracy": 0.8676844783715013,
  "training_disc_loss": 0.34159150032355684,
  "training_gen_loss": 5.509377098083496,
  "training_loss": 5.509377098083496,
  "training_cpu_memory_MB": 5867.412,
  "training_gpu_0_memory_MB": 13845,
  "training_gpu_1_memory_MB": 13845,
  "training_gpu_2_memory_MB": 13845,
  "training_gpu_3_memory_MB": 21435,
  "validation_accuracy": 0.40224032586558045,
  "validation_disc_loss": 2.3263482596816085,
  "validation_gen_loss": 7.7250006295801175,
  "validation_loss": 7.7250006295801175,
  "best_validation_accuracy": 0.4073319755600815,
  "best_validation_disc_loss": 1.9507066864308302,
  "best_validation_gen_loss": 7.439593183315866,
  "best_validation_loss": 7.439593183315866
}