{
  "best_epoch": 25,
  "peak_cpu_memory_MB": 5867.412,
  "peak_gpu_0_memory_MB": 13845,
  "peak_gpu_1_memory_MB": 13845,
  "peak_gpu_2_memory_MB": 13845,
  "peak_gpu_3_memory_MB": 21435,
  "training_duration": "0:21:58.370190",
  "training_start_epoch": 0,
  "training_epochs": 38,
  "epoch": 38,
  "training_accuracy": 0.8600508905852418,
  "training_disc_loss": 0.3374927655979991,
  "training_gen_loss": 5.494835586547851,
  "training_loss": 5.494835586547851,
  "training_cpu_memory_MB": 5867.412,
  "training_gpu_0_memory_MB": 13845,
  "training_gpu_1_memory_MB": 13845,
  "training_gpu_2_memory_MB": 13845,
  "training_gpu_3_memory_MB": 21435,
  "validation_accuracy": 0.3818737270875764,
  "validation_disc_loss": 2.42107630187903,
  "validation_gen_loss": 7.739498316757078,
  "validation_loss": 7.739498316757078,
  "best_validation_accuracy": 0.4073319755600815,
  "best_validation_disc_loss": 1.9507066864308302,
  "best_validation_gen_loss": 7.439593183315866,
  "best_validation_loss": 7.439593183315866
}