{
  "best_epoch": 14,
  "peak_cpu_memory_MB": 5867.412,
  "peak_gpu_0_memory_MB": 13845,
  "peak_gpu_1_memory_MB": 13845,
  "peak_gpu_2_memory_MB": 13845,
  "peak_gpu_3_memory_MB": 21435,
  "training_duration": "0:08:23.737570",
  "training_start_epoch": 0,
  "training_epochs": 14,
  "epoch": 14,
  "training_accuracy": 0.6005089058524173,
  "training_disc_loss": 0.9591604608297348,
  "training_gen_loss": 5.885484685897827,
  "training_loss": 5.885484685897827,
  "training_cpu_memory_MB": 5867.412,
  "training_gpu_0_memory_MB": 13845,
  "training_gpu_1_memory_MB": 13845,
  "training_gpu_2_memory_MB": 13845,
  "training_gpu_3_memory_MB": 21435,
  "validation_accuracy": 0.40325865580448067,
  "validation_disc_loss": 1.5224420893483046,
  "validation_gen_loss": 7.0809458290658345,
  "validation_loss": 7.0809458290658345,
  "best_validation_accuracy": 0.40325865580448067,
  "best_validation_disc_loss": 1.5224420893483046,
  "best_validation_gen_loss": 7.0809458290658345,
  "best_validation_loss": 7.0809458290658345
}