{
  "best_epoch": 4,
  "peak_cpu_memory_MB": 5491.82,
  "peak_gpu_0_memory_MB": 12693,
  "peak_gpu_1_memory_MB": 21435,
  "peak_gpu_2_memory_MB": 0,
  "peak_gpu_3_memory_MB": 12869,
  "training_duration": "0:02:47.470288",
  "training_start_epoch": 0,
  "training_epochs": 4,
  "epoch": 4,
  "training_accuracy": 0.356234096692112,
  "training_loss": 1.1156744131675134,
  "training_cpu_memory_MB": 5491.82,
  "training_gpu_0_memory_MB": 12693,
  "training_gpu_1_memory_MB": 21435,
  "training_gpu_2_memory_MB": 0,
  "training_gpu_3_memory_MB": 12869,
  "validation_accuracy": 0.3477330616403464,
  "validation_loss": 1.1100004088218516,
  "best_validation_accuracy": 0.3477330616403464,
  "best_validation_loss": 1.1100004088218516
}