{
  "best_epoch": 0,
  "peak_cpu_memory_MB": 5491.82,
  "peak_gpu_0_memory_MB": 12677,
  "peak_gpu_1_memory_MB": 21435,
  "peak_gpu_2_memory_MB": 0,
  "peak_gpu_3_memory_MB": 12869,
  "training_duration": "0:02:13.161510",
  "training_start_epoch": 0,
  "training_epochs": 3,
  "epoch": 3,
  "training_accuracy": 0.3511450381679389,
  "training_loss": 1.1163622324283307,
  "training_cpu_memory_MB": 5491.82,
  "training_gpu_0_memory_MB": 12677,
  "training_gpu_1_memory_MB": 21435,
  "training_gpu_2_memory_MB": 0,
  "training_gpu_3_memory_MB": 12869,
  "validation_accuracy": 0.3382577687213449,
  "validation_loss": 1.1210412606354256,
  "best_validation_accuracy": 0.3455934793683138,
  "best_validation_loss": 1.1012282072527013
}