{
  "best_epoch": 4,
  "peak_cpu_memory_MB": 5491.82,
  "peak_gpu_0_memory_MB": 12693,
  "peak_gpu_1_memory_MB": 21435,
  "peak_gpu_2_memory_MB": 0,
  "peak_gpu_3_memory_MB": 12869,
  "training_duration": "0:04:34.512716",
  "training_start_epoch": 0,
  "training_epochs": 7,
  "epoch": 7,
  "training_accuracy": 0.35877862595419846,
  "training_loss": 1.0899252891540527,
  "training_cpu_memory_MB": 5491.82,
  "training_gpu_0_memory_MB": 12693,
  "training_gpu_1_memory_MB": 21435,
  "training_gpu_2_memory_MB": 0,
  "training_gpu_3_memory_MB": 12869,
  "validation_accuracy": 0.3270504330106979,
  "validation_loss": 1.1049851835356472,
  "best_validation_accuracy": 0.3477330616403464,
  "best_validation_loss": 1.1100004088218516
}