{
  "best_epoch": 2,
  "peak_cpu_memory_MB": 5866.992,
  "peak_gpu_0_memory_MB": 13845,
  "peak_gpu_1_memory_MB": 12,
  "peak_gpu_2_memory_MB": 12,
  "peak_gpu_3_memory_MB": 12,
  "training_duration": "0:01:26.907939",
  "training_start_epoch": 0,
  "training_epochs": 2,
  "epoch": 2,
  "training_accuracy": 0.37404580152671757,
  "training_disc_loss": 1.71020072221756,
  "training_gen_loss": 6.347364053726197,
  "training_loss": 6.347364053726197,
  "training_cpu_memory_MB": 5866.992,
  "training_gpu_0_memory_MB": 13845,
  "training_gpu_1_memory_MB": 12,
  "training_gpu_2_memory_MB": 12,
  "training_gpu_3_memory_MB": 12,
  "validation_accuracy": 0.37678207739307534,
  "validation_disc_loss": 1.2962965000935687,
  "validation_gen_loss": 7.1154096611147,
  "validation_loss": 7.1154096611147,
  "best_validation_accuracy": 0.37678207739307534,
  "best_validation_disc_loss": 1.2962965000935687,
  "best_validation_gen_loss": 7.1154096611147,
  "best_validation_loss": 7.1154096611147
}