{
  "best_epoch": 5,
  "peak_cpu_memory_MB": 5866.992,
  "peak_gpu_0_memory_MB": 13845,
  "peak_gpu_1_memory_MB": 13845,
  "peak_gpu_2_memory_MB": 12,
  "peak_gpu_3_memory_MB": 12,
  "training_duration": "0:06:45.761896",
  "training_start_epoch": 0,
  "training_epochs": 12,
  "epoch": 12,
  "training_accuracy": 0.7073791348600509,
  "training_disc_loss": 0.8145271576941013,
  "training_gen_loss": 5.670456600189209,
  "training_loss": 5.670456600189209,
  "training_cpu_memory_MB": 5866.992,
  "training_gpu_0_memory_MB": 13845,
  "training_gpu_1_memory_MB": 13845,
  "training_gpu_2_memory_MB": 12,
  "training_gpu_3_memory_MB": 12,
  "validation_accuracy": 0.3645621181262729,
  "validation_disc_loss": 2.261829021500378,
  "validation_gen_loss": 7.475529476879089,
  "validation_loss": 7.475529476879089,
  "best_validation_accuracy": 0.37983706720977595,
  "best_validation_disc_loss": 1.3699024886619755,
  "best_validation_gen_loss": 7.07464925641936,
  "best_validation_loss": 7.07464925641936
}