{
  "best_epoch": 5,
  "peak_cpu_memory_MB": 5866.992,
  "peak_gpu_0_memory_MB": 13845,
  "peak_gpu_1_memory_MB": 13845,
  "peak_gpu_2_memory_MB": 12,
  "peak_gpu_3_memory_MB": 12,
  "training_duration": "0:04:43.592144",
  "training_start_epoch": 0,
  "training_epochs": 8,
  "epoch": 8,
  "training_accuracy": 0.6005089058524173,
  "training_disc_loss": 1.0644966441392898,
  "training_gen_loss": 5.8495966243743895,
  "training_loss": 5.8495966243743895,
  "training_cpu_memory_MB": 5866.992,
  "training_gpu_0_memory_MB": 13845,
  "training_gpu_1_memory_MB": 13845,
  "training_gpu_2_memory_MB": 12,
  "training_gpu_3_memory_MB": 12,
  "validation_accuracy": 0.3788187372708758,
  "validation_disc_loss": 1.5339504514283282,
  "validation_gen_loss": 7.182839730890786,
  "validation_loss": 7.182839730890786,
  "best_validation_accuracy": 0.37983706720977595,
  "best_validation_disc_loss": 1.3699024886619755,
  "best_validation_gen_loss": 7.07464925641936,
  "best_validation_loss": 7.07464925641936
}