{
  "best_epoch": 14,
  "peak_cpu_memory_MB": 5866.992,
  "peak_gpu_0_memory_MB": 13845,
  "peak_gpu_1_memory_MB": 13845,
  "peak_gpu_2_memory_MB": 12,
  "peak_gpu_3_memory_MB": 12,
  "training_duration": "0:09:53.690340",
  "training_start_epoch": 0,
  "training_epochs": 18,
  "epoch": 18,
  "training_accuracy": 0.816793893129771,
  "training_disc_loss": 0.47675224143895323,
  "training_gen_loss": 5.524171638488769,
  "training_loss": 5.524171638488769,
  "training_cpu_memory_MB": 5866.992,
  "training_gpu_0_memory_MB": 13845,
  "training_gpu_1_memory_MB": 13845,
  "training_gpu_2_memory_MB": 12,
  "training_gpu_3_memory_MB": 12,
  "validation_accuracy": 0.37372708757637474,
  "validation_disc_loss": 2.3162338564066385,
  "validation_gen_loss": 7.641320410782729,
  "validation_loss": 7.641320410782729,
  "best_validation_accuracy": 0.39613034623217924,
  "best_validation_disc_loss": 1.904187344923252,
  "best_validation_gen_loss": 7.497927173366391,
  "best_validation_loss": 7.497927173366391
}