{
  "best_epoch": 0,
  "peak_cpu_memory_MB": 5866.992,
  "peak_gpu_0_memory_MB": 13845,
  "peak_gpu_1_memory_MB": 12,
  "peak_gpu_2_memory_MB": 12,
  "peak_gpu_3_memory_MB": 12,
  "training_duration": "0:00:56.780911",
  "training_start_epoch": 0,
  "training_epochs": 1,
  "epoch": 1,
  "training_accuracy": 0.3256997455470738,
  "training_disc_loss": 2.2280846029520034,
  "training_gen_loss": 6.58674955368042,
  "training_loss": 6.58674955368042,
  "training_cpu_memory_MB": 5866.992,
  "training_gpu_0_memory_MB": 13845,
  "training_gpu_1_memory_MB": 12,
  "training_gpu_2_memory_MB": 12,
  "training_gpu_3_memory_MB": 12,
  "validation_accuracy": 0.3604887983706721,
  "validation_disc_loss": 1.4415309152952054,
  "validation_gen_loss": 6.922476012532304,
  "validation_loss": 6.922476012532304,
  "best_validation_accuracy": 0.3615071283095723,
  "best_validation_disc_loss": 3.808080509426148,
  "best_validation_gen_loss": 7.243068605903687,
  "best_validation_loss": 7.243068605903687
}