{
  "best_epoch": 14,
  "peak_cpu_memory_MB": 5866.992,
  "peak_gpu_0_memory_MB": 13845,
  "peak_gpu_1_memory_MB": 13845,
  "peak_gpu_2_memory_MB": 12,
  "peak_gpu_3_memory_MB": 12,
  "training_duration": "0:09:23.383099",
  "training_start_epoch": 0,
  "training_epochs": 17,
  "epoch": 17,
  "training_accuracy": 0.7888040712468194,
  "training_disc_loss": 0.5387193451821805,
  "training_gen_loss": 5.528368139266968,
  "training_loss": 5.528368139266968,
  "training_cpu_memory_MB": 5866.992,
  "training_gpu_0_memory_MB": 13845,
  "training_gpu_1_memory_MB": 13845,
  "training_gpu_2_memory_MB": 12,
  "training_gpu_3_memory_MB": 12,
  "validation_accuracy": 0.3788187372708758,
  "validation_disc_loss": 2.3025760505257584,
  "validation_gen_loss": 7.663551648457845,
  "validation_loss": 7.663551648457845,
  "best_validation_accuracy": 0.39613034623217924,
  "best_validation_disc_loss": 1.904187344923252,
  "best_validation_gen_loss": 7.497927173366391,
  "best_validation_loss": 7.497927173366391
}