{
  "best_epoch": 5,
  "peak_cpu_memory_MB": 5866.992,
  "peak_gpu_0_memory_MB": 13845,
  "peak_gpu_1_memory_MB": 12,
  "peak_gpu_2_memory_MB": 12,
  "peak_gpu_3_memory_MB": 12,
  "training_duration": "0:03:08.176687",
  "training_start_epoch": 0,
  "training_epochs": 5,
  "epoch": 5,
  "training_accuracy": 0.4707379134860051,
  "training_disc_loss": 1.2528524652123452,
  "training_gen_loss": 6.004020280838013,
  "training_loss": 6.004020280838013,
  "training_cpu_memory_MB": 5866.992,
  "training_gpu_0_memory_MB": 13845,
  "training_gpu_1_memory_MB": 12,
  "training_gpu_2_memory_MB": 12,
  "training_gpu_3_memory_MB": 12,
  "validation_accuracy": 0.37983706720977595,
  "validation_disc_loss": 1.3699024886619755,
  "validation_gen_loss": 7.07464925641936,
  "validation_loss": 7.07464925641936,
  "best_validation_accuracy": 0.37983706720977595,
  "best_validation_disc_loss": 1.3699024886619755,
  "best_validation_gen_loss": 7.07464925641936,
  "best_validation_loss": 7.07464925641936
}