{
  "best_epoch": 2,
  "peak_cpu_memory_MB": 5866.756,
  "peak_gpu_0_memory_MB": 22543,
  "peak_gpu_1_memory_MB": 20139,
  "peak_gpu_2_memory_MB": 20139,
  "peak_gpu_3_memory_MB": 20139,
  "training_duration": "0:07:04.510539",
  "training_start_epoch": 0,
  "training_epochs": 15,
  "epoch": 15,
  "training_accuracy": 0.37404580152671757,
  "training_disc_loss": 1.3991423416137696,
  "training_gen_loss": 6.27036787033081,
  "training_loss": 6.280901688795823,
  "training_cpu_memory_MB": 5866.756,
  "training_gpu_0_memory_MB": 22543,
  "training_gpu_1_memory_MB": 20139,
  "training_gpu_2_memory_MB": 20139,
  "training_gpu_3_memory_MB": 20139,
  "validation_accuracy": 0.3543788187372709,
  "validation_disc_loss": 1.2532254188291487,
  "validation_gen_loss": 6.857203745072888,
  "validation_loss": 6.860009577966506,
  "best_validation_accuracy": 0.3645621181262729,
  "best_validation_disc_loss": 1.4671745232997402,
  "best_validation_gen_loss": 6.992357846229307,
  "best_validation_loss": 6.9954423904418945
}