{
  "best_epoch": 2,
  "peak_cpu_memory_MB": 5866.756,
  "peak_gpu_0_memory_MB": 22543,
  "peak_gpu_1_memory_MB": 20139,
  "peak_gpu_2_memory_MB": 20139,
  "peak_gpu_3_memory_MB": 20139,
  "training_duration": "0:06:11.660834",
  "training_start_epoch": 0,
  "training_epochs": 13,
  "epoch": 13,
  "training_accuracy": 0.40966921119592875,
  "training_disc_loss": 1.3108164858818054,
  "training_gen_loss": 6.279115924835205,
  "training_loss": 6.277145239023062,
  "training_cpu_memory_MB": 5866.756,
  "training_gpu_0_memory_MB": 22543,
  "training_gpu_1_memory_MB": 20139,
  "training_gpu_2_memory_MB": 20139,
  "training_gpu_3_memory_MB": 20139,
  "validation_accuracy": 0.35030549898167007,
  "validation_disc_loss": 1.2159352100664569,
  "validation_gen_loss": 6.849417663389636,
  "validation_loss": 6.852245238519484,
  "best_validation_accuracy": 0.3645621181262729,
  "best_validation_disc_loss": 1.4671745232997402,
  "best_validation_gen_loss": 6.992357846229307,
  "best_validation_loss": 6.9954423904418945
}