{
  "best_epoch": 2,
  "peak_cpu_memory_MB": 5866.756,
  "peak_gpu_0_memory_MB": 22543,
  "peak_gpu_1_memory_MB": 20139,
  "peak_gpu_2_memory_MB": 20139,
  "peak_gpu_3_memory_MB": 20139,
  "training_duration": "0:07:30.537537",
  "training_start_epoch": 0,
  "training_epochs": 16,
  "epoch": 16,
  "training_accuracy": 0.3816793893129771,
  "training_disc_loss": 1.3973609471321107,
  "training_gen_loss": 6.254781055450439,
  "training_loss": 6.25653233894935,
  "training_cpu_memory_MB": 5866.756,
  "training_gpu_0_memory_MB": 22543,
  "training_gpu_1_memory_MB": 20139,
  "training_gpu_2_memory_MB": 20139,
  "training_gpu_3_memory_MB": 20139,
  "validation_accuracy": 0.35234215885947046,
  "validation_disc_loss": 1.2830128737034336,
  "validation_gen_loss": 6.863690914646272,
  "validation_loss": 6.866328777805451,
  "best_validation_accuracy": 0.3645621181262729,
  "best_validation_disc_loss": 1.4671745232997402,
  "best_validation_gen_loss": 6.992357846229307,
  "best_validation_loss": 6.9954423904418945
}