{
  "best_epoch": 2,
  "peak_cpu_memory_MB": 5866.756,
  "peak_gpu_0_memory_MB": 22543,
  "peak_gpu_1_memory_MB": 20139,
  "peak_gpu_2_memory_MB": 20139,
  "peak_gpu_3_memory_MB": 20139,
  "training_duration": "0:03:34.880808",
  "training_start_epoch": 0,
  "training_epochs": 7,
  "epoch": 7,
  "training_accuracy": 0.366412213740458,
  "training_disc_loss": 1.540502679347992,
  "training_gen_loss": 6.415398902893067,
  "training_loss": 6.425917955545279,
  "training_cpu_memory_MB": 5866.756,
  "training_gpu_0_memory_MB": 22543,
  "training_gpu_1_memory_MB": 20139,
  "training_gpu_2_memory_MB": 20139,
  "training_gpu_3_memory_MB": 20139,
  "validation_accuracy": 0.34521384928716903,
  "validation_disc_loss": 1.2235011881397617,
  "validation_gen_loss": 6.8504830637285785,
  "validation_loss": 6.85327789860387,
  "best_validation_accuracy": 0.3645621181262729,
  "best_validation_disc_loss": 1.4671745232997402,
  "best_validation_gen_loss": 6.992357846229307,
  "best_validation_loss": 6.9954423904418945
}