{
  "best_epoch": 25,
  "peak_cpu_memory_MB": 5866.756,
  "peak_gpu_0_memory_MB": 22543,
  "peak_gpu_1_memory_MB": 20139,
  "peak_gpu_2_memory_MB": 20139,
  "peak_gpu_3_memory_MB": 20139,
  "training_duration": "0:13:15.044211",
  "training_start_epoch": 0,
  "training_epochs": 29,
  "epoch": 29,
  "training_accuracy": 0.4631043256997455,
  "training_disc_loss": 1.1765122151374816,
  "training_gen_loss": 6.181815814971924,
  "training_loss": 6.1907441432659445,
  "training_cpu_memory_MB": 5866.756,
  "training_gpu_0_memory_MB": 22543,
  "training_gpu_1_memory_MB": 20139,
  "training_gpu_2_memory_MB": 20139,
  "training_gpu_3_memory_MB": 20139,
  "validation_accuracy": 0.3594704684317719,
  "validation_disc_loss": 1.333734619040643,
  "validation_gen_loss": 6.882566590462962,
  "validation_loss": 6.885361302283503,
  "best_validation_accuracy": 0.37169042769857435,
  "best_validation_disc_loss": 1.3228966093832446,
  "best_validation_gen_loss": 6.879415788958149,
  "best_validation_loss": 6.882263168211906
}