{
  "best_epoch": 21,
  "peak_cpu_memory_MB": 5866.536,
  "peak_gpu_0_memory_MB": 21435,
  "peak_gpu_1_memory_MB": 20139,
  "peak_gpu_2_memory_MB": 20139,
  "peak_gpu_3_memory_MB": 20139,
  "training_duration": "0:12:09.295592",
  "training_start_epoch": 0,
  "training_epochs": 25,
  "epoch": 25,
  "training_accuracy": 0.7099236641221374,
  "training_disc_loss": 0.6739599752426148,
  "training_gen_loss": 6.634522171020508,
  "training_loss": 1.8669631389471202,
  "training_cpu_memory_MB": 5866.536,
  "training_gpu_0_memory_MB": 21435,
  "training_gpu_1_memory_MB": 20139,
  "training_gpu_2_memory_MB": 20139,
  "training_gpu_3_memory_MB": 20139,
  "validation_accuracy": 0.3757637474541752,
  "validation_disc_loss": 1.9961370421994118,
  "validation_gen_loss": 7.099165585733229,
  "validation_loss": 3.0212597693166425,
  "best_validation_accuracy": 0.395112016293279,
  "best_validation_disc_loss": 1.8638236839925089,
  "best_validation_gen_loss": 7.083194171228716,
  "best_validation_loss": 2.912388555465206
}