{
  "best_epoch": 12,
  "peak_cpu_memory_MB": 5866.536,
  "peak_gpu_0_memory_MB": 21435,
  "peak_gpu_1_memory_MB": 20139,
  "peak_gpu_2_memory_MB": 20139,
  "peak_gpu_3_memory_MB": 20139,
  "training_duration": "0:06:13.605570",
  "training_start_epoch": 0,
  "training_epochs": 12,
  "epoch": 12,
  "training_accuracy": 0.4732824427480916,
  "training_disc_loss": 1.174586534500122,
  "training_gen_loss": 6.867764282226562,
  "training_loss": 2.3178597413576565,
  "training_cpu_memory_MB": 5866.536,
  "training_gpu_0_memory_MB": 21435,
  "training_gpu_1_memory_MB": 20139,
  "training_gpu_2_memory_MB": 20139,
  "training_gpu_3_memory_MB": 20139,
  "validation_accuracy": 0.3879837067209776,
  "validation_disc_loss": 1.4540612159236785,
  "validation_gen_loss": 7.212727077545658,
  "validation_loss": 2.6016309030594362,
  "best_validation_accuracy": 0.3879837067209776,
  "best_validation_disc_loss": 1.4540612159236785,
  "best_validation_gen_loss": 7.212727077545658,
  "best_validation_loss": 2.6016309030594362
}