{
  "best_epoch": 8,
  "peak_cpu_memory_MB": 5866.536,
  "peak_gpu_0_memory_MB": 21435,
  "peak_gpu_1_memory_MB": 20139,
  "peak_gpu_2_memory_MB": 20139,
  "peak_gpu_3_memory_MB": 20139,
  "training_duration": "0:04:09.392736",
  "training_start_epoch": 0,
  "training_epochs": 8,
  "epoch": 8,
  "training_accuracy": 0.4529262086513995,
  "training_disc_loss": 1.3131751132011413,
  "training_gen_loss": 7.208608264923096,
  "training_loss": 2.5055564917050877,
  "training_cpu_memory_MB": 5866.536,
  "training_gpu_0_memory_MB": 21435,
  "training_gpu_1_memory_MB": 20139,
  "training_gpu_2_memory_MB": 20139,
  "training_gpu_3_memory_MB": 20139,
  "validation_accuracy": 0.36761710794297353,
  "validation_disc_loss": 1.2253865205472516,
  "validation_gen_loss": 7.465126745162472,
  "validation_loss": 2.472179235950593,
  "best_validation_accuracy": 0.36761710794297353,
  "best_validation_disc_loss": 1.2253865205472516,
  "best_validation_gen_loss": 7.465126745162472,
  "best_validation_loss": 2.472179235950593
}