{
  "best_epoch": 12,
  "peak_cpu_memory_MB": 5866.536,
  "peak_gpu_0_memory_MB": 21435,
  "peak_gpu_1_memory_MB": 20139,
  "peak_gpu_2_memory_MB": 20139,
  "peak_gpu_3_memory_MB": 20139,
  "training_duration": "0:08:31.069071",
  "training_start_epoch": 0,
  "training_epochs": 17,
  "epoch": 17,
  "training_accuracy": 0.6055979643765903,
  "training_disc_loss": 0.9155988144874573,
  "training_gen_loss": 6.695042343139648,
  "training_loss": 2.056224822998047,
  "training_cpu_memory_MB": 5866.536,
  "training_gpu_0_memory_MB": 21435,
  "training_gpu_1_memory_MB": 20139,
  "training_gpu_2_memory_MB": 20139,
  "training_gpu_3_memory_MB": 20139,
  "validation_accuracy": 0.3727087576374745,
  "validation_disc_loss": 1.6754934470499716,
  "validation_gen_loss": 7.141342678377705,
  "validation_loss": 2.766767447994601,
  "best_validation_accuracy": 0.3879837067209776,
  "best_validation_disc_loss": 1.4540612159236785,
  "best_validation_gen_loss": 7.212727077545658,
  "best_validation_loss": 2.6016309030594362
}