{
  "best_epoch": 1,
  "peak_cpu_memory_MB": 5866.536,
  "peak_gpu_0_memory_MB": 21435,
  "peak_gpu_1_memory_MB": 20139,
  "peak_gpu_2_memory_MB": 20139,
  "peak_gpu_3_memory_MB": 20139,
  "training_duration": "0:01:16.105174",
  "training_start_epoch": 0,
  "training_epochs": 2,
  "epoch": 2,
  "training_accuracy": 0.3460559796437659,
  "training_disc_loss": 2.539735517501831,
  "training_gen_loss": 9.515361251831054,
  "training_loss": 3.92292752632728,
  "training_cpu_memory_MB": 5866.536,
  "training_gpu_0_memory_MB": 21435,
  "training_gpu_1_memory_MB": 20139,
  "training_gpu_2_memory_MB": 20139,
  "training_gpu_3_memory_MB": 20139,
  "validation_accuracy": 0.3360488798370672,
  "validation_disc_loss": 3.2549945981271806,
  "validation_gen_loss": 9.492523224123063,
  "validation_loss": 4.4977731473984255,
  "best_validation_accuracy": 0.35234215885947046,
  "best_validation_disc_loss": 7.264367142031269,
  "best_validation_gen_loss": 10.989178103785362,
  "best_validation_loss": 8.00278151419855
}