{
  "best_epoch": 21,
  "peak_cpu_memory_MB": 5866.536,
  "peak_gpu_0_memory_MB": 21435,
  "peak_gpu_1_memory_MB": 20139,
  "peak_gpu_2_memory_MB": 20139,
  "peak_gpu_3_memory_MB": 20139,
  "training_duration": "0:11:42.852888",
  "training_start_epoch": 0,
  "training_epochs": 24,
  "epoch": 24,
  "training_accuracy": 0.6895674300254453,
  "training_disc_loss": 0.7224709057807922,
  "training_gen_loss": 6.629774131774902,
  "training_loss": 1.8891849701221173,
  "training_cpu_memory_MB": 5866.536,
  "training_gpu_0_memory_MB": 21435,
  "training_gpu_1_memory_MB": 20139,
  "training_gpu_2_memory_MB": 20139,
  "training_gpu_3_memory_MB": 20139,
  "validation_accuracy": 0.37474541751527496,
  "validation_disc_loss": 1.9263626154391997,
  "validation_gen_loss": 7.09765411192371,
  "validation_loss": 2.9648657614184963,
  "best_validation_accuracy": 0.395112016293279,
  "best_validation_disc_loss": 1.8638236839925089,
  "best_validation_gen_loss": 7.083194171228716,
  "best_validation_loss": 2.912388555465206
}