{
  "best_epoch": 1,
  "peak_cpu_memory_MB": 5360.304,
  "peak_gpu_0_memory_MB": 12645,
  "peak_gpu_1_memory_MB": 21435,
  "peak_gpu_2_memory_MB": 0,
  "peak_gpu_3_memory_MB": 12805,
  "training_duration": "0:01:05.524507",
  "training_start_epoch": 0,
  "training_epochs": 1,
  "epoch": 1,
  "training_accuracy": 0.6717557251908397,
  "training_loss": 0.8051705268713144,
  "training_cpu_memory_MB": 5360.304,
  "training_gpu_0_memory_MB": 12645,
  "training_gpu_1_memory_MB": 21435,
  "training_gpu_2_memory_MB": 0,
  "training_gpu_3_memory_MB": 12805,
  "validation_accuracy": 0.5056546102903718,
  "validation_loss": 1.0468949572659472,
  "best_validation_accuracy": 0.5056546102903718,
  "best_validation_loss": 1.0468949572659472
}