{
  "best_epoch": 3,
  "peak_cpu_memory_MB": 5360.304,
  "peak_gpu_0_memory_MB": 12645,
  "peak_gpu_1_memory_MB": 21435,
  "peak_gpu_2_memory_MB": 0,
  "peak_gpu_3_memory_MB": 12805,
  "training_duration": "0:02:21.228686",
  "training_start_epoch": 0,
  "training_epochs": 3,
  "epoch": 3,
  "training_accuracy": 0.9694656488549618,
  "training_loss": 0.09893535321148542,
  "training_cpu_memory_MB": 5360.304,
  "training_gpu_0_memory_MB": 12645,
  "training_gpu_1_memory_MB": 21435,
  "training_gpu_2_memory_MB": 0,
  "training_gpu_3_memory_MB": 12805,
  "validation_accuracy": 0.5921548650025471,
  "validation_loss": 1.2920522385971553,
  "best_validation_accuracy": 0.5921548650025471,
  "best_validation_loss": 1.2920522385971553
}