{
  "best_epoch": 2,
  "peak_cpu_memory_MB": 9766.132,
  "peak_gpu_0_memory_MB": 26,
  "peak_gpu_1_memory_MB": 10614,
  "training_duration": "18:54:35.967147",
  "training_start_epoch": 0,
  "training_epochs": 2,
  "epoch": 2,
  "training_accuracy": 0.786652474395343,
  "training_gen_loss": 1.5281518236054683,
  "training_disc_loss": 0.5826293736016537,
  "training_loss": 1.5281506522110575,
  "training_cpu_memory_MB": 9766.132,
  "training_gpu_0_memory_MB": 26,
  "training_gpu_1_memory_MB": 10614,
  "validation_accuracy": 0.8132450331125828,
  "validation_gen_loss": 2.0696602277184466,
  "validation_disc_loss": 0.49309952367987947,
  "validation_loss": 2.0694285980653295,
  "best_validation_accuracy": 0.8132450331125828,
  "best_validation_gen_loss": 2.0696602277184466,
  "best_validation_disc_loss": 0.49309952367987947,
  "best_validation_loss": 2.0694285980653295
}