{
  "best_epoch": 1,
  "peak_cpu_memory_MB": 9766.132,
  "peak_gpu_0_memory_MB": 26,
  "peak_gpu_1_memory_MB": 10614,
  "training_duration": "12:35:45.872117",
  "training_start_epoch": 0,
  "training_epochs": 1,
  "epoch": 1,
  "training_accuracy": 0.7606836736252934,
  "training_gen_loss": 1.615150807899913,
  "training_disc_loss": 0.6519024894687826,
  "training_loss": 1.6151511490131294,
  "training_cpu_memory_MB": 9766.132,
  "training_gpu_0_memory_MB": 26,
  "training_gpu_1_memory_MB": 10614,
  "validation_accuracy": 0.8120224146714213,
  "validation_gen_loss": 2.04394245416096,
  "validation_disc_loss": 0.49281830294009693,
  "validation_loss": 2.043705649018676,
  "best_validation_accuracy": 0.8120224146714213,
  "best_validation_gen_loss": 2.04394245416096,
  "best_validation_disc_loss": 0.49281830294009693,
  "best_validation_loss": 2.043705649018676
}