{
  "best_epoch": 1,
  "peak_cpu_memory_MB": 5488.248,
  "peak_gpu_0_memory_MB": 12645,
  "peak_gpu_1_memory_MB": 21435,
  "peak_gpu_2_memory_MB": 0,
  "peak_gpu_3_memory_MB": 12821,
  "training_duration": "0:01:04.273316",
  "training_start_epoch": 0,
  "training_epochs": 1,
  "epoch": 1,
  "training_accuracy": 0.35877862595419846,
  "training_loss": 1.1407011839059682,
  "training_cpu_memory_MB": 5488.248,
  "training_gpu_0_memory_MB": 12,
  "training_gpu_1_memory_MB": 21435,
  "training_gpu_2_memory_MB": 0,
  "training_gpu_3_memory_MB": 12821,
  "validation_accuracy": 0.386856851757514,
  "validation_loss": 1.08917614536099,
  "best_validation_accuracy": 0.386856851757514,
  "best_validation_loss": 1.08917614536099
}