{
  "best_epoch": 6,
  "peak_cpu_memory_MB": 5488.248,
  "peak_gpu_0_memory_MB": 12645,
  "peak_gpu_1_memory_MB": 21435,
  "peak_gpu_2_memory_MB": 0,
  "peak_gpu_3_memory_MB": 12821,
  "training_duration": "0:04:14.135240",
  "training_start_epoch": 0,
  "training_epochs": 6,
  "epoch": 6,
  "training_accuracy": 0.9083969465648855,
  "training_loss": 0.25794448875463927,
  "training_cpu_memory_MB": 5488.248,
  "training_gpu_0_memory_MB": 12645,
  "training_gpu_1_memory_MB": 21435,
  "training_gpu_2_memory_MB": 0,
  "training_gpu_3_memory_MB": 12821,
  "validation_accuracy": 0.6681609780947529,
  "validation_loss": 0.8974892226220731,
  "best_validation_accuracy": 0.6681609780947529,
  "best_validation_loss": 0.8974892226220731
}