{
  "best_epoch": 21,
  "peak_cpu_memory_MB": 5866.884,
  "peak_gpu_0_memory_MB": 14587,
  "peak_gpu_1_memory_MB": 12,
  "peak_gpu_2_memory_MB": 14583,
  "peak_gpu_3_memory_MB": 12,
  "training_duration": "0:16:14.451074",
  "training_start_epoch": 0,
  "training_epochs": 30,
  "epoch": 30,
  "training_accuracy": 0.9923664122137404,
  "training_disc_loss": 0.03556115439292626,
  "training_gen_loss": 5.410215511322021,
  "training_loss": 4.066551947593689,
  "training_cpu_memory_MB": 5866.884,
  "training_gpu_0_memory_MB": 14587,
  "training_gpu_1_memory_MB": 12,
  "training_gpu_2_memory_MB": 14583,
  "training_gpu_3_memory_MB": 12,
  "validation_accuracy": 0.40020366598778007,
  "validation_disc_loss": 2.629320125269696,
  "validation_gen_loss": 8.021727154894572,
  "validation_loss": 6.673625360659467,
  "best_validation_accuracy": 0.40835030549898166,
  "best_validation_disc_loss": 2.420793636179552,
  "best_validation_gen_loss": 7.856166692284065,
  "best_validation_loss": 6.497323431619784
}