{
  "best_epoch": 4,
  "peak_cpu_memory_MB": 5866.884,
  "peak_gpu_0_memory_MB": 14587,
  "peak_gpu_1_memory_MB": 12,
  "peak_gpu_2_memory_MB": 14583,
  "peak_gpu_3_memory_MB": 12,
  "training_duration": "0:06:13.644572",
  "training_start_epoch": 0,
  "training_epochs": 11,
  "epoch": 11,
  "training_accuracy": 0.6590330788804071,
  "training_disc_loss": 0.7853541243076324,
  "training_gen_loss": 5.814355955123902,
  "training_loss": 4.557105474472046,
  "training_cpu_memory_MB": 5866.884,
  "training_gpu_0_memory_MB": 14587,
  "training_gpu_1_memory_MB": 12,
  "training_gpu_2_memory_MB": 14583,
  "training_gpu_3_memory_MB": 12,
  "validation_accuracy": 0.3319755600814664,
  "validation_disc_loss": 2.0548435851810423,
  "validation_gen_loss": 7.409529872056915,
  "validation_loss": 6.070858323477148,
  "best_validation_accuracy": 0.3655804480651731,
  "best_validation_disc_loss": 1.3773018155640704,
  "best_validation_gen_loss": 6.903046921985905,
  "best_validation_loss": 5.521610682572776
}