{
  "best_epoch": 4,
  "peak_cpu_memory_MB": 5866.884,
  "peak_gpu_0_memory_MB": 14587,
  "peak_gpu_1_memory_MB": 12,
  "peak_gpu_2_memory_MB": 14583,
  "peak_gpu_3_memory_MB": 12,
  "training_duration": "0:03:37.496998",
  "training_start_epoch": 0,
  "training_epochs": 6,
  "epoch": 6,
  "training_accuracy": 0.5012722646310432,
  "training_disc_loss": 1.2384147894382478,
  "training_gen_loss": 6.082030382156372,
  "training_loss": 4.871126480102539,
  "training_cpu_memory_MB": 5866.884,
  "training_gpu_0_memory_MB": 14587,
  "training_gpu_1_memory_MB": 12,
  "training_gpu_2_memory_MB": 14583,
  "training_gpu_3_memory_MB": 12,
  "validation_accuracy": 0.3268839103869654,
  "validation_disc_loss": 1.4970500827804814,
  "validation_gen_loss": 7.006279844578689,
  "validation_loss": 5.628972429570144,
  "best_validation_accuracy": 0.3655804480651731,
  "best_validation_disc_loss": 1.3773018155640704,
  "best_validation_gen_loss": 6.903046921985905,
  "best_validation_loss": 5.521610682572776
}