{
  "best_epoch": 21,
  "peak_cpu_memory_MB": 5866.884,
  "peak_gpu_0_memory_MB": 14587,
  "peak_gpu_1_memory_MB": 12,
  "peak_gpu_2_memory_MB": 14583,
  "peak_gpu_3_memory_MB": 12,
  "training_duration": "0:15:13.019365",
  "training_start_epoch": 0,
  "training_epochs": 28,
  "epoch": 28,
  "training_accuracy": 0.9847328244274809,
  "training_disc_loss": 0.040733522066148,
  "training_gen_loss": 5.447346448898315,
  "training_loss": 4.0956932020187375,
  "training_cpu_memory_MB": 5866.884,
  "training_gpu_0_memory_MB": 14587,
  "training_gpu_1_memory_MB": 12,
  "training_gpu_2_memory_MB": 14583,
  "training_gpu_3_memory_MB": 12,
  "validation_accuracy": 0.3859470468431772,
  "validation_disc_loss": 2.7738534585247194,
  "validation_gen_loss": 8.037646022269396,
  "validation_loss": 6.721697877093059,
  "best_validation_accuracy": 0.40835030549898166,
  "best_validation_disc_loss": 2.420793636179552,
  "best_validation_gen_loss": 7.856166692284065,
  "best_validation_loss": 6.497323431619784
}