{
  "best_epoch": 21,
  "peak_cpu_memory_MB": 5866.884,
  "peak_gpu_0_memory_MB": 14587,
  "peak_gpu_1_memory_MB": 12,
  "peak_gpu_2_memory_MB": 14583,
  "peak_gpu_3_memory_MB": 12,
  "training_duration": "0:16:45.264266",
  "training_start_epoch": 0,
  "training_epochs": 31,
  "epoch": 31,
  "training_accuracy": 0.9949109414758269,
  "training_disc_loss": 0.023431810457022948,
  "training_gen_loss": 5.3985029888153075,
  "training_loss": 4.05473521232605,
  "training_cpu_memory_MB": 5866.884,
  "training_gpu_0_memory_MB": 14587,
  "training_gpu_1_memory_MB": 12,
  "training_gpu_2_memory_MB": 14583,
  "training_gpu_3_memory_MB": 12,
  "validation_accuracy": 0.395112016293279,
  "validation_disc_loss": 2.614298920805861,
  "validation_gen_loss": 8.023656600859107,
  "validation_loss": 6.671317189689574,
  "best_validation_accuracy": 0.40835030549898166,
  "best_validation_disc_loss": 2.420793636179552,
  "best_validation_gen_loss": 7.856166692284065,
  "best_validation_loss": 6.497323431619784
}