{
  "best_epoch": 13,
  "peak_cpu_memory_MB": 5866.884,
  "peak_gpu_0_memory_MB": 14587,
  "peak_gpu_1_memory_MB": 12,
  "peak_gpu_2_memory_MB": 14583,
  "peak_gpu_3_memory_MB": 12,
  "training_duration": "0:07:52.145789",
  "training_start_epoch": 0,
  "training_epochs": 14,
  "epoch": 14,
  "training_accuracy": 0.7633587786259542,
  "training_disc_loss": 0.7413220444321632,
  "training_gen_loss": 5.731995248794556,
  "training_loss": 4.48432692527771,
  "training_cpu_memory_MB": 5866.884,
  "training_gpu_0_memory_MB": 14587,
  "training_gpu_1_memory_MB": 12,
  "training_gpu_2_memory_MB": 14583,
  "training_gpu_3_memory_MB": 12,
  "validation_accuracy": 0.37372708757637474,
  "validation_disc_loss": 1.9376299231033014,
  "validation_gen_loss": 7.571673315715015,
  "validation_loss": 6.1631624524186295,
  "best_validation_accuracy": 0.3788187372708758,
  "best_validation_disc_loss": 1.7386939004669344,
  "best_validation_gen_loss": 7.414941450444664,
  "best_validation_loss": 5.995879564828019
}