{
  "best_epoch": 21,
  "peak_cpu_memory_MB": 5866.884,
  "peak_gpu_0_memory_MB": 14587,
  "peak_gpu_1_memory_MB": 12,
  "peak_gpu_2_memory_MB": 14583,
  "peak_gpu_3_memory_MB": 12,
  "training_duration": "0:18:16.990430",
  "training_start_epoch": 0,
  "training_epochs": 34,
  "epoch": 34,
  "training_accuracy": 0.9872773536895675,
  "training_disc_loss": 0.029906560828676446,
  "training_gen_loss": 5.382664661407471,
  "training_loss": 4.044475140571595,
  "training_cpu_memory_MB": 5866.884,
  "training_gpu_0_memory_MB": 14587,
  "training_gpu_1_memory_MB": 12,
  "training_gpu_2_memory_MB": 14583,
  "training_gpu_3_memory_MB": 12,
  "validation_accuracy": 0.39918533604887985,
  "validation_disc_loss": 2.7697601580038302,
  "validation_gen_loss": 8.079813375705626,
  "validation_loss": 6.752300095752003,
  "best_validation_accuracy": 0.40835030549898166,
  "best_validation_disc_loss": 2.420793636179552,
  "best_validation_gen_loss": 7.856166692284065,
  "best_validation_loss": 6.497323431619784
}