{
  "best_epoch": 0,
  "peak_cpu_memory_MB": 5866.884,
  "peak_gpu_0_memory_MB": 14587,
  "peak_gpu_1_memory_MB": 12,
  "peak_gpu_2_memory_MB": 14583,
  "peak_gpu_3_memory_MB": 12,
  "training_duration": "0:00:57.605490",
  "training_start_epoch": 0,
  "training_epochs": 1,
  "epoch": 1,
  "training_accuracy": 0.3053435114503817,
  "training_disc_loss": 2.455273562669754,
  "training_gen_loss": 6.775893716812134,
  "training_loss": 5.695738697052002,
  "training_cpu_memory_MB": 5866.884,
  "training_gpu_0_memory_MB": 14587,
  "training_gpu_1_memory_MB": 12,
  "training_gpu_2_memory_MB": 14583,
  "training_gpu_3_memory_MB": 12,
  "validation_accuracy": 0.335030549898167,
  "validation_disc_loss": 2.165742457397585,
  "validation_gen_loss": 7.189265976107217,
  "validation_loss": 5.933385077530776,
  "best_validation_accuracy": 0.34928716904276985,
  "best_validation_disc_loss": 5.039093075728998,
  "best_validation_gen_loss": 7.728986840907151,
  "best_validation_loss": 7.056513383136532
}