{
  "best_epoch": 21,
  "peak_cpu_memory_MB": 5866.884,
  "peak_gpu_0_memory_MB": 14587,
  "peak_gpu_1_memory_MB": 12,
  "peak_gpu_2_memory_MB": 14583,
  "peak_gpu_3_memory_MB": 12,
  "training_duration": "0:13:09.189994",
  "training_start_epoch": 0,
  "training_epochs": 24,
  "epoch": 24,
  "training_accuracy": 0.9821882951653944,
  "training_disc_loss": 0.06421645336638904,
  "training_gen_loss": 5.476666316986084,
  "training_loss": 4.123553824424744,
  "training_cpu_memory_MB": 5866.884,
  "training_gpu_0_memory_MB": 14587,
  "training_gpu_1_memory_MB": 12,
  "training_gpu_2_memory_MB": 14583,
  "training_gpu_3_memory_MB": 12,
  "validation_accuracy": 0.40224032586558045,
  "validation_disc_loss": 2.418156511415311,
  "validation_gen_loss": 7.870406472586034,
  "validation_loss": 6.507343982293354,
  "best_validation_accuracy": 0.40835030549898166,
  "best_validation_disc_loss": 2.420793636179552,
  "best_validation_gen_loss": 7.856166692284065,
  "best_validation_loss": 6.497323431619784
}