{
  "best_epoch": 4,
  "peak_cpu_memory_MB": 5866.884,
  "peak_gpu_0_memory_MB": 14587,
  "peak_gpu_1_memory_MB": 12,
  "peak_gpu_2_memory_MB": 14583,
  "peak_gpu_3_memory_MB": 12,
  "training_duration": "0:03:06.771133",
  "training_start_epoch": 0,
  "training_epochs": 5,
  "epoch": 5,
  "training_accuracy": 0.44783715012722647,
  "training_disc_loss": 1.474992733001709,
  "training_gen_loss": 6.1294148159027095,
  "training_loss": 4.9658093881607055,
  "training_cpu_memory_MB": 5866.884,
  "training_gpu_0_memory_MB": 14587,
  "training_gpu_1_memory_MB": 12,
  "training_gpu_2_memory_MB": 14583,
  "training_gpu_3_memory_MB": 12,
  "validation_accuracy": 0.3615071283095723,
  "validation_disc_loss": 1.400680473180321,
  "validation_gen_loss": 7.056660741325317,
  "validation_loss": 5.6426656808310405,
  "best_validation_accuracy": 0.3655804480651731,
  "best_validation_disc_loss": 1.3773018155640704,
  "best_validation_gen_loss": 6.903046921985905,
  "best_validation_loss": 5.521610682572776
}