{
  "best_epoch": 4,
  "peak_cpu_memory_MB": 5866.884,
  "peak_gpu_0_memory_MB": 14587,
  "peak_gpu_1_memory_MB": 12,
  "peak_gpu_2_memory_MB": 14583,
  "peak_gpu_3_memory_MB": 12,
  "training_duration": "0:05:42.381416",
  "training_start_epoch": 0,
  "training_epochs": 10,
  "epoch": 10,
  "training_accuracy": 0.5954198473282443,
  "training_disc_loss": 1.0059654718637467,
  "training_gen_loss": 5.860305862426758,
  "training_loss": 4.646720705032348,
  "training_cpu_memory_MB": 5866.884,
  "training_gpu_0_memory_MB": 14587,
  "training_gpu_1_memory_MB": 12,
  "training_gpu_2_memory_MB": 14583,
  "training_gpu_3_memory_MB": 12,
  "validation_accuracy": 0.35030549898167007,
  "validation_disc_loss": 1.5814641345807208,
  "validation_gen_loss": 7.4072851940868345,
  "validation_loss": 5.950829924606696,
  "best_validation_accuracy": 0.3655804480651731,
  "best_validation_disc_loss": 1.3773018155640704,
  "best_validation_gen_loss": 6.903046921985905,
  "best_validation_loss": 5.521610682572776
}