{
  "best_epoch": 0,
  "peak_cpu_memory_MB": 5866.884,
  "peak_gpu_0_memory_MB": 14587,
  "peak_gpu_1_memory_MB": 12,
  "peak_gpu_2_memory_MB": 14583,
  "peak_gpu_3_memory_MB": 12,
  "training_duration": "0:01:59.689594",
  "training_start_epoch": 0,
  "training_epochs": 3,
  "epoch": 3,
  "training_accuracy": 0.4173027989821883,
  "training_disc_loss": 1.6936608827114106,
  "training_gen_loss": 6.401201801300049,
  "training_loss": 5.224316577911377,
  "training_cpu_memory_MB": 5866.884,
  "training_gpu_0_memory_MB": 14587,
  "training_gpu_1_memory_MB": 12,
  "training_gpu_2_memory_MB": 14583,
  "training_gpu_3_memory_MB": 12,
  "validation_accuracy": 0.3391038696537678,
  "validation_disc_loss": 6.226587758800847,
  "validation_gen_loss": 7.748345351800686,
  "validation_loss": 7.367905954035317,
  "best_validation_accuracy": 0.34928716904276985,
  "best_validation_disc_loss": 5.039093075728998,
  "best_validation_gen_loss": 7.728986840907151,
  "best_validation_loss": 7.056513383136532
}