{
  "best_epoch": 4,
  "peak_cpu_memory_MB": 5866.884,
  "peak_gpu_0_memory_MB": 14587,
  "peak_gpu_1_memory_MB": 12,
  "peak_gpu_2_memory_MB": 14583,
  "peak_gpu_3_memory_MB": 12,
  "training_duration": "0:05:11.576827",
  "training_start_epoch": 0,
  "training_epochs": 9,
  "epoch": 9,
  "training_accuracy": 0.5648854961832062,
  "training_disc_loss": 1.2279647293686866,
  "training_gen_loss": 5.930886421203613,
  "training_loss": 4.755155982971192,
  "training_cpu_memory_MB": 5866.884,
  "training_gpu_0_memory_MB": 14587,
  "training_gpu_1_memory_MB": 12,
  "training_gpu_2_memory_MB": 14583,
  "training_gpu_3_memory_MB": 12,
  "validation_accuracy": 0.3635437881873727,
  "validation_disc_loss": 1.7741012069267956,
  "validation_gen_loss": 7.314943228310685,
  "validation_loss": 5.929732749132606,
  "best_validation_accuracy": 0.3655804480651731,
  "best_validation_disc_loss": 1.3773018155640704,
  "best_validation_gen_loss": 6.903046921985905,
  "best_validation_loss": 5.521610682572776
}