{
  "best_epoch": 4,
  "peak_cpu_memory_MB": 5866.676,
  "peak_gpu_0_memory_MB": 21435,
  "peak_gpu_1_memory_MB": 20139,
  "peak_gpu_2_memory_MB": 20139,
  "peak_gpu_3_memory_MB": 20139,
  "training_duration": "0:05:21.145542",
  "training_start_epoch": 0,
  "training_epochs": 11,
  "epoch": 11,
  "training_accuracy": 0.49363867684478374,
  "training_disc_loss": 1.2574636578559875,
  "training_gen_loss": 6.647860851287842,
  "training_loss": 3.9397304424872766,
  "training_cpu_memory_MB": 5866.676,
  "training_gpu_0_memory_MB": 21435,
  "training_gpu_1_memory_MB": 20139,
  "training_gpu_2_memory_MB": 20139,
  "training_gpu_3_memory_MB": 20139,
  "validation_accuracy": 0.34623217922606925,
  "validation_disc_loss": 1.6854450221984618,
  "validation_gen_loss": 7.012049344278151,
  "validation_loss": 4.3485524731297645,
  "best_validation_accuracy": 0.3564154786150713,
  "best_validation_disc_loss": 8.923085643399146,
  "best_validation_gen_loss": 7.986250315943072,
  "best_validation_loss": 8.449196507853847
}