{
  "best_epoch": 13,
  "peak_cpu_memory_MB": 5866.676,
  "peak_gpu_0_memory_MB": 21435,
  "peak_gpu_1_memory_MB": 20139,
  "peak_gpu_2_memory_MB": 20139,
  "peak_gpu_3_memory_MB": 20139,
  "training_duration": "0:06:51.495128",
  "training_start_epoch": 0,
  "training_epochs": 14,
  "epoch": 14,
  "training_accuracy": 0.539440203562341,
  "training_disc_loss": 1.2010625529289245,
  "training_gen_loss": 6.5504098320007325,
  "training_loss": 3.869643706541795,
  "training_cpu_memory_MB": 5866.676,
  "training_gpu_0_memory_MB": 21435,
  "training_gpu_1_memory_MB": 20139,
  "training_gpu_2_memory_MB": 20139,
  "training_gpu_3_memory_MB": 20139,
  "validation_accuracy": 0.3594704684317719,
  "validation_disc_loss": 1.603643257771769,
  "validation_gen_loss": 6.95394939761008,
  "validation_loss": 4.278962196842317,
  "best_validation_accuracy": 0.3665987780040733,
  "best_validation_disc_loss": 1.5970316817683559,
  "best_validation_gen_loss": 6.968881776255946,
  "best_validation_loss": 4.283043907534692
}