{
  "best_epoch": 25,
  "peak_cpu_memory_MB": 5866.676,
  "peak_gpu_0_memory_MB": 21435,
  "peak_gpu_1_memory_MB": 20139,
  "peak_gpu_2_memory_MB": 20139,
  "peak_gpu_3_memory_MB": 20139,
  "training_duration": "0:11:51.706209",
  "training_start_epoch": 0,
  "training_epochs": 25,
  "epoch": 25,
  "training_accuracy": 0.6564885496183206,
  "training_disc_loss": 0.8539378917217255,
  "training_gen_loss": 6.44123628616333,
  "training_loss": 3.651261568069458,
  "training_cpu_memory_MB": 5866.676,
  "training_gpu_0_memory_MB": 21435,
  "training_gpu_1_memory_MB": 20139,
  "training_gpu_2_memory_MB": 20139,
  "training_gpu_3_memory_MB": 20139,
  "validation_accuracy": 0.37474541751527496,
  "validation_disc_loss": 1.7293198377855363,
  "validation_gen_loss": 6.935823878934307,
  "validation_loss": 4.3341737254973385,
  "best_validation_accuracy": 0.37474541751527496,
  "best_validation_disc_loss": 1.7293198377855363,
  "best_validation_gen_loss": 6.935823878934307,
  "best_validation_loss": 4.3341737254973385
}