{
  "best_epoch": 4,
  "peak_cpu_memory_MB": 5866.676,
  "peak_gpu_0_memory_MB": 21435,
  "peak_gpu_1_memory_MB": 20139,
  "peak_gpu_2_memory_MB": 20139,
  "peak_gpu_3_memory_MB": 20139,
  "training_duration": "0:04:54.862776",
  "training_start_epoch": 0,
  "training_epochs": 10,
  "epoch": 10,
  "training_accuracy": 0.4961832061068702,
  "training_disc_loss": 1.3355615043640137,
  "training_gen_loss": 6.698661422729492,
  "training_loss": 4.02175078025231,
  "training_cpu_memory_MB": 5866.676,
  "training_gpu_0_memory_MB": 21435,
  "training_gpu_1_memory_MB": 20139,
  "training_gpu_2_memory_MB": 20139,
  "training_gpu_3_memory_MB": 20139,
  "validation_accuracy": 0.3380855397148676,
  "validation_disc_loss": 1.9765369267232957,
  "validation_gen_loss": 7.067522510405509,
  "validation_loss": 4.521055406139743,
  "best_validation_accuracy": 0.3564154786150713,
  "best_validation_disc_loss": 8.923085643399146,
  "best_validation_gen_loss": 7.986250315943072,
  "best_validation_loss": 8.449196507853847
}