{
  "best_epoch": 4,
  "peak_cpu_memory_MB": 5866.676,
  "peak_gpu_0_memory_MB": 21435,
  "peak_gpu_1_memory_MB": 20139,
  "peak_gpu_2_memory_MB": 20139,
  "peak_gpu_3_memory_MB": 20139,
  "training_duration": "0:04:02.237026",
  "training_start_epoch": 0,
  "training_epochs": 8,
  "epoch": 8,
  "training_accuracy": 0.4732824427480916,
  "training_disc_loss": 1.567358705997467,
  "training_gen_loss": 6.800877723693848,
  "training_loss": 4.188544420095591,
  "training_cpu_memory_MB": 5866.676,
  "training_gpu_0_memory_MB": 21435,
  "training_gpu_1_memory_MB": 20139,
  "training_gpu_2_memory_MB": 20139,
  "training_gpu_3_memory_MB": 20139,
  "validation_accuracy": 0.3411405295315682,
  "validation_disc_loss": 2.7149576333261307,
  "validation_gen_loss": 7.210711171550136,
  "validation_loss": 4.96121028161818,
  "best_validation_accuracy": 0.3564154786150713,
  "best_validation_disc_loss": 8.923085643399146,
  "best_validation_gen_loss": 7.986250315943072,
  "best_validation_loss": 8.449196507853847
}