{
  "best_epoch": 11,
  "peak_cpu_memory_MB": 5866.984,
  "peak_gpu_0_memory_MB": 14587,
  "peak_gpu_1_memory_MB": 13029,
  "peak_gpu_2_memory_MB": 14583,
  "peak_gpu_3_memory_MB": 21435,
  "training_duration": "0:06:16.106013",
  "training_start_epoch": 0,
  "training_epochs": 11,
  "epoch": 11,
  "training_accuracy": 0.6412213740458015,
  "training_disc_loss": 0.763622736632824,
  "training_gen_loss": 5.975934648513794,
  "training_loss": 4.6728566455841065,
  "training_cpu_memory_MB": 5866.984,
  "training_gpu_0_memory_MB": 14587,
  "training_gpu_1_memory_MB": 13029,
  "training_gpu_2_memory_MB": 14583,
  "training_gpu_3_memory_MB": 21435,
  "validation_accuracy": 0.38085539714867617,
  "validation_disc_loss": 1.6703262634393645,
  "validation_gen_loss": 7.596852399469391,
  "validation_loss": 6.115220876244026,
  "best_validation_accuracy": 0.38085539714867617,
  "best_validation_disc_loss": 1.6703262634393645,
  "best_validation_gen_loss": 7.596852399469391,
  "best_validation_loss": 6.115220876244026
}