{
  "best_epoch": 0,
  "peak_cpu_memory_MB": 5866.984,
  "peak_gpu_0_memory_MB": 2617,
  "peak_gpu_1_memory_MB": 13029,
  "peak_gpu_2_memory_MB": 14583,
  "peak_gpu_3_memory_MB": 21435,
  "training_duration": "0:00:25.468468",
  "training_start_epoch": 0,
  "training_epochs": 0,
  "epoch": 0,
  "training_accuracy": 0.3816793893129771,
  "training_disc_loss": 7.3725147581100465,
  "training_gen_loss": 9.259546899795533,
  "training_loss": 8.787788896560668,
  "training_cpu_memory_MB": 5866.984,
  "training_gpu_0_memory_MB": 2617,
  "training_gpu_1_memory_MB": 13029,
  "training_gpu_2_memory_MB": 14583,
  "training_gpu_3_memory_MB": 21435,
  "validation_accuracy": 0.33706720977596744,
  "validation_disc_loss": 12.14170148896008,
  "validation_gen_loss": 8.926925880153005,
  "validation_loss": 9.73061977169378,
  "best_validation_accuracy": 0.33706720977596744,
  "best_validation_disc_loss": 12.14170148896008,
  "best_validation_gen_loss": 8.926925880153005,
  "best_validation_loss": 9.73061977169378
}