{
  "best_epoch": 6,
  "peak_cpu_memory_MB": 5866.984,
  "peak_gpu_0_memory_MB": 14587,
  "peak_gpu_1_memory_MB": 13029,
  "peak_gpu_2_memory_MB": 14583,
  "peak_gpu_3_memory_MB": 21435,
  "training_duration": "0:05:14.270733",
  "training_start_epoch": 0,
  "training_epochs": 9,
  "epoch": 9,
  "training_accuracy": 0.5852417302798982,
  "training_disc_loss": 0.9687813204526902,
  "training_gen_loss": 5.980166416168213,
  "training_loss": 4.727320203781128,
  "training_cpu_memory_MB": 5866.984,
  "training_gpu_0_memory_MB": 14587,
  "training_gpu_1_memory_MB": 13029,
  "training_gpu_2_memory_MB": 14583,
  "training_gpu_3_memory_MB": 21435,
  "validation_accuracy": 0.3533604887983707,
  "validation_disc_loss": 1.827822874716627,
  "validation_gen_loss": 7.513066229781484,
  "validation_loss": 6.0917554134275855,
  "best_validation_accuracy": 0.37474541751527496,
  "best_validation_disc_loss": 1.6333171119534873,
  "best_validation_gen_loss": 7.256258072891856,
  "best_validation_loss": 5.850522793405425
}