{
  "best_epoch": 15,
  "peak_cpu_memory_MB": 5866.984,
  "peak_gpu_0_memory_MB": 14587,
  "peak_gpu_1_memory_MB": 13029,
  "peak_gpu_2_memory_MB": 14583,
  "peak_gpu_3_memory_MB": 21435,
  "training_duration": "0:10:07.266237",
  "training_start_epoch": 0,
  "training_epochs": 18,
  "epoch": 18,
  "training_accuracy": 0.8524173027989822,
  "training_disc_loss": 0.3546779171004891,
  "training_gen_loss": 5.676407814025879,
  "training_loss": 4.345975351333618,
  "training_cpu_memory_MB": 5866.984,
  "training_gpu_0_memory_MB": 14587,
  "training_gpu_1_memory_MB": 13029,
  "training_gpu_2_memory_MB": 14583,
  "training_gpu_3_memory_MB": 21435,
  "validation_accuracy": 0.38085539714867617,
  "validation_disc_loss": 2.3695555792106844,
  "validation_gen_loss": 8.132630693234079,
  "validation_loss": 6.691861912486999,
  "best_validation_accuracy": 0.38289205702647655,
  "best_validation_disc_loss": 1.7934942453857359,
  "best_validation_gen_loss": 7.806198740393166,
  "best_validation_loss": 6.303022601740147
}