{
  "best_epoch": 15,
  "peak_cpu_memory_MB": 5866.984,
  "peak_gpu_0_memory_MB": 14587,
  "peak_gpu_1_memory_MB": 13029,
  "peak_gpu_2_memory_MB": 14583,
  "peak_gpu_3_memory_MB": 21435,
  "training_duration": "0:14:45.080673",
  "training_start_epoch": 0,
  "training_epochs": 27,
  "epoch": 27,
  "training_accuracy": 0.8982188295165394,
  "training_disc_loss": 0.2333592270408326,
  "training_gen_loss": 5.4360334587097165,
  "training_loss": 4.135364904403686,
  "training_cpu_memory_MB": 5866.984,
  "training_gpu_0_memory_MB": 14587,
  "training_gpu_1_memory_MB": 13029,
  "training_gpu_2_memory_MB": 14583,
  "training_gpu_3_memory_MB": 21435,
  "validation_accuracy": 0.335030549898167,
  "validation_disc_loss": 1.920871455979541,
  "validation_gen_loss": 10.065169016520182,
  "validation_loss": 8.029094622387149,
  "best_validation_accuracy": 0.38289205702647655,
  "best_validation_disc_loss": 1.7934942453857359,
  "best_validation_gen_loss": 7.806198740393166,
  "best_validation_loss": 6.303022601740147
}