{
  "best_epoch": 15,
  "peak_cpu_memory_MB": 5866.984,
  "peak_gpu_0_memory_MB": 14587,
  "peak_gpu_1_memory_MB": 13029,
  "peak_gpu_2_memory_MB": 14583,
  "peak_gpu_3_memory_MB": 21435,
  "training_duration": "0:11:08.954575",
  "training_start_epoch": 0,
  "training_epochs": 20,
  "epoch": 20,
  "training_accuracy": 0.8829516539440203,
  "training_disc_loss": 0.31938640208914876,
  "training_gen_loss": 5.6062730884552,
  "training_loss": 4.284551439285278,
  "training_cpu_memory_MB": 5866.984,
  "training_gpu_0_memory_MB": 14587,
  "training_gpu_1_memory_MB": 13029,
  "training_gpu_2_memory_MB": 14583,
  "training_gpu_3_memory_MB": 21435,
  "validation_accuracy": 0.34725050916496947,
  "validation_disc_loss": 7.1596187130222475,
  "validation_gen_loss": 8.680641410796623,
  "validation_loss": 8.300385750406157,
  "best_validation_accuracy": 0.38289205702647655,
  "best_validation_disc_loss": 1.7934942453857359,
  "best_validation_gen_loss": 7.806198740393166,
  "best_validation_loss": 6.303022601740147
}