{
  "best_epoch": 15,
  "peak_cpu_memory_MB": 5866.984,
  "peak_gpu_0_memory_MB": 14587,
  "peak_gpu_1_memory_MB": 13029,
  "peak_gpu_2_memory_MB": 14583,
  "peak_gpu_3_memory_MB": 21435,
  "training_duration": "0:11:39.903481",
  "training_start_epoch": 0,
  "training_epochs": 21,
  "epoch": 21,
  "training_accuracy": 0.9363867684478372,
  "training_disc_loss": 0.1618192715267651,
  "training_gen_loss": 5.538776206970215,
  "training_loss": 4.194536986351014,
  "training_cpu_memory_MB": 5866.984,
  "training_gpu_0_memory_MB": 14587,
  "training_gpu_1_memory_MB": 13029,
  "training_gpu_2_memory_MB": 14583,
  "training_gpu_3_memory_MB": 21435,
  "validation_accuracy": 0.3574338085539715,
  "validation_disc_loss": 7.17477220442237,
  "validation_gen_loss": 8.792428160101418,
  "validation_loss": 8.388014165366569,
  "best_validation_accuracy": 0.38289205702647655,
  "best_validation_disc_loss": 1.7934942453857359,
  "best_validation_gen_loss": 7.806198740393166,
  "best_validation_loss": 6.303022601740147
}