{
  "best_epoch": 2,
  "peak_cpu_memory_MB": 5866.984,
  "peak_gpu_0_memory_MB": 14587,
  "peak_gpu_1_memory_MB": 13029,
  "peak_gpu_2_memory_MB": 14583,
  "peak_gpu_3_memory_MB": 21435,
  "training_duration": "0:01:27.677322",
  "training_start_epoch": 0,
  "training_epochs": 2,
  "epoch": 2,
  "training_accuracy": 0.3435114503816794,
  "training_disc_loss": 2.771508411169052,
  "training_gen_loss": 6.882297639846802,
  "training_loss": 5.854600315093994,
  "training_cpu_memory_MB": 5866.984,
  "training_gpu_0_memory_MB": 14587,
  "training_gpu_1_memory_MB": 13029,
  "training_gpu_2_memory_MB": 14583,
  "training_gpu_3_memory_MB": 21435,
  "validation_accuracy": 0.3564154786150713,
  "validation_disc_loss": 1.0978137894374569,
  "validation_gen_loss": 6.888824633466519,
  "validation_loss": 5.441071901864152,
  "best_validation_accuracy": 0.3564154786150713,
  "best_validation_disc_loss": 1.0978137894374569,
  "best_validation_gen_loss": 6.888824633466519,
  "best_validation_loss": 5.441071901864152
}