{
  "best_epoch": 6,
  "peak_cpu_memory_MB": 5866.984,
  "peak_gpu_0_memory_MB": 14587,
  "peak_gpu_1_memory_MB": 13029,
  "peak_gpu_2_memory_MB": 14583,
  "peak_gpu_3_memory_MB": 21435,
  "training_duration": "0:04:11.818119",
  "training_start_epoch": 0,
  "training_epochs": 7,
  "epoch": 7,
  "training_accuracy": 0.48854961832061067,
  "training_disc_loss": 1.2658118909597398,
  "training_gen_loss": 6.10274905204773,
  "training_loss": 4.893514747619629,
  "training_cpu_memory_MB": 5866.984,
  "training_gpu_0_memory_MB": 14587,
  "training_gpu_1_memory_MB": 13029,
  "training_gpu_2_memory_MB": 14583,
  "training_gpu_3_memory_MB": 21435,
  "validation_accuracy": 0.3645621181262729,
  "validation_disc_loss": 1.6115879251704952,
  "validation_gen_loss": 7.359863502223317,
  "validation_loss": 5.9227945901514065,
  "best_validation_accuracy": 0.37474541751527496,
  "best_validation_disc_loss": 1.6333171119534873,
  "best_validation_gen_loss": 7.256258072891856,
  "best_validation_loss": 5.850522793405425
}