{
  "best_epoch": 15,
  "peak_cpu_memory_MB": 5866.984,
  "peak_gpu_0_memory_MB": 14587,
  "peak_gpu_1_memory_MB": 13029,
  "peak_gpu_2_memory_MB": 14583,
  "peak_gpu_3_memory_MB": 21435,
  "training_duration": "0:13:43.656650",
  "training_start_epoch": 0,
  "training_epochs": 25,
  "epoch": 25,
  "training_accuracy": 0.9338422391857506,
  "training_disc_loss": 0.2051893260795623,
  "training_gen_loss": 5.459492778778076,
  "training_loss": 4.145916938781738,
  "training_cpu_memory_MB": 5866.984,
  "training_gpu_0_memory_MB": 14587,
  "training_gpu_1_memory_MB": 13029,
  "training_gpu_2_memory_MB": 14583,
  "training_gpu_3_memory_MB": 21435,
  "validation_accuracy": 0.3340122199592668,
  "validation_disc_loss": 7.397220363461875,
  "validation_gen_loss": 9.705347650419405,
  "validation_loss": 9.128315793789499,
  "best_validation_accuracy": 0.38289205702647655,
  "best_validation_disc_loss": 1.7934942453857359,
  "best_validation_gen_loss": 7.806198740393166,
  "best_validation_loss": 6.303022601740147
}