{
  "best_epoch": 12,
  "peak_cpu_memory_MB": 5866.984,
  "peak_gpu_0_memory_MB": 14587,
  "peak_gpu_1_memory_MB": 13029,
  "peak_gpu_2_memory_MB": 14583,
  "peak_gpu_3_memory_MB": 21435,
  "training_duration": "0:07:27.803445",
  "training_start_epoch": 0,
  "training_epochs": 13,
  "epoch": 13,
  "training_accuracy": 0.6768447837150128,
  "training_disc_loss": 0.6795082561671734,
  "training_gen_loss": 5.916111211776734,
  "training_loss": 4.60696047782898,
  "training_cpu_memory_MB": 5866.984,
  "training_gpu_0_memory_MB": 14587,
  "training_gpu_1_memory_MB": 13029,
  "training_gpu_2_memory_MB": 14583,
  "training_gpu_3_memory_MB": 21435,
  "validation_accuracy": 0.37067209775967414,
  "validation_disc_loss": 2.1881509292416457,
  "validation_gen_loss": 7.7345443120816855,
  "validation_loss": 6.34794596927922,
  "best_validation_accuracy": 0.3818737270875764,
  "best_validation_disc_loss": 1.6433754461567576,
  "best_validation_gen_loss": 7.711215813954671,
  "best_validation_loss": 6.194255720309125
}