{
  "best_epoch": 2,
  "peak_cpu_memory_MB": 6224.66,
  "peak_gpu_0_memory_MB": 5289,
  "peak_gpu_1_memory_MB": 21577,
  "peak_gpu_2_memory_MB": 20715,
  "peak_gpu_3_memory_MB": 5417,
  "training_duration": "1:17:23.552111",
  "training_start_epoch": 0,
  "training_epochs": 2,
  "epoch": 2,
  "training_accuracy": 0.9005658234488237,
  "training_loss": 0.2661532466123767,
  "training_cpu_memory_MB": 6224.66,
  "training_gpu_0_memory_MB": 5289,
  "training_gpu_1_memory_MB": 21577,
  "training_gpu_2_memory_MB": 20715,
  "training_gpu_3_memory_MB": 5417,
  "validation_accuracy": 0.8779419256240448,
  "validation_loss": 0.35879368316806876,
  "best_validation_accuracy": 0.8779419256240448,
  "best_validation_loss": 0.35879368316806876
}