{
  "best_epoch": 0,
  "peak_cpu_memory_MB": 5343.724,
  "peak_gpu_0_memory_MB": 12677,
  "peak_gpu_1_memory_MB": 21435,
  "peak_gpu_2_memory_MB": 0,
  "peak_gpu_3_memory_MB": 12805,
  "training_duration": "0:01:05.581961",
  "training_start_epoch": 0,
  "training_epochs": 1,
  "epoch": 1,
  "training_accuracy": 0.6463104325699746,
  "training_loss": 0.8949704491175138,
  "training_cpu_memory_MB": 5343.724,
  "training_gpu_0_memory_MB": 12677,
  "training_gpu_1_memory_MB": 21435,
  "training_gpu_2_memory_MB": 0,
  "training_gpu_3_memory_MB": 0,
  "validation_accuracy": 0.42883341823739174,
  "validation_loss": 1.1047924619155909,
  "best_validation_accuracy": 0.46805909322465616,
  "best_validation_loss": 1.0568649555262215
}