{
  "best_epoch": 5,
  "peak_cpu_memory_MB": 5343.724,
  "peak_gpu_0_memory_MB": 12677,
  "peak_gpu_1_memory_MB": 21435,
  "peak_gpu_2_memory_MB": 0,
  "peak_gpu_3_memory_MB": 13013,
  "training_duration": "0:04:09.964429",
  "training_start_epoch": 0,
  "training_epochs": 6,
  "epoch": 6,
  "training_accuracy": 0.9974554707379135,
  "training_loss": 0.016505683915546306,
  "training_cpu_memory_MB": 5343.724,
  "training_gpu_0_memory_MB": 12677,
  "training_gpu_1_memory_MB": 21435,
  "training_gpu_2_memory_MB": 0,
  "training_gpu_3_memory_MB": 13013,
  "validation_accuracy": 0.5888945491594498,
  "validation_loss": 1.6307980579351369,
  "best_validation_accuracy": 0.590219052470708,
  "best_validation_loss": 1.5594412713563404
}