{
  "best_epoch": 4,
  "peak_cpu_memory_MB": 5343.724,
  "peak_gpu_0_memory_MB": 12677,
  "peak_gpu_1_memory_MB": 21435,
  "peak_gpu_2_memory_MB": 0,
  "peak_gpu_3_memory_MB": 13013,
  "training_duration": "0:02:53.261868",
  "training_start_epoch": 0,
  "training_epochs": 4,
  "epoch": 4,
  "training_accuracy": 0.989821882951654,
  "training_loss": 0.06289175296059021,
  "training_cpu_memory_MB": 5343.724,
  "training_gpu_0_memory_MB": 12677,
  "training_gpu_1_memory_MB": 21435,
  "training_gpu_2_memory_MB": 0,
  "training_gpu_3_memory_MB": 13013,
  "validation_accuracy": 0.584921039225675,
  "validation_loss": 1.5180574280819599,
  "best_validation_accuracy": 0.584921039225675,
  "best_validation_loss": 1.5180574280819599
}