{
  "best_epoch": 0,
  "peak_cpu_memory_MB": 5501.232,
  "peak_gpu_0_memory_MB": 12693,
  "peak_gpu_1_memory_MB": 0,
  "peak_gpu_2_memory_MB": 0,
  "peak_gpu_3_memory_MB": 2425,
  "training_duration": "0:00:29.683880",
  "training_start_epoch": 0,
  "training_epochs": 0,
  "epoch": 0,
  "training_accuracy": 0.33587786259541985,
  "training_loss": 1.2472420197266798,
  "training_cpu_memory_MB": 5501.232,
  "training_gpu_0_memory_MB": 12693,
  "training_gpu_1_memory_MB": 0,
  "training_gpu_2_memory_MB": 0,
  "training_gpu_3_memory_MB": 2425,
  "validation_accuracy": 0.31818644931227713,
  "validation_loss": 1.1248322542793199,
  "best_validation_accuracy": 0.31818644931227713,
  "best_validation_loss": 1.1248322542793199
}