{
  "best_epoch": 4,
  "peak_cpu_memory_MB": 5377.92,
  "peak_gpu_0_memory_MB": 12693,
  "peak_gpu_1_memory_MB": 21435,
  "peak_gpu_2_memory_MB": 0,
  "peak_gpu_3_memory_MB": 12821,
  "training_duration": "0:02:59.732610",
  "training_start_epoch": 0,
  "training_epochs": 4,
  "epoch": 4,
  "training_accuracy": 0.9745547073791349,
  "training_loss": 0.1408128314293348,
  "training_cpu_memory_MB": 5377.92,
  "training_gpu_0_memory_MB": 12693,
  "training_gpu_1_memory_MB": 21435,
  "training_gpu_2_memory_MB": 0,
  "training_gpu_3_memory_MB": 12821,
  "validation_accuracy": 0.5765664798777381,
  "validation_loss": 1.0858081355933646,
  "best_validation_accuracy": 0.5765664798777381,
  "best_validation_loss": 1.0858081355933646
}