{
  "best_epoch": 0,
  "peak_cpu_memory_MB": 9125.008,
  "peak_gpu_0_memory_MB": 2433,
  "peak_gpu_1_memory_MB": 10556,
  "training_duration": "1:23:51.741229",
  "training_start_epoch": 0,
  "training_epochs": 0,
  "epoch": 0,
  "training_accuracy": 0.8448238104211336,
  "training_loss": 0.38827531861786085,
  "training_cpu_memory_MB": 9125.008,
  "training_gpu_0_memory_MB": 2433,
  "training_gpu_1_memory_MB": 10556,
  "validation_accuracy": 0.90412633723892,
  "validation_loss": 0.26834915915704316,
  "best_validation_accuracy": 0.90412633723892,
  "best_validation_loss": 0.26834915915704316
}