{
  "best_epoch": 1,
  "peak_cpu_memory_MB": 5487.984,
  "peak_gpu_0_memory_MB": 12553,
  "peak_gpu_1_memory_MB": 21437,
  "peak_gpu_2_memory_MB": 10225,
  "peak_gpu_3_memory_MB": 12869,
  "training_duration": "0:01:42.395819",
  "training_start_epoch": 0,
  "training_epochs": 2,
  "epoch": 2,
  "training_accuracy": 0.3638676844783715,
  "training_loss": 1.1034172498262846,
  "training_cpu_memory_MB": 5487.984,
  "training_gpu_0_memory_MB": 12553,
  "training_gpu_1_memory_MB": 21437,
  "training_gpu_2_memory_MB": 10225,
  "training_gpu_3_memory_MB": 12869,
  "validation_accuracy": 0.3346917982679572,
  "validation_loss": 1.0996197667882963,
  "best_validation_accuracy": 0.33754457463066734,
  "best_validation_loss": 1.099995652316836
}