{
  "best_epoch": 1,
  "peak_cpu_memory_MB": 5866.34,
  "peak_gpu_0_memory_MB": 21435,
  "peak_gpu_1_memory_MB": 20139,
  "peak_gpu_2_memory_MB": 20139,
  "peak_gpu_3_memory_MB": 20139,
  "training_duration": "0:02:38.815599",
  "training_start_epoch": 0,
  "training_epochs": 5,
  "epoch": 5,
  "training_accuracy": 0.30279898218829515,
  "training_disc_loss": 3.0096842575073244,
  "training_gen_loss": 7.9450671577453615,
  "training_loss": 5.4651671923123875,
  "training_cpu_memory_MB": 5866.34,
  "training_gpu_0_memory_MB": 21435,
  "training_gpu_1_memory_MB": 20139,
  "training_gpu_2_memory_MB": 20139,
  "training_gpu_3_memory_MB": 20139,
  "validation_accuracy": 0.3228105906313646,
  "validation_disc_loss": 1.1652879340033377,
  "validation_gen_loss": 8.130025840574696,
  "validation_loss": 4.647670684322234,
  "best_validation_accuracy": 0.3513238289205703,
  "best_validation_disc_loss": 12.59017885884931,
  "best_validation_gen_loss": 14.86553902779856,
  "best_validation_loss": 13.792861723130748
}