{
  "best_epoch": 1,
  "peak_cpu_memory_MB": 5866.34,
  "peak_gpu_0_memory_MB": 21435,
  "peak_gpu_1_memory_MB": 20139,
  "peak_gpu_2_memory_MB": 20139,
  "peak_gpu_3_memory_MB": 20139,
  "training_duration": "0:01:45.526017",
  "training_start_epoch": 0,
  "training_epochs": 3,
  "epoch": 3,
  "training_accuracy": 0.33078880407124683,
  "training_disc_loss": 3.485958433151245,
  "training_gen_loss": 8.750360565185547,
  "training_loss": 6.199619293212891,
  "training_cpu_memory_MB": 5866.34,
  "training_gpu_0_memory_MB": 21435,
  "training_gpu_1_memory_MB": 20139,
  "training_gpu_2_memory_MB": 20139,
  "training_gpu_3_memory_MB": 20139,
  "validation_accuracy": 0.3391038696537678,
  "validation_disc_loss": 1.923604711409538,
  "validation_gen_loss": 8.585008044396677,
  "validation_loss": 5.256564094174292,
  "best_validation_accuracy": 0.3513238289205703,
  "best_validation_disc_loss": 12.59017885884931,
  "best_validation_gen_loss": 14.86553902779856,
  "best_validation_loss": 13.792861723130748
}