{
  "best_epoch": 0,
  "peak_cpu_memory_MB": 5866.34,
  "peak_gpu_0_memory_MB": 2617,
  "peak_gpu_1_memory_MB": 20139,
  "peak_gpu_2_memory_MB": 20139,
  "peak_gpu_3_memory_MB": 20139,
  "training_duration": "0:00:21.213140",
  "training_start_epoch": 0,
  "training_epochs": 0,
  "epoch": 0,
  "training_accuracy": 0.37404580152671757,
  "training_disc_loss": 14.479299240112304,
  "training_gen_loss": 12.711324615478516,
  "training_loss": 13.683800917405348,
  "training_cpu_memory_MB": 5866.34,
  "training_gpu_0_memory_MB": 2617,
  "training_gpu_1_memory_MB": 20139,
  "training_gpu_2_memory_MB": 20139,
  "training_gpu_3_memory_MB": 20139,
  "validation_accuracy": 0.32179226069246436,
  "validation_disc_loss": 20.778168247592063,
  "validation_gen_loss": 12.612585913750433,
  "validation_loss": 16.69712331218104,
  "best_validation_accuracy": 0.32179226069246436,
  "best_validation_disc_loss": 20.778168247592063,
  "best_validation_gen_loss": 12.612585913750433,
  "best_validation_loss": 16.69712331218104
}