{
  "best_epoch": 6,
  "peak_cpu_memory_MB": 5866.34,
  "peak_gpu_0_memory_MB": 21435,
  "peak_gpu_1_memory_MB": 20139,
  "peak_gpu_2_memory_MB": 20139,
  "peak_gpu_3_memory_MB": 20139,
  "training_duration": "0:03:05.473090",
  "training_start_epoch": 0,
  "training_epochs": 6,
  "epoch": 6,
  "training_accuracy": 0.32061068702290074,
  "training_disc_loss": 2.4190330505371094,
  "training_gen_loss": 7.714776363372803,
  "training_loss": 5.0569610962500935,
  "training_cpu_memory_MB": 5866.34,
  "training_gpu_0_memory_MB": 21435,
  "training_gpu_1_memory_MB": 20139,
  "training_gpu_2_memory_MB": 20139,
  "training_gpu_3_memory_MB": 20139,
  "validation_accuracy": 0.35234215885947046,
  "validation_disc_loss": 1.1965827230484254,
  "validation_gen_loss": 7.920882648037326,
  "validation_loss": 4.558859025278399,
  "best_validation_accuracy": 0.35234215885947046,
  "best_validation_disc_loss": 1.1965827230484254,
  "best_validation_gen_loss": 7.920882648037326,
  "best_validation_loss": 4.558859025278399
}