{
  "best_epoch": 1,
  "peak_cpu_memory_MB": 5866.34,
  "peak_gpu_0_memory_MB": 21435,
  "peak_gpu_1_memory_MB": 20139,
  "peak_gpu_2_memory_MB": 20139,
  "peak_gpu_3_memory_MB": 20139,
  "training_duration": "0:01:19.184239",
  "training_start_epoch": 0,
  "training_epochs": 2,
  "epoch": 2,
  "training_accuracy": 0.3333333333333333,
  "training_disc_loss": 6.679812412261963,
  "training_gen_loss": 9.269933853149414,
  "training_loss": 7.887953208043025,
  "training_cpu_memory_MB": 5866.34,
  "training_gpu_0_memory_MB": 21435,
  "training_gpu_1_memory_MB": 20139,
  "training_gpu_2_memory_MB": 20139,
  "training_gpu_3_memory_MB": 20139,
  "validation_accuracy": 0.3329938900203666,
  "validation_disc_loss": 20.845318009776452,
  "validation_gen_loss": 11.457540742812618,
  "validation_loss": 16.161069008611864,
  "best_validation_accuracy": 0.3513238289205703,
  "best_validation_disc_loss": 12.59017885884931,
  "best_validation_gen_loss": 14.86553902779856,
  "best_validation_loss": 13.792861723130748
}