{
  "best_epoch": 1,
  "peak_cpu_memory_MB": 5436.088,
  "peak_gpu_0_memory_MB": 12553,
  "peak_gpu_1_memory_MB": 21433,
  "peak_gpu_2_memory_MB": 10225,
  "peak_gpu_3_memory_MB": 12805,
  "training_duration": "0:01:42.502187",
  "training_start_epoch": 0,
  "training_epochs": 2,
  "epoch": 2,
  "training_accuracy": 0.8702290076335878,
  "training_loss": 0.3565358485166843,
  "training_cpu_memory_MB": 5436.088,
  "training_gpu_0_memory_MB": 12553,
  "training_gpu_1_memory_MB": 21433,
  "training_gpu_2_memory_MB": 0,
  "training_gpu_3_memory_MB": 12805,
  "validation_accuracy": 0.5692307692307692,
  "validation_loss": 1.1219770896706596,
  "best_validation_accuracy": 0.573713703515028,
  "best_validation_loss": 1.267003725910808
}