{
  "best_epoch": 4,
  "peak_cpu_memory_MB": 5351.076,
  "peak_gpu_0_memory_MB": 12677,
  "peak_gpu_1_memory_MB": 21435,
  "peak_gpu_2_memory_MB": 0,
  "peak_gpu_3_memory_MB": 12821,
  "training_duration": "0:02:55.846331",
  "training_start_epoch": 0,
  "training_epochs": 4,
  "epoch": 4,
  "training_accuracy": 0.9847328244274809,
  "training_loss": 0.10513199006135647,
  "training_cpu_memory_MB": 5351.076,
  "training_gpu_0_memory_MB": 12677,
  "training_gpu_1_memory_MB": 21435,
  "training_gpu_2_memory_MB": 0,
  "training_gpu_3_memory_MB": 12821,
  "validation_accuracy": 0.567906265919511,
  "validation_loss": 1.1691543702582194,
  "best_validation_accuracy": 0.567906265919511,
  "best_validation_loss": 1.1691543702582194
}