{
  "best_epoch": 1,
  "peak_cpu_memory_MB": 5351.076,
  "peak_gpu_0_memory_MB": 12677,
  "peak_gpu_1_memory_MB": 21435,
  "peak_gpu_2_memory_MB": 0,
  "peak_gpu_3_memory_MB": 12821,
  "training_duration": "0:01:05.364405",
  "training_start_epoch": 0,
  "training_epochs": 1,
  "epoch": 1,
  "training_accuracy": 0.6870229007633588,
  "training_loss": 0.8438717631193308,
  "training_cpu_memory_MB": 5351.076,
  "training_gpu_0_memory_MB": 12677,
  "training_gpu_1_memory_MB": 21435,
  "training_gpu_2_memory_MB": 0,
  "training_gpu_3_memory_MB": 12821,
  "validation_accuracy": 0.5371370351502802,
  "validation_loss": 1.0251435647181657,
  "best_validation_accuracy": 0.5371370351502802,
  "best_validation_loss": 1.0251435647181657
}