{
  "best_epoch": 1,
  "peak_cpu_memory_MB": 5866.704,
  "peak_gpu_0_memory_MB": 13847,
  "peak_gpu_1_memory_MB": 13845,
  "peak_gpu_2_memory_MB": 13845,
  "peak_gpu_3_memory_MB": 21435,
  "training_duration": "0:00:57.677973",
  "training_start_epoch": 0,
  "training_epochs": 1,
  "epoch": 1,
  "training_accuracy": 0.3282442748091603,
  "training_disc_loss": 5.706094992160797,
  "training_gen_loss": 7.293099718093872,
  "training_loss": 7.293099718093872,
  "training_cpu_memory_MB": 5866.704,
  "training_gpu_0_memory_MB": 13847,
  "training_gpu_1_memory_MB": 13845,
  "training_gpu_2_memory_MB": 13845,
  "training_gpu_3_memory_MB": 21435,
  "validation_accuracy": 0.3319755600814664,
  "validation_disc_loss": 1.6378211839412287,
  "validation_gen_loss": 6.994136096985359,
  "validation_loss": 6.994136096985359,
  "best_validation_accuracy": 0.3319755600814664,
  "best_validation_disc_loss": 1.6378211839412287,
  "best_validation_gen_loss": 6.994136096985359,
  "best_validation_loss": 6.994136096985359
}