{
  "best_epoch": 2,
  "peak_cpu_memory_MB": 5866.704,
  "peak_gpu_0_memory_MB": 13847,
  "peak_gpu_1_memory_MB": 13845,
  "peak_gpu_2_memory_MB": 13845,
  "peak_gpu_3_memory_MB": 21435,
  "training_duration": "0:01:32.891356",
  "training_start_epoch": 0,
  "training_epochs": 2,
  "epoch": 2,
  "training_accuracy": 0.3638676844783715,
  "training_disc_loss": 1.7714074599742888,
  "training_gen_loss": 6.502470893859863,
  "training_loss": 6.502470893859863,
  "training_cpu_memory_MB": 5866.704,
  "training_gpu_0_memory_MB": 13847,
  "training_gpu_1_memory_MB": 13845,
  "training_gpu_2_memory_MB": 13845,
  "training_gpu_3_memory_MB": 21435,
  "validation_accuracy": 0.34012219959266804,
  "validation_disc_loss": 2.482171878582094,
  "validation_gen_loss": 7.00528907000534,
  "validation_loss": 7.00528907000534,
  "best_validation_accuracy": 0.34012219959266804,
  "best_validation_disc_loss": 2.482171878582094,
  "best_validation_gen_loss": 7.00528907000534,
  "best_validation_loss": 7.00528907000534
}