{
  "best_epoch": 23,
  "peak_cpu_memory_MB": 5866.704,
  "peak_gpu_0_memory_MB": 13847,
  "peak_gpu_1_memory_MB": 13845,
  "peak_gpu_2_memory_MB": 13845,
  "peak_gpu_3_memory_MB": 21435,
  "training_duration": "0:19:17.531180",
  "training_start_epoch": 0,
  "training_epochs": 33,
  "epoch": 33,
  "training_accuracy": 0.7888040712468194,
  "training_disc_loss": 0.48235558964312075,
  "training_gen_loss": 5.430134534835815,
  "training_loss": 5.430134534835815,
  "training_cpu_memory_MB": 5866.704,
  "training_gpu_0_memory_MB": 13845,
  "training_gpu_1_memory_MB": 13845,
  "training_gpu_2_memory_MB": 13845,
  "training_gpu_3_memory_MB": 21435,
  "validation_accuracy": 0.384928716904277,
  "validation_disc_loss": 2.200287954472914,
  "validation_gen_loss": 8.030166777168832,
  "validation_loss": 8.030166777168832,
  "best_validation_accuracy": 0.4103869653767821,
  "best_validation_disc_loss": 1.5820328404263753,
  "best_validation_gen_loss": 7.739440809420453,
  "best_validation_loss": 7.739440809420453
}