{
  "best_epoch": 10,
  "peak_cpu_memory_MB": 5866.704,
  "peak_gpu_0_memory_MB": 13847,
  "peak_gpu_1_memory_MB": 13845,
  "peak_gpu_2_memory_MB": 13845,
  "peak_gpu_3_memory_MB": 21435,
  "training_duration": "0:09:40.888558",
  "training_start_epoch": 0,
  "training_epochs": 16,
  "epoch": 16,
  "training_accuracy": 0.5801526717557252,
  "training_disc_loss": 0.9963182562589645,
  "training_gen_loss": 5.6761573123931885,
  "training_loss": 5.6761573123931885,
  "training_cpu_memory_MB": 5866.704,
  "training_gpu_0_memory_MB": 13847,
  "training_gpu_1_memory_MB": 13845,
  "training_gpu_2_memory_MB": 13845,
  "training_gpu_3_memory_MB": 21435,
  "validation_accuracy": 0.37678207739307534,
  "validation_disc_loss": 1.4883041532059027,
  "validation_gen_loss": 7.46291716118169,
  "validation_loss": 7.46291716118169,
  "best_validation_accuracy": 0.3940936863543788,
  "best_validation_disc_loss": 1.47405695769845,
  "best_validation_gen_loss": 7.167515568616913,
  "best_validation_loss": 7.167515568616913
}