{
  "best_epoch": 18,
  "peak_cpu_memory_MB": 5866.704,
  "peak_gpu_0_memory_MB": 13847,
  "peak_gpu_1_memory_MB": 13845,
  "peak_gpu_2_memory_MB": 13845,
  "peak_gpu_3_memory_MB": 21435,
  "training_duration": "0:12:32.372352",
  "training_start_epoch": 0,
  "training_epochs": 21,
  "epoch": 21,
  "training_accuracy": 0.6513994910941476,
  "training_disc_loss": 0.8690421465784312,
  "training_gen_loss": 5.579194288253785,
  "training_loss": 5.579194288253785,
  "training_cpu_memory_MB": 5866.704,
  "training_gpu_0_memory_MB": 13847,
  "training_gpu_1_memory_MB": 13845,
  "training_gpu_2_memory_MB": 13845,
  "training_gpu_3_memory_MB": 21435,
  "validation_accuracy": 0.37780040733197556,
  "validation_disc_loss": 1.6410092619376453,
  "validation_gen_loss": 7.718354453885459,
  "validation_loss": 7.718354453885459,
  "best_validation_accuracy": 0.4063136456211813,
  "best_validation_disc_loss": 1.5762742559115093,
  "best_validation_gen_loss": 7.57218074023239,
  "best_validation_loss": 7.57218074023239
}