{
  "best_epoch": 23,
  "peak_cpu_memory_MB": 5866.704,
  "peak_gpu_0_memory_MB": 13847,
  "peak_gpu_1_memory_MB": 13845,
  "peak_gpu_2_memory_MB": 13845,
  "peak_gpu_3_memory_MB": 21435,
  "training_duration": "0:18:10.356264",
  "training_start_epoch": 0,
  "training_epochs": 31,
  "epoch": 31,
  "training_accuracy": 0.7938931297709924,
  "training_disc_loss": 0.494984587947838,
  "training_gen_loss": 5.450319356918335,
  "training_loss": 5.450319356918335,
  "training_cpu_memory_MB": 5866.704,
  "training_gpu_0_memory_MB": 13845,
  "training_gpu_1_memory_MB": 13845,
  "training_gpu_2_memory_MB": 13845,
  "training_gpu_3_memory_MB": 21435,
  "validation_accuracy": 0.40835030549898166,
  "validation_disc_loss": 2.0469380110744537,
  "validation_gen_loss": 7.9940624120758805,
  "validation_loss": 7.9940624120758805,
  "best_validation_accuracy": 0.4103869653767821,
  "best_validation_disc_loss": 1.5820328404263753,
  "best_validation_gen_loss": 7.739440809420453,
  "best_validation_loss": 7.739440809420453
}