{
  "best_epoch": 10,
  "peak_cpu_memory_MB": 5866.704,
  "peak_gpu_0_memory_MB": 13847,
  "peak_gpu_1_memory_MB": 13845,
  "peak_gpu_2_memory_MB": 13845,
  "peak_gpu_3_memory_MB": 21435,
  "training_duration": "0:06:53.210014",
  "training_start_epoch": 0,
  "training_epochs": 11,
  "epoch": 11,
  "training_accuracy": 0.5801526717557252,
  "training_disc_loss": 1.0687844336032868,
  "training_gen_loss": 5.830998258590698,
  "training_loss": 5.830998258590698,
  "training_cpu_memory_MB": 5866.704,
  "training_gpu_0_memory_MB": 13847,
  "training_gpu_1_memory_MB": 13845,
  "training_gpu_2_memory_MB": 13845,
  "training_gpu_3_memory_MB": 21435,
  "validation_accuracy": 0.38289205702647655,
  "validation_disc_loss": 1.518203912711725,
  "validation_gen_loss": 7.248196225825364,
  "validation_loss": 7.248196225825364,
  "best_validation_accuracy": 0.3940936863543788,
  "best_validation_disc_loss": 1.47405695769845,
  "best_validation_gen_loss": 7.167515568616913,
  "best_validation_loss": 7.167515568616913
}