{
  "best_epoch": 7,
  "peak_cpu_memory_MB": 5867.036,
  "peak_gpu_0_memory_MB": 13845,
  "peak_gpu_1_memory_MB": 12805,
  "peak_gpu_2_memory_MB": 14587,
  "peak_gpu_3_memory_MB": 21435,
  "training_duration": "0:06:19.690857",
  "training_start_epoch": 0,
  "training_epochs": 10,
  "epoch": 10,
  "training_accuracy": 0.6030534351145038,
  "training_disc_loss": 0.9896411585807801,
  "training_gen_loss": 6.271715612411499,
  "training_loss": 4.951196985244751,
  "training_cpu_memory_MB": 5867.036,
  "training_gpu_0_memory_MB": 13845,
  "training_gpu_1_memory_MB": 12805,
  "training_gpu_2_memory_MB": 14587,
  "training_gpu_3_memory_MB": 21435,
  "validation_accuracy": 0.37372708757637474,
  "validation_disc_loss": 1.5089735257916335,
  "validation_gen_loss": 6.896506038138537,
  "validation_loss": 5.549622872980629,
  "best_validation_accuracy": 0.3757637474541752,
  "best_validation_disc_loss": 1.8972174646408577,
  "best_validation_gen_loss": 6.913092287575326,
  "best_validation_loss": 5.659123606798126
}