{
  "best_epoch": 11,
  "peak_cpu_memory_MB": 5867.036,
  "peak_gpu_0_memory_MB": 13845,
  "peak_gpu_1_memory_MB": 12805,
  "peak_gpu_2_memory_MB": 14587,
  "peak_gpu_3_memory_MB": 21435,
  "training_duration": "0:09:21.100106",
  "training_start_epoch": 0,
  "training_epochs": 15,
  "epoch": 15,
  "training_accuracy": 0.7175572519083969,
  "training_disc_loss": 0.6451929888129234,
  "training_gen_loss": 6.100679521560669,
  "training_loss": 4.736807880401611,
  "training_cpu_memory_MB": 5867.036,
  "training_gpu_0_memory_MB": 13845,
  "training_gpu_1_memory_MB": 12805,
  "training_gpu_2_memory_MB": 14587,
  "training_gpu_3_memory_MB": 21435,
  "validation_accuracy": 0.37372708757637474,
  "validation_disc_loss": 1.8029181094673592,
  "validation_gen_loss": 6.96196390555157,
  "validation_loss": 5.6722024708259395,
  "best_validation_accuracy": 0.395112016293279,
  "best_validation_disc_loss": 1.6505879866398447,
  "best_validation_gen_loss": 6.888878915368057,
  "best_validation_loss": 5.5793062109288165
}