{
  "best_epoch": 28,
  "peak_cpu_memory_MB": 5867.036,
  "peak_gpu_0_memory_MB": 13845,
  "peak_gpu_1_memory_MB": 12805,
  "peak_gpu_2_memory_MB": 14587,
  "peak_gpu_3_memory_MB": 21435,
  "training_duration": "0:24:51.016369",
  "training_start_epoch": 0,
  "training_epochs": 42,
  "epoch": 42,
  "training_accuracy": 0.989821882951654,
  "training_disc_loss": 0.05810767508577555,
  "training_gen_loss": 5.60777419090271,
  "training_loss": 4.220357546806335,
  "training_cpu_memory_MB": 5867.036,
  "training_gpu_0_memory_MB": 13845,
  "training_gpu_1_memory_MB": 12805,
  "training_gpu_2_memory_MB": 14587,
  "training_gpu_3_memory_MB": 21435,
  "validation_accuracy": 0.39918533604887985,
  "validation_disc_loss": 2.858809121740543,
  "validation_gen_loss": 7.4744491344544945,
  "validation_loss": 6.320539144965691,
  "best_validation_accuracy": 0.40224032586558045,
  "best_validation_disc_loss": 2.6708636717583105,
  "best_validation_gen_loss": 7.245580665464324,
  "best_validation_loss": 6.101901418794461
}