{
  "best_epoch": 7,
  "peak_cpu_memory_MB": 5867.036,
  "peak_gpu_0_memory_MB": 13845,
  "peak_gpu_1_memory_MB": 12805,
  "peak_gpu_2_memory_MB": 14587,
  "peak_gpu_3_memory_MB": 21435,
  "training_duration": "0:05:45.126039",
  "training_start_epoch": 0,
  "training_epochs": 9,
  "epoch": 9,
  "training_accuracy": 0.539440203562341,
  "training_disc_loss": 1.180140066742897,
  "training_gen_loss": 6.315370216369629,
  "training_loss": 5.031562633514405,
  "training_cpu_memory_MB": 5867.036,
  "training_gpu_0_memory_MB": 13845,
  "training_gpu_1_memory_MB": 12805,
  "training_gpu_2_memory_MB": 14587,
  "training_gpu_3_memory_MB": 21435,
  "validation_accuracy": 0.37372708757637474,
  "validation_disc_loss": 1.8947174185659827,
  "validation_gen_loss": 6.896834074966306,
  "validation_loss": 5.646304882638823,
  "best_validation_accuracy": 0.3757637474541752,
  "best_validation_disc_loss": 1.8972174646408577,
  "best_validation_gen_loss": 6.913092287575326,
  "best_validation_loss": 5.659123606798126
}