{
  "best_epoch": 11,
  "peak_cpu_memory_MB": 5867.036,
  "peak_gpu_0_memory_MB": 13845,
  "peak_gpu_1_memory_MB": 12805,
  "peak_gpu_2_memory_MB": 14587,
  "peak_gpu_3_memory_MB": 21435,
  "training_duration": "0:08:46.039996",
  "training_start_epoch": 0,
  "training_epochs": 14,
  "epoch": 14,
  "training_accuracy": 0.628498727735369,
  "training_disc_loss": 0.8953311741352081,
  "training_gen_loss": 6.125427141189575,
  "training_loss": 4.817903103828431,
  "training_cpu_memory_MB": 5867.036,
  "training_gpu_0_memory_MB": 13845,
  "training_gpu_1_memory_MB": 12805,
  "training_gpu_2_memory_MB": 14587,
  "training_gpu_3_memory_MB": 21435,
  "validation_accuracy": 0.37067209775967414,
  "validation_disc_loss": 1.7280056466901206,
  "validation_gen_loss": 7.011490298480522,
  "validation_loss": 5.690619127537177,
  "best_validation_accuracy": 0.395112016293279,
  "best_validation_disc_loss": 1.6505879866398447,
  "best_validation_gen_loss": 6.888878915368057,
  "best_validation_loss": 5.5793062109288165
}