{
  "best_epoch": 0,
  "peak_cpu_memory_MB": 5867.036,
  "peak_gpu_0_memory_MB": 13845,
  "peak_gpu_1_memory_MB": 12805,
  "peak_gpu_2_memory_MB": 2617,
  "peak_gpu_3_memory_MB": 21435,
  "training_duration": "0:00:25.390708",
  "training_start_epoch": 0,
  "training_epochs": 0,
  "epoch": 0,
  "training_accuracy": 0.3893129770992366,
  "training_disc_loss": 12.534507856369018,
  "training_gen_loss": 11.895480422973632,
  "training_loss": 12.05523733139038,
  "training_cpu_memory_MB": 5867.036,
  "training_gpu_0_memory_MB": 13845,
  "training_gpu_1_memory_MB": 12805,
  "training_gpu_2_memory_MB": 2617,
  "training_gpu_3_memory_MB": 21435,
  "validation_accuracy": 0.33706720977596744,
  "validation_disc_loss": 13.130485542421418,
  "validation_gen_loss": 10.218983456371276,
  "validation_loss": 10.946858941054925,
  "best_validation_accuracy": 0.33706720977596744,
  "best_validation_disc_loss": 13.130485542421418,
  "best_validation_gen_loss": 10.218983456371276,
  "best_validation_loss": 10.946858941054925
}