{
  "best_epoch": 28,
  "peak_cpu_memory_MB": 5867.036,
  "peak_gpu_0_memory_MB": 13845,
  "peak_gpu_1_memory_MB": 12805,
  "peak_gpu_2_memory_MB": 14587,
  "peak_gpu_3_memory_MB": 21435,
  "training_duration": "0:21:25.665975",
  "training_start_epoch": 0,
  "training_epochs": 36,
  "epoch": 36,
  "training_accuracy": 0.9694656488549618,
  "training_disc_loss": 0.0953701821481809,
  "training_gen_loss": 5.6590505218505855,
  "training_loss": 4.268130493164063,
  "training_cpu_memory_MB": 5867.036,
  "training_gpu_0_memory_MB": 13845,
  "training_gpu_1_memory_MB": 12805,
  "training_gpu_2_memory_MB": 14587,
  "training_gpu_3_memory_MB": 21435,
  "validation_accuracy": 0.3910386965376782,
  "validation_disc_loss": 2.8296951807853654,
  "validation_gen_loss": 7.370343910000188,
  "validation_loss": 6.235181719307008,
  "best_validation_accuracy": 0.40224032586558045,
  "best_validation_disc_loss": 2.6708636717583105,
  "best_validation_gen_loss": 7.245580665464324,
  "best_validation_loss": 6.101901418794461
}