{
  "best_epoch": 28,
  "peak_cpu_memory_MB": 5867.036,
  "peak_gpu_0_memory_MB": 13845,
  "peak_gpu_1_memory_MB": 12805,
  "peak_gpu_2_memory_MB": 14587,
  "peak_gpu_3_memory_MB": 21435,
  "training_duration": "0:20:51.840178",
  "training_start_epoch": 0,
  "training_epochs": 35,
  "epoch": 35,
  "training_accuracy": 0.9821882951653944,
  "training_disc_loss": 0.07373750147147802,
  "training_gen_loss": 5.71180739402771,
  "training_loss": 4.302289967536926,
  "training_cpu_memory_MB": 5867.036,
  "training_gpu_0_memory_MB": 13845,
  "training_gpu_1_memory_MB": 12805,
  "training_gpu_2_memory_MB": 14587,
  "training_gpu_3_memory_MB": 21435,
  "validation_accuracy": 0.395112016293279,
  "validation_disc_loss": 2.6046051988756753,
  "validation_gen_loss": 7.359802703547284,
  "validation_loss": 6.17100332229118,
  "best_validation_accuracy": 0.40224032586558045,
  "best_validation_disc_loss": 2.6708636717583105,
  "best_validation_gen_loss": 7.245580665464324,
  "best_validation_loss": 6.101901418794461
}