{
  "best_epoch": 11,
  "peak_cpu_memory_MB": 5867.036,
  "peak_gpu_0_memory_MB": 13845,
  "peak_gpu_1_memory_MB": 12805,
  "peak_gpu_2_memory_MB": 14587,
  "peak_gpu_3_memory_MB": 21435,
  "training_duration": "0:09:55.270821",
  "training_start_epoch": 0,
  "training_epochs": 16,
  "epoch": 16,
  "training_accuracy": 0.7608142493638677,
  "training_disc_loss": 0.5585594552010298,
  "training_gen_loss": 6.07673412322998,
  "training_loss": 4.69719048500061,
  "training_cpu_memory_MB": 5867.036,
  "training_gpu_0_memory_MB": 13845,
  "training_gpu_1_memory_MB": 12805,
  "training_gpu_2_memory_MB": 14587,
  "training_gpu_3_memory_MB": 21435,
  "validation_accuracy": 0.3727087576374745,
  "validation_disc_loss": 1.9120886417908398,
  "validation_gen_loss": 6.9757841854560665,
  "validation_loss": 5.70986030159927,
  "best_validation_accuracy": 0.395112016293279,
  "best_validation_disc_loss": 1.6505879866398447,
  "best_validation_gen_loss": 6.888878915368057,
  "best_validation_loss": 5.5793062109288165
}