{
  "best_epoch": 19,
  "peak_cpu_memory_MB": 5867.036,
  "peak_gpu_0_memory_MB": 13845,
  "peak_gpu_1_memory_MB": 12805,
  "peak_gpu_2_memory_MB": 14587,
  "peak_gpu_3_memory_MB": 21435,
  "training_duration": "0:15:40.552792",
  "training_start_epoch": 0,
  "training_epochs": 26,
  "epoch": 26,
  "training_accuracy": 0.9440203562340967,
  "training_disc_loss": 0.15622504358645528,
  "training_gen_loss": 5.807792806625367,
  "training_loss": 4.394900846481323,
  "training_cpu_memory_MB": 5867.036,
  "training_gpu_0_memory_MB": 13845,
  "training_gpu_1_memory_MB": 12805,
  "training_gpu_2_memory_MB": 14587,
  "training_gpu_3_memory_MB": 21435,
  "validation_accuracy": 0.39307535641547864,
  "validation_disc_loss": 2.599698356496609,
  "validation_gen_loss": 7.212943844678925,
  "validation_loss": 6.059632475783185,
  "best_validation_accuracy": 0.39613034623217924,
  "best_validation_disc_loss": 2.1468164300530908,
  "best_validation_gen_loss": 7.090301060095066,
  "best_validation_loss": 5.854429904038344
}