{
  "best_epoch": 4,
  "peak_cpu_memory_MB": 5867.036,
  "peak_gpu_0_memory_MB": 13845,
  "peak_gpu_1_memory_MB": 12805,
  "peak_gpu_2_memory_MB": 14587,
  "peak_gpu_3_memory_MB": 21435,
  "training_duration": "0:03:58.954251",
  "training_start_epoch": 0,
  "training_epochs": 6,
  "epoch": 6,
  "training_accuracy": 0.46055979643765904,
  "training_disc_loss": 1.4416829073429107,
  "training_gen_loss": 6.430893774032593,
  "training_loss": 5.183591089248657,
  "training_cpu_memory_MB": 5867.036,
  "training_gpu_0_memory_MB": 13845,
  "training_gpu_1_memory_MB": 12805,
  "training_gpu_2_memory_MB": 14587,
  "training_gpu_3_memory_MB": 21435,
  "validation_accuracy": 0.3564154786150713,
  "validation_disc_loss": 1.8282827187359818,
  "validation_gen_loss": 6.952768484751384,
  "validation_loss": 5.671647021440956,
  "best_validation_accuracy": 0.3665987780040733,
  "best_validation_disc_loss": 3.0834927815731947,
  "best_validation_gen_loss": 7.316601764865037,
  "best_validation_loss": 6.258324526189789
}