{
  "best_epoch": 2,
  "peak_cpu_memory_MB": 5867.036,
  "peak_gpu_0_memory_MB": 13845,
  "peak_gpu_1_memory_MB": 12805,
  "peak_gpu_2_memory_MB": 14587,
  "peak_gpu_3_memory_MB": 21435,
  "training_duration": "0:02:14.424475",
  "training_start_epoch": 0,
  "training_epochs": 3,
  "epoch": 3,
  "training_accuracy": 0.4122137404580153,
  "training_disc_loss": 2.0321197962760924,
  "training_gen_loss": 6.7748338317871095,
  "training_loss": 5.589155311584473,
  "training_cpu_memory_MB": 5867.036,
  "training_gpu_0_memory_MB": 13845,
  "training_gpu_1_memory_MB": 12805,
  "training_gpu_2_memory_MB": 14587,
  "training_gpu_3_memory_MB": 21435,
  "validation_accuracy": 0.34012219959266804,
  "validation_disc_loss": 2.051395230176972,
  "validation_gen_loss": 7.02547537408224,
  "validation_loss": 5.781955346828553,
  "best_validation_accuracy": 0.3411405295315682,
  "best_validation_disc_loss": 2.7129913040292943,
  "best_validation_gen_loss": 7.360445918106452,
  "best_validation_loss": 6.198582238298122
}