{
  "best_epoch": 11,
  "peak_cpu_memory_MB": 5867.036,
  "peak_gpu_0_memory_MB": 13845,
  "peak_gpu_1_memory_MB": 12805,
  "peak_gpu_2_memory_MB": 14587,
  "peak_gpu_3_memory_MB": 21435,
  "training_duration": "0:08:11.669830",
  "training_start_epoch": 0,
  "training_epochs": 13,
  "epoch": 13,
  "training_accuracy": 0.5776081424936387,
  "training_disc_loss": 0.961148961186409,
  "training_gen_loss": 6.192604064941406,
  "training_loss": 4.8847403144836425,
  "training_cpu_memory_MB": 5867.036,
  "training_gpu_0_memory_MB": 13845,
  "training_gpu_1_memory_MB": 12805,
  "training_gpu_2_memory_MB": 14587,
  "training_gpu_3_memory_MB": 21435,
  "validation_accuracy": 0.3645621181262729,
  "validation_disc_loss": 1.5148808151725832,
  "validation_gen_loss": 6.92309241953904,
  "validation_loss": 5.571039486706741,
  "best_validation_accuracy": 0.395112016293279,
  "best_validation_disc_loss": 1.6505879866398447,
  "best_validation_gen_loss": 6.888878915368057,
  "best_validation_loss": 5.5793062109288165
}