{
  "best_epoch": 3,
  "peak_cpu_memory_MB": 5866.82,
  "peak_gpu_0_memory_MB": 22543,
  "peak_gpu_1_memory_MB": 20139,
  "peak_gpu_2_memory_MB": 20139,
  "peak_gpu_3_memory_MB": 20139,
  "training_duration": "0:03:07.127349",
  "training_start_epoch": 0,
  "training_epochs": 6,
  "epoch": 6,
  "training_accuracy": 0.33587786259541985,
  "training_disc_loss": 4.342467274665832,
  "training_gen_loss": 6.717494773864746,
  "training_loss": 6.709684885465181,
  "training_cpu_memory_MB": 5866.82,
  "training_gpu_0_memory_MB": 22543,
  "training_gpu_1_memory_MB": 20139,
  "training_gpu_2_memory_MB": 20139,
  "training_gpu_3_memory_MB": 20139,
  "validation_accuracy": 0.3340122199592668,
  "validation_disc_loss": 4.358011103445484,
  "validation_gen_loss": 7.186910452381257,
  "validation_loss": 7.189281417477515,
  "best_validation_accuracy": 0.3391038696537678,
  "best_validation_disc_loss": 3.5791306611030334,
  "best_validation_gen_loss": 7.322584059930617,
  "best_validation_loss": 7.323887348175049
}