{
  "best_epoch": 1,
  "peak_cpu_memory_MB": 5866.82,
  "peak_gpu_0_memory_MB": 22297,
  "peak_gpu_1_memory_MB": 20139,
  "peak_gpu_2_memory_MB": 20139,
  "peak_gpu_3_memory_MB": 20139,
  "training_duration": "0:00:47.819365",
  "training_start_epoch": 0,
  "training_epochs": 1,
  "epoch": 1,
  "training_accuracy": 0.35368956743002544,
  "training_disc_loss": 8.583111648559571,
  "training_gen_loss": 8.273798294067383,
  "training_loss": 8.26644387611976,
  "training_cpu_memory_MB": 5866.82,
  "training_gpu_0_memory_MB": 22297,
  "training_gpu_1_memory_MB": 20139,
  "training_gpu_2_memory_MB": 20139,
  "training_gpu_3_memory_MB": 20139,
  "validation_accuracy": 0.3319755600814664,
  "validation_disc_loss": 14.965592138228878,
  "validation_gen_loss": 9.76355057377969,
  "validation_loss": 9.761539489992204,
  "best_validation_accuracy": 0.3319755600814664,
  "best_validation_disc_loss": 14.965592138228878,
  "best_validation_gen_loss": 9.76355057377969,
  "best_validation_loss": 9.761539489992204
}