{
  "best_epoch": 3,
  "peak_cpu_memory_MB": 5866.82,
  "peak_gpu_0_memory_MB": 22543,
  "peak_gpu_1_memory_MB": 20139,
  "peak_gpu_2_memory_MB": 20139,
  "peak_gpu_3_memory_MB": 20139,
  "training_duration": "0:03:33.618606",
  "training_start_epoch": 0,
  "training_epochs": 7,
  "epoch": 7,
  "training_accuracy": 0.3486005089058524,
  "training_disc_loss": 3.9455870962142945,
  "training_gen_loss": 6.690144138336182,
  "training_loss": 6.6953391295212965,
  "training_cpu_memory_MB": 5866.82,
  "training_gpu_0_memory_MB": 22543,
  "training_gpu_1_memory_MB": 20139,
  "training_gpu_2_memory_MB": 20139,
  "training_gpu_3_memory_MB": 20139,
  "validation_accuracy": 0.335030549898167,
  "validation_disc_loss": 3.7981330233235515,
  "validation_gen_loss": 7.136933203666441,
  "validation_loss": 7.139248155778454,
  "best_validation_accuracy": 0.3391038696537678,
  "best_validation_disc_loss": 3.5791306611030334,
  "best_validation_gen_loss": 7.322584059930617,
  "best_validation_loss": 7.323887348175049
}