{
  "best_epoch": 3,
  "peak_cpu_memory_MB": 5488.64,
  "peak_gpu_0_memory_MB": 12693,
  "peak_gpu_1_memory_MB": 21435,
  "peak_gpu_2_memory_MB": 0,
  "peak_gpu_3_memory_MB": 12821,
  "training_duration": "0:02:54.637340",
  "training_start_epoch": 0,
  "training_epochs": 4,
  "epoch": 4,
  "training_accuracy": 0.42493638676844786,
  "training_loss": 1.0858930486899157,
  "training_cpu_memory_MB": 5488.64,
  "training_gpu_0_memory_MB": 12693,
  "training_gpu_1_memory_MB": 21435,
  "training_gpu_2_memory_MB": 0,
  "training_gpu_3_memory_MB": 12821,
  "validation_accuracy": 0.36046867040244523,
  "validation_loss": 1.106551306643781,
  "best_validation_accuracy": 0.3607743250127356,
  "best_validation_loss": 1.1044183157942582
}