{
  "best_epoch": 1,
  "peak_cpu_memory_MB": 5488.64,
  "peak_gpu_0_memory_MB": 12693,
  "peak_gpu_1_memory_MB": 21435,
  "peak_gpu_2_memory_MB": 0,
  "peak_gpu_3_memory_MB": 12821,
  "training_duration": "0:01:42.586269",
  "training_start_epoch": 0,
  "training_epochs": 2,
  "epoch": 2,
  "training_accuracy": 0.4122137404580153,
  "training_loss": 1.1000727690183199,
  "training_cpu_memory_MB": 5488.64,
  "training_gpu_0_memory_MB": 12693,
  "training_gpu_1_memory_MB": 21435,
  "training_gpu_2_memory_MB": 0,
  "training_gpu_3_memory_MB": 12821,
  "validation_accuracy": 0.3335710646968925,
  "validation_loss": 1.1075476116776855,
  "best_validation_accuracy": 0.34630667345899135,
  "best_validation_loss": 1.112840008269692
}