{
  "best_epoch": 10,
  "peak_cpu_memory_MB": 5865.6,
  "peak_gpu_0_memory_MB": 13847,
  "peak_gpu_1_memory_MB": 13005,
  "peak_gpu_2_memory_MB": 13845,
  "peak_gpu_3_memory_MB": 21435,
  "training_duration": "0:06:51.399642",
  "training_start_epoch": 0,
  "training_epochs": 11,
  "epoch": 11,
  "training_accuracy": 0.7022900763358778,
  "training_disc_loss": 0.7479654222726821,
  "training_gen_loss": 5.636913948059082,
  "training_loss": 5.636913948059082,
  "training_cpu_memory_MB": 5865.6,
  "training_gpu_0_memory_MB": 13847,
  "training_gpu_1_memory_MB": 13005,
  "training_gpu_2_memory_MB": 13845,
  "training_gpu_3_memory_MB": 21435,
  "validation_accuracy": 0.37678207739307534,
  "validation_disc_loss": 2.432008807252093,
  "validation_gen_loss": 7.953746078460197,
  "validation_loss": 7.953746078460197,
  "best_validation_accuracy": 0.390020366598778,
  "best_validation_disc_loss": 1.6406590095380458,
  "best_validation_gen_loss": 7.79389734190654,
  "best_validation_loss": 7.79389734190654
}