{
  "best_epoch": 12,
  "peak_cpu_memory_MB": 5865.6,
  "peak_gpu_0_memory_MB": 13847,
  "peak_gpu_1_memory_MB": 13005,
  "peak_gpu_2_memory_MB": 13845,
  "peak_gpu_3_memory_MB": 21435,
  "training_duration": "0:08:08.265362",
  "training_start_epoch": 0,
  "training_epochs": 13,
  "epoch": 13,
  "training_accuracy": 0.727735368956743,
  "training_disc_loss": 0.775162812769413,
  "training_gen_loss": 5.578817911148072,
  "training_loss": 5.578817911148072,
  "training_cpu_memory_MB": 5865.6,
  "training_gpu_0_memory_MB": 13847,
  "training_gpu_1_memory_MB": 13005,
  "training_gpu_2_memory_MB": 13845,
  "training_gpu_3_memory_MB": 21435,
  "validation_accuracy": 0.39307535641547864,
  "validation_disc_loss": 2.0296882257713533,
  "validation_gen_loss": 7.9583455605235525,
  "validation_loss": 7.9583455605235525,
  "best_validation_accuracy": 0.395112016293279,
  "best_validation_disc_loss": 1.7213471774163285,
  "best_validation_gen_loss": 7.753121969176502,
  "best_validation_loss": 7.753121969176502
}