{
  "best_epoch": 12,
  "peak_cpu_memory_MB": 5865.6,
  "peak_gpu_0_memory_MB": 13847,
  "peak_gpu_1_memory_MB": 13005,
  "peak_gpu_2_memory_MB": 13845,
  "peak_gpu_3_memory_MB": 21435,
  "training_duration": "0:08:42.894205",
  "training_start_epoch": 0,
  "training_epochs": 14,
  "epoch": 14,
  "training_accuracy": 0.7913486005089059,
  "training_disc_loss": 0.5796148828417063,
  "training_gen_loss": 5.523399286270141,
  "training_loss": 5.523399286270141,
  "training_cpu_memory_MB": 5865.6,
  "training_gpu_0_memory_MB": 13847,
  "training_gpu_1_memory_MB": 13005,
  "training_gpu_2_memory_MB": 13845,
  "training_gpu_3_memory_MB": 21435,
  "validation_accuracy": 0.34012219959266804,
  "validation_disc_loss": 4.161993537491899,
  "validation_gen_loss": 8.640273109684145,
  "validation_loss": 8.640273109684145,
  "best_validation_accuracy": 0.395112016293279,
  "best_validation_disc_loss": 1.7213471774163285,
  "best_validation_gen_loss": 7.753121969176502,
  "best_validation_loss": 7.753121969176502
}