{
  "best_epoch": 4,
  "peak_cpu_memory_MB": 5865.6,
  "peak_gpu_0_memory_MB": 13847,
  "peak_gpu_1_memory_MB": 13005,
  "peak_gpu_2_memory_MB": 13845,
  "peak_gpu_3_memory_MB": 21435,
  "training_duration": "0:05:02.766300",
  "training_start_epoch": 0,
  "training_epochs": 8,
  "epoch": 8,
  "training_accuracy": 0.5801526717557252,
  "training_disc_loss": 1.257750043272972,
  "training_gen_loss": 5.756957044601441,
  "training_loss": 5.756957044601441,
  "training_cpu_memory_MB": 5865.6,
  "training_gpu_0_memory_MB": 13847,
  "training_gpu_1_memory_MB": 13005,
  "training_gpu_2_memory_MB": 13845,
  "training_gpu_3_memory_MB": 21435,
  "validation_accuracy": 0.3329938900203666,
  "validation_disc_loss": 6.663616153282848,
  "validation_gen_loss": 8.828082805726586,
  "validation_loss": 8.828082805726586,
  "best_validation_accuracy": 0.384928716904277,
  "best_validation_disc_loss": 1.1639370709899965,
  "best_validation_gen_loss": 7.0091576770069155,
  "best_validation_loss": 7.0091576770069155
}