{
  "best_epoch": 12,
  "peak_cpu_memory_MB": 5865.6,
  "peak_gpu_0_memory_MB": 13847,
  "peak_gpu_1_memory_MB": 13005,
  "peak_gpu_2_memory_MB": 13845,
  "peak_gpu_3_memory_MB": 21435,
  "training_duration": "0:07:26.030535",
  "training_start_epoch": 0,
  "training_epochs": 12,
  "epoch": 12,
  "training_accuracy": 0.732824427480916,
  "training_disc_loss": 0.7749567581713199,
  "training_gen_loss": 5.601887903213501,
  "training_loss": 5.601887903213501,
  "training_cpu_memory_MB": 5865.6,
  "training_gpu_0_memory_MB": 13847,
  "training_gpu_1_memory_MB": 13005,
  "training_gpu_2_memory_MB": 13845,
  "training_gpu_3_memory_MB": 21435,
  "validation_accuracy": 0.395112016293279,
  "validation_disc_loss": 1.7213471774163285,
  "validation_gen_loss": 7.753121969176502,
  "validation_loss": 7.753121969176502,
  "best_validation_accuracy": 0.395112016293279,
  "best_validation_disc_loss": 1.7213471774163285,
  "best_validation_gen_loss": 7.753121969176502,
  "best_validation_loss": 7.753121969176502
}