{
  "best_epoch": 16,
  "peak_cpu_memory_MB": 5865.6,
  "peak_gpu_0_memory_MB": 13847,
  "peak_gpu_1_memory_MB": 13005,
  "peak_gpu_2_memory_MB": 13845,
  "peak_gpu_3_memory_MB": 21435,
  "training_duration": "0:13:29.781590",
  "training_start_epoch": 0,
  "training_epochs": 22,
  "epoch": 22,
  "training_accuracy": 0.9211195928753181,
  "training_disc_loss": 0.21397319499999867,
  "training_gen_loss": 5.342304496765137,
  "training_loss": 5.342304496765137,
  "training_cpu_memory_MB": 5865.6,
  "training_gpu_0_memory_MB": 13847,
  "training_gpu_1_memory_MB": 13005,
  "training_gpu_2_memory_MB": 13845,
  "training_gpu_3_memory_MB": 21435,
  "validation_accuracy": 0.3665987780040733,
  "validation_disc_loss": 3.6624369005846784,
  "validation_gen_loss": 8.999787795834425,
  "validation_loss": 8.999787795834425,
  "best_validation_accuracy": 0.4073319755600815,
  "best_validation_disc_loss": 1.9735276943784419,
  "best_validation_gen_loss": 8.224013832526479,
  "best_validation_loss": 8.224013832526479
}