{
  "best_epoch": 4,
  "peak_cpu_memory_MB": 5865.6,
  "peak_gpu_0_memory_MB": 13847,
  "peak_gpu_1_memory_MB": 13005,
  "peak_gpu_2_memory_MB": 13845,
  "peak_gpu_3_memory_MB": 21435,
  "training_duration": "0:02:44.888620",
  "training_start_epoch": 0,
  "training_epochs": 4,
  "epoch": 4,
  "training_accuracy": 0.4402035623409669,
  "training_disc_loss": 1.3017996120452882,
  "training_gen_loss": 6.0984864425659175,
  "training_loss": 6.0984864425659175,
  "training_cpu_memory_MB": 5865.6,
  "training_gpu_0_memory_MB": 13847,
  "training_gpu_1_memory_MB": 13005,
  "training_gpu_2_memory_MB": 13845,
  "training_gpu_3_memory_MB": 21435,
  "validation_accuracy": 0.384928716904277,
  "validation_disc_loss": 1.1639370709899965,
  "validation_gen_loss": 7.0091576770069155,
  "validation_loss": 7.0091576770069155,
  "best_validation_accuracy": 0.384928716904277,
  "best_validation_disc_loss": 1.1639370709899965,
  "best_validation_gen_loss": 7.0091576770069155,
  "best_validation_loss": 7.0091576770069155
}