{
  "best_epoch": 0,
  "peak_cpu_memory_MB": 5865.6,
  "peak_gpu_0_memory_MB": 13847,
  "peak_gpu_1_memory_MB": 13005,
  "peak_gpu_2_memory_MB": 2617,
  "peak_gpu_3_memory_MB": 21435,
  "training_duration": "0:00:25.674630",
  "training_start_epoch": 0,
  "training_epochs": 0,
  "epoch": 0,
  "training_accuracy": 0.37150127226463103,
  "training_disc_loss": 8.326088672876358,
  "training_gen_loss": 9.281845359802245,
  "training_loss": 9.281845359802245,
  "training_cpu_memory_MB": 5865.6,
  "training_gpu_0_memory_MB": 13847,
  "training_gpu_1_memory_MB": 13005,
  "training_gpu_2_memory_MB": 2617,
  "training_gpu_3_memory_MB": 21435,
  "validation_accuracy": 0.3258655804480652,
  "validation_disc_loss": 5.056453125748208,
  "validation_gen_loss": 7.347024204285164,
  "validation_loss": 7.347024204285164,
  "best_validation_accuracy": 0.3258655804480652,
  "best_validation_disc_loss": 5.056453125748208,
  "best_validation_gen_loss": 7.347024204285164,
  "best_validation_loss": 7.347024204285164
}