{
  "best_epoch": 4,
  "peak_cpu_memory_MB": 5865.6,
  "peak_gpu_0_memory_MB": 13847,
  "peak_gpu_1_memory_MB": 13005,
  "peak_gpu_2_memory_MB": 13845,
  "peak_gpu_3_memory_MB": 21435,
  "training_duration": "0:03:22.669092",
  "training_start_epoch": 0,
  "training_epochs": 5,
  "epoch": 5,
  "training_accuracy": 0.44274809160305345,
  "training_disc_loss": 1.3340361827611924,
  "training_gen_loss": 5.93372483253479,
  "training_loss": 5.93372483253479,
  "training_cpu_memory_MB": 5865.6,
  "training_gpu_0_memory_MB": 13847,
  "training_gpu_1_memory_MB": 13005,
  "training_gpu_2_memory_MB": 13845,
  "training_gpu_3_memory_MB": 21435,
  "validation_accuracy": 0.36761710794297353,
  "validation_disc_loss": 1.311840845801966,
  "validation_gen_loss": 7.220798554459239,
  "validation_loss": 7.220798554459239,
  "best_validation_accuracy": 0.384928716904277,
  "best_validation_disc_loss": 1.1639370709899965,
  "best_validation_gen_loss": 7.0091576770069155,
  "best_validation_loss": 7.0091576770069155
}