{
  "best_epoch": 16,
  "peak_cpu_memory_MB": 5865.6,
  "peak_gpu_0_memory_MB": 13847,
  "peak_gpu_1_memory_MB": 13005,
  "peak_gpu_2_memory_MB": 13845,
  "peak_gpu_3_memory_MB": 21435,
  "training_duration": "0:17:30.278643",
  "training_start_epoch": 0,
  "training_epochs": 29,
  "epoch": 29,
  "training_accuracy": 0.9643765903307888,
  "training_disc_loss": 0.11284585315239383,
  "training_gen_loss": 5.219268732070923,
  "training_loss": 5.219268732070923,
  "training_cpu_memory_MB": 5865.6,
  "training_gpu_0_memory_MB": 13847,
  "training_gpu_1_memory_MB": 13005,
  "training_gpu_2_memory_MB": 13845,
  "training_gpu_3_memory_MB": 21435,
  "validation_accuracy": 0.3940936863543788,
  "validation_disc_loss": 3.092747370402018,
  "validation_gen_loss": 8.82131290435791,
  "validation_loss": 8.82131290435791,
  "best_validation_accuracy": 0.4073319755600815,
  "best_validation_disc_loss": 1.9735276943784419,
  "best_validation_gen_loss": 8.224013832526479,
  "best_validation_loss": 8.224013832526479
}