{
  "best_epoch": 16,
  "peak_cpu_memory_MB": 5865.6,
  "peak_gpu_0_memory_MB": 13847,
  "peak_gpu_1_memory_MB": 13005,
  "peak_gpu_2_memory_MB": 13845,
  "peak_gpu_3_memory_MB": 21435,
  "training_duration": "0:11:11.538338",
  "training_start_epoch": 0,
  "training_epochs": 18,
  "epoch": 18,
  "training_accuracy": 0.8804071246819338,
  "training_disc_loss": 0.2942487519187853,
  "training_gen_loss": 5.414422063827515,
  "training_loss": 5.414422063827515,
  "training_cpu_memory_MB": 5865.6,
  "training_gpu_0_memory_MB": 13847,
  "training_gpu_1_memory_MB": 13005,
  "training_gpu_2_memory_MB": 13845,
  "training_gpu_3_memory_MB": 21435,
  "validation_accuracy": 0.40020366598778007,
  "validation_disc_loss": 2.2599263806653216,
  "validation_gen_loss": 8.242770609816885,
  "validation_loss": 8.242770609816885,
  "best_validation_accuracy": 0.4073319755600815,
  "best_validation_disc_loss": 1.9735276943784419,
  "best_validation_gen_loss": 8.224013832526479,
  "best_validation_loss": 8.224013832526479
}