{
  "best_epoch": 16,
  "peak_cpu_memory_MB": 5865.6,
  "peak_gpu_0_memory_MB": 13847,
  "peak_gpu_1_memory_MB": 13005,
  "peak_gpu_2_memory_MB": 13845,
  "peak_gpu_3_memory_MB": 21435,
  "training_duration": "0:12:20.654318",
  "training_start_epoch": 0,
  "training_epochs": 20,
  "epoch": 20,
  "training_accuracy": 0.905852417302799,
  "training_disc_loss": 0.2912094262614846,
  "training_gen_loss": 5.374138078689575,
  "training_loss": 5.374138078689575,
  "training_cpu_memory_MB": 5865.6,
  "training_gpu_0_memory_MB": 13847,
  "training_gpu_1_memory_MB": 13005,
  "training_gpu_2_memory_MB": 13845,
  "training_gpu_3_memory_MB": 21435,
  "validation_accuracy": 0.34826883910386963,
  "validation_disc_loss": 5.8672506673549245,
  "validation_gen_loss": 8.927624954440729,
  "validation_loss": 8.927624954440729,
  "best_validation_accuracy": 0.4073319755600815,
  "best_validation_disc_loss": 1.9735276943784419,
  "best_validation_gen_loss": 8.224013832526479,
  "best_validation_loss": 8.224013832526479
}