{
  "best_epoch": 4,
  "peak_cpu_memory_MB": 5467.06,
  "peak_gpu_0_memory_MB": 12677,
  "peak_gpu_1_memory_MB": 0,
  "peak_gpu_2_memory_MB": 0,
  "peak_gpu_3_memory_MB": 12805,
  "training_duration": "0:02:56.625691",
  "training_start_epoch": 0,
  "training_epochs": 4,
  "epoch": 4,
  "training_accuracy": 0.9974554707379135,
  "training_loss": 0.05595588454833397,
  "training_cpu_memory_MB": 5467.06,
  "training_gpu_0_memory_MB": 12677,
  "training_gpu_1_memory_MB": 0,
  "training_gpu_2_memory_MB": 0,
  "training_gpu_3_memory_MB": 12805,
  "validation_accuracy": 0.5875700458481915,
  "validation_loss": 1.3063756621621718,
  "best_validation_accuracy": 0.5875700458481915,
  "best_validation_loss": 1.3063756621621718
}