{
  "best_epoch": 2,
  "peak_cpu_memory_MB": 5866.108,
  "peak_gpu_0_memory_MB": 21435,
  "peak_gpu_1_memory_MB": 20139,
  "peak_gpu_2_memory_MB": 20139,
  "peak_gpu_3_memory_MB": 20139,
  "training_duration": "0:01:47.411570",
  "training_start_epoch": 0,
  "training_epochs": 3,
  "epoch": 3,
  "training_accuracy": 0.3333333333333333,
  "training_disc_loss": 2.805637125968933,
  "training_gen_loss": 6.964218730926514,
  "training_loss": 6.557368938739483,
  "training_cpu_memory_MB": 5866.108,
  "training_gpu_0_memory_MB": 21435,
  "training_gpu_1_memory_MB": 20139,
  "training_gpu_2_memory_MB": 20139,
  "training_gpu_3_memory_MB": 20139,
  "validation_accuracy": 0.34928716904276985,
  "validation_disc_loss": 2.192123652465882,
  "validation_gen_loss": 7.049077887688914,
  "validation_loss": 6.564813290872881,
  "best_validation_accuracy": 0.35845213849287166,
  "best_validation_disc_loss": 2.4294434555115236,
  "best_validation_gen_loss": 7.1839873098558,
  "best_validation_loss": 6.710097297545402
}