{
  "best_epoch": 15,
  "peak_cpu_memory_MB": 5866.108,
  "peak_gpu_0_memory_MB": 21435,
  "peak_gpu_1_memory_MB": 20139,
  "peak_gpu_2_memory_MB": 20139,
  "peak_gpu_3_memory_MB": 20139,
  "training_duration": "0:13:10.212495",
  "training_start_epoch": 0,
  "training_epochs": 27,
  "epoch": 27,
  "training_accuracy": 0.6335877862595419,
  "training_disc_loss": 1.157815682888031,
  "training_gen_loss": 6.32578628540039,
  "training_loss": 5.817786656893217,
  "training_cpu_memory_MB": 5866.108,
  "training_gpu_0_memory_MB": 21435,
  "training_gpu_1_memory_MB": 20139,
  "training_gpu_2_memory_MB": 20139,
  "training_gpu_3_memory_MB": 20139,
  "validation_accuracy": 0.3859470468431772,
  "validation_disc_loss": 1.7427132273873975,
  "validation_gen_loss": 6.894411071654289,
  "validation_loss": 6.380482119898642,
  "best_validation_accuracy": 0.40122199592668023,
  "best_validation_disc_loss": 1.7424577157343588,
  "best_validation_gen_loss": 6.878118161232241,
  "best_validation_loss": 6.365548087704566
}