{
  "best_epoch": 15,
  "peak_cpu_memory_MB": 5866.108,
  "peak_gpu_0_memory_MB": 21435,
  "peak_gpu_1_memory_MB": 20139,
  "peak_gpu_2_memory_MB": 20139,
  "peak_gpu_3_memory_MB": 20139,
  "training_duration": "0:11:49.409428",
  "training_start_epoch": 0,
  "training_epochs": 24,
  "epoch": 24,
  "training_accuracy": 0.6361323155216285,
  "training_disc_loss": 1.1167853677272797,
  "training_gen_loss": 6.313245372772217,
  "training_loss": 5.775623358212984,
  "training_cpu_memory_MB": 5866.108,
  "training_gpu_0_memory_MB": 21435,
  "training_gpu_1_memory_MB": 20139,
  "training_gpu_2_memory_MB": 20139,
  "training_gpu_3_memory_MB": 20139,
  "validation_accuracy": 0.3869653767820774,
  "validation_disc_loss": 1.7279913050513114,
  "validation_gen_loss": 6.878119676343856,
  "validation_loss": 6.364334998592254,
  "best_validation_accuracy": 0.40122199592668023,
  "best_validation_disc_loss": 1.7424577157343588,
  "best_validation_gen_loss": 6.878118161232241,
  "best_validation_loss": 6.365548087704566
}