{
  "best_epoch": 0,
  "peak_cpu_memory_MB": 5866.108,
  "peak_gpu_0_memory_MB": 2617,
  "peak_gpu_1_memory_MB": 20139,
  "peak_gpu_2_memory_MB": 20139,
  "peak_gpu_3_memory_MB": 20139,
  "training_duration": "0:00:21.424159",
  "training_start_epoch": 0,
  "training_epochs": 0,
  "epoch": 0,
  "training_accuracy": 0.38676844783715014,
  "training_disc_loss": 13.729804077148437,
  "training_gen_loss": 12.468311386108399,
  "training_loss": 12.550622279827412,
  "training_cpu_memory_MB": 5866.108,
  "training_gpu_0_memory_MB": 2617,
  "training_gpu_1_memory_MB": 20139,
  "training_gpu_2_memory_MB": 20139,
  "training_gpu_3_memory_MB": 20139,
  "validation_accuracy": 0.3513238289205703,
  "validation_disc_loss": 10.794705821621802,
  "validation_gen_loss": 12.068630479997204,
  "validation_loss": 11.93900514418079,
  "best_validation_accuracy": 0.3513238289205703,
  "best_validation_disc_loss": 10.794705821621802,
  "best_validation_gen_loss": 12.068630479997204,
  "best_validation_loss": 11.93900514418079
}