{
  "best_epoch": 1,
  "peak_cpu_memory_MB": 5494.96,
  "peak_gpu_0_memory_MB": 12693,
  "peak_gpu_1_memory_MB": 21435,
  "peak_gpu_2_memory_MB": 0,
  "peak_gpu_3_memory_MB": 13013,
  "training_duration": "0:01:42.126588",
  "training_start_epoch": 0,
  "training_epochs": 2,
  "epoch": 2,
  "training_accuracy": 0.4173027989821883,
  "training_loss": 1.1051694521537194,
  "training_cpu_memory_MB": 5494.96,
  "training_gpu_0_memory_MB": 12693,
  "training_gpu_1_memory_MB": 21435,
  "training_gpu_2_memory_MB": 0,
  "training_gpu_3_memory_MB": 13013,
  "validation_accuracy": 0.3464085583290881,
  "validation_loss": 1.09941997512544,
  "best_validation_accuracy": 0.3468160978094753,
  "best_validation_loss": 1.0996980845734041
}