{
  "best_epoch": 0,
  "peak_cpu_memory_MB": 5494.96,
  "peak_gpu_0_memory_MB": 12693,
  "peak_gpu_1_memory_MB": 21435,
  "peak_gpu_2_memory_MB": 0,
  "peak_gpu_3_memory_MB": 2425,
  "training_duration": "0:00:29.634301",
  "training_start_epoch": 0,
  "training_epochs": 0,
  "epoch": 0,
  "training_accuracy": 0.35368956743002544,
  "training_loss": 1.1040278306374183,
  "training_cpu_memory_MB": 5494.96,
  "training_gpu_0_memory_MB": 12693,
  "training_gpu_1_memory_MB": 21435,
  "training_gpu_2_memory_MB": 0,
  "training_gpu_3_memory_MB": 2425,
  "validation_accuracy": 0.3379521141110545,
  "validation_loss": 1.1013073505718467,
  "best_validation_accuracy": 0.3379521141110545,
  "best_validation_loss": 1.1013073505718467
}