{
  "best_epoch": 6,
  "peak_cpu_memory_MB": 5867.108,
  "peak_gpu_0_memory_MB": 13847,
  "peak_gpu_1_memory_MB": 13845,
  "peak_gpu_2_memory_MB": 13845,
  "peak_gpu_3_memory_MB": 21435,
  "training_duration": "0:04:40.568959",
  "training_start_epoch": 0,
  "training_epochs": 8,
  "epoch": 8,
  "training_accuracy": 0.5114503816793893,
  "training_disc_loss": 1.405269706249237,
  "training_gen_loss": 5.659749212265015,
  "training_loss": 5.659749212265015,
  "training_cpu_memory_MB": 5867.108,
  "training_gpu_0_memory_MB": 13847,
  "training_gpu_1_memory_MB": 13845,
  "training_gpu_2_memory_MB": 13845,
  "training_gpu_3_memory_MB": 21435,
  "validation_accuracy": 0.34419551934826886,
  "validation_disc_loss": 2.1636139968546426,
  "validation_gen_loss": 7.949900851986272,
  "validation_loss": 7.949900851986272,
  "best_validation_accuracy": 0.3574338085539715,
  "best_validation_disc_loss": 3.019808355385695,
  "best_validation_gen_loss": 9.464301760603743,
  "best_validation_loss": 9.464301760603743
}