{
  "best_epoch": 0,
  "peak_cpu_memory_MB": 5867.108,
  "peak_gpu_0_memory_MB": 13847,
  "peak_gpu_1_memory_MB": 13845,
  "peak_gpu_2_memory_MB": 13845,
  "peak_gpu_3_memory_MB": 21435,
  "training_duration": "0:02:28.320100",
  "training_start_epoch": 0,
  "training_epochs": 4,
  "epoch": 4,
  "training_accuracy": 0.3333333333333333,
  "training_disc_loss": 1.9686482632160187,
  "training_gen_loss": 5.890213565826416,
  "training_loss": 5.890213565826416,
  "training_cpu_memory_MB": 5867.108,
  "training_gpu_0_memory_MB": 13847,
  "training_gpu_1_memory_MB": 13845,
  "training_gpu_2_memory_MB": 13845,
  "training_gpu_3_memory_MB": 21435,
  "validation_accuracy": 0.3319755600814664,
  "validation_disc_loss": 2.2139823775950487,
  "validation_gen_loss": 7.9026311665046505,
  "validation_loss": 7.9026311665046505,
  "best_validation_accuracy": 0.3391038696537678,
  "best_validation_disc_loss": 1.137108124368559,
  "best_validation_gen_loss": 7.337308275021188,
  "best_validation_loss": 7.337308275021188
}