{
  "best_epoch": 0,
  "peak_cpu_memory_MB": 5867.108,
  "peak_gpu_0_memory_MB": 13847,
  "peak_gpu_1_memory_MB": 13845,
  "peak_gpu_2_memory_MB": 13845,
  "peak_gpu_3_memory_MB": 21435,
  "training_duration": "0:01:26.510316",
  "training_start_epoch": 0,
  "training_epochs": 2,
  "epoch": 2,
  "training_accuracy": 0.2875318066157761,
  "training_disc_loss": 1.795035833120346,
  "training_gen_loss": 6.105458154678344,
  "training_loss": 6.105458154678344,
  "training_cpu_memory_MB": 5867.108,
  "training_gpu_0_memory_MB": 13847,
  "training_gpu_1_memory_MB": 13845,
  "training_gpu_2_memory_MB": 13845,
  "training_gpu_3_memory_MB": 21435,
  "validation_accuracy": 0.3329938900203666,
  "validation_disc_loss": 2.3175881858763656,
  "validation_gen_loss": 7.389905255015304,
  "validation_loss": 7.389905255015304,
  "best_validation_accuracy": 0.3391038696537678,
  "best_validation_disc_loss": 1.137108124368559,
  "best_validation_gen_loss": 7.337308275021188,
  "best_validation_loss": 7.337308275021188
}