{
  "best_epoch": 0,
  "peak_cpu_memory_MB": 5867.108,
  "peak_gpu_0_memory_MB": 13847,
  "peak_gpu_1_memory_MB": 13845,
  "peak_gpu_2_memory_MB": 13845,
  "peak_gpu_3_memory_MB": 21435,
  "training_duration": "0:01:57.616071",
  "training_start_epoch": 0,
  "training_epochs": 3,
  "epoch": 3,
  "training_accuracy": 0.35368956743002544,
  "training_disc_loss": 1.71550852060318,
  "training_gen_loss": 5.951563835144043,
  "training_loss": 5.951563835144043,
  "training_cpu_memory_MB": 5867.108,
  "training_gpu_0_memory_MB": 13847,
  "training_gpu_1_memory_MB": 13845,
  "training_gpu_2_memory_MB": 13845,
  "training_gpu_3_memory_MB": 21435,
  "validation_accuracy": 0.329938900203666,
  "validation_disc_loss": 1.426352706381945,
  "validation_gen_loss": 8.60245291004336,
  "validation_loss": 8.60245291004336,
  "best_validation_accuracy": 0.3391038696537678,
  "best_validation_disc_loss": 1.137108124368559,
  "best_validation_gen_loss": 7.337308275021188,
  "best_validation_loss": 7.337308275021188
}