{
  "best_epoch": 0,
  "peak_cpu_memory_MB": 9765.612,
  "peak_gpu_0_memory_MB": 36,
  "peak_gpu_1_memory_MB": 2600,
  "training_duration": "6:25:48.414517",
  "training_start_epoch": 0,
  "training_epochs": 0,
  "epoch": 0,
  "training_accuracy": 0.7274294503211086,
  "training_gen_loss": 2.0178558501459443,
  "training_disc_loss": 0.8954172962067121,
  "training_loss": 1.4566349309166065,
  "training_cpu_memory_MB": 9765.612,
  "training_gpu_0_memory_MB": 36,
  "training_gpu_1_memory_MB": 2600,
  "validation_accuracy": 0.8453387671930719,
  "validation_gen_loss": 2.083712014721095,
  "validation_disc_loss": 0.42990713699171296,
  "validation_loss": 1.2566648523659971,
  "best_validation_accuracy": 0.8453387671930719,
  "best_validation_gen_loss": 2.083712014721095,
  "best_validation_disc_loss": 0.42990713699171296,
  "best_validation_loss": 1.2566648523659971
}