{
  "best_epoch": 1,
  "peak_cpu_memory_MB": 9765.612,
  "peak_gpu_0_memory_MB": 36,
  "peak_gpu_1_memory_MB": 10924,
  "training_duration": "12:51:57.964987",
  "training_start_epoch": 0,
  "training_epochs": 1,
  "epoch": 1,
  "training_accuracy": 0.8506348325193149,
  "training_gen_loss": 1.7803289851075206,
  "training_disc_loss": 0.4251532136162716,
  "training_loss": 1.102740597941535,
  "training_cpu_memory_MB": 9765.612,
  "training_gpu_0_memory_MB": 36,
  "training_gpu_1_memory_MB": 10924,
  "validation_accuracy": 0.8584819154355579,
  "validation_gen_loss": 2.037352801863022,
  "validation_disc_loss": 0.42162647525025004,
  "validation_loss": 1.2293509000287381,
  "best_validation_accuracy": 0.8584819154355579,
  "best_validation_gen_loss": 2.037352801863022,
  "best_validation_disc_loss": 0.42162647525025004,
  "best_validation_loss": 1.2293509000287381
}