{
  "best_epoch": 2,
  "peak_cpu_memory_MB": 9765.612,
  "peak_gpu_0_memory_MB": 36,
  "peak_gpu_1_memory_MB": 10924,
  "training_duration": "19:19:03.530284",
  "training_start_epoch": 0,
  "training_epochs": 2,
  "epoch": 2,
  "training_accuracy": 0.8954678101970451,
  "training_gen_loss": 1.7189003879408358,
  "training_disc_loss": 0.2899143442105707,
  "training_loss": 1.00440653941486,
  "training_cpu_memory_MB": 9765.612,
  "training_gpu_0_memory_MB": 36,
  "training_gpu_1_memory_MB": 10924,
  "validation_accuracy": 0.8588894549159449,
  "validation_gen_loss": 2.03749839067702,
  "validation_disc_loss": 0.45669626920028683,
  "validation_loss": 1.2469576360348382,
  "best_validation_accuracy": 0.8588894549159449,
  "best_validation_gen_loss": 2.03749839067702,
  "best_validation_disc_loss": 0.45669626920028683,
  "best_validation_loss": 1.2469576360348382
}