{
  "best_epoch": 6,
  "peak_cpu_memory_MB": 5491.132,
  "peak_gpu_0_memory_MB": 12553,
  "peak_gpu_1_memory_MB": 21435,
  "peak_gpu_2_memory_MB": 0,
  "peak_gpu_3_memory_MB": 12821,
  "training_duration": "0:04:16.325342",
  "training_start_epoch": 0,
  "training_epochs": 6,
  "epoch": 6,
  "training_accuracy": 0.8396946564885496,
  "training_loss": 0.47984003791442287,
  "training_cpu_memory_MB": 5491.132,
  "training_gpu_0_memory_MB": 12553,
  "training_gpu_1_memory_MB": 21435,
  "training_gpu_2_memory_MB": 0,
  "training_gpu_3_memory_MB": 12821,
  "validation_accuracy": 0.6070300560366786,
  "validation_loss": 0.8968615518330751,
  "best_validation_accuracy": 0.6070300560366786,
  "best_validation_loss": 0.8968615518330751
}