{
  "best_epoch": 8,
  "peak_cpu_memory_MB": 5491.132,
  "peak_gpu_0_memory_MB": 12677,
  "peak_gpu_1_memory_MB": 21435,
  "peak_gpu_2_memory_MB": 0,
  "peak_gpu_3_memory_MB": 12821,
  "training_duration": "0:06:17.275984",
  "training_start_epoch": 0,
  "training_epochs": 9,
  "epoch": 9,
  "training_accuracy": 0.9541984732824428,
  "training_loss": 0.2275468111038208,
  "training_cpu_memory_MB": 5491.132,
  "training_gpu_0_memory_MB": 12677,
  "training_gpu_1_memory_MB": 21435,
  "training_gpu_2_memory_MB": 0,
  "training_gpu_3_memory_MB": 12821,
  "validation_accuracy": 0.6320937340804891,
  "validation_loss": 0.850851179528314,
  "best_validation_accuracy": 0.6337238920020377,
  "best_validation_loss": 0.850371403006855
}