{
  "best_epoch": 3,
  "peak_cpu_memory_MB": 5491.132,
  "peak_gpu_0_memory_MB": 12553,
  "peak_gpu_1_memory_MB": 21435,
  "peak_gpu_2_memory_MB": 0,
  "peak_gpu_3_memory_MB": 12821,
  "training_duration": "0:02:21.363470",
  "training_start_epoch": 0,
  "training_epochs": 3,
  "epoch": 3,
  "training_accuracy": 0.48091603053435117,
  "training_loss": 1.01206996349188,
  "training_cpu_memory_MB": 5491.132,
  "training_gpu_0_memory_MB": 12553,
  "training_gpu_1_memory_MB": 21435,
  "training_gpu_2_memory_MB": 0,
  "training_gpu_3_memory_MB": 12821,
  "validation_accuracy": 0.423841059602649,
  "validation_loss": 1.105598215171491,
  "best_validation_accuracy": 0.423841059602649,
  "best_validation_loss": 1.105598215171491
}