{
  "best_epoch": 1,
  "peak_cpu_memory_MB": 5491.132,
  "peak_gpu_0_memory_MB": 12553,
  "peak_gpu_1_memory_MB": 21435,
  "peak_gpu_2_memory_MB": 0,
  "peak_gpu_3_memory_MB": 12821,
  "training_duration": "0:01:05.079879",
  "training_start_epoch": 0,
  "training_epochs": 1,
  "epoch": 1,
  "training_accuracy": 0.3486005089058524,
  "training_loss": 1.146888833779555,
  "training_cpu_memory_MB": 5491.132,
  "training_gpu_0_memory_MB": 12553,
  "training_gpu_1_memory_MB": 21435,
  "training_gpu_2_memory_MB": 0,
  "training_gpu_3_memory_MB": 12821,
  "validation_accuracy": 0.33204279164544065,
  "validation_loss": 1.1170626851557133,
  "best_validation_accuracy": 0.33204279164544065,
  "best_validation_loss": 1.1170626851557133
}