{
  "best_epoch": 2,
  "peak_cpu_memory_MB": 5491.132,
  "peak_gpu_0_memory_MB": 12553,
  "peak_gpu_1_memory_MB": 21435,
  "peak_gpu_2_memory_MB": 0,
  "peak_gpu_3_memory_MB": 12821,
  "training_duration": "0:01:43.179943",
  "training_start_epoch": 0,
  "training_epochs": 2,
  "epoch": 2,
  "training_accuracy": 0.4122137404580153,
  "training_loss": 1.0959427585968604,
  "training_cpu_memory_MB": 5491.132,
  "training_gpu_0_memory_MB": 12553,
  "training_gpu_1_memory_MB": 21435,
  "training_gpu_2_memory_MB": 0,
  "training_gpu_3_memory_MB": 12821,
  "validation_accuracy": 0.371268466632705,
  "validation_loss": 1.0960910797895749,
  "best_validation_accuracy": 0.371268466632705,
  "best_validation_loss": 1.0960910797895749
}