{
  "best_epoch": 7,
  "peak_cpu_memory_MB": 5491.132,
  "peak_gpu_0_memory_MB": 12553,
  "peak_gpu_1_memory_MB": 21435,
  "peak_gpu_2_memory_MB": 0,
  "peak_gpu_3_memory_MB": 12821,
  "training_duration": "0:04:55.047417",
  "training_start_epoch": 0,
  "training_epochs": 7,
  "epoch": 7,
  "training_accuracy": 0.916030534351145,
  "training_loss": 0.31568965086570155,
  "training_cpu_memory_MB": 5491.132,
  "training_gpu_0_memory_MB": 12,
  "training_gpu_1_memory_MB": 21435,
  "training_gpu_2_memory_MB": 0,
  "training_gpu_3_memory_MB": 12821,
  "validation_accuracy": 0.6239429444727458,
  "validation_loss": 0.8596585467700462,
  "best_validation_accuracy": 0.6239429444727458,
  "best_validation_loss": 0.8596585467700462
}