{
  "best_epoch": 9,
  "peak_cpu_memory_MB": 5866.456,
  "peak_gpu_0_memory_MB": 21435,
  "peak_gpu_1_memory_MB": 20139,
  "peak_gpu_2_memory_MB": 20139,
  "peak_gpu_3_memory_MB": 20139,
  "training_duration": "0:05:56.653607",
  "training_start_epoch": 0,
  "training_epochs": 12,
  "epoch": 12,
  "training_accuracy": 0.3460559796437659,
  "training_disc_loss": 1.396512758731842,
  "training_gen_loss": 6.995434894561767,
  "training_loss": 2.521390804877648,
  "training_cpu_memory_MB": 5866.456,
  "training_gpu_0_memory_MB": 21435,
  "training_gpu_1_memory_MB": 20139,
  "training_gpu_2_memory_MB": 20139,
  "training_gpu_3_memory_MB": 20139,
  "validation_accuracy": 0.34012219959266804,
  "validation_disc_loss": 1.2659164667129517,
  "validation_gen_loss": 7.251745931563839,
  "validation_loss": 2.461035797672887,
  "best_validation_accuracy": 0.3645621181262729,
  "best_validation_disc_loss": 1.2816636139346707,
  "best_validation_gen_loss": 7.398478569522981,
  "best_validation_loss": 2.502945999945364
}