{
  "best_epoch": 3,
  "peak_cpu_memory_MB": 5866.456,
  "peak_gpu_0_memory_MB": 21435,
  "peak_gpu_1_memory_MB": 20139,
  "peak_gpu_2_memory_MB": 20139,
  "peak_gpu_3_memory_MB": 20139,
  "training_duration": "0:02:16.272114",
  "training_start_epoch": 0,
  "training_epochs": 4,
  "epoch": 4,
  "training_accuracy": 0.35877862595419846,
  "training_disc_loss": 1.9774105834960938,
  "training_gen_loss": 8.665245361328125,
  "training_loss": 3.3214890773479757,
  "training_cpu_memory_MB": 5866.456,
  "training_gpu_0_memory_MB": 21435,
  "training_gpu_1_memory_MB": 20139,
  "training_gpu_2_memory_MB": 20139,
  "training_gpu_3_memory_MB": 20139,
  "validation_accuracy": 0.33706720977596744,
  "validation_disc_loss": 1.4336841942802552,
  "validation_gen_loss": 8.647425190094978,
  "validation_loss": 2.873812929276497,
  "best_validation_accuracy": 0.34317718940936864,
  "best_validation_disc_loss": 2.4558036865726596,
  "best_validation_gen_loss": 9.120292663574219,
  "best_validation_loss": 3.7874544205204135
}