{
  "best_epoch": 0,
  "peak_cpu_memory_MB": 5866.456,
  "peak_gpu_0_memory_MB": 21435,
  "peak_gpu_1_memory_MB": 20139,
  "peak_gpu_2_memory_MB": 20139,
  "peak_gpu_3_memory_MB": 20139,
  "training_duration": "0:01:15.904058",
  "training_start_epoch": 0,
  "training_epochs": 2,
  "epoch": 2,
  "training_accuracy": 0.3384223918575064,
  "training_disc_loss": 2.5595285511016845,
  "training_gen_loss": 10.100590324401855,
  "training_loss": 4.058893258755024,
  "training_cpu_memory_MB": 5866.456,
  "training_gpu_0_memory_MB": 21435,
  "training_gpu_1_memory_MB": 20139,
  "training_gpu_2_memory_MB": 20139,
  "training_gpu_3_memory_MB": 20139,
  "validation_accuracy": 0.32077393075356414,
  "validation_disc_loss": 3.535514896915805,
  "validation_gen_loss": 9.865584465765185,
  "validation_loss": 4.800528926234091,
  "best_validation_accuracy": 0.3380855397148676,
  "best_validation_disc_loss": 15.337591986502371,
  "best_validation_gen_loss": 19.647857604488248,
  "best_validation_loss": 16.181895594443045
}