{
  "best_epoch": 9,
  "peak_cpu_memory_MB": 5866.456,
  "peak_gpu_0_memory_MB": 21435,
  "peak_gpu_1_memory_MB": 20139,
  "peak_gpu_2_memory_MB": 20139,
  "peak_gpu_3_memory_MB": 20139,
  "training_duration": "0:05:02.872095",
  "training_start_epoch": 0,
  "training_epochs": 10,
  "epoch": 10,
  "training_accuracy": 0.3435114503816794,
  "training_disc_loss": 1.404686119556427,
  "training_gen_loss": 7.109280452728272,
  "training_loss": 2.550092110267052,
  "training_cpu_memory_MB": 5866.456,
  "training_gpu_0_memory_MB": 21435,
  "training_gpu_1_memory_MB": 20139,
  "training_gpu_2_memory_MB": 20139,
  "training_gpu_3_memory_MB": 20139,
  "validation_accuracy": 0.34419551934826886,
  "validation_disc_loss": 1.2741927523766794,
  "validation_gen_loss": 7.350370745505056,
  "validation_loss": 2.487636750744235,
  "best_validation_accuracy": 0.3645621181262729,
  "best_validation_disc_loss": 1.2816636139346707,
  "best_validation_gen_loss": 7.398478569522981,
  "best_validation_loss": 2.502945999945364
}