{
  "best_epoch": 7,
  "peak_cpu_memory_MB": 5339.232,
  "peak_gpu_0_memory_MB": 12553,
  "peak_gpu_1_memory_MB": 21435,
  "peak_gpu_2_memory_MB": 0,
  "peak_gpu_3_memory_MB": 12805,
  "training_duration": "0:06:07.856477",
  "training_start_epoch": 0,
  "training_epochs": 9,
  "epoch": 9,
  "training_accuracy": 0.9974554707379135,
  "training_loss": 0.012575743540834922,
  "training_cpu_memory_MB": 5339.232,
  "training_gpu_0_memory_MB": 12553,
  "training_gpu_1_memory_MB": 21435,
  "training_gpu_2_memory_MB": 0,
  "training_gpu_3_memory_MB": 12805,
  "validation_accuracy": 0.5991849210392257,
  "validation_loss": 1.5933381777244593,
  "best_validation_accuracy": 0.6006113092205807,
  "best_validation_loss": 1.5823438231642162
}