{
  "best_epoch": 3,
  "peak_cpu_memory_MB": 5491.86,
  "peak_gpu_0_memory_MB": 12693,
  "peak_gpu_1_memory_MB": 21435,
  "peak_gpu_2_memory_MB": 0,
  "peak_gpu_3_memory_MB": 12805,
  "training_duration": "0:02:58.342519",
  "training_start_epoch": 0,
  "training_epochs": 4,
  "epoch": 4,
  "training_accuracy": 0.4707379134860051,
  "training_loss": 1.074945289355058,
  "training_cpu_memory_MB": 5491.86,
  "training_gpu_0_memory_MB": 12693,
  "training_gpu_1_memory_MB": 21435,
  "training_gpu_2_memory_MB": 0,
  "training_gpu_3_memory_MB": 12805,
  "validation_accuracy": 0.35934793683138055,
  "validation_loss": 1.1139520890161347,
  "best_validation_accuracy": 0.3601630157921549,
  "best_validation_loss": 1.1167420209036587
}