{
  "best_epoch": 2,
  "peak_cpu_memory_MB": 5491.86,
  "peak_gpu_0_memory_MB": 12693,
  "peak_gpu_1_memory_MB": 21435,
  "peak_gpu_2_memory_MB": 0,
  "peak_gpu_3_memory_MB": 12805,
  "training_duration": "0:01:42.890809",
  "training_start_epoch": 0,
  "training_epochs": 2,
  "epoch": 2,
  "training_accuracy": 0.3791348600508906,
  "training_loss": 1.13976939366414,
  "training_cpu_memory_MB": 5491.86,
  "training_gpu_0_memory_MB": 12693,
  "training_gpu_1_memory_MB": 21435,
  "training_gpu_2_memory_MB": 0,
  "training_gpu_3_memory_MB": 12805,
  "validation_accuracy": 0.3563932755985736,
  "validation_loss": 1.1086531955178476,
  "best_validation_accuracy": 0.3563932755985736,
  "best_validation_loss": 1.1086531955178476
}