{
  "best_epoch": 0,
  "peak_cpu_memory_MB": 9765.352,
  "peak_gpu_0_memory_MB": 12677,
  "peak_gpu_1_memory_MB": 2617,
  "peak_gpu_2_memory_MB": 0,
  "peak_gpu_3_memory_MB": 12821,
  "training_duration": "3:18:51.643854",
  "training_start_epoch": 0,
  "training_epochs": 0,
  "epoch": 0,
  "training_accuracy": 0.7345773640062948,
  "training_gen_loss": 2.4571239202340394,
  "training_disc_loss": 0.9620647641922428,
  "training_loss": 1.2610750008627014,
  "training_cpu_memory_MB": 9765.352,
  "training_gpu_0_memory_MB": 12677,
  "training_gpu_1_memory_MB": 2617,
  "training_gpu_2_memory_MB": 0,
  "training_gpu_3_memory_MB": 12821,
  "validation_accuracy": 0.8588894549159449,
  "validation_gen_loss": 2.230412132188629,
  "validation_disc_loss": 0.4059883276552739,
  "validation_loss": 0.7708940338040019,
  "best_validation_accuracy": 0.8588894549159449,
  "best_validation_gen_loss": 2.230412132188629,
  "best_validation_disc_loss": 0.4059883276552739,
  "best_validation_loss": 0.7708940338040019
}