{
  "best_epoch": 7,
  "peak_cpu_memory_MB": 5866.776,
  "peak_gpu_0_memory_MB": 14587,
  "peak_gpu_1_memory_MB": 12805,
  "peak_gpu_2_memory_MB": 14587,
  "peak_gpu_3_memory_MB": 21435,
  "training_duration": "0:04:19.392360",
  "training_start_epoch": 0,
  "training_epochs": 7,
  "epoch": 7,
  "training_accuracy": 0.6666666666666666,
  "training_disc_loss": 0.8460512933135033,
  "training_gen_loss": 6.154900922775268,
  "training_loss": 4.827688536643982,
  "training_cpu_memory_MB": 5866.776,
  "training_gpu_0_memory_MB": 14587,
  "training_gpu_1_memory_MB": 12805,
  "training_gpu_2_memory_MB": 14587,
  "training_gpu_3_memory_MB": 21435,
  "validation_accuracy": 0.39613034623217924,
  "validation_disc_loss": 1.8431295078944385,
  "validation_gen_loss": 6.926957711940858,
  "validation_loss": 5.656000691700757,
  "best_validation_accuracy": 0.39613034623217924,
  "best_validation_disc_loss": 1.8431295078944385,
  "best_validation_gen_loss": 6.926957711940858,
  "best_validation_loss": 5.656000691700757
}