{
  "best_epoch": 7,
  "peak_cpu_memory_MB": 5866.776,
  "peak_gpu_0_memory_MB": 14587,
  "peak_gpu_1_memory_MB": 12805,
  "peak_gpu_2_memory_MB": 14587,
  "peak_gpu_3_memory_MB": 21435,
  "training_duration": "0:05:26.943260",
  "training_start_epoch": 0,
  "training_epochs": 9,
  "epoch": 9,
  "training_accuracy": 0.6590330788804071,
  "training_disc_loss": 0.9530191969871521,
  "training_gen_loss": 6.130967960357666,
  "training_loss": 4.836480770111084,
  "training_cpu_memory_MB": 5866.776,
  "training_gpu_0_memory_MB": 14587,
  "training_gpu_1_memory_MB": 12805,
  "training_gpu_2_memory_MB": 14587,
  "training_gpu_3_memory_MB": 21435,
  "validation_accuracy": 0.3340122199592668,
  "validation_disc_loss": 9.607121052780771,
  "validation_gen_loss": 8.410809140864426,
  "validation_loss": 8.709887175056023,
  "best_validation_accuracy": 0.39613034623217924,
  "best_validation_disc_loss": 1.8431295078944385,
  "best_validation_gen_loss": 6.926957711940858,
  "best_validation_loss": 5.656000691700757
}