{
  "best_epoch": 7,
  "peak_cpu_memory_MB": 5866.776,
  "peak_gpu_0_memory_MB": 14587,
  "peak_gpu_1_memory_MB": 12805,
  "peak_gpu_2_memory_MB": 14587,
  "peak_gpu_3_memory_MB": 21435,
  "training_duration": "0:06:30.732813",
  "training_start_epoch": 0,
  "training_epochs": 11,
  "epoch": 11,
  "training_accuracy": 0.8498727735368957,
  "training_disc_loss": 0.4343548872321844,
  "training_gen_loss": 5.97211067199707,
  "training_loss": 4.587671747207642,
  "training_cpu_memory_MB": 5866.776,
  "training_gpu_0_memory_MB": 14587,
  "training_gpu_1_memory_MB": 12805,
  "training_gpu_2_memory_MB": 14587,
  "training_gpu_3_memory_MB": 21435,
  "validation_accuracy": 0.38085539714867617,
  "validation_disc_loss": 7.861764403862682,
  "validation_gen_loss": 7.587880921557667,
  "validation_loss": 7.656351752397491,
  "best_validation_accuracy": 0.39613034623217924,
  "best_validation_disc_loss": 1.8431295078944385,
  "best_validation_gen_loss": 6.926957711940858,
  "best_validation_loss": 5.656000691700757
}