{
  "best_epoch": 1,
  "peak_cpu_memory_MB": 5866.776,
  "peak_gpu_0_memory_MB": 14587,
  "peak_gpu_1_memory_MB": 12805,
  "peak_gpu_2_memory_MB": 14587,
  "peak_gpu_3_memory_MB": 21435,
  "training_duration": "0:00:58.017380",
  "training_start_epoch": 0,
  "training_epochs": 1,
  "epoch": 1,
  "training_accuracy": 0.356234096692112,
  "training_disc_loss": 3.688919051885605,
  "training_gen_loss": 7.309213132858276,
  "training_loss": 6.404139585494995,
  "training_cpu_memory_MB": 5866.776,
  "training_gpu_0_memory_MB": 14587,
  "training_gpu_1_memory_MB": 12805,
  "training_gpu_2_memory_MB": 14587,
  "training_gpu_3_memory_MB": 21435,
  "validation_accuracy": 0.34725050916496947,
  "validation_disc_loss": 2.8019208675477563,
  "validation_gen_loss": 7.2142556934821895,
  "validation_loss": 6.111171974399226,
  "best_validation_accuracy": 0.34725050916496947,
  "best_validation_disc_loss": 2.8019208675477563,
  "best_validation_gen_loss": 7.2142556934821895,
  "best_validation_loss": 6.111171974399226
}