{
  "best_epoch": 12,
  "peak_cpu_memory_MB": 5866.776,
  "peak_gpu_0_memory_MB": 14587,
  "peak_gpu_1_memory_MB": 12805,
  "peak_gpu_2_memory_MB": 14587,
  "peak_gpu_3_memory_MB": 21435,
  "training_duration": "0:13:21.484184",
  "training_start_epoch": 0,
  "training_epochs": 24,
  "epoch": 24,
  "training_accuracy": 0.9363867684478372,
  "training_disc_loss": 0.1501595553313382,
  "training_gen_loss": 5.590403709411621,
  "training_loss": 4.230342698097229,
  "training_cpu_memory_MB": 5866.776,
  "training_gpu_0_memory_MB": 14587,
  "training_gpu_1_memory_MB": 12805,
  "training_gpu_2_memory_MB": 14587,
  "training_gpu_3_memory_MB": 21435,
  "validation_accuracy": 0.37067209775967414,
  "validation_disc_loss": 2.697780931625909,
  "validation_gen_loss": 7.551809803257144,
  "validation_loss": 6.338302596797788,
  "best_validation_accuracy": 0.40020366598778007,
  "best_validation_disc_loss": 2.2909403108968966,
  "best_validation_gen_loss": 7.1231727096123425,
  "best_validation_loss": 5.915114619867588
}