{
  "best_epoch": 1,
  "peak_cpu_memory_MB": 5866.776,
  "peak_gpu_0_memory_MB": 14587,
  "peak_gpu_1_memory_MB": 12805,
  "peak_gpu_2_memory_MB": 14587,
  "peak_gpu_3_memory_MB": 21435,
  "training_duration": "0:01:33.602993",
  "training_start_epoch": 0,
  "training_epochs": 2,
  "epoch": 2,
  "training_accuracy": 0.4402035623409669,
  "training_disc_loss": 2.0985858434438707,
  "training_gen_loss": 6.76289589881897,
  "training_loss": 5.596818323135376,
  "training_cpu_memory_MB": 5866.776,
  "training_gpu_0_memory_MB": 14587,
  "training_gpu_1_memory_MB": 12805,
  "training_gpu_2_memory_MB": 14587,
  "training_gpu_3_memory_MB": 21435,
  "validation_accuracy": 0.34623217922606925,
  "validation_disc_loss": 6.377254307754641,
  "validation_gen_loss": 7.418189529480973,
  "validation_loss": 7.157955708542491,
  "best_validation_accuracy": 0.34725050916496947,
  "best_validation_disc_loss": 2.8019208675477563,
  "best_validation_gen_loss": 7.2142556934821895,
  "best_validation_loss": 6.111171974399226
}