{
  "best_epoch": 12,
  "peak_cpu_memory_MB": 5866.776,
  "peak_gpu_0_memory_MB": 14587,
  "peak_gpu_1_memory_MB": 12805,
  "peak_gpu_2_memory_MB": 14587,
  "peak_gpu_3_memory_MB": 21435,
  "training_duration": "0:09:11.337453",
  "training_start_epoch": 0,
  "training_epochs": 16,
  "epoch": 16,
  "training_accuracy": 0.9414758269720102,
  "training_disc_loss": 0.1625093209557235,
  "training_gen_loss": 5.761089572906494,
  "training_loss": 4.3614444923400875,
  "training_cpu_memory_MB": 5866.776,
  "training_gpu_0_memory_MB": 14587,
  "training_gpu_1_memory_MB": 12805,
  "training_gpu_2_memory_MB": 14587,
  "training_gpu_3_memory_MB": 21435,
  "validation_accuracy": 0.39613034623217924,
  "validation_disc_loss": 2.317489976078514,
  "validation_gen_loss": 7.3161575542232855,
  "validation_loss": 6.066490654053727,
  "best_validation_accuracy": 0.40020366598778007,
  "best_validation_disc_loss": 2.2909403108968966,
  "best_validation_gen_loss": 7.1231727096123425,
  "best_validation_loss": 5.915114619867588
}