{
  "best_epoch": 6,
  "peak_cpu_memory_MB": 5866.776,
  "peak_gpu_0_memory_MB": 14587,
  "peak_gpu_1_memory_MB": 12805,
  "peak_gpu_2_memory_MB": 14587,
  "peak_gpu_3_memory_MB": 21435,
  "training_duration": "0:03:43.261894",
  "training_start_epoch": 0,
  "training_epochs": 6,
  "epoch": 6,
  "training_accuracy": 0.5903307888040712,
  "training_disc_loss": 1.0571030110120774,
  "training_gen_loss": 6.236052780151367,
  "training_loss": 4.941315326690674,
  "training_cpu_memory_MB": 5866.776,
  "training_gpu_0_memory_MB": 14587,
  "training_gpu_1_memory_MB": 12805,
  "training_gpu_2_memory_MB": 14587,
  "training_gpu_3_memory_MB": 21435,
  "validation_accuracy": 0.3788187372708758,
  "validation_disc_loss": 3.957724346377985,
  "validation_gen_loss": 7.0993677154789125,
  "validation_loss": 6.313956873203681,
  "best_validation_accuracy": 0.3788187372708758,
  "best_validation_disc_loss": 3.957724346377985,
  "best_validation_gen_loss": 7.0993677154789125,
  "best_validation_loss": 6.313956873203681
}