{
  "best_epoch": 12,
  "peak_cpu_memory_MB": 5866.776,
  "peak_gpu_0_memory_MB": 14587,
  "peak_gpu_1_memory_MB": 12805,
  "peak_gpu_2_memory_MB": 14587,
  "peak_gpu_3_memory_MB": 21435,
  "training_duration": "0:07:38.390727",
  "training_start_epoch": 0,
  "training_epochs": 13,
  "epoch": 13,
  "training_accuracy": 0.8524173027989822,
  "training_disc_loss": 0.37859327024780215,
  "training_gen_loss": 5.871922416687012,
  "training_loss": 4.498590126037597,
  "training_cpu_memory_MB": 5866.776,
  "training_gpu_0_memory_MB": 14587,
  "training_gpu_1_memory_MB": 12805,
  "training_gpu_2_memory_MB": 14587,
  "training_gpu_3_memory_MB": 21435,
  "validation_accuracy": 0.3818737270875764,
  "validation_disc_loss": 2.4792459658006343,
  "validation_gen_loss": 7.249548214237865,
  "validation_loss": 6.056972627717305,
  "best_validation_accuracy": 0.40020366598778007,
  "best_validation_disc_loss": 2.2909403108968966,
  "best_validation_gen_loss": 7.1231727096123425,
  "best_validation_loss": 5.915114619867588
}