{
  "best_epoch": 0,
  "peak_cpu_memory_MB": 5866.776,
  "peak_gpu_0_memory_MB": 2617,
  "peak_gpu_1_memory_MB": 12805,
  "peak_gpu_2_memory_MB": 14587,
  "peak_gpu_3_memory_MB": 21435,
  "training_duration": "0:00:25.367090",
  "training_start_epoch": 0,
  "training_epochs": 0,
  "epoch": 0,
  "training_accuracy": 0.3893129770992366,
  "training_disc_loss": 11.682235615253449,
  "training_gen_loss": 10.607820100784302,
  "training_loss": 10.876423931121826,
  "training_cpu_memory_MB": 5866.776,
  "training_gpu_0_memory_MB": 2617,
  "training_gpu_1_memory_MB": 12805,
  "training_gpu_2_memory_MB": 14587,
  "training_gpu_3_memory_MB": 21435,
  "validation_accuracy": 0.34521384928716903,
  "validation_disc_loss": 11.58533283171615,
  "validation_gen_loss": 9.702962169802285,
  "validation_loss": 10.173554800390228,
  "best_validation_accuracy": 0.34521384928716903,
  "best_validation_disc_loss": 11.58533283171615,
  "best_validation_gen_loss": 9.702962169802285,
  "best_validation_loss": 10.173554800390228
}