{
  "best_epoch": 7,
  "peak_cpu_memory_MB": 5866.776,
  "peak_gpu_0_memory_MB": 14587,
  "peak_gpu_1_memory_MB": 12805,
  "peak_gpu_2_memory_MB": 14587,
  "peak_gpu_3_memory_MB": 21435,
  "training_duration": "0:04:55.133138",
  "training_start_epoch": 0,
  "training_epochs": 8,
  "epoch": 8,
  "training_accuracy": 0.7175572519083969,
  "training_disc_loss": 0.7488093274459243,
  "training_gen_loss": 6.114663105010987,
  "training_loss": 4.773199691772461,
  "training_cpu_memory_MB": 5866.776,
  "training_gpu_0_memory_MB": 14587,
  "training_gpu_1_memory_MB": 12805,
  "training_gpu_2_memory_MB": 14587,
  "training_gpu_3_memory_MB": 21435,
  "validation_accuracy": 0.37372708757637474,
  "validation_disc_loss": 2.0383114305938164,
  "validation_gen_loss": 7.024760820032135,
  "validation_loss": 5.778148457286804,
  "best_validation_accuracy": 0.39613034623217924,
  "best_validation_disc_loss": 1.8431295078944385,
  "best_validation_gen_loss": 6.926957711940858,
  "best_validation_loss": 5.656000691700757
}