{
  "best_epoch": 12,
  "peak_cpu_memory_MB": 5866.776,
  "peak_gpu_0_memory_MB": 14587,
  "peak_gpu_1_memory_MB": 12805,
  "peak_gpu_2_memory_MB": 14587,
  "peak_gpu_3_memory_MB": 21435,
  "training_duration": "0:11:47.604297",
  "training_start_epoch": 0,
  "training_epochs": 21,
  "epoch": 21,
  "training_accuracy": 0.9669211195928753,
  "training_disc_loss": 0.09482150698138866,
  "training_gen_loss": 5.63767593383789,
  "training_loss": 4.25196231842041,
  "training_cpu_memory_MB": 5866.776,
  "training_gpu_0_memory_MB": 14587,
  "training_gpu_1_memory_MB": 12805,
  "training_gpu_2_memory_MB": 14587,
  "training_gpu_3_memory_MB": 21435,
  "validation_accuracy": 0.37372708757637474,
  "validation_disc_loss": 2.81638713944249,
  "validation_gen_loss": 7.514666708504281,
  "validation_loss": 6.34009683422926,
  "best_validation_accuracy": 0.40020366598778007,
  "best_validation_disc_loss": 2.2909403108968966,
  "best_validation_gen_loss": 7.1231727096123425,
  "best_validation_loss": 5.915114619867588
}