{
  "best_epoch": 1,
  "peak_cpu_memory_MB": 9261.42,
  "peak_gpu_0_memory_MB": 10865,
  "peak_gpu_1_memory_MB": 10556,
  "training_duration": "3:12:43.510795",
  "training_start_epoch": 0,
  "training_epochs": 1,
  "epoch": 1,
  "training_accuracy": 0.9003926641575546,
  "training_loss": 0.27149291571552686,
  "training_cpu_memory_MB": 9261.42,
  "training_gpu_0_memory_MB": 10865,
  "training_gpu_1_memory_MB": 10556,
  "validation_accuracy": 0.8645950076413652,
  "validation_loss": 0.37653362054487005,
  "best_validation_accuracy": 0.8645950076413652,
  "best_validation_loss": 0.37653362054487005
}