{
  "best_epoch": 0,
  "peak_cpu_memory_MB": 9261.42,
  "peak_gpu_0_memory_MB": 10863,
  "peak_gpu_1_memory_MB": 2292,
  "training_duration": "1:35:59.886065",
  "training_start_epoch": 0,
  "training_epochs": 0,
  "epoch": 0,
  "training_accuracy": 0.8085367530595718,
  "training_loss": 0.4813152867037866,
  "training_cpu_memory_MB": 9261.42,
  "training_gpu_0_memory_MB": 10863,
  "training_gpu_1_memory_MB": 2292,
  "validation_accuracy": 0.8585838003056546,
  "validation_loss": 0.37548070774695774,
  "best_validation_accuracy": 0.8585838003056546,
  "best_validation_loss": 0.37548070774695774
}