{
  "best_epoch": 4,
  "peak_cpu_memory_MB": 5867.12,
  "peak_gpu_0_memory_MB": 13845,
  "peak_gpu_1_memory_MB": 13845,
  "peak_gpu_2_memory_MB": 13845,
  "peak_gpu_3_memory_MB": 12,
  "training_duration": "0:02:36.311084",
  "training_start_epoch": 0,
  "training_epochs": 4,
  "epoch": 4,
  "training_accuracy": 0.48091603053435117,
  "training_disc_loss": 1.228710883129388,
  "training_gen_loss": 6.0080766677856445,
  "training_loss": 6.0080766677856445,
  "training_cpu_memory_MB": 5867.12,
  "training_gpu_0_memory_MB": 13845,
  "training_gpu_1_memory_MB": 13845,
  "training_gpu_2_memory_MB": 13845,
  "training_gpu_3_memory_MB": 12,
  "validation_accuracy": 0.390020366598778,
  "validation_disc_loss": 1.322915069456023,
  "validation_gen_loss": 7.321597874649172,
  "validation_loss": 7.321597874649172,
  "best_validation_accuracy": 0.390020366598778,
  "best_validation_disc_loss": 1.322915069456023,
  "best_validation_gen_loss": 7.321597874649172,
  "best_validation_loss": 7.321597874649172
}