{
  "best_epoch": 14,
  "peak_cpu_memory_MB": 5867.12,
  "peak_gpu_0_memory_MB": 13845,
  "peak_gpu_1_memory_MB": 13845,
  "peak_gpu_2_memory_MB": 13845,
  "peak_gpu_3_memory_MB": 12,
  "training_duration": "0:10:33.388196",
  "training_start_epoch": 0,
  "training_epochs": 19,
  "epoch": 19,
  "training_accuracy": 0.9033078880407125,
  "training_disc_loss": 0.2532888236921281,
  "training_gen_loss": 5.366153020858764,
  "training_loss": 5.366153020858764,
  "training_cpu_memory_MB": 5867.12,
  "training_gpu_0_memory_MB": 13845,
  "training_gpu_1_memory_MB": 13845,
  "training_gpu_2_memory_MB": 13845,
  "training_gpu_3_memory_MB": 12,
  "validation_accuracy": 0.3757637474541752,
  "validation_disc_loss": 2.89975639184316,
  "validation_gen_loss": 8.185697446993697,
  "validation_loss": 8.185697446993697,
  "best_validation_accuracy": 0.4073319755600815,
  "best_validation_disc_loss": 2.185784314584926,
  "best_validation_gen_loss": 7.932907883713885,
  "best_validation_loss": 7.932907883713885
}