{
  "best_epoch": 14,
  "peak_cpu_memory_MB": 5867.12,
  "peak_gpu_0_memory_MB": 13845,
  "peak_gpu_1_memory_MB": 13845,
  "peak_gpu_2_memory_MB": 13845,
  "peak_gpu_3_memory_MB": 12,
  "training_duration": "0:08:29.141328",
  "training_start_epoch": 0,
  "training_epochs": 15,
  "epoch": 15,
  "training_accuracy": 0.8371501272264631,
  "training_disc_loss": 0.41078296057879926,
  "training_gen_loss": 5.481459341049194,
  "training_loss": 5.481459341049194,
  "training_cpu_memory_MB": 5867.12,
  "training_gpu_0_memory_MB": 13845,
  "training_gpu_1_memory_MB": 13845,
  "training_gpu_2_memory_MB": 13845,
  "training_gpu_3_memory_MB": 12,
  "validation_accuracy": 0.3788187372708758,
  "validation_disc_loss": 2.3109456289832186,
  "validation_gen_loss": 7.99736354796867,
  "validation_loss": 7.99736354796867,
  "best_validation_accuracy": 0.4073319755600815,
  "best_validation_disc_loss": 2.185784314584926,
  "best_validation_gen_loss": 7.932907883713885,
  "best_validation_loss": 7.932907883713885
}