{
  "best_epoch": 4,
  "peak_cpu_memory_MB": 5867.12,
  "peak_gpu_0_memory_MB": 13845,
  "peak_gpu_1_memory_MB": 13845,
  "peak_gpu_2_memory_MB": 13845,
  "peak_gpu_3_memory_MB": 12,
  "training_duration": "0:05:14.329788",
  "training_start_epoch": 0,
  "training_epochs": 9,
  "epoch": 9,
  "training_accuracy": 0.6768447837150128,
  "training_disc_loss": 0.8668181374669075,
  "training_gen_loss": 5.650816097259521,
  "training_loss": 5.650816097259521,
  "training_cpu_memory_MB": 5867.12,
  "training_gpu_0_memory_MB": 13845,
  "training_gpu_1_memory_MB": 13845,
  "training_gpu_2_memory_MB": 13845,
  "training_gpu_3_memory_MB": 12,
  "validation_accuracy": 0.3360488798370672,
  "validation_disc_loss": 4.213577258877638,
  "validation_gen_loss": 8.242800929682042,
  "validation_loss": 8.242800929682042,
  "best_validation_accuracy": 0.390020366598778,
  "best_validation_disc_loss": 1.322915069456023,
  "best_validation_gen_loss": 7.321597874649172,
  "best_validation_loss": 7.321597874649172
}