{
  "best_epoch": 19,
  "peak_cpu_memory_MB": 5866.348,
  "peak_gpu_0_memory_MB": 14587,
  "peak_gpu_1_memory_MB": 13029,
  "peak_gpu_2_memory_MB": 14583,
  "peak_gpu_3_memory_MB": 21435,
  "training_duration": "0:11:36.525995",
  "training_start_epoch": 0,
  "training_epochs": 19,
  "epoch": 19,
  "training_accuracy": 0.8422391857506362,
  "training_disc_loss": 0.40725791331380606,
  "training_gen_loss": 6.206026554107666,
  "training_loss": 3.306642231941223,
  "training_cpu_memory_MB": 5866.348,
  "training_gpu_0_memory_MB": 14587,
  "training_gpu_1_memory_MB": 13029,
  "training_gpu_2_memory_MB": 14583,
  "training_gpu_3_memory_MB": 12,
  "validation_accuracy": 0.40325865580448067,
  "validation_disc_loss": 2.2194936280328084,
  "validation_gen_loss": 6.969586329731515,
  "validation_loss": 4.59453998154741,
  "best_validation_accuracy": 0.40325865580448067,
  "best_validation_disc_loss": 2.2194936280328084,
  "best_validation_gen_loss": 6.969586329731515,
  "best_validation_loss": 4.59453998154741
}