{
  "best_epoch": 13,
  "peak_cpu_memory_MB": 5866.348,
  "peak_gpu_0_memory_MB": 14587,
  "peak_gpu_1_memory_MB": 13029,
  "peak_gpu_2_memory_MB": 14583,
  "peak_gpu_3_memory_MB": 21435,
  "training_duration": "0:07:50.928139",
  "training_start_epoch": 0,
  "training_epochs": 13,
  "epoch": 13,
  "training_accuracy": 0.5954198473282443,
  "training_disc_loss": 0.9482776150107384,
  "training_gen_loss": 6.342147417068482,
  "training_loss": 3.6452125263214112,
  "training_cpu_memory_MB": 5866.348,
  "training_gpu_0_memory_MB": 14587,
  "training_gpu_1_memory_MB": 13029,
  "training_gpu_2_memory_MB": 14583,
  "training_gpu_3_memory_MB": 12,
  "validation_accuracy": 0.3869653767820774,
  "validation_disc_loss": 1.4353676821158183,
  "validation_gen_loss": 6.8769950130121495,
  "validation_loss": 4.156181343202668,
  "best_validation_accuracy": 0.3869653767820774,
  "best_validation_disc_loss": 1.4353676821158183,
  "best_validation_gen_loss": 6.8769950130121495,
  "best_validation_loss": 4.156181343202668
}