{
  "best_epoch": 22,
  "peak_cpu_memory_MB": 5866.348,
  "peak_gpu_0_memory_MB": 14587,
  "peak_gpu_1_memory_MB": 13029,
  "peak_gpu_2_memory_MB": 14583,
  "peak_gpu_3_memory_MB": 21435,
  "training_duration": "0:19:34.979022",
  "training_start_epoch": 0,
  "training_epochs": 33,
  "epoch": 33,
  "training_accuracy": 0.9847328244274809,
  "training_disc_loss": 0.069656680651824,
  "training_gen_loss": 5.919384841918945,
  "training_loss": 2.9945207738876345,
  "training_cpu_memory_MB": 5866.348,
  "training_gpu_0_memory_MB": 14587,
  "training_gpu_1_memory_MB": 13029,
  "training_gpu_2_memory_MB": 14583,
  "training_gpu_3_memory_MB": 12,
  "validation_accuracy": 0.3971486761710794,
  "validation_disc_loss": 2.824116765725903,
  "validation_gen_loss": 7.165024993865471,
  "validation_loss": 4.994570860048619,
  "best_validation_accuracy": 0.4063136456211813,
  "best_validation_disc_loss": 2.4752687855464655,
  "best_validation_gen_loss": 7.00247943692091,
  "best_validation_loss": 4.7388741136566415
}