{
  "best_epoch": 10,
  "peak_cpu_memory_MB": 5866.348,
  "peak_gpu_0_memory_MB": 14587,
  "peak_gpu_1_memory_MB": 13029,
  "peak_gpu_2_memory_MB": 14583,
  "peak_gpu_3_memory_MB": 21435,
  "training_duration": "0:06:43.269021",
  "training_start_epoch": 0,
  "training_epochs": 11,
  "epoch": 11,
  "training_accuracy": 0.5572519083969466,
  "training_disc_loss": 1.1052613270282745,
  "training_gen_loss": 6.423686208724976,
  "training_loss": 3.7644737768173218,
  "training_cpu_memory_MB": 5866.348,
  "training_gpu_0_memory_MB": 14333,
  "training_gpu_1_memory_MB": 13029,
  "training_gpu_2_memory_MB": 14583,
  "training_gpu_3_memory_MB": 12,
  "validation_accuracy": 0.37372708757637474,
  "validation_disc_loss": 1.6102048396095028,
  "validation_gen_loss": 6.895953577708423,
  "validation_loss": 4.253079228284882,
  "best_validation_accuracy": 0.384928716904277,
  "best_validation_disc_loss": 1.5154214113708433,
  "best_validation_gen_loss": 6.8815151617779,
  "best_validation_loss": 4.1984683032927474
}