{
  "best_epoch": 5,
  "peak_cpu_memory_MB": 5866.348,
  "peak_gpu_0_memory_MB": 14587,
  "peak_gpu_1_memory_MB": 13029,
  "peak_gpu_2_memory_MB": 14583,
  "peak_gpu_3_memory_MB": 21435,
  "training_duration": "0:03:47.079796",
  "training_start_epoch": 0,
  "training_epochs": 6,
  "epoch": 6,
  "training_accuracy": 0.4351145038167939,
  "training_disc_loss": 1.43911290705204,
  "training_gen_loss": 6.564421997070313,
  "training_loss": 4.001767449378967,
  "training_cpu_memory_MB": 5866.348,
  "training_gpu_0_memory_MB": 14587,
  "training_gpu_1_memory_MB": 13029,
  "training_gpu_2_memory_MB": 14583,
  "training_gpu_3_memory_MB": 21435,
  "validation_accuracy": 0.33706720977596744,
  "validation_disc_loss": 1.208721907158208,
  "validation_gen_loss": 6.941885684563862,
  "validation_loss": 4.075303796830216,
  "best_validation_accuracy": 0.35845213849287166,
  "best_validation_disc_loss": 1.1802636045750563,
  "best_validation_gen_loss": 7.0670182026498685,
  "best_validation_loss": 4.12364090942755
}