{
  "best_epoch": 1,
  "peak_cpu_memory_MB": 5866.348,
  "peak_gpu_0_memory_MB": 14587,
  "peak_gpu_1_memory_MB": 13029,
  "peak_gpu_2_memory_MB": 14583,
  "peak_gpu_3_memory_MB": 21435,
  "training_duration": "0:00:57.841415",
  "training_start_epoch": 0,
  "training_epochs": 1,
  "epoch": 1,
  "training_accuracy": 0.32061068702290074,
  "training_disc_loss": 10.31879364490509,
  "training_gen_loss": 10.377256507873534,
  "training_loss": 10.348025093078613,
  "training_cpu_memory_MB": 5866.348,
  "training_gpu_0_memory_MB": 14587,
  "training_gpu_1_memory_MB": 13029,
  "training_gpu_2_memory_MB": 14583,
  "training_gpu_3_memory_MB": 21435,
  "validation_accuracy": 0.33706720977596744,
  "validation_disc_loss": 9.2993545406233,
  "validation_gen_loss": 9.980923970540365,
  "validation_loss": 9.640139223114263,
  "best_validation_accuracy": 0.33706720977596744,
  "best_validation_disc_loss": 9.2993545406233,
  "best_validation_gen_loss": 9.980923970540365,
  "best_validation_loss": 9.640139223114263
}