{
  "best_epoch": 10,
  "peak_cpu_memory_MB": 5866.348,
  "peak_gpu_0_memory_MB": 14587,
  "peak_gpu_1_memory_MB": 13029,
  "peak_gpu_2_memory_MB": 14583,
  "peak_gpu_3_memory_MB": 21435,
  "training_duration": "0:06:02.821526",
  "training_start_epoch": 0,
  "training_epochs": 10,
  "epoch": 10,
  "training_accuracy": 0.5165394402035624,
  "training_disc_loss": 1.0876417648792267,
  "training_gen_loss": 6.406040105819702,
  "training_loss": 3.7468409395217894,
  "training_cpu_memory_MB": 5866.348,
  "training_gpu_0_memory_MB": 14587,
  "training_gpu_1_memory_MB": 13029,
  "training_gpu_2_memory_MB": 14583,
  "training_gpu_3_memory_MB": 12,
  "validation_accuracy": 0.384928716904277,
  "validation_disc_loss": 1.5154214113708433,
  "validation_gen_loss": 6.8815151617779,
  "validation_loss": 4.1984683032927474,
  "best_validation_accuracy": 0.384928716904277,
  "best_validation_disc_loss": 1.5154214113708433,
  "best_validation_gen_loss": 6.8815151617779,
  "best_validation_loss": 4.1984683032927474
}