{
  "best_epoch": 22,
  "peak_cpu_memory_MB": 5866.348,
  "peak_gpu_0_memory_MB": 14587,
  "peak_gpu_1_memory_MB": 13029,
  "peak_gpu_2_memory_MB": 14583,
  "peak_gpu_3_memory_MB": 21435,
  "training_duration": "0:13:59.982912",
  "training_start_epoch": 0,
  "training_epochs": 23,
  "epoch": 23,
  "training_accuracy": 0.9236641221374046,
  "training_disc_loss": 0.20387222873978317,
  "training_gen_loss": 6.137324533462524,
  "training_loss": 3.170598392486572,
  "training_cpu_memory_MB": 5866.348,
  "training_gpu_0_memory_MB": 14587,
  "training_gpu_1_memory_MB": 13029,
  "training_gpu_2_memory_MB": 14583,
  "training_gpu_3_memory_MB": 12,
  "validation_accuracy": 0.3981670061099796,
  "validation_disc_loss": 2.5414095266563135,
  "validation_gen_loss": 7.093735691008529,
  "validation_loss": 4.81757259756569,
  "best_validation_accuracy": 0.4063136456211813,
  "best_validation_disc_loss": 2.4752687855464655,
  "best_validation_gen_loss": 7.00247943692091,
  "best_validation_loss": 4.7388741136566415
}