{
  "best_epoch": 22,
  "peak_cpu_memory_MB": 5866.348,
  "peak_gpu_0_memory_MB": 14587,
  "peak_gpu_1_memory_MB": 13029,
  "peak_gpu_2_memory_MB": 14583,
  "peak_gpu_3_memory_MB": 21435,
  "training_duration": "0:15:07.621264",
  "training_start_epoch": 0,
  "training_epochs": 25,
  "epoch": 25,
  "training_accuracy": 0.9312977099236641,
  "training_disc_loss": 0.18828514169901608,
  "training_gen_loss": 6.046587200164795,
  "training_loss": 3.1174361896514893,
  "training_cpu_memory_MB": 5866.348,
  "training_gpu_0_memory_MB": 14587,
  "training_gpu_1_memory_MB": 13029,
  "training_gpu_2_memory_MB": 14583,
  "training_gpu_3_memory_MB": 12,
  "validation_accuracy": 0.39307535641547864,
  "validation_disc_loss": 2.4983416558281193,
  "validation_gen_loss": 7.08922446258669,
  "validation_loss": 4.793783056057565,
  "best_validation_accuracy": 0.4063136456211813,
  "best_validation_disc_loss": 2.4752687855464655,
  "best_validation_gen_loss": 7.00247943692091,
  "best_validation_loss": 4.7388741136566415
}