{
  "best_epoch": 22,
  "peak_cpu_memory_MB": 5866.348,
  "peak_gpu_0_memory_MB": 14587,
  "peak_gpu_1_memory_MB": 13029,
  "peak_gpu_2_memory_MB": 14583,
  "peak_gpu_3_memory_MB": 21435,
  "training_duration": "0:15:41.128978",
  "training_start_epoch": 0,
  "training_epochs": 26,
  "epoch": 26,
  "training_accuracy": 0.9389312977099237,
  "training_disc_loss": 0.1408843004144728,
  "training_gen_loss": 6.061475925445556,
  "training_loss": 3.1011801052093504,
  "training_cpu_memory_MB": 5866.348,
  "training_gpu_0_memory_MB": 14587,
  "training_gpu_1_memory_MB": 13029,
  "training_gpu_2_memory_MB": 14583,
  "training_gpu_3_memory_MB": 12,
  "validation_accuracy": 0.384928716904277,
  "validation_disc_loss": 2.707035298269939,
  "validation_gen_loss": 7.09654285461922,
  "validation_loss": 4.901789070144901,
  "best_validation_accuracy": 0.4063136456211813,
  "best_validation_disc_loss": 2.4752687855464655,
  "best_validation_gen_loss": 7.00247943692091,
  "best_validation_loss": 4.7388741136566415
}