{
  "best_epoch": 22,
  "peak_cpu_memory_MB": 5866.348,
  "peak_gpu_0_memory_MB": 14587,
  "peak_gpu_1_memory_MB": 13029,
  "peak_gpu_2_memory_MB": 14583,
  "peak_gpu_3_memory_MB": 21435,
  "training_duration": "0:17:54.811750",
  "training_start_epoch": 0,
  "training_epochs": 30,
  "epoch": 30,
  "training_accuracy": 0.9694656488549618,
  "training_disc_loss": 0.10623435870744288,
  "training_gen_loss": 5.984374160766602,
  "training_loss": 3.0453042507171633,
  "training_cpu_memory_MB": 5866.348,
  "training_gpu_0_memory_MB": 14587,
  "training_gpu_1_memory_MB": 13029,
  "training_gpu_2_memory_MB": 14583,
  "training_gpu_3_memory_MB": 12,
  "validation_accuracy": 0.384928716904277,
  "validation_disc_loss": 2.851875620159676,
  "validation_gen_loss": 7.179773450866947,
  "validation_loss": 5.015824529213634,
  "best_validation_accuracy": 0.4063136456211813,
  "best_validation_disc_loss": 2.4752687855464655,
  "best_validation_gen_loss": 7.00247943692091,
  "best_validation_loss": 4.7388741136566415
}