{
  "best_epoch": 1,
  "peak_cpu_memory_MB": 6690.748,
  "peak_gpu_0_memory_MB": 5223,
  "peak_gpu_1_memory_MB": 21577,
  "peak_gpu_2_memory_MB": 20715,
  "peak_gpu_3_memory_MB": 5361,
  "training_duration": "1:30:50.977683",
  "training_start_epoch": 0,
  "training_epochs": 2,
  "epoch": 2,
  "training_accuracy": 0.9151239362162658,
  "training_loss": 0.23331991024133222,
  "training_cpu_memory_MB": 6690.748,
  "training_gpu_0_memory_MB": 5223,
  "training_gpu_1_memory_MB": 21577,
  "training_gpu_2_memory_MB": 20715,
  "training_gpu_3_memory_MB": 12,
  "validation_accuracy": 0.84381049414162,
  "validation_loss": 0.48548587559682926,
  "best_validation_accuracy": 0.8470708099847173,
  "best_validation_loss": 0.4133610211870958
}