{
  "best_epoch": 11,
  "peak_cpu_memory_MB": 5866.652,
  "peak_gpu_0_memory_MB": 14587,
  "peak_gpu_1_memory_MB": 13029,
  "peak_gpu_2_memory_MB": 14587,
  "peak_gpu_3_memory_MB": 21435,
  "training_duration": "0:08:03.943333",
  "training_start_epoch": 0,
  "training_epochs": 13,
  "epoch": 13,
  "training_accuracy": 0.8829516539440203,
  "training_disc_loss": 0.2946192302927375,
  "training_gen_loss": 5.905018033981324,
  "training_loss": 4.5024183177948,
  "training_cpu_memory_MB": 5866.652,
  "training_gpu_0_memory_MB": 14587,
  "training_gpu_1_memory_MB": 13029,
  "training_gpu_2_memory_MB": 14587,
  "training_gpu_3_memory_MB": 21435,
  "validation_accuracy": 0.3910386965376782,
  "validation_disc_loss": 2.3562360622776235,
  "validation_gen_loss": 7.142667115219241,
  "validation_loss": 5.946059343291492,
  "best_validation_accuracy": 0.42057026476578413,
  "best_validation_disc_loss": 2.0455260516666787,
  "best_validation_gen_loss": 7.107836529491394,
  "best_validation_loss": 5.8422589340830235
}