{
  "best_epoch": 11,
  "peak_cpu_memory_MB": 5866.652,
  "peak_gpu_0_memory_MB": 14587,
  "peak_gpu_1_memory_MB": 13029,
  "peak_gpu_2_memory_MB": 14587,
  "peak_gpu_3_memory_MB": 21435,
  "training_duration": "0:06:51.358976",
  "training_start_epoch": 0,
  "training_epochs": 11,
  "epoch": 11,
  "training_accuracy": 0.816793893129771,
  "training_disc_loss": 0.5268827386200428,
  "training_gen_loss": 6.052995700836181,
  "training_loss": 4.671467447280884,
  "training_cpu_memory_MB": 5866.652,
  "training_gpu_0_memory_MB": 14587,
  "training_gpu_1_memory_MB": 13029,
  "training_gpu_2_memory_MB": 14587,
  "training_gpu_3_memory_MB": 21435,
  "validation_accuracy": 0.42057026476578413,
  "validation_disc_loss": 2.0455260516666787,
  "validation_gen_loss": 7.107836529491394,
  "validation_loss": 5.8422589340830235,
  "best_validation_accuracy": 0.42057026476578413,
  "best_validation_disc_loss": 2.0455260516666787,
  "best_validation_gen_loss": 7.107836529491394,
  "best_validation_loss": 5.8422589340830235
}