{
  "best_epoch": 11,
  "peak_cpu_memory_MB": 5866.652,
  "peak_gpu_0_memory_MB": 14587,
  "peak_gpu_1_memory_MB": 13029,
  "peak_gpu_2_memory_MB": 14587,
  "peak_gpu_3_memory_MB": 21435,
  "training_duration": "0:13:08.288373",
  "training_start_epoch": 0,
  "training_epochs": 22,
  "epoch": 22,
  "training_accuracy": 0.9821882951653944,
  "training_disc_loss": 0.07002046337584034,
  "training_gen_loss": 5.63910327911377,
  "training_loss": 4.246832547187805,
  "training_cpu_memory_MB": 5866.652,
  "training_gpu_0_memory_MB": 14587,
  "training_gpu_1_memory_MB": 13029,
  "training_gpu_2_memory_MB": 14587,
  "training_gpu_3_memory_MB": 21435,
  "validation_accuracy": 0.390020366598778,
  "validation_disc_loss": 2.525673460911929,
  "validation_gen_loss": 7.489044220466924,
  "validation_loss": 6.248201536938427,
  "best_validation_accuracy": 0.42057026476578413,
  "best_validation_disc_loss": 2.0455260516666787,
  "best_validation_gen_loss": 7.107836529491394,
  "best_validation_loss": 5.8422589340830235
}