{
  "best_epoch": 4,
  "peak_cpu_memory_MB": 5866.652,
  "peak_gpu_0_memory_MB": 14587,
  "peak_gpu_1_memory_MB": 13029,
  "peak_gpu_2_memory_MB": 14587,
  "peak_gpu_3_memory_MB": 21435,
  "training_duration": "0:02:48.904406",
  "training_start_epoch": 0,
  "training_epochs": 4,
  "epoch": 4,
  "training_accuracy": 0.5267175572519084,
  "training_disc_loss": 1.2621912419004366,
  "training_gen_loss": 6.438164987564087,
  "training_loss": 5.144171590805054,
  "training_cpu_memory_MB": 5866.652,
  "training_gpu_0_memory_MB": 14587,
  "training_gpu_1_memory_MB": 13029,
  "training_gpu_2_memory_MB": 14587,
  "training_gpu_3_memory_MB": 21435,
  "validation_accuracy": 0.38289205702647655,
  "validation_disc_loss": 1.6058084153062928,
  "validation_gen_loss": 6.89483698402963,
  "validation_loss": 5.572579837426907,
  "best_validation_accuracy": 0.38289205702647655,
  "best_validation_disc_loss": 1.6058084153062928,
  "best_validation_gen_loss": 6.89483698402963,
  "best_validation_loss": 5.572579837426907
}