{
  "best_epoch": 4,
  "peak_cpu_memory_MB": 5866.652,
  "peak_gpu_0_memory_MB": 14587,
  "peak_gpu_1_memory_MB": 13029,
  "peak_gpu_2_memory_MB": 14587,
  "peak_gpu_3_memory_MB": 21435,
  "training_duration": "0:03:26.680936",
  "training_start_epoch": 0,
  "training_epochs": 5,
  "epoch": 5,
  "training_accuracy": 0.5674300254452926,
  "training_disc_loss": 1.1800311464071274,
  "training_gen_loss": 6.328141393661499,
  "training_loss": 5.041113815307617,
  "training_cpu_memory_MB": 5866.652,
  "training_gpu_0_memory_MB": 14587,
  "training_gpu_1_memory_MB": 13029,
  "training_gpu_2_memory_MB": 14587,
  "training_gpu_3_memory_MB": 21435,
  "validation_accuracy": 0.36863543788187375,
  "validation_disc_loss": 1.6559499928621741,
  "validation_gen_loss": 6.929082738674753,
  "validation_loss": 5.610799529688145,
  "best_validation_accuracy": 0.38289205702647655,
  "best_validation_disc_loss": 1.6058084153062928,
  "best_validation_gen_loss": 6.89483698402963,
  "best_validation_loss": 5.572579837426907
}