{
  "best_epoch": 3,
  "peak_cpu_memory_MB": 5866.652,
  "peak_gpu_0_memory_MB": 14587,
  "peak_gpu_1_memory_MB": 13029,
  "peak_gpu_2_memory_MB": 14587,
  "peak_gpu_3_memory_MB": 21435,
  "training_duration": "0:02:11.797863",
  "training_start_epoch": 0,
  "training_epochs": 3,
  "epoch": 3,
  "training_accuracy": 0.4122137404580153,
  "training_disc_loss": 1.5637690812349319,
  "training_gen_loss": 6.550005788803101,
  "training_loss": 5.303446578979492,
  "training_cpu_memory_MB": 5866.652,
  "training_gpu_0_memory_MB": 14587,
  "training_gpu_1_memory_MB": 13029,
  "training_gpu_2_memory_MB": 14587,
  "training_gpu_3_memory_MB": 21435,
  "validation_accuracy": 0.35845213849287166,
  "validation_disc_loss": 1.8609781468786843,
  "validation_gen_loss": 6.924343016089463,
  "validation_loss": 5.65850176462313,
  "best_validation_accuracy": 0.35845213849287166,
  "best_validation_disc_loss": 1.8609781468786843,
  "best_validation_gen_loss": 6.924343016089463,
  "best_validation_loss": 5.65850176462313
}