{
  "best_epoch": 11,
  "peak_cpu_memory_MB": 5866.652,
  "peak_gpu_0_memory_MB": 14587,
  "peak_gpu_1_memory_MB": 13029,
  "peak_gpu_2_memory_MB": 14587,
  "peak_gpu_3_memory_MB": 21435,
  "training_duration": "0:07:29.745104",
  "training_start_epoch": 0,
  "training_epochs": 12,
  "epoch": 12,
  "training_accuracy": 0.8320610687022901,
  "training_disc_loss": 0.3742603269964457,
  "training_gen_loss": 5.964548387527466,
  "training_loss": 4.566976375579834,
  "training_cpu_memory_MB": 5866.652,
  "training_gpu_0_memory_MB": 14587,
  "training_gpu_1_memory_MB": 13029,
  "training_gpu_2_memory_MB": 14587,
  "training_gpu_3_memory_MB": 21435,
  "validation_accuracy": 0.40122199592668023,
  "validation_disc_loss": 2.179678393088705,
  "validation_gen_loss": 7.087560099314868,
  "validation_loss": 5.8605896709411125,
  "best_validation_accuracy": 0.42057026476578413,
  "best_validation_disc_loss": 2.0455260516666787,
  "best_validation_gen_loss": 7.107836529491394,
  "best_validation_loss": 5.8422589340830235
}