{
  "best_epoch": 6,
  "peak_cpu_memory_MB": 5866.652,
  "peak_gpu_0_memory_MB": 14587,
  "peak_gpu_1_memory_MB": 13029,
  "peak_gpu_2_memory_MB": 14587,
  "peak_gpu_3_memory_MB": 21435,
  "training_duration": "0:05:09.094185",
  "training_start_epoch": 0,
  "training_epochs": 8,
  "epoch": 8,
  "training_accuracy": 0.712468193384224,
  "training_disc_loss": 0.679279510229826,
  "training_gen_loss": 6.1663914489746094,
  "training_loss": 4.794613456726074,
  "training_cpu_memory_MB": 5866.652,
  "training_gpu_0_memory_MB": 14587,
  "training_gpu_1_memory_MB": 13029,
  "training_gpu_2_memory_MB": 14587,
  "training_gpu_3_memory_MB": 21435,
  "validation_accuracy": 0.3890020366598778,
  "validation_disc_loss": 1.7928152452639448,
  "validation_gen_loss": 6.912743052816003,
  "validation_loss": 5.63276111788866,
  "best_validation_accuracy": 0.3971486761710794,
  "best_validation_disc_loss": 1.632502751137183,
  "best_validation_gen_loss": 6.867561282181159,
  "best_validation_loss": 5.558796615135379
}