{
  "best_epoch": 11,
  "peak_cpu_memory_MB": 5866.652,
  "peak_gpu_0_memory_MB": 14587,
  "peak_gpu_1_memory_MB": 13029,
  "peak_gpu_2_memory_MB": 14587,
  "peak_gpu_3_memory_MB": 21435,
  "training_duration": "0:09:11.795725",
  "training_start_epoch": 0,
  "training_epochs": 15,
  "epoch": 15,
  "training_accuracy": 0.926208651399491,
  "training_disc_loss": 0.1711337450891733,
  "training_gen_loss": 5.819696607589722,
  "training_loss": 4.407555894851685,
  "training_cpu_memory_MB": 5866.652,
  "training_gpu_0_memory_MB": 14587,
  "training_gpu_1_memory_MB": 13029,
  "training_gpu_2_memory_MB": 14587,
  "training_gpu_3_memory_MB": 21435,
  "validation_accuracy": 0.3890020366598778,
  "validation_disc_loss": 2.4405607060203707,
  "validation_gen_loss": 7.226114633606701,
  "validation_loss": 6.029726202895001,
  "best_validation_accuracy": 0.42057026476578413,
  "best_validation_disc_loss": 2.0455260516666787,
  "best_validation_gen_loss": 7.107836529491394,
  "best_validation_loss": 5.8422589340830235
}