{
  "best_epoch": 6,
  "peak_cpu_memory_MB": 5866.652,
  "peak_gpu_0_memory_MB": 14587,
  "peak_gpu_1_memory_MB": 13029,
  "peak_gpu_2_memory_MB": 14587,
  "peak_gpu_3_memory_MB": 21435,
  "training_duration": "0:06:17.152693",
  "training_start_epoch": 0,
  "training_epochs": 10,
  "epoch": 10,
  "training_accuracy": 0.8193384223918575,
  "training_disc_loss": 0.4566549934446812,
  "training_gen_loss": 6.050795974731446,
  "training_loss": 4.6522607421875,
  "training_cpu_memory_MB": 5866.652,
  "training_gpu_0_memory_MB": 14587,
  "training_gpu_1_memory_MB": 13029,
  "training_gpu_2_memory_MB": 14587,
  "training_gpu_3_memory_MB": 21435,
  "validation_accuracy": 0.38085539714867617,
  "validation_disc_loss": 2.3238192074667148,
  "validation_gen_loss": 7.046866738699316,
  "validation_loss": 5.866104866431011,
  "best_validation_accuracy": 0.3971486761710794,
  "best_validation_disc_loss": 1.632502751137183,
  "best_validation_gen_loss": 6.867561282181159,
  "best_validation_loss": 5.558796615135379
}