{
  "best_epoch": 3,
  "peak_cpu_memory_MB": 5866.008,
  "peak_gpu_0_memory_MB": 21435,
  "peak_gpu_1_memory_MB": 20139,
  "peak_gpu_2_memory_MB": 20139,
  "peak_gpu_3_memory_MB": 20139,
  "training_duration": "0:02:42.461354",
  "training_start_epoch": 0,
  "training_epochs": 5,
  "epoch": 5,
  "training_accuracy": 0.3791348600508906,
  "training_disc_loss": 2.399237508773804,
  "training_gen_loss": 6.670768623352051,
  "training_loss": 6.249651688795823,
  "training_cpu_memory_MB": 5866.008,
  "training_gpu_0_memory_MB": 21435,
  "training_gpu_1_memory_MB": 20139,
  "training_gpu_2_memory_MB": 20139,
  "training_gpu_3_memory_MB": 20139,
  "validation_accuracy": 0.3105906313645621,
  "validation_disc_loss": 6.128240969873244,
  "validation_gen_loss": 7.621272748516452,
  "validation_loss": 7.474434975654848,
  "best_validation_accuracy": 0.3380855397148676,
  "best_validation_disc_loss": 12.556249372420773,
  "best_validation_gen_loss": 8.10546923452808,
  "best_validation_loss": 8.551252180530179
}