{
  "best_epoch": 6,
  "peak_cpu_memory_MB": 5866.008,
  "peak_gpu_0_memory_MB": 21435,
  "peak_gpu_1_memory_MB": 20139,
  "peak_gpu_2_memory_MB": 20139,
  "peak_gpu_3_memory_MB": 20139,
  "training_duration": "0:04:06.504392",
  "training_start_epoch": 0,
  "training_epochs": 8,
  "epoch": 8,
  "training_accuracy": 0.40458015267175573,
  "training_disc_loss": 2.1691589403152465,
  "training_gen_loss": 6.585546493530273,
  "training_loss": 6.131452266986553,
  "training_cpu_memory_MB": 5866.008,
  "training_gpu_0_memory_MB": 21435,
  "training_gpu_1_memory_MB": 20139,
  "training_gpu_2_memory_MB": 20139,
  "training_gpu_3_memory_MB": 20139,
  "validation_accuracy": 0.33706720977596744,
  "validation_disc_loss": 2.4253396045777107,
  "validation_gen_loss": 7.17987403561992,
  "validation_loss": 6.70599365234375,
  "best_validation_accuracy": 0.34012219959266804,
  "best_validation_disc_loss": 3.802876122536198,
  "best_validation_gen_loss": 7.380091405683948,
  "best_validation_loss": 7.0238429038755354
}