{
  "best_epoch": 6,
  "peak_cpu_memory_MB": 5866.008,
  "peak_gpu_0_memory_MB": 21435,
  "peak_gpu_1_memory_MB": 20139,
  "peak_gpu_2_memory_MB": 20139,
  "peak_gpu_3_memory_MB": 20139,
  "training_duration": "0:03:09.108204",
  "training_start_epoch": 0,
  "training_epochs": 6,
  "epoch": 6,
  "training_accuracy": 0.37150127226463103,
  "training_disc_loss": 2.1428185415267946,
  "training_gen_loss": 6.633100185394287,
  "training_loss": 6.177386283874512,
  "training_cpu_memory_MB": 5866.008,
  "training_gpu_0_memory_MB": 21435,
  "training_gpu_1_memory_MB": 20139,
  "training_gpu_2_memory_MB": 20139,
  "training_gpu_3_memory_MB": 20139,
  "validation_accuracy": 0.34012219959266804,
  "validation_disc_loss": 3.802876122536198,
  "validation_gen_loss": 7.380091405683948,
  "validation_loss": 7.0238429038755354,
  "best_validation_accuracy": 0.34012219959266804,
  "best_validation_disc_loss": 3.802876122536198,
  "best_validation_gen_loss": 7.380091405683948,
  "best_validation_loss": 7.0238429038755354
}