{
  "best_epoch": 0,
  "peak_cpu_memory_MB": 5866.008,
  "peak_gpu_0_memory_MB": 2617,
  "peak_gpu_1_memory_MB": 20139,
  "peak_gpu_2_memory_MB": 20139,
  "peak_gpu_3_memory_MB": 20139,
  "training_duration": "0:00:21.198006",
  "training_start_epoch": 0,
  "training_epochs": 0,
  "epoch": 0,
  "training_accuracy": 0.3893129770992366,
  "training_disc_loss": 14.904319076538085,
  "training_gen_loss": 12.31457202911377,
  "training_loss": 12.560621041517992,
  "training_cpu_memory_MB": 5866.008,
  "training_gpu_0_memory_MB": 2617,
  "training_gpu_1_memory_MB": 20139,
  "training_gpu_2_memory_MB": 20139,
  "training_gpu_3_memory_MB": 20139,
  "validation_accuracy": 0.319755600814664,
  "validation_disc_loss": 18.32114936459449,
  "validation_gen_loss": 11.821128937505907,
  "validation_loss": 12.475727911918394,
  "best_validation_accuracy": 0.319755600814664,
  "best_validation_disc_loss": 18.32114936459449,
  "best_validation_gen_loss": 11.821128937505907,
  "best_validation_loss": 12.475727911918394
}