{
  "best_epoch": 5,
  "peak_cpu_memory_MB": 5866.652,
  "peak_gpu_0_memory_MB": 21435,
  "peak_gpu_1_memory_MB": 20139,
  "peak_gpu_2_memory_MB": 20139,
  "peak_gpu_3_memory_MB": 20139,
  "training_duration": "0:03:20.739251",
  "training_start_epoch": 0,
  "training_epochs": 6,
  "epoch": 6,
  "training_accuracy": 0.38676844783715014,
  "training_disc_loss": 1.837319483757019,
  "training_gen_loss": 8.054391117095948,
  "training_loss": 3.0697731971740723,
  "training_cpu_memory_MB": 5866.652,
  "training_gpu_0_memory_MB": 21435,
  "training_gpu_1_memory_MB": 20139,
  "training_gpu_2_memory_MB": 20139,
  "training_gpu_3_memory_MB": 20139,
  "validation_accuracy": 0.3391038696537678,
  "validation_disc_loss": 5.363380312919617,
  "validation_gen_loss": 8.675979737312563,
  "validation_loss": 6.021469070065406,
  "best_validation_accuracy": 0.34826883910386963,
  "best_validation_disc_loss": 4.358399329646941,
  "best_validation_gen_loss": 8.73579474418394,
  "best_validation_loss": 5.228870084208827
}