{
  "best_epoch": 0,
  "peak_cpu_memory_MB": 5866.652,
  "peak_gpu_0_memory_MB": 2617,
  "peak_gpu_1_memory_MB": 20139,
  "peak_gpu_2_memory_MB": 20139,
  "peak_gpu_3_memory_MB": 20139,
  "training_duration": "0:00:21.145057",
  "training_start_epoch": 0,
  "training_epochs": 0,
  "epoch": 0,
  "training_accuracy": 0.3816793893129771,
  "training_disc_loss": 13.712911643981933,
  "training_gen_loss": 13.078457107543946,
  "training_loss": 13.43003170306866,
  "training_cpu_memory_MB": 5866.652,
  "training_gpu_0_memory_MB": 2617,
  "training_gpu_1_memory_MB": 20139,
  "training_gpu_2_memory_MB": 20139,
  "training_gpu_3_memory_MB": 20139,
  "validation_accuracy": 0.32790224032586557,
  "validation_disc_loss": 17.864733803656794,
  "validation_gen_loss": 15.365722886977657,
  "validation_loss": 17.406801069936446,
  "best_validation_accuracy": 0.32790224032586557,
  "best_validation_disc_loss": 17.864733803656794,
  "best_validation_gen_loss": 15.365722886977657,
  "best_validation_loss": 17.406801069936446
}