{
  "best_epoch": 5,
  "peak_cpu_memory_MB": 5866.652,
  "peak_gpu_0_memory_MB": 21435,
  "peak_gpu_1_memory_MB": 20139,
  "peak_gpu_2_memory_MB": 20139,
  "peak_gpu_3_memory_MB": 20139,
  "training_duration": "0:04:14.755668",
  "training_start_epoch": 0,
  "training_epochs": 8,
  "epoch": 8,
  "training_accuracy": 0.3460559796437659,
  "training_disc_loss": 1.9068315029144287,
  "training_gen_loss": 7.84720890045166,
  "training_loss": 3.101342091193566,
  "training_cpu_memory_MB": 5866.652,
  "training_gpu_0_memory_MB": 21435,
  "training_gpu_1_memory_MB": 20139,
  "training_gpu_2_memory_MB": 20139,
  "training_gpu_3_memory_MB": 20139,
  "validation_accuracy": 0.3329938900203666,
  "validation_disc_loss": 7.028386116027832,
  "validation_gen_loss": 8.6870149489372,
  "validation_loss": 7.3575300862712245,
  "best_validation_accuracy": 0.34826883910386963,
  "best_validation_disc_loss": 4.358399329646941,
  "best_validation_gen_loss": 8.73579474418394,
  "best_validation_loss": 5.228870084208827
}