{
  "best_epoch": 2,
  "peak_cpu_memory_MB": 5866.652,
  "peak_gpu_0_memory_MB": 21435,
  "peak_gpu_1_memory_MB": 20139,
  "peak_gpu_2_memory_MB": 20139,
  "peak_gpu_3_memory_MB": 20139,
  "training_duration": "0:01:48.417246",
  "training_start_epoch": 0,
  "training_epochs": 3,
  "epoch": 3,
  "training_accuracy": 0.35877862595419846,
  "training_disc_loss": 2.92633095741272,
  "training_gen_loss": 8.85288028717041,
  "training_loss": 4.090036227152898,
  "training_cpu_memory_MB": 5866.652,
  "training_gpu_0_memory_MB": 21435,
  "training_gpu_1_memory_MB": 20139,
  "training_gpu_2_memory_MB": 20139,
  "training_gpu_3_memory_MB": 20139,
  "validation_accuracy": 0.3360488798370672,
  "validation_disc_loss": 3.3409821083468776,
  "validation_gen_loss": 9.087422847747803,
  "validation_loss": 4.493456079113868,
  "best_validation_accuracy": 0.3380855397148676,
  "best_validation_disc_loss": 16.346964959175356,
  "best_validation_gen_loss": 14.558278668311335,
  "best_validation_loss": 15.985056692554105
}