{
  "best_epoch": 7,
  "peak_cpu_memory_MB": 5866.656,
  "peak_gpu_0_memory_MB": 21435,
  "peak_gpu_1_memory_MB": 20139,
  "peak_gpu_2_memory_MB": 20139,
  "peak_gpu_3_memory_MB": 20139,
  "training_duration": "0:04:14.849177",
  "training_start_epoch": 0,
  "training_epochs": 8,
  "epoch": 8,
  "training_accuracy": 0.4732824427480916,
  "training_disc_loss": 1.9646498155593872,
  "training_gen_loss": 6.692592582702637,
  "training_loss": 6.20861398256742,
  "training_cpu_memory_MB": 5866.656,
  "training_gpu_0_memory_MB": 21435,
  "training_gpu_1_memory_MB": 20139,
  "training_gpu_2_memory_MB": 20139,
  "training_gpu_3_memory_MB": 20139,
  "validation_accuracy": 0.34419551934826886,
  "validation_disc_loss": 5.5215320548703595,
  "validation_gen_loss": 7.307267042898363,
  "validation_loss": 7.13327161727413,
  "best_validation_accuracy": 0.35234215885947046,
  "best_validation_disc_loss": 6.046011378688197,
  "best_validation_gen_loss": 7.337426808572585,
  "best_validation_loss": 7.2132068141814205
}