{
  "best_epoch": 7,
  "peak_cpu_memory_MB": 5866.656,
  "peak_gpu_0_memory_MB": 21435,
  "peak_gpu_1_memory_MB": 20139,
  "peak_gpu_2_memory_MB": 20139,
  "peak_gpu_3_memory_MB": 20139,
  "training_duration": "0:04:41.356169",
  "training_start_epoch": 0,
  "training_epochs": 9,
  "epoch": 9,
  "training_accuracy": 0.44783715012722647,
  "training_disc_loss": 2.024834222793579,
  "training_gen_loss": 6.705321674346924,
  "training_loss": 6.240592663104717,
  "training_cpu_memory_MB": 5866.656,
  "training_gpu_0_memory_MB": 21435,
  "training_gpu_1_memory_MB": 20139,
  "training_gpu_2_memory_MB": 20139,
  "training_gpu_3_memory_MB": 20139,
  "validation_accuracy": 0.3421588594704684,
  "validation_disc_loss": 5.57261573883795,
  "validation_gen_loss": 7.309639077032766,
  "validation_loss": 7.140566733575636,
  "best_validation_accuracy": 0.35234215885947046,
  "best_validation_disc_loss": 6.046011378688197,
  "best_validation_gen_loss": 7.337426808572585,
  "best_validation_loss": 7.2132068141814205
}