{
  "best_epoch": 1,
  "peak_cpu_memory_MB": 5866.656,
  "peak_gpu_0_memory_MB": 21435,
  "peak_gpu_1_memory_MB": 20139,
  "peak_gpu_2_memory_MB": 20139,
  "peak_gpu_3_memory_MB": 20139,
  "training_duration": "0:00:48.832400",
  "training_start_epoch": 0,
  "training_epochs": 1,
  "epoch": 1,
  "training_accuracy": 0.40966921119592875,
  "training_disc_loss": 5.587496166229248,
  "training_gen_loss": 8.06885835647583,
  "training_loss": 7.797373184790978,
  "training_cpu_memory_MB": 5866.656,
  "training_gpu_0_memory_MB": 21435,
  "training_gpu_1_memory_MB": 20139,
  "training_gpu_2_memory_MB": 20139,
  "training_gpu_3_memory_MB": 20139,
  "validation_accuracy": 0.3360488798370672,
  "validation_disc_loss": 14.012113863422025,
  "validation_gen_loss": 10.035623934961134,
  "validation_loss": 10.432889907590804,
  "best_validation_accuracy": 0.3360488798370672,
  "best_validation_disc_loss": 14.012113863422025,
  "best_validation_gen_loss": 10.035623934961134,
  "best_validation_loss": 10.432889907590804
}