{
  "best_epoch": 0,
  "peak_cpu_memory_MB": 5866.656,
  "peak_gpu_0_memory_MB": 2617,
  "peak_gpu_1_memory_MB": 20139,
  "peak_gpu_2_memory_MB": 20139,
  "peak_gpu_3_memory_MB": 20139,
  "training_duration": "0:00:21.302733",
  "training_start_epoch": 0,
  "training_epochs": 0,
  "epoch": 0,
  "training_accuracy": 0.3893129770992366,
  "training_disc_loss": 13.871662673950196,
  "training_gen_loss": 11.872788925170898,
  "training_loss": 11.983640010540302,
  "training_cpu_memory_MB": 5866.656,
  "training_gpu_0_memory_MB": 2617,
  "training_gpu_1_memory_MB": 20139,
  "training_gpu_2_memory_MB": 20139,
  "training_gpu_3_memory_MB": 20139,
  "validation_accuracy": 0.3319755600814664,
  "validation_disc_loss": 20.662750859414377,
  "validation_gen_loss": 11.726344308545512,
  "validation_loss": 12.620366281078708,
  "best_validation_accuracy": 0.3319755600814664,
  "best_validation_disc_loss": 20.662750859414377,
  "best_validation_gen_loss": 11.726344308545512,
  "best_validation_loss": 12.620366281078708
}