{
  "best_epoch": 0,
  "peak_cpu_memory_MB": 5347.848,
  "peak_gpu_0_memory_MB": 2309,
  "peak_gpu_1_memory_MB": 21435,
  "peak_gpu_2_memory_MB": 0,
  "peak_gpu_3_memory_MB": 12821,
  "training_duration": "0:00:30.319721",
  "training_start_epoch": 0,
  "training_epochs": 0,
  "epoch": 0,
  "training_accuracy": 0.366412213740458,
  "training_loss": 1.1165530406511748,
  "training_cpu_memory_MB": 5347.848,
  "training_gpu_0_memory_MB": 2309,
  "training_gpu_1_memory_MB": 21435,
  "training_gpu_2_memory_MB": 0,
  "training_gpu_3_memory_MB": 12821,
  "validation_accuracy": 0.4272032603158431,
  "validation_loss": 1.0680161128214982,
  "best_validation_accuracy": 0.4272032603158431,
  "best_validation_loss": 1.0680161128214982
}