{
  "best_epoch": 1,
  "peak_cpu_memory_MB": 5371.072,
  "peak_gpu_0_memory_MB": 12693,
  "peak_gpu_1_memory_MB": 0,
  "peak_gpu_2_memory_MB": 10357,
  "peak_gpu_3_memory_MB": 12805,
  "training_duration": "0:01:05.164748",
  "training_start_epoch": 0,
  "training_epochs": 1,
  "epoch": 1,
  "training_accuracy": 0.638676844783715,
  "training_loss": 0.8316334852805505,
  "training_cpu_memory_MB": 5371.072,
  "training_gpu_0_memory_MB": 12693,
  "training_gpu_1_memory_MB": 0,
  "training_gpu_2_memory_MB": 10357,
  "training_gpu_3_memory_MB": 12805,
  "validation_accuracy": 0.4770249617931737,
  "validation_loss": 1.1008936854061164,
  "best_validation_accuracy": 0.4770249617931737,
  "best_validation_loss": 1.1008936854061164
}