{
  "best_epoch": 0,
  "peak_cpu_memory_MB": 5340.432,
  "peak_gpu_0_memory_MB": 2309,
  "peak_gpu_1_memory_MB": 21435,
  "peak_gpu_2_memory_MB": 0,
  "peak_gpu_3_memory_MB": 13013,
  "training_duration": "0:00:30.296161",
  "training_start_epoch": 0,
  "training_epochs": 0,
  "epoch": 0,
  "training_accuracy": 0.3435114503816794,
  "training_loss": 1.0907168021568885,
  "training_cpu_memory_MB": 5340.432,
  "training_gpu_0_memory_MB": 2309,
  "training_gpu_1_memory_MB": 21435,
  "training_gpu_2_memory_MB": 0,
  "training_gpu_3_memory_MB": 13013,
  "validation_accuracy": 0.45063678043810496,
  "validation_loss": 1.0620005676334767,
  "best_validation_accuracy": 0.45063678043810496,
  "best_validation_loss": 1.0620005676334767
}