{
  "best_epoch": 0,
  "peak_cpu_memory_MB": 5867.236,
  "peak_gpu_0_memory_MB": 21435,
  "peak_gpu_1_memory_MB": 20139,
  "peak_gpu_2_memory_MB": 20139,
  "peak_gpu_3_memory_MB": 20139,
  "training_duration": "0:01:42.044677",
  "training_start_epoch": 0,
  "training_epochs": 3,
  "epoch": 3,
  "training_accuracy": 0.3384223918575064,
  "training_disc_loss": 2.3116544318199157,
  "training_gen_loss": 7.4455377388000485,
  "training_loss": 4.876961011153001,
  "training_cpu_memory_MB": 5867.236,
  "training_gpu_0_memory_MB": 21435,
  "training_gpu_1_memory_MB": 20139,
  "training_gpu_2_memory_MB": 20139,
  "training_gpu_3_memory_MB": 20139,
  "validation_accuracy": 0.3289205702647658,
  "validation_disc_loss": 2.398766627234797,
  "validation_gen_loss": 7.505351028134746,
  "validation_loss": 4.951051327490037,
  "best_validation_accuracy": 0.3340122199592668,
  "best_validation_disc_loss": 12.869600142202069,
  "best_validation_gen_loss": 14.377752457895587,
  "best_validation_loss": 13.627702836067446
}