{
  "best_epoch": 6,
  "peak_cpu_memory_MB": 5867.236,
  "peak_gpu_0_memory_MB": 21435,
  "peak_gpu_1_memory_MB": 20139,
  "peak_gpu_2_memory_MB": 20139,
  "peak_gpu_3_memory_MB": 20139,
  "training_duration": "0:04:10.430156",
  "training_start_epoch": 0,
  "training_epochs": 8,
  "epoch": 8,
  "training_accuracy": 0.42748091603053434,
  "training_disc_loss": 1.5247440242767334,
  "training_gen_loss": 6.69285774230957,
  "training_loss": 4.106514563927283,
  "training_cpu_memory_MB": 5867.236,
  "training_gpu_0_memory_MB": 21435,
  "training_gpu_1_memory_MB": 20139,
  "training_gpu_2_memory_MB": 20139,
  "training_gpu_3_memory_MB": 20139,
  "validation_accuracy": 0.33706720977596744,
  "validation_disc_loss": 1.644292551663614,
  "validation_gen_loss": 7.016545357242707,
  "validation_loss": 4.330818130123999,
  "best_validation_accuracy": 0.35539714867617106,
  "best_validation_disc_loss": 1.895760170875057,
  "best_validation_gen_loss": 7.1116234179466,
  "best_validation_loss": 4.506993362980504
}