{
  "best_epoch": 6,
  "peak_cpu_memory_MB": 5867.236,
  "peak_gpu_0_memory_MB": 21435,
  "peak_gpu_1_memory_MB": 20139,
  "peak_gpu_2_memory_MB": 20139,
  "peak_gpu_3_memory_MB": 20139,
  "training_duration": "0:05:56.849522",
  "training_start_epoch": 0,
  "training_epochs": 12,
  "epoch": 12,
  "training_accuracy": 0.4122137404580153,
  "training_disc_loss": 1.315034444332123,
  "training_gen_loss": 6.583643760681152,
  "training_loss": 3.949839812058669,
  "training_cpu_memory_MB": 5867.236,
  "training_gpu_0_memory_MB": 21435,
  "training_gpu_1_memory_MB": 20139,
  "training_gpu_2_memory_MB": 20139,
  "training_gpu_3_memory_MB": 20139,
  "validation_accuracy": 0.3411405295315682,
  "validation_disc_loss": 1.5803313726379025,
  "validation_gen_loss": 6.948891370527206,
  "validation_loss": 4.26500807269927,
  "best_validation_accuracy": 0.35539714867617106,
  "best_validation_disc_loss": 1.895760170875057,
  "best_validation_gen_loss": 7.1116234179466,
  "best_validation_loss": 4.506993362980504
}