{
  "best_epoch": 0,
  "peak_cpu_memory_MB": 5867.236,
  "peak_gpu_0_memory_MB": 2617,
  "peak_gpu_1_memory_MB": 20139,
  "peak_gpu_2_memory_MB": 20139,
  "peak_gpu_3_memory_MB": 20139,
  "training_duration": "0:00:21.232678",
  "training_start_epoch": 0,
  "training_epochs": 0,
  "epoch": 0,
  "training_accuracy": 0.366412213740458,
  "training_disc_loss": 13.882797527313233,
  "training_gen_loss": 12.855199737548828,
  "training_loss": 13.295114223773663,
  "training_cpu_memory_MB": 5867.236,
  "training_gpu_0_memory_MB": 2617,
  "training_gpu_1_memory_MB": 20139,
  "training_gpu_2_memory_MB": 20139,
  "training_gpu_3_memory_MB": 20139,
  "validation_accuracy": 0.3340122199592668,
  "validation_disc_loss": 12.869600142202069,
  "validation_gen_loss": 14.377752457895587,
  "validation_loss": 13.627702836067446,
  "best_validation_accuracy": 0.3340122199592668,
  "best_validation_disc_loss": 12.869600142202069,
  "best_validation_gen_loss": 14.377752457895587,
  "best_validation_loss": 13.627702836067446
}