{
  "best_epoch": 6,
  "peak_cpu_memory_MB": 5867.236,
  "peak_gpu_0_memory_MB": 21435,
  "peak_gpu_1_memory_MB": 20139,
  "peak_gpu_2_memory_MB": 20139,
  "peak_gpu_3_memory_MB": 20139,
  "training_duration": "0:03:43.814077",
  "training_start_epoch": 0,
  "training_epochs": 7,
  "epoch": 7,
  "training_accuracy": 0.4020356234096692,
  "training_disc_loss": 1.5008991026878358,
  "training_gen_loss": 6.7551651954650875,
  "training_loss": 4.126966513120211,
  "training_cpu_memory_MB": 5867.236,
  "training_gpu_0_memory_MB": 21435,
  "training_gpu_1_memory_MB": 20139,
  "training_gpu_2_memory_MB": 20139,
  "training_gpu_3_memory_MB": 20139,
  "validation_accuracy": 0.34826883910386963,
  "validation_disc_loss": 1.6756261702506774,
  "validation_gen_loss": 7.0656134620789555,
  "validation_loss": 4.3708166076290995,
  "best_validation_accuracy": 0.35539714867617106,
  "best_validation_disc_loss": 1.895760170875057,
  "best_validation_gen_loss": 7.1116234179466,
  "best_validation_loss": 4.506993362980504
}