{
  "best_epoch": 9,
  "peak_cpu_memory_MB": 5506.936,
  "peak_gpu_0_memory_MB": 12645,
  "peak_gpu_1_memory_MB": 21435,
  "peak_gpu_2_memory_MB": 0,
  "peak_gpu_3_memory_MB": 12821,
  "training_duration": "0:06:18.206350",
  "training_start_epoch": 0,
  "training_epochs": 9,
  "epoch": 9,
  "training_accuracy": 0.9185750636132316,
  "training_loss": 0.36325504229618955,
  "training_cpu_memory_MB": 5506.936,
  "training_gpu_0_memory_MB": 12645,
  "training_gpu_1_memory_MB": 21435,
  "training_gpu_2_memory_MB": 0,
  "training_gpu_3_memory_MB": 12821,
  "validation_accuracy": 0.5184921039225675,
  "validation_loss": 1.0194992481303138,
  "best_validation_accuracy": 0.5184921039225675,
  "best_validation_loss": 1.0194992481303138
}