{
  "best_epoch": 3,
  "peak_cpu_memory_MB": 5506.936,
  "peak_gpu_0_memory_MB": 12593,
  "peak_gpu_1_memory_MB": 21435,
  "peak_gpu_2_memory_MB": 0,
  "peak_gpu_3_memory_MB": 12821,
  "training_duration": "0:02:26.394190",
  "training_start_epoch": 0,
  "training_epochs": 3,
  "epoch": 3,
  "training_accuracy": 0.455470737913486,
  "training_loss": 1.0845400370084322,
  "training_cpu_memory_MB": 5506.936,
  "training_gpu_0_memory_MB": 12593,
  "training_gpu_1_memory_MB": 21435,
  "training_gpu_2_memory_MB": 0,
  "training_gpu_3_memory_MB": 12821,
  "validation_accuracy": 0.36444218033622006,
  "validation_loss": 1.1330123499084372,
  "best_validation_accuracy": 0.36444218033622006,
  "best_validation_loss": 1.1330123499084372
}