{
  "best_epoch": 4,
  "peak_cpu_memory_MB": 5506.936,
  "peak_gpu_0_memory_MB": 12593,
  "peak_gpu_1_memory_MB": 21435,
  "peak_gpu_2_memory_MB": 0,
  "peak_gpu_3_memory_MB": 12821,
  "training_duration": "0:03:04.414817",
  "training_start_epoch": 0,
  "training_epochs": 4,
  "epoch": 4,
  "training_accuracy": 0.5648854961832062,
  "training_loss": 0.9298364703471844,
  "training_cpu_memory_MB": 5506.936,
  "training_gpu_0_memory_MB": 12593,
  "training_gpu_1_memory_MB": 21435,
  "training_gpu_2_memory_MB": 0,
  "training_gpu_3_memory_MB": 12821,
  "validation_accuracy": 0.3933774834437086,
  "validation_loss": 1.158294194101899,
  "best_validation_accuracy": 0.3933774834437086,
  "best_validation_loss": 1.158294194101899
}