{
  "best_epoch": 0,
  "peak_cpu_memory_MB": 5506.936,
  "peak_gpu_0_memory_MB": 12593,
  "peak_gpu_1_memory_MB": 21435,
  "peak_gpu_2_memory_MB": 0,
  "peak_gpu_3_memory_MB": 2425,
  "training_duration": "0:00:30.112578",
  "training_start_epoch": 0,
  "training_epochs": 0,
  "epoch": 0,
  "training_accuracy": 0.30025445292620867,
  "training_loss": 1.2491453152436476,
  "training_cpu_memory_MB": 5506.936,
  "training_gpu_0_memory_MB": 12593,
  "training_gpu_1_memory_MB": 21435,
  "training_gpu_2_memory_MB": 0,
  "training_gpu_3_memory_MB": 2425,
  "validation_accuracy": 0.34386143657666834,
  "validation_loss": 1.1509441156729037,
  "best_validation_accuracy": 0.34386143657666834,
  "best_validation_loss": 1.1509441156729037
}