{
  "best_epoch": 6,
  "peak_cpu_memory_MB": 5506.936,
  "peak_gpu_0_memory_MB": 12593,
  "peak_gpu_1_memory_MB": 21435,
  "peak_gpu_2_memory_MB": 0,
  "peak_gpu_3_memory_MB": 12821,
  "training_duration": "0:04:22.481362",
  "training_start_epoch": 0,
  "training_epochs": 6,
  "epoch": 6,
  "training_accuracy": 0.8091603053435115,
  "training_loss": 0.5898315172929031,
  "training_cpu_memory_MB": 5506.936,
  "training_gpu_0_memory_MB": 12593,
  "training_gpu_1_memory_MB": 21435,
  "training_gpu_2_memory_MB": 0,
  "training_gpu_3_memory_MB": 12821,
  "validation_accuracy": 0.47784004075394804,
  "validation_loss": 1.0604071120097505,
  "best_validation_accuracy": 0.47784004075394804,
  "best_validation_loss": 1.0604071120097505
}