{
  "best_epoch": 5,
  "peak_cpu_memory_MB": 5866.904,
  "peak_gpu_0_memory_MB": 21435,
  "peak_gpu_1_memory_MB": 20139,
  "peak_gpu_2_memory_MB": 20139,
  "peak_gpu_3_memory_MB": 20139,
  "training_duration": "0:02:46.451403",
  "training_start_epoch": 0,
  "training_epochs": 5,
  "epoch": 5,
  "training_accuracy": 0.3816793893129771,
  "training_disc_loss": 1.75519038438797,
  "training_gen_loss": 6.596133937835694,
  "training_loss": 6.110204990093525,
  "training_cpu_memory_MB": 5866.904,
  "training_gpu_0_memory_MB": 21435,
  "training_gpu_1_memory_MB": 20139,
  "training_gpu_2_memory_MB": 20139,
  "training_gpu_3_memory_MB": 20139,
  "validation_accuracy": 0.34725050916496947,
  "validation_disc_loss": 6.738857130850515,
  "validation_gen_loss": 7.433785492374051,
  "validation_loss": 7.3679738352375646,
  "best_validation_accuracy": 0.34725050916496947,
  "best_validation_disc_loss": 6.738857130850515,
  "best_validation_gen_loss": 7.433785492374051,
  "best_validation_loss": 7.3679738352375646
}