{
  "best_epoch": 17,
  "peak_cpu_memory_MB": 5866.904,
  "peak_gpu_0_memory_MB": 21435,
  "peak_gpu_1_memory_MB": 20139,
  "peak_gpu_2_memory_MB": 20139,
  "peak_gpu_3_memory_MB": 20139,
  "training_duration": "0:10:19.270856",
  "training_start_epoch": 0,
  "training_epochs": 21,
  "epoch": 21,
  "training_accuracy": 0.6412213740458015,
  "training_disc_loss": 0.8837662160396575,
  "training_gen_loss": 6.262906494140625,
  "training_loss": 5.742942736699031,
  "training_cpu_memory_MB": 5866.904,
  "training_gpu_0_memory_MB": 21435,
  "training_gpu_1_memory_MB": 20139,
  "training_gpu_2_memory_MB": 20139,
  "training_gpu_3_memory_MB": 20139,
  "validation_accuracy": 0.36863543788187375,
  "validation_disc_loss": 1.6930251102293692,
  "validation_gen_loss": 6.876054156211115,
  "validation_loss": 6.360489952948786,
  "best_validation_accuracy": 0.37067209775967414,
  "best_validation_disc_loss": 1.6100504994392395,
  "best_validation_gen_loss": 6.8612940311431885,
  "best_validation_loss": 6.338592221659999
}