{
  "best_epoch": 8,
  "peak_cpu_memory_MB": 5866.904,
  "peak_gpu_0_memory_MB": 21435,
  "peak_gpu_1_memory_MB": 20139,
  "peak_gpu_2_memory_MB": 20139,
  "peak_gpu_3_memory_MB": 20139,
  "training_duration": "0:04:42.209027",
  "training_start_epoch": 0,
  "training_epochs": 9,
  "epoch": 9,
  "training_accuracy": 0.4198473282442748,
  "training_disc_loss": 1.4485590600967406,
  "training_gen_loss": 6.433788318634033,
  "training_loss": 5.93736168054434,
  "training_cpu_memory_MB": 5866.904,
  "training_gpu_0_memory_MB": 21435,
  "training_gpu_1_memory_MB": 20139,
  "training_gpu_2_memory_MB": 20139,
  "training_gpu_3_memory_MB": 20139,
  "validation_accuracy": 0.34521384928716903,
  "validation_disc_loss": 1.59769580345,
  "validation_gen_loss": 6.874349171115506,
  "validation_loss": 6.349144274188626,
  "best_validation_accuracy": 0.34928716904276985,
  "best_validation_disc_loss": 1.9069950993983977,
  "best_validation_gen_loss": 6.931052284855997,
  "best_validation_loss": 6.431161249837568
}