{
  "best_epoch": 11,
  "peak_cpu_memory_MB": 5866.904,
  "peak_gpu_0_memory_MB": 21435,
  "peak_gpu_1_memory_MB": 20139,
  "peak_gpu_2_memory_MB": 20139,
  "peak_gpu_3_memory_MB": 20139,
  "training_duration": "0:05:35.100541",
  "training_start_epoch": 0,
  "training_epochs": 11,
  "epoch": 11,
  "training_accuracy": 0.48854961832061067,
  "training_disc_loss": 1.204819951057434,
  "training_gen_loss": 6.380135841369629,
  "training_loss": 5.857537819789006,
  "training_cpu_memory_MB": 5866.904,
  "training_gpu_0_memory_MB": 21435,
  "training_gpu_1_memory_MB": 20139,
  "training_gpu_2_memory_MB": 20139,
  "training_gpu_3_memory_MB": 20139,
  "validation_accuracy": 0.3615071283095723,
  "validation_disc_loss": 1.5416468920246247,
  "validation_gen_loss": 6.855067145439886,
  "validation_loss": 6.32606017205023,
  "best_validation_accuracy": 0.3615071283095723,
  "best_validation_disc_loss": 1.5416468920246247,
  "best_validation_gen_loss": 6.855067145439886,
  "best_validation_loss": 6.32606017205023
}