{
  "best_epoch": 5,
  "peak_cpu_memory_MB": 5866.904,
  "peak_gpu_0_memory_MB": 21435,
  "peak_gpu_1_memory_MB": 20139,
  "peak_gpu_2_memory_MB": 20139,
  "peak_gpu_3_memory_MB": 20139,
  "training_duration": "0:03:17.680330",
  "training_start_epoch": 0,
  "training_epochs": 6,
  "epoch": 6,
  "training_accuracy": 0.42493638676844786,
  "training_disc_loss": 1.6777340507507323,
  "training_gen_loss": 6.543367519378662,
  "training_loss": 6.052501788506141,
  "training_cpu_memory_MB": 5866.904,
  "training_gpu_0_memory_MB": 21435,
  "training_gpu_1_memory_MB": 20139,
  "training_gpu_2_memory_MB": 20139,
  "training_gpu_3_memory_MB": 20139,
  "validation_accuracy": 0.3360488798370672,
  "validation_disc_loss": 1.8924696762715616,
  "validation_gen_loss": 6.942387273234706,
  "validation_loss": 6.4400496175212245,
  "best_validation_accuracy": 0.34725050916496947,
  "best_validation_disc_loss": 6.738857130850515,
  "best_validation_gen_loss": 7.433785492374051,
  "best_validation_loss": 7.3679738352375646
}