{
  "best_epoch": 15,
  "peak_cpu_memory_MB": 5866.904,
  "peak_gpu_0_memory_MB": 21435,
  "peak_gpu_1_memory_MB": 20139,
  "peak_gpu_2_memory_MB": 20139,
  "peak_gpu_3_memory_MB": 20139,
  "training_duration": "0:07:25.359630",
  "training_start_epoch": 0,
  "training_epochs": 15,
  "epoch": 15,
  "training_accuracy": 0.5597964376590331,
  "training_disc_loss": 1.0136372065544128,
  "training_gen_loss": 6.314417858123779,
  "training_loss": 5.792182555565467,
  "training_cpu_memory_MB": 5866.904,
  "training_gpu_0_memory_MB": 21435,
  "training_gpu_1_memory_MB": 20139,
  "training_gpu_2_memory_MB": 20139,
  "training_gpu_3_memory_MB": 20139,
  "validation_accuracy": 0.3625254582484725,
  "validation_disc_loss": 1.5385870702805058,
  "validation_gen_loss": 6.848553619077129,
  "validation_loss": 6.319919540036109,
  "best_validation_accuracy": 0.3625254582484725,
  "best_validation_disc_loss": 1.5385870702805058,
  "best_validation_gen_loss": 6.848553619077129,
  "best_validation_loss": 6.319919540036109
}