{
  "best_epoch": 4,
  "peak_cpu_memory_MB": 5866.904,
  "peak_gpu_0_memory_MB": 21435,
  "peak_gpu_1_memory_MB": 20139,
  "peak_gpu_2_memory_MB": 20139,
  "peak_gpu_3_memory_MB": 20139,
  "training_duration": "0:02:15.738376",
  "training_start_epoch": 0,
  "training_epochs": 4,
  "epoch": 4,
  "training_accuracy": 0.38676844783715014,
  "training_disc_loss": 2.8956968784332275,
  "training_gen_loss": 6.769458255767822,
  "training_loss": 6.370450606712928,
  "training_cpu_memory_MB": 5866.904,
  "training_gpu_0_memory_MB": 21435,
  "training_gpu_1_memory_MB": 20139,
  "training_gpu_2_memory_MB": 20139,
  "training_gpu_3_memory_MB": 20139,
  "validation_accuracy": 0.33706720977596744,
  "validation_disc_loss": 7.609049243311728,
  "validation_gen_loss": 7.5697894019465295,
  "validation_loss": 7.577729286686067,
  "best_validation_accuracy": 0.33706720977596744,
  "best_validation_disc_loss": 7.609049243311728,
  "best_validation_gen_loss": 7.5697894019465295,
  "best_validation_loss": 7.577729286686067
}