{
  "best_epoch": 4,
  "peak_cpu_memory_MB": 5600.836,
  "peak_gpu_0_memory_MB": 12677,
  "peak_gpu_1_memory_MB": 21435,
  "peak_gpu_2_memory_MB": 0,
  "peak_gpu_3_memory_MB": 12821,
  "training_duration": "0:02:53.190474",
  "training_start_epoch": 0,
  "training_epochs": 4,
  "epoch": 4,
  "training_accuracy": 0.47837150127226463,
  "training_loss": 1.058414876461029,
  "training_cpu_memory_MB": 5600.836,
  "training_gpu_0_memory_MB": 12677,
  "training_gpu_1_memory_MB": 21435,
  "training_gpu_2_memory_MB": 0,
  "training_gpu_3_memory_MB": 12821,
  "validation_accuracy": 0.37962302598064185,
  "validation_loss": 1.0962665321772573,
  "best_validation_accuracy": 0.37962302598064185,
  "best_validation_loss": 1.0962665321772573
}