{
  "best_epoch": 6,
  "peak_cpu_memory_MB": 5600.836,
  "peak_gpu_0_memory_MB": 12677,
  "peak_gpu_1_memory_MB": 21435,
  "peak_gpu_2_memory_MB": 0,
  "peak_gpu_3_memory_MB": 12821,
  "training_duration": "0:04:09.124314",
  "training_start_epoch": 0,
  "training_epochs": 6,
  "epoch": 6,
  "training_accuracy": 0.6564885496183206,
  "training_loss": 0.8353208716099079,
  "training_cpu_memory_MB": 5600.836,
  "training_gpu_0_memory_MB": 12677,
  "training_gpu_1_memory_MB": 21435,
  "training_gpu_2_memory_MB": 0,
  "training_gpu_3_memory_MB": 12821,
  "validation_accuracy": 0.4729495669893021,
  "validation_loss": 1.0836561063990142,
  "best_validation_accuracy": 0.4729495669893021,
  "best_validation_loss": 1.0836561063990142
}