{
  "best_epoch": 1,
  "peak_cpu_memory_MB": 5600.836,
  "peak_gpu_0_memory_MB": 12677,
  "peak_gpu_1_memory_MB": 21435,
  "peak_gpu_2_memory_MB": 0,
  "peak_gpu_3_memory_MB": 12821,
  "training_duration": "0:01:41.548413",
  "training_start_epoch": 0,
  "training_epochs": 2,
  "epoch": 2,
  "training_accuracy": 0.38676844783715014,
  "training_loss": 1.1054255182926471,
  "training_cpu_memory_MB": 5600.836,
  "training_gpu_0_memory_MB": 12677,
  "training_gpu_1_memory_MB": 21435,
  "training_gpu_2_memory_MB": 0,
  "training_gpu_3_memory_MB": 12821,
  "validation_accuracy": 0.32990320937340806,
  "validation_loss": 1.1212693852788074,
  "best_validation_accuracy": 0.346001018848701,
  "best_validation_loss": 1.1107453224325026
}