{
  "best_epoch": 1,
  "peak_cpu_memory_MB": 5600.836,
  "peak_gpu_0_memory_MB": 12677,
  "peak_gpu_1_memory_MB": 21435,
  "peak_gpu_2_memory_MB": 0,
  "peak_gpu_3_memory_MB": 12821,
  "training_duration": "0:01:04.330999",
  "training_start_epoch": 0,
  "training_epochs": 1,
  "epoch": 1,
  "training_accuracy": 0.35368956743002544,
  "training_loss": 1.13532044337346,
  "training_cpu_memory_MB": 5600.836,
  "training_gpu_0_memory_MB": 12677,
  "training_gpu_1_memory_MB": 21435,
  "training_gpu_2_memory_MB": 0,
  "training_gpu_3_memory_MB": 12821,
  "validation_accuracy": 0.346001018848701,
  "validation_loss": 1.1107453224325026,
  "best_validation_accuracy": 0.346001018848701,
  "best_validation_loss": 1.1107453224325026
}