{
  "best_epoch": 3,
  "peak_cpu_memory_MB": 5600.836,
  "peak_gpu_0_memory_MB": 12677,
  "peak_gpu_1_memory_MB": 21435,
  "peak_gpu_2_memory_MB": 0,
  "peak_gpu_3_memory_MB": 12821,
  "training_duration": "0:02:15.560762",
  "training_start_epoch": 0,
  "training_epochs": 3,
  "epoch": 3,
  "training_accuracy": 0.3944020356234097,
  "training_loss": 1.0822023428403413,
  "training_cpu_memory_MB": 5600.836,
  "training_gpu_0_memory_MB": 12677,
  "training_gpu_1_memory_MB": 21435,
  "training_gpu_2_memory_MB": 0,
  "training_gpu_3_memory_MB": 12821,
  "validation_accuracy": 0.3582272032603158,
  "validation_loss": 1.1086618702264097,
  "best_validation_accuracy": 0.3582272032603158,
  "best_validation_loss": 1.1086618702264097
}