{
  "best_epoch": 8,
  "peak_cpu_memory_MB": 5600.836,
  "peak_gpu_0_memory_MB": 12677,
  "peak_gpu_1_memory_MB": 21435,
  "peak_gpu_2_memory_MB": 0,
  "peak_gpu_3_memory_MB": 12821,
  "training_duration": "0:05:25.588586",
  "training_start_epoch": 0,
  "training_epochs": 8,
  "epoch": 8,
  "training_accuracy": 0.7964376590330788,
  "training_loss": 0.566656788954368,
  "training_cpu_memory_MB": 5600.836,
  "training_gpu_0_memory_MB": 12,
  "training_gpu_1_memory_MB": 21435,
  "training_gpu_2_memory_MB": 0,
  "training_gpu_3_memory_MB": 12821,
  "validation_accuracy": 0.5457972491085074,
  "validation_loss": 0.993427273699049,
  "best_validation_accuracy": 0.5457972491085074,
  "best_validation_loss": 0.993427273699049
}