{
  "best_epoch": 1,
  "peak_cpu_memory_MB": 5494.944,
  "peak_gpu_0_memory_MB": 12553,
  "peak_gpu_1_memory_MB": 21435,
  "peak_gpu_2_memory_MB": 0,
  "peak_gpu_3_memory_MB": 12815,
  "training_duration": "0:02:52.960608",
  "training_start_epoch": 0,
  "training_epochs": 4,
  "epoch": 4,
  "training_accuracy": 0.3638676844783715,
  "training_loss": 1.0908439251092763,
  "training_cpu_memory_MB": 5494.944,
  "training_gpu_0_memory_MB": 12553,
  "training_gpu_1_memory_MB": 21435,
  "training_gpu_2_memory_MB": 0,
  "training_gpu_3_memory_MB": 12815,
  "validation_accuracy": 0.3285787060621498,
  "validation_loss": 1.1051128190192803,
  "best_validation_accuracy": 0.3361181864493123,
  "best_validation_loss": 1.105350679605714
}