{
  "best_epoch": 3,
  "peak_cpu_memory_MB": 5365.724,
  "peak_gpu_0_memory_MB": 12645,
  "peak_gpu_1_memory_MB": 21435,
  "peak_gpu_2_memory_MB": 0,
  "peak_gpu_3_memory_MB": 12821,
  "training_duration": "0:02:17.447354",
  "training_start_epoch": 0,
  "training_epochs": 3,
  "epoch": 3,
  "training_accuracy": 0.9134860050890585,
  "training_loss": 0.2638122456578108,
  "training_cpu_memory_MB": 5365.724,
  "training_gpu_0_memory_MB": 12645,
  "training_gpu_1_memory_MB": 21435,
  "training_gpu_2_memory_MB": 0,
  "training_gpu_3_memory_MB": 12821,
  "validation_accuracy": 0.5550687722873153,
  "validation_loss": 1.5189074714719666,
  "best_validation_accuracy": 0.5550687722873153,
  "best_validation_loss": 1.5189074714719666
}