{
  "best_epoch": 4,
  "peak_cpu_memory_MB": 5365.724,
  "peak_gpu_0_memory_MB": 12645,
  "peak_gpu_1_memory_MB": 21435,
  "peak_gpu_2_memory_MB": 0,
  "peak_gpu_3_memory_MB": 12821,
  "training_duration": "0:02:56.398495",
  "training_start_epoch": 0,
  "training_epochs": 4,
  "epoch": 4,
  "training_accuracy": 0.9796437659033079,
  "training_loss": 0.07613787298592237,
  "training_cpu_memory_MB": 5365.724,
  "training_gpu_0_memory_MB": 12645,
  "training_gpu_1_memory_MB": 21435,
  "training_gpu_2_memory_MB": 0,
  "training_gpu_3_memory_MB": 12821,
  "validation_accuracy": 0.563015792154865,
  "validation_loss": 1.5581090611432973,
  "best_validation_accuracy": 0.563015792154865,
  "best_validation_loss": 1.5581090611432973
}