{
  "best_epoch": 1,
  "peak_cpu_memory_MB": 5365.724,
  "peak_gpu_0_memory_MB": 12645,
  "peak_gpu_1_memory_MB": 21435,
  "peak_gpu_2_memory_MB": 0,
  "peak_gpu_3_memory_MB": 12821,
  "training_duration": "0:01:42.877021",
  "training_start_epoch": 0,
  "training_epochs": 2,
  "epoch": 2,
  "training_accuracy": 0.8829516539440203,
  "training_loss": 0.37367884098337245,
  "training_cpu_memory_MB": 5365.724,
  "training_gpu_0_memory_MB": 12645,
  "training_gpu_1_memory_MB": 21435,
  "training_gpu_2_memory_MB": 0,
  "training_gpu_3_memory_MB": 12821,
  "validation_accuracy": 0.49312277126846665,
  "validation_loss": 2.220920096391187,
  "best_validation_accuracy": 0.522159959246052,
  "best_validation_loss": 1.0181998350332926
}