{
  "best_epoch": 0,
  "peak_cpu_memory_MB": 5487.316,
  "peak_gpu_0_memory_MB": 12677,
  "peak_gpu_1_memory_MB": 21437,
  "peak_gpu_2_memory_MB": 0,
  "peak_gpu_3_memory_MB": 2425,
  "training_duration": "0:00:29.784174",
  "training_start_epoch": 0,
  "training_epochs": 0,
  "epoch": 0,
  "training_accuracy": 0.3256997455470738,
  "training_loss": 1.2576062037394597,
  "training_cpu_memory_MB": 5487.316,
  "training_gpu_0_memory_MB": 12677,
  "training_gpu_1_memory_MB": 21437,
  "training_gpu_2_memory_MB": 0,
  "training_gpu_3_memory_MB": 2425,
  "validation_accuracy": 0.3477330616403464,
  "validation_loss": 1.1497743873332145,
  "best_validation_accuracy": 0.3477330616403464,
  "best_validation_loss": 1.1497743873332145
}