{
  "best_epoch": 1,
  "peak_cpu_memory_MB": 5561.972,
  "peak_gpu_0_memory_MB": 12525,
  "peak_gpu_1_memory_MB": 21435,
  "peak_gpu_2_memory_MB": 0,
  "peak_gpu_3_memory_MB": 12805,
  "training_duration": "0:04:04.900439",
  "training_start_epoch": 0,
  "training_epochs": 6,
  "epoch": 6,
  "training_accuracy": 0.37659033078880405,
  "training_loss": 1.0932679909926195,
  "training_cpu_memory_MB": 5561.972,
  "training_gpu_0_memory_MB": 12525,
  "training_gpu_1_memory_MB": 21435,
  "training_gpu_2_memory_MB": 0,
  "training_gpu_3_memory_MB": 12805,
  "validation_accuracy": 0.3305145185939888,
  "validation_loss": 1.1032937699109802,
  "best_validation_accuracy": 0.343555781966378,
  "best_validation_loss": 1.1003150625415268
}