{
  "best_epoch": 1,
  "peak_cpu_memory_MB": 5561.972,
  "peak_gpu_0_memory_MB": 12525,
  "peak_gpu_1_memory_MB": 21435,
  "peak_gpu_2_memory_MB": 0,
  "peak_gpu_3_memory_MB": 12805,
  "training_duration": "0:03:30.034167",
  "training_start_epoch": 0,
  "training_epochs": 5,
  "epoch": 5,
  "training_accuracy": 0.3791348600508906,
  "training_loss": 1.0892253472254827,
  "training_cpu_memory_MB": 5561.972,
  "training_gpu_0_memory_MB": 12525,
  "training_gpu_1_memory_MB": 21435,
  "training_gpu_2_memory_MB": 0,
  "training_gpu_3_memory_MB": 12805,
  "validation_accuracy": 0.330412633723892,
  "validation_loss": 1.1032632733012644,
  "best_validation_accuracy": 0.343555781966378,
  "best_validation_loss": 1.1003150625415268
}