{
  "best_epoch": 1,
  "peak_cpu_memory_MB": 5561.972,
  "peak_gpu_0_memory_MB": 12525,
  "peak_gpu_1_memory_MB": 21435,
  "peak_gpu_2_memory_MB": 0,
  "peak_gpu_3_memory_MB": 12805,
  "training_duration": "0:04:39.930815",
  "training_start_epoch": 0,
  "training_epochs": 7,
  "epoch": 7,
  "training_accuracy": 0.3486005089058524,
  "training_loss": 1.0753035453649669,
  "training_cpu_memory_MB": 5561.972,
  "training_gpu_0_memory_MB": 12525,
  "training_gpu_1_memory_MB": 21435,
  "training_gpu_2_memory_MB": 0,
  "training_gpu_3_memory_MB": 12805,
  "validation_accuracy": 0.3217524197656648,
  "validation_loss": 1.103700274364956,
  "best_validation_accuracy": 0.343555781966378,
  "best_validation_loss": 1.1003150625415268
}