{
  "best_epoch": 5,
  "peak_cpu_memory_MB": 5866.9,
  "peak_gpu_0_memory_MB": 21435,
  "peak_gpu_1_memory_MB": 20139,
  "peak_gpu_2_memory_MB": 20139,
  "peak_gpu_3_memory_MB": 20139,
  "training_duration": "0:04:32.516660",
  "training_start_epoch": 0,
  "training_epochs": 9,
  "epoch": 9,
  "training_accuracy": 0.5038167938931297,
  "training_disc_loss": 1.6519587802886964,
  "training_gen_loss": 7.575088863372803,
  "training_loss": 2.8208009279691257,
  "training_cpu_memory_MB": 5866.9,
  "training_gpu_0_memory_MB": 21435,
  "training_gpu_1_memory_MB": 20139,
  "training_gpu_2_memory_MB": 20139,
  "training_gpu_3_memory_MB": 20139,
  "validation_accuracy": 0.35845213849287166,
  "validation_disc_loss": 2.711640885760707,
  "validation_gen_loss": 7.820873560444001,
  "validation_loss": 3.7345891537204867,
  "best_validation_accuracy": 0.36761710794297353,
  "best_validation_disc_loss": 3.2370695375627085,
  "best_validation_gen_loss": 8.314247992730909,
  "best_validation_loss": 4.250169669428179
}