{
  "best_epoch": 0,
  "peak_cpu_memory_MB": 5866.9,
  "peak_gpu_0_memory_MB": 21435,
  "peak_gpu_1_memory_MB": 20139,
  "peak_gpu_2_memory_MB": 20139,
  "peak_gpu_3_memory_MB": 20139,
  "training_duration": "0:00:49.000503",
  "training_start_epoch": 0,
  "training_epochs": 1,
  "epoch": 1,
  "training_accuracy": 0.35368956743002544,
  "training_disc_loss": 10.141977910995484,
  "training_gen_loss": 12.465324821472167,
  "training_loss": 10.477965391599215,
  "training_cpu_memory_MB": 5866.9,
  "training_gpu_0_memory_MB": 21435,
  "training_gpu_1_memory_MB": 20139,
  "training_gpu_2_memory_MB": 20139,
  "training_gpu_3_memory_MB": 20139,
  "validation_accuracy": 0.3329938900203666,
  "validation_disc_loss": 13.484763606902092,
  "validation_gen_loss": 11.439651304675687,
  "validation_loss": 13.110802312051096,
  "best_validation_accuracy": 0.3329938900203666,
  "best_validation_disc_loss": 16.64538335800171,
  "best_validation_gen_loss": 14.757399435966246,
  "best_validation_loss": 16.290698605199015
}