{
  "best_epoch": 3,
  "peak_cpu_memory_MB": 5866.9,
  "peak_gpu_0_memory_MB": 21435,
  "peak_gpu_1_memory_MB": 20139,
  "peak_gpu_2_memory_MB": 20139,
  "peak_gpu_3_memory_MB": 20139,
  "training_duration": "0:01:42.424563",
  "training_start_epoch": 0,
  "training_epochs": 3,
  "epoch": 3,
  "training_accuracy": 0.34096692111959287,
  "training_disc_loss": 5.03186767578125,
  "training_gen_loss": 8.665340614318847,
  "training_loss": 5.72323175577017,
  "training_cpu_memory_MB": 5866.9,
  "training_gpu_0_memory_MB": 21435,
  "training_gpu_1_memory_MB": 20139,
  "training_gpu_2_memory_MB": 20139,
  "training_gpu_3_memory_MB": 20139,
  "validation_accuracy": 0.3340122199592668,
  "validation_disc_loss": 3.4117953258176006,
  "validation_gen_loss": 8.472878186933455,
  "validation_loss": 4.4193381571000625,
  "best_validation_accuracy": 0.3340122199592668,
  "best_validation_disc_loss": 3.4117953258176006,
  "best_validation_gen_loss": 8.472878186933455,
  "best_validation_loss": 4.4193381571000625
}