{
  "best_epoch": 11,
  "peak_cpu_memory_MB": 5866.9,
  "peak_gpu_0_memory_MB": 21435,
  "peak_gpu_1_memory_MB": 20139,
  "peak_gpu_2_memory_MB": 20139,
  "peak_gpu_3_memory_MB": 20139,
  "training_duration": "0:06:23.831379",
  "training_start_epoch": 0,
  "training_epochs": 13,
  "epoch": 13,
  "training_accuracy": 0.5877862595419847,
  "training_disc_loss": 1.0623354375362397,
  "training_gen_loss": 7.320301570892334,
  "training_loss": 2.30839571586022,
  "training_cpu_memory_MB": 5866.9,
  "training_gpu_0_memory_MB": 21435,
  "training_gpu_1_memory_MB": 20139,
  "training_gpu_2_memory_MB": 20139,
  "training_gpu_3_memory_MB": 20139,
  "validation_accuracy": 0.3594704684317719,
  "validation_disc_loss": 3.4132326053034876,
  "validation_gen_loss": 7.639261161127398,
  "validation_loss": 4.252366958125945,
  "best_validation_accuracy": 0.37372708757637474,
  "best_validation_disc_loss": 2.7581021593463038,
  "best_validation_gen_loss": 7.633944995941654,
  "best_validation_loss": 3.729638930289976
}