{
  "best_epoch": 4,
  "peak_cpu_memory_MB": 5866.9,
  "peak_gpu_0_memory_MB": 21435,
  "peak_gpu_1_memory_MB": 20139,
  "peak_gpu_2_memory_MB": 20139,
  "peak_gpu_3_memory_MB": 20139,
  "training_duration": "0:02:14.241636",
  "training_start_epoch": 0,
  "training_epochs": 4,
  "epoch": 4,
  "training_accuracy": 0.36895674300254455,
  "training_disc_loss": 3.079285182952881,
  "training_gen_loss": 8.209793395996094,
  "training_loss": 4.092150137974666,
  "training_cpu_memory_MB": 5866.9,
  "training_gpu_0_memory_MB": 21435,
  "training_gpu_1_memory_MB": 20139,
  "training_gpu_2_memory_MB": 20139,
  "training_gpu_3_memory_MB": 20139,
  "validation_accuracy": 0.3574338085539715,
  "validation_disc_loss": 3.1945325097730084,
  "validation_gen_loss": 8.235810464428317,
  "validation_loss": 4.197492491814398,
  "best_validation_accuracy": 0.3574338085539715,
  "best_validation_disc_loss": 3.1945325097730084,
  "best_validation_gen_loss": 8.235810464428317,
  "best_validation_loss": 4.197492491814398
}