{
  "best_epoch": 5,
  "peak_cpu_memory_MB": 5866.9,
  "peak_gpu_0_memory_MB": 21435,
  "peak_gpu_1_memory_MB": 20139,
  "peak_gpu_2_memory_MB": 20139,
  "peak_gpu_3_memory_MB": 20139,
  "training_duration": "0:04:58.965482",
  "training_start_epoch": 0,
  "training_epochs": 10,
  "epoch": 10,
  "training_accuracy": 0.49363867684478374,
  "training_disc_loss": 1.5999471235275269,
  "training_gen_loss": 7.524340171813964,
  "training_loss": 2.7607944928682766,
  "training_cpu_memory_MB": 5866.9,
  "training_gpu_0_memory_MB": 21435,
  "training_gpu_1_memory_MB": 20139,
  "training_gpu_2_memory_MB": 20139,
  "training_gpu_3_memory_MB": 20139,
  "validation_accuracy": 0.3533604887983707,
  "validation_disc_loss": 3.677559769922687,
  "validation_gen_loss": 7.787253218312418,
  "validation_loss": 4.491984198170323,
  "best_validation_accuracy": 0.36761710794297353,
  "best_validation_disc_loss": 3.2370695375627085,
  "best_validation_gen_loss": 8.314247992730909,
  "best_validation_loss": 4.250169669428179
}