{
  "best_epoch": 5,
  "peak_cpu_memory_MB": 5866.9,
  "peak_gpu_0_memory_MB": 21435,
  "peak_gpu_1_memory_MB": 20139,
  "peak_gpu_2_memory_MB": 20139,
  "peak_gpu_3_memory_MB": 20139,
  "training_duration": "0:04:06.097798",
  "training_start_epoch": 0,
  "training_epochs": 8,
  "epoch": 8,
  "training_accuracy": 0.4681933842239186,
  "training_disc_loss": 2.0384027218818663,
  "training_gen_loss": 7.652012996673584,
  "training_loss": 3.1779710146097035,
  "training_cpu_memory_MB": 5866.9,
  "training_gpu_0_memory_MB": 21435,
  "training_gpu_1_memory_MB": 20139,
  "training_gpu_2_memory_MB": 20139,
  "training_gpu_3_memory_MB": 20139,
  "validation_accuracy": 0.3635437881873727,
  "validation_disc_loss": 2.6640870282726903,
  "validation_gen_loss": 7.81055494277708,
  "validation_loss": 3.695206488332441,
  "best_validation_accuracy": 0.36761710794297353,
  "best_validation_disc_loss": 3.2370695375627085,
  "best_validation_gen_loss": 8.314247992730909,
  "best_validation_loss": 4.250169669428179
}