{
  "best_epoch": 11,
  "peak_cpu_memory_MB": 5866.9,
  "peak_gpu_0_memory_MB": 21435,
  "peak_gpu_1_memory_MB": 20139,
  "peak_gpu_2_memory_MB": 20139,
  "peak_gpu_3_memory_MB": 20139,
  "training_duration": "0:05:57.331849",
  "training_start_epoch": 0,
  "training_epochs": 12,
  "epoch": 12,
  "training_accuracy": 0.5318066157760815,
  "training_disc_loss": 1.2655931437015533,
  "training_gen_loss": 7.364256343841553,
  "training_loss": 2.4619425443502574,
  "training_cpu_memory_MB": 5866.9,
  "training_gpu_0_memory_MB": 21435,
  "training_gpu_1_memory_MB": 20139,
  "training_gpu_2_memory_MB": 20139,
  "training_gpu_3_memory_MB": 20139,
  "validation_accuracy": 0.36761710794297353,
  "validation_disc_loss": 3.0441089330180997,
  "validation_gen_loss": 7.631940157182755,
  "validation_loss": 3.956929168393535,
  "best_validation_accuracy": 0.37372708757637474,
  "best_validation_disc_loss": 2.7581021593463038,
  "best_validation_gen_loss": 7.633944995941654,
  "best_validation_loss": 3.729638930289976
}