{
  "best_epoch": 5,
  "peak_cpu_memory_MB": 5866.9,
  "peak_gpu_0_memory_MB": 21435,
  "peak_gpu_1_memory_MB": 20139,
  "peak_gpu_2_memory_MB": 20139,
  "peak_gpu_3_memory_MB": 20139,
  "training_duration": "0:03:39.772868",
  "training_start_epoch": 0,
  "training_epochs": 7,
  "epoch": 7,
  "training_accuracy": 0.4223918575063613,
  "training_disc_loss": 1.8786334109306335,
  "training_gen_loss": 7.7828104782104495,
  "training_loss": 3.028987462703998,
  "training_cpu_memory_MB": 5866.9,
  "training_gpu_0_memory_MB": 21435,
  "training_gpu_1_memory_MB": 20139,
  "training_gpu_2_memory_MB": 20139,
  "training_gpu_3_memory_MB": 20139,
  "validation_accuracy": 0.3625254582484725,
  "validation_disc_loss": 2.697274277287145,
  "validation_gen_loss": 7.89949583238171,
  "validation_loss": 3.7402316908682547,
  "best_validation_accuracy": 0.36761710794297353,
  "best_validation_disc_loss": 3.2370695375627085,
  "best_validation_gen_loss": 8.314247992730909,
  "best_validation_loss": 4.250169669428179
}