{
  "best_epoch": 0,
  "peak_cpu_memory_MB": 6696.712,
  "peak_gpu_0_memory_MB": 5289,
  "peak_gpu_1_memory_MB": 21577,
  "peak_gpu_2_memory_MB": 20715,
  "peak_gpu_3_memory_MB": 5365,
  "training_duration": "1:01:14.392828",
  "training_start_epoch": 0,
  "training_epochs": 1,
  "epoch": 1,
  "training_accuracy": 0.8679787727080586,
  "training_loss": 0.34999560610685043,
  "training_cpu_memory_MB": 6696.712,
  "training_gpu_0_memory_MB": 5289,
  "training_gpu_1_memory_MB": 21577,
  "training_gpu_2_memory_MB": 20715,
  "training_gpu_3_memory_MB": 5365,
  "validation_accuracy": 0.8379011716760061,
  "validation_loss": 0.4525540047097672,
  "best_validation_accuracy": 0.8386143657666837,
  "best_validation_loss": 0.4250275480048276
}