{
  "best_epoch": 1,
  "peak_cpu_memory_MB": 5340.996,
  "peak_gpu_0_memory_MB": 12677,
  "peak_gpu_1_memory_MB": 21435,
  "peak_gpu_2_memory_MB": 0,
  "peak_gpu_3_memory_MB": 13013,
  "training_duration": "0:01:06.521837",
  "training_start_epoch": 0,
  "training_epochs": 1,
  "epoch": 1,
  "training_accuracy": 0.6844783715012722,
  "training_loss": 0.7776839641424326,
  "training_cpu_memory_MB": 5340.996,
  "training_gpu_0_memory_MB": 12677,
  "training_gpu_1_memory_MB": 21435,
  "training_gpu_2_memory_MB": 0,
  "training_gpu_3_memory_MB": 13013,
  "validation_accuracy": 0.5633214467651554,
  "validation_loss": 1.0047049040903098,
  "best_validation_accuracy": 0.5633214467651554,
  "best_validation_loss": 1.0047049040903098
}