{
  "best_epoch": 2,
  "peak_cpu_memory_MB": 5340.996,
  "peak_gpu_0_memory_MB": 12677,
  "peak_gpu_1_memory_MB": 21435,
  "peak_gpu_2_memory_MB": 0,
  "peak_gpu_3_memory_MB": 13013,
  "training_duration": "0:01:44.359836",
  "training_start_epoch": 0,
  "training_epochs": 2,
  "epoch": 2,
  "training_accuracy": 0.8676844783715013,
  "training_loss": 0.44957659336236805,
  "training_cpu_memory_MB": 5340.996,
  "training_gpu_0_memory_MB": 12677,
  "training_gpu_1_memory_MB": 21435,
  "training_gpu_2_memory_MB": 0,
  "training_gpu_3_memory_MB": 13013,
  "validation_accuracy": 0.5701477330616403,
  "validation_loss": 0.9893172670653277,
  "best_validation_accuracy": 0.5701477330616403,
  "best_validation_loss": 0.9893172670653277
}