{
  "best_epoch": 0,
  "peak_cpu_memory_MB": 5389.124,
  "peak_gpu_0_memory_MB": 12693,
  "peak_gpu_1_memory_MB": 21435,
  "peak_gpu_2_memory_MB": 0,
  "peak_gpu_3_memory_MB": 12805,
  "training_duration": "0:01:05.997580",
  "training_start_epoch": 0,
  "training_epochs": 1,
  "epoch": 1,
  "training_accuracy": 0.5623409669211196,
  "training_loss": 0.9563464568211482,
  "training_cpu_memory_MB": 5389.124,
  "training_gpu_0_memory_MB": 12693,
  "training_gpu_1_memory_MB": 21435,
  "training_gpu_2_memory_MB": 0,
  "training_gpu_3_memory_MB": 12805,
  "validation_accuracy": 0.41263372389200204,
  "validation_loss": 1.1056305999087976,
  "best_validation_accuracy": 0.43178807947019865,
  "best_validation_loss": 1.0813274368012766
}