{
  "best_epoch": 3,
  "peak_cpu_memory_MB": 5389.124,
  "peak_gpu_0_memory_MB": 12693,
  "peak_gpu_1_memory_MB": 21435,
  "peak_gpu_2_memory_MB": 0,
  "peak_gpu_3_memory_MB": 12805,
  "training_duration": "0:02:18.013527",
  "training_start_epoch": 0,
  "training_epochs": 3,
  "epoch": 3,
  "training_accuracy": 0.9516539440203562,
  "training_loss": 0.20492992034325233,
  "training_cpu_memory_MB": 5389.124,
  "training_gpu_0_memory_MB": 12693,
  "training_gpu_1_memory_MB": 21435,
  "training_gpu_2_memory_MB": 0,
  "training_gpu_3_memory_MB": 12805,
  "validation_accuracy": 0.5633214467651554,
  "validation_loss": 1.154362248092987,
  "best_validation_accuracy": 0.5633214467651554,
  "best_validation_loss": 1.154362248092987
}