{
  "best_epoch": 0,
  "peak_cpu_memory_MB": 5865.8,
  "peak_gpu_0_memory_MB": 21435,
  "peak_gpu_1_memory_MB": 20139,
  "peak_gpu_2_memory_MB": 20139,
  "peak_gpu_3_memory_MB": 20139,
  "training_duration": "0:04:25.739168",
  "training_start_epoch": 0,
  "training_epochs": 9,
  "epoch": 9,
  "training_accuracy": 0.4351145038167939,
  "training_disc_loss": 3.088868932723999,
  "training_gen_loss": 8.04102674484253,
  "training_loss": 4.099643028699434,
  "training_cpu_memory_MB": 5865.8,
  "training_gpu_0_memory_MB": 21435,
  "training_gpu_1_memory_MB": 20139,
  "training_gpu_2_memory_MB": 20139,
  "training_gpu_3_memory_MB": 20139,
  "validation_accuracy": 0.35234215885947046,
  "validation_disc_loss": 5.910482260488695,
  "validation_gen_loss": 8.42292582604193,
  "validation_loss": 6.4169818509009575,
  "best_validation_accuracy": 0.3574338085539715,
  "best_validation_disc_loss": 13.418866603605208,
  "best_validation_gen_loss": 10.877444851783014,
  "best_validation_loss": 12.933289927821006
}