{
  "best_epoch": 0,
  "peak_cpu_memory_MB": 5865.8,
  "peak_gpu_0_memory_MB": 21435,
  "peak_gpu_1_memory_MB": 20139,
  "peak_gpu_2_memory_MB": 20139,
  "peak_gpu_3_memory_MB": 20139,
  "training_duration": "0:01:42.702851",
  "training_start_epoch": 0,
  "training_epochs": 3,
  "epoch": 3,
  "training_accuracy": 0.3994910941475827,
  "training_disc_loss": 6.445378665924072,
  "training_gen_loss": 9.18249038696289,
  "training_loss": 6.958085793715257,
  "training_cpu_memory_MB": 5865.8,
  "training_gpu_0_memory_MB": 21435,
  "training_gpu_1_memory_MB": 20139,
  "training_gpu_2_memory_MB": 20139,
  "training_gpu_3_memory_MB": 20139,
  "validation_accuracy": 0.3411405295315682,
  "validation_disc_loss": 8.012170557052858,
  "validation_gen_loss": 9.481373602344144,
  "validation_loss": 8.349692344665527,
  "best_validation_accuracy": 0.3574338085539715,
  "best_validation_disc_loss": 13.418866603605208,
  "best_validation_gen_loss": 10.877444851783014,
  "best_validation_loss": 12.933289927821006
}