{
  "best_epoch": 0,
  "peak_cpu_memory_MB": 5868.084,
  "peak_gpu_0_memory_MB": 21435,
  "peak_gpu_1_memory_MB": 20139,
  "peak_gpu_2_memory_MB": 20139,
  "peak_gpu_3_memory_MB": 20139,
  "training_duration": "0:02:59.183318",
  "training_start_epoch": 0,
  "training_epochs": 6,
  "epoch": 6,
  "training_accuracy": 0.3384223918575064,
  "training_disc_loss": 1.9590032815933227,
  "training_gen_loss": 6.838389282226562,
  "training_loss": 4.403903080866887,
  "training_cpu_memory_MB": 5868.084,
  "training_gpu_0_memory_MB": 21435,
  "training_gpu_1_memory_MB": 20139,
  "training_gpu_2_memory_MB": 20139,
  "training_gpu_3_memory_MB": 20139,
  "validation_accuracy": 0.31771894093686354,
  "validation_disc_loss": 1.0992410548271672,
  "validation_gen_loss": 7.22924816992975,
  "validation_loss": 4.165254869768696,
  "best_validation_accuracy": 0.3533604887983707,
  "best_validation_disc_loss": 14.724677639622842,
  "best_validation_gen_loss": 14.279886338018603,
  "best_validation_loss": 14.50775429510301
}