{
  "best_epoch": 0,
  "peak_cpu_memory_MB": 5868.084,
  "peak_gpu_0_memory_MB": 21435,
  "peak_gpu_1_memory_MB": 20139,
  "peak_gpu_2_memory_MB": 20139,
  "peak_gpu_3_memory_MB": 20139,
  "training_duration": "0:00:48.326680",
  "training_start_epoch": 0,
  "training_epochs": 1,
  "epoch": 1,
  "training_accuracy": 0.361323155216285,
  "training_disc_loss": 5.941455745697022,
  "training_gen_loss": 10.708602485656739,
  "training_loss": 8.24134584573599,
  "training_cpu_memory_MB": 5868.084,
  "training_gpu_0_memory_MB": 21435,
  "training_gpu_1_memory_MB": 20139,
  "training_gpu_2_memory_MB": 20139,
  "training_gpu_3_memory_MB": 20139,
  "validation_accuracy": 0.3319755600814664,
  "validation_disc_loss": 1.1055131727649319,
  "validation_gen_loss": 15.989664585359636,
  "validation_loss": 8.549242573399697,
  "best_validation_accuracy": 0.3533604887983707,
  "best_validation_disc_loss": 14.724677639622842,
  "best_validation_gen_loss": 14.279886338018603,
  "best_validation_loss": 14.50775429510301
}