{
  "best_epoch": 0,
  "peak_cpu_memory_MB": 5868.084,
  "peak_gpu_0_memory_MB": 21435,
  "peak_gpu_1_memory_MB": 20139,
  "peak_gpu_2_memory_MB": 20139,
  "peak_gpu_3_memory_MB": 20139,
  "training_duration": "0:02:06.731154",
  "training_start_epoch": 0,
  "training_epochs": 4,
  "epoch": 4,
  "training_accuracy": 0.33587786259541985,
  "training_disc_loss": 1.9785285186767578,
  "training_gen_loss": 7.053404102325439,
  "training_loss": 4.51440062889686,
  "training_cpu_memory_MB": 5868.084,
  "training_gpu_0_memory_MB": 21435,
  "training_gpu_1_memory_MB": 20139,
  "training_gpu_2_memory_MB": 20139,
  "training_gpu_3_memory_MB": 20139,
  "validation_accuracy": 0.3268839103869654,
  "validation_disc_loss": 1.1032212972640991,
  "validation_gen_loss": 7.59703044737539,
  "validation_loss": 4.351248479658557,
  "best_validation_accuracy": 0.3533604887983707,
  "best_validation_disc_loss": 14.724677639622842,
  "best_validation_gen_loss": 14.279886338018603,
  "best_validation_loss": 14.50775429510301
}