{
  "best_epoch": 5,
  "peak_cpu_memory_MB": 5866.204,
  "peak_gpu_0_memory_MB": 21435,
  "peak_gpu_1_memory_MB": 20139,
  "peak_gpu_2_memory_MB": 20139,
  "peak_gpu_3_memory_MB": 20139,
  "training_duration": "0:03:08.394167",
  "training_start_epoch": 0,
  "training_epochs": 6,
  "epoch": 6,
  "training_accuracy": 0.37150127226463103,
  "training_disc_loss": 1.7693561601638794,
  "training_gen_loss": 6.866282444000245,
  "training_loss": 4.310075283050537,
  "training_cpu_memory_MB": 5866.204,
  "training_gpu_0_memory_MB": 21435,
  "training_gpu_1_memory_MB": 20139,
  "training_gpu_2_memory_MB": 20139,
  "training_gpu_3_memory_MB": 20139,
  "validation_accuracy": 0.34725050916496947,
  "validation_disc_loss": 1.3213912373588932,
  "validation_gen_loss": 7.184442074068131,
  "validation_loss": 4.255449187371038,
  "best_validation_accuracy": 0.3574338085539715,
  "best_validation_disc_loss": 1.3574118671878692,
  "best_validation_gen_loss": 7.290640961739324,
  "best_validation_loss": 4.327123595822242
}