{
  "best_epoch": 10,
  "peak_cpu_memory_MB": 5866.204,
  "peak_gpu_0_memory_MB": 21435,
  "peak_gpu_1_memory_MB": 20139,
  "peak_gpu_2_memory_MB": 20139,
  "peak_gpu_3_memory_MB": 20139,
  "training_duration": "0:06:44.583473",
  "training_start_epoch": 0,
  "training_epochs": 14,
  "epoch": 14,
  "training_accuracy": 0.3816793893129771,
  "training_disc_loss": 1.5520402359962464,
  "training_gen_loss": 6.576608905792236,
  "training_loss": 4.053889476335966,
  "training_cpu_memory_MB": 5866.204,
  "training_gpu_0_memory_MB": 21435,
  "training_gpu_1_memory_MB": 20139,
  "training_gpu_2_memory_MB": 20139,
  "training_gpu_3_memory_MB": 20139,
  "validation_accuracy": 0.3543788187372709,
  "validation_disc_loss": 1.2500472328355234,
  "validation_gen_loss": 6.961586567663377,
  "validation_loss": 4.108028727193033,
  "best_validation_accuracy": 0.3625254582484725,
  "best_validation_disc_loss": 1.246150585912889,
  "best_validation_gen_loss": 7.020766127494074,
  "best_validation_loss": 4.135547430284562
}