{
  "best_epoch": 5,
  "peak_cpu_memory_MB": 5866.204,
  "peak_gpu_0_memory_MB": 21435,
  "peak_gpu_1_memory_MB": 20139,
  "peak_gpu_2_memory_MB": 20139,
  "peak_gpu_3_memory_MB": 20139,
  "training_duration": "0:02:37.552548",
  "training_start_epoch": 0,
  "training_epochs": 5,
  "epoch": 5,
  "training_accuracy": 0.3486005089058524,
  "training_disc_loss": 1.965452721118927,
  "training_gen_loss": 6.9741786766052245,
  "training_loss": 4.475951488201435,
  "training_cpu_memory_MB": 5866.204,
  "training_gpu_0_memory_MB": 21435,
  "training_gpu_1_memory_MB": 20139,
  "training_gpu_2_memory_MB": 20139,
  "training_gpu_3_memory_MB": 20139,
  "validation_accuracy": 0.3574338085539715,
  "validation_disc_loss": 1.3574118671878692,
  "validation_gen_loss": 7.290640961739324,
  "validation_loss": 4.327123595822242,
  "best_validation_accuracy": 0.3574338085539715,
  "best_validation_disc_loss": 1.3574118671878692,
  "best_validation_gen_loss": 7.290640961739324,
  "best_validation_loss": 4.327123595822242
}