{
  "best_epoch": 10,
  "peak_cpu_memory_MB": 5866.204,
  "peak_gpu_0_memory_MB": 21435,
  "peak_gpu_1_memory_MB": 20139,
  "peak_gpu_2_memory_MB": 20139,
  "peak_gpu_3_memory_MB": 20139,
  "training_duration": "0:08:03.928145",
  "training_start_epoch": 0,
  "training_epochs": 17,
  "epoch": 17,
  "training_accuracy": 0.46055979643765904,
  "training_disc_loss": 1.3422494125366211,
  "training_gen_loss": 6.54477165222168,
  "training_loss": 3.9203421702751746,
  "training_cpu_memory_MB": 5866.204,
  "training_gpu_0_memory_MB": 21435,
  "training_gpu_1_memory_MB": 20139,
  "training_gpu_2_memory_MB": 20139,
  "training_gpu_3_memory_MB": 20139,
  "validation_accuracy": 0.35030549898167007,
  "validation_disc_loss": 1.2918073265783248,
  "validation_gen_loss": 6.968967022434358,
  "validation_loss": 4.132821313796505,
  "best_validation_accuracy": 0.3625254582484725,
  "best_validation_disc_loss": 1.246150585912889,
  "best_validation_gen_loss": 7.020766127494074,
  "best_validation_loss": 4.135547430284562
}