{
  "best_epoch": 5,
  "peak_cpu_memory_MB": 5866.204,
  "peak_gpu_0_memory_MB": 21435,
  "peak_gpu_1_memory_MB": 20139,
  "peak_gpu_2_memory_MB": 20139,
  "peak_gpu_3_memory_MB": 20139,
  "training_duration": "0:03:35.170327",
  "training_start_epoch": 0,
  "training_epochs": 7,
  "epoch": 7,
  "training_accuracy": 0.3969465648854962,
  "training_disc_loss": 1.5456710648536682,
  "training_gen_loss": 6.805054721832275,
  "training_loss": 4.171394073046171,
  "training_cpu_memory_MB": 5866.204,
  "training_gpu_0_memory_MB": 21435,
  "training_gpu_1_memory_MB": 20139,
  "training_gpu_2_memory_MB": 20139,
  "training_gpu_3_memory_MB": 20139,
  "validation_accuracy": 0.34928716904276985,
  "validation_disc_loss": 1.34593391226184,
  "validation_gen_loss": 7.1204151107418925,
  "validation_loss": 4.236021518707275,
  "best_validation_accuracy": 0.3574338085539715,
  "best_validation_disc_loss": 1.3574118671878692,
  "best_validation_gen_loss": 7.290640961739324,
  "best_validation_loss": 4.327123595822242
}