{
  "best_epoch": 2,
  "peak_cpu_memory_MB": 5866.204,
  "peak_gpu_0_memory_MB": 21435,
  "peak_gpu_1_memory_MB": 20139,
  "peak_gpu_2_memory_MB": 20139,
  "peak_gpu_3_memory_MB": 20139,
  "training_duration": "0:02:10.757041",
  "training_start_epoch": 0,
  "training_epochs": 4,
  "epoch": 4,
  "training_accuracy": 0.3282442748091603,
  "training_disc_loss": 2.305104932785034,
  "training_gen_loss": 7.206452751159668,
  "training_loss": 4.761269385998066,
  "training_cpu_memory_MB": 5866.204,
  "training_gpu_0_memory_MB": 21435,
  "training_gpu_1_memory_MB": 20139,
  "training_gpu_2_memory_MB": 20139,
  "training_gpu_3_memory_MB": 20139,
  "validation_accuracy": 0.34419551934826886,
  "validation_disc_loss": 1.4026760093627437,
  "validation_gen_loss": 7.401485666151969,
  "validation_loss": 4.404851098214427,
  "best_validation_accuracy": 0.3564154786150713,
  "best_validation_disc_loss": 3.393827515263711,
  "best_validation_gen_loss": 8.425137673654865,
  "best_validation_loss": 5.914332589795513
}