{
  "best_epoch": 10,
  "peak_cpu_memory_MB": 5866.204,
  "peak_gpu_0_memory_MB": 21435,
  "peak_gpu_1_memory_MB": 20139,
  "peak_gpu_2_memory_MB": 20139,
  "peak_gpu_3_memory_MB": 20139,
  "training_duration": "0:06:18.065475",
  "training_start_epoch": 0,
  "training_epochs": 13,
  "epoch": 13,
  "training_accuracy": 0.44783715012722647,
  "training_disc_loss": 1.3269385504722595,
  "training_gen_loss": 6.580805988311767,
  "training_loss": 3.9596719375023475,
  "training_cpu_memory_MB": 5866.204,
  "training_gpu_0_memory_MB": 21435,
  "training_gpu_1_memory_MB": 20139,
  "training_gpu_2_memory_MB": 20139,
  "training_gpu_3_memory_MB": 20139,
  "validation_accuracy": 0.35845213849287166,
  "validation_disc_loss": 1.2640116368570635,
  "validation_gen_loss": 6.973081757945399,
  "validation_loss": 4.120861422631048,
  "best_validation_accuracy": 0.3625254582484725,
  "best_validation_disc_loss": 1.246150585912889,
  "best_validation_gen_loss": 7.020766127494074,
  "best_validation_loss": 4.135547430284562
}