{
  "best_epoch": 2,
  "peak_cpu_memory_MB": 5866.184,
  "peak_gpu_0_memory_MB": 21435,
  "peak_gpu_1_memory_MB": 20139,
  "peak_gpu_2_memory_MB": 20139,
  "peak_gpu_3_memory_MB": 20139,
  "training_duration": "0:01:48.656294",
  "training_start_epoch": 0,
  "training_epochs": 3,
  "epoch": 3,
  "training_accuracy": 0.35368956743002544,
  "training_disc_loss": 3.0012005829811095,
  "training_gen_loss": 7.199003238677978,
  "training_loss": 6.151200991410476,
  "training_cpu_memory_MB": 5866.184,
  "training_gpu_0_memory_MB": 21435,
  "training_gpu_1_memory_MB": 20139,
  "training_gpu_2_memory_MB": 20139,
  "training_gpu_3_memory_MB": 20139,
  "validation_accuracy": 0.3289205702647658,
  "validation_disc_loss": 1.7836375217283926,
  "validation_gen_loss": 7.19079246828633,
  "validation_loss": 5.842423900481193,
  "best_validation_accuracy": 0.3319755600814664,
  "best_validation_disc_loss": 1.1147051645863442,
  "best_validation_gen_loss": 7.7589501488593315,
  "best_validation_loss": 6.099674409435641
}