{
  "best_epoch": 8,
  "peak_cpu_memory_MB": 5866.184,
  "peak_gpu_0_memory_MB": 21435,
  "peak_gpu_1_memory_MB": 20139,
  "peak_gpu_2_memory_MB": 20139,
  "peak_gpu_3_memory_MB": 20139,
  "training_duration": "0:04:43.390767",
  "training_start_epoch": 0,
  "training_epochs": 9,
  "epoch": 9,
  "training_accuracy": 0.38676844783715014,
  "training_disc_loss": 2.1532773685455324,
  "training_gen_loss": 6.728045959472656,
  "training_loss": 5.586202694819524,
  "training_cpu_memory_MB": 5866.184,
  "training_gpu_0_memory_MB": 21435,
  "training_gpu_1_memory_MB": 20139,
  "training_gpu_2_memory_MB": 20139,
  "training_gpu_3_memory_MB": 20139,
  "validation_accuracy": 0.34317718940936864,
  "validation_disc_loss": 1.1208452678495837,
  "validation_gen_loss": 6.967879018475933,
  "validation_loss": 5.508058024990943,
  "best_validation_accuracy": 0.3513238289205703,
  "best_validation_disc_loss": 1.1203488784451638,
  "best_validation_gen_loss": 6.9682016141953005,
  "best_validation_loss": 5.508177480389995
}