{
  "best_epoch": 3,
  "peak_cpu_memory_MB": 5865.824,
  "peak_gpu_0_memory_MB": 14587,
  "peak_gpu_1_memory_MB": 13029,
  "peak_gpu_2_memory_MB": 14587,
  "peak_gpu_3_memory_MB": 21435,
  "training_duration": "0:03:16.677939",
  "training_start_epoch": 0,
  "training_epochs": 5,
  "epoch": 5,
  "training_accuracy": 0.6157760814249363,
  "training_disc_loss": 1.0072709435224534,
  "training_gen_loss": 6.157693758010864,
  "training_loss": 4.870088067054748,
  "training_cpu_memory_MB": 5865.824,
  "training_gpu_0_memory_MB": 14587,
  "training_gpu_1_memory_MB": 13029,
  "training_gpu_2_memory_MB": 14587,
  "training_gpu_3_memory_MB": 21435,
  "validation_accuracy": 0.3727087576374745,
  "validation_disc_loss": 2.4530057703576436,
  "validation_gen_loss": 7.26458911585614,
  "validation_loss": 6.061693296199891,
  "best_validation_accuracy": 0.40020366598778007,
  "best_validation_disc_loss": 1.396229005441433,
  "best_validation_gen_loss": 6.977999780236221,
  "best_validation_loss": 5.582557069576852
}