{
  "best_epoch": 3,
  "peak_cpu_memory_MB": 5865.824,
  "peak_gpu_0_memory_MB": 14587,
  "peak_gpu_1_memory_MB": 13029,
  "peak_gpu_2_memory_MB": 14587,
  "peak_gpu_3_memory_MB": 21435,
  "training_duration": "0:02:09.213720",
  "training_start_epoch": 0,
  "training_epochs": 3,
  "epoch": 3,
  "training_accuracy": 0.4758269720101781,
  "training_disc_loss": 1.4980040740966798,
  "training_gen_loss": 6.456472148895264,
  "training_loss": 5.216855134963989,
  "training_cpu_memory_MB": 5865.824,
  "training_gpu_0_memory_MB": 14587,
  "training_gpu_1_memory_MB": 13029,
  "training_gpu_2_memory_MB": 14587,
  "training_gpu_3_memory_MB": 21435,
  "validation_accuracy": 0.40020366598778007,
  "validation_disc_loss": 1.396229005441433,
  "validation_gen_loss": 6.977999780236221,
  "validation_loss": 5.582557069576852,
  "best_validation_accuracy": 0.40020366598778007,
  "best_validation_disc_loss": 1.396229005441433,
  "best_validation_gen_loss": 6.977999780236221,
  "best_validation_loss": 5.582557069576852
}