{
  "best_epoch": 3,
  "peak_cpu_memory_MB": 5865.824,
  "peak_gpu_0_memory_MB": 14587,
  "peak_gpu_1_memory_MB": 13029,
  "peak_gpu_2_memory_MB": 14587,
  "peak_gpu_3_memory_MB": 21435,
  "training_duration": "0:09:34.256598",
  "training_start_epoch": 0,
  "training_epochs": 17,
  "epoch": 17,
  "training_accuracy": 0.9923664122137404,
  "training_disc_loss": 0.03800740309641697,
  "training_gen_loss": 5.427042360305786,
  "training_loss": 4.0797836256027225,
  "training_cpu_memory_MB": 5865.824,
  "training_gpu_0_memory_MB": 14587,
  "training_gpu_1_memory_MB": 13029,
  "training_gpu_2_memory_MB": 14587,
  "training_gpu_3_memory_MB": 21435,
  "validation_accuracy": 0.38085539714867617,
  "validation_disc_loss": 5.4569207710948415,
  "validation_gen_loss": 9.202868818267573,
  "validation_loss": 8.266381825858016,
  "best_validation_accuracy": 0.40020366598778007,
  "best_validation_disc_loss": 1.396229005441433,
  "best_validation_gen_loss": 6.977999780236221,
  "best_validation_loss": 5.582557069576852
}