{
  "best_epoch": 3,
  "peak_cpu_memory_MB": 5865.824,
  "peak_gpu_0_memory_MB": 14587,
  "peak_gpu_1_memory_MB": 13029,
  "peak_gpu_2_memory_MB": 14587,
  "peak_gpu_3_memory_MB": 21435,
  "training_duration": "0:08:31.349619",
  "training_start_epoch": 0,
  "training_epochs": 15,
  "epoch": 15,
  "training_accuracy": 0.9694656488549618,
  "training_disc_loss": 0.0910418406035751,
  "training_gen_loss": 5.531016654968262,
  "training_loss": 4.1710229587554934,
  "training_cpu_memory_MB": 5865.824,
  "training_gpu_0_memory_MB": 14587,
  "training_gpu_1_memory_MB": 13029,
  "training_gpu_2_memory_MB": 14587,
  "training_gpu_3_memory_MB": 21435,
  "validation_accuracy": 0.34012219959266804,
  "validation_disc_loss": 8.026128135076384,
  "validation_gen_loss": 9.129781447774995,
  "validation_loss": 8.853868112331483,
  "best_validation_accuracy": 0.40020366598778007,
  "best_validation_disc_loss": 1.396229005441433,
  "best_validation_gen_loss": 6.977999780236221,
  "best_validation_loss": 5.582557069576852
}