{
  "best_epoch": 3,
  "peak_cpu_memory_MB": 5865.824,
  "peak_gpu_0_memory_MB": 14587,
  "peak_gpu_1_memory_MB": 13029,
  "peak_gpu_2_memory_MB": 14587,
  "peak_gpu_3_memory_MB": 21435,
  "training_duration": "0:09:02.576472",
  "training_start_epoch": 0,
  "training_epochs": 16,
  "epoch": 16,
  "training_accuracy": 0.9796437659033079,
  "training_disc_loss": 0.05113771141623147,
  "training_gen_loss": 5.503007774353027,
  "training_loss": 4.140040278434753,
  "training_cpu_memory_MB": 5865.824,
  "training_gpu_0_memory_MB": 14587,
  "training_gpu_1_memory_MB": 13029,
  "training_gpu_2_memory_MB": 14587,
  "training_gpu_3_memory_MB": 21435,
  "validation_accuracy": 0.35539714867617106,
  "validation_disc_loss": 3.9350142982917102,
  "validation_gen_loss": 8.479605143632346,
  "validation_loss": 7.34345744295818,
  "best_validation_accuracy": 0.40020366598778007,
  "best_validation_disc_loss": 1.396229005441433,
  "best_validation_gen_loss": 6.977999780236221,
  "best_validation_loss": 5.582557069576852
}