{
  "best_epoch": 1,
  "peak_cpu_memory_MB": 5865.824,
  "peak_gpu_0_memory_MB": 14587,
  "peak_gpu_1_memory_MB": 13029,
  "peak_gpu_2_memory_MB": 14587,
  "peak_gpu_3_memory_MB": 21435,
  "training_duration": "0:00:57.873919",
  "training_start_epoch": 0,
  "training_epochs": 1,
  "epoch": 1,
  "training_accuracy": 0.3256997455470738,
  "training_disc_loss": 1.9124868270754813,
  "training_gen_loss": 6.897550573348999,
  "training_loss": 5.651284580230713,
  "training_cpu_memory_MB": 5865.824,
  "training_gpu_0_memory_MB": 14587,
  "training_gpu_1_memory_MB": 13029,
  "training_gpu_2_memory_MB": 14587,
  "training_gpu_3_memory_MB": 21435,
  "validation_accuracy": 0.36761710794297353,
  "validation_disc_loss": 1.1617831524794664,
  "validation_gen_loss": 6.839679419509763,
  "validation_loss": 5.42020533724529,
  "best_validation_accuracy": 0.36761710794297353,
  "best_validation_disc_loss": 1.1617831524794664,
  "best_validation_gen_loss": 6.839679419509763,
  "best_validation_loss": 5.42020533724529
}