{
  "best_epoch": 8,
  "peak_cpu_memory_MB": 5487.836,
  "peak_gpu_0_memory_MB": 12553,
  "peak_gpu_1_memory_MB": 21435,
  "peak_gpu_2_memory_MB": 0,
  "peak_gpu_3_memory_MB": 12805,
  "training_duration": "0:06:07.143030",
  "training_start_epoch": 0,
  "training_epochs": 9,
  "epoch": 9,
  "training_accuracy": 0.6590330788804071,
  "training_loss": 0.8752018396671002,
  "training_cpu_memory_MB": 5487.836,
  "training_gpu_0_memory_MB": 12553,
  "training_gpu_1_memory_MB": 21435,
  "training_gpu_2_memory_MB": 0,
  "training_gpu_3_memory_MB": 12805,
  "validation_accuracy": 0.4103922567498726,
  "validation_loss": 1.0964176683938465,
  "best_validation_accuracy": 0.4123280692817117,
  "best_validation_loss": 1.097538089325063
}