{
  "best_epoch": 1,
  "peak_cpu_memory_MB": 5487.836,
  "peak_gpu_0_memory_MB": 12553,
  "peak_gpu_1_memory_MB": 21435,
  "peak_gpu_2_memory_MB": 0,
  "peak_gpu_3_memory_MB": 12805,
  "training_duration": "0:01:44.127463",
  "training_start_epoch": 0,
  "training_epochs": 2,
  "epoch": 2,
  "training_accuracy": 0.3638676844783715,
  "training_loss": 1.1296146832979643,
  "training_cpu_memory_MB": 5487.836,
  "training_gpu_0_memory_MB": 12553,
  "training_gpu_1_memory_MB": 21435,
  "training_gpu_2_memory_MB": 0,
  "training_gpu_3_memory_MB": 12805,
  "validation_accuracy": 0.33458991339786043,
  "validation_loss": 1.1059507865470861,
  "best_validation_accuracy": 0.3485481406011207,
  "best_validation_loss": 1.1396856385644174
}