{
  "best_epoch": 0,
  "peak_cpu_memory_MB": 5487.836,
  "peak_gpu_0_memory_MB": 12553,
  "peak_gpu_1_memory_MB": 21435,
  "peak_gpu_2_memory_MB": 0,
  "peak_gpu_3_memory_MB": 2425,
  "training_duration": "0:00:30.053086",
  "training_start_epoch": 0,
  "training_epochs": 0,
  "epoch": 0,
  "training_accuracy": 0.3384223918575064,
  "training_loss": 1.2281825634149404,
  "training_cpu_memory_MB": 5487.836,
  "training_gpu_0_memory_MB": 12553,
  "training_gpu_1_memory_MB": 21435,
  "training_gpu_2_memory_MB": 0,
  "training_gpu_3_memory_MB": 2425,
  "validation_accuracy": 0.3215486500254712,
  "validation_loss": 1.1168070138471522,
  "best_validation_accuracy": 0.3215486500254712,
  "best_validation_loss": 1.1168070138471522
}