{
  "best_epoch": 3,
  "peak_cpu_memory_MB": 5487.836,
  "peak_gpu_0_memory_MB": 12553,
  "peak_gpu_1_memory_MB": 21435,
  "peak_gpu_2_memory_MB": 0,
  "peak_gpu_3_memory_MB": 12805,
  "training_duration": "0:02:18.252656",
  "training_start_epoch": 0,
  "training_epochs": 3,
  "epoch": 3,
  "training_accuracy": 0.4122137404580153,
  "training_loss": 1.0842421329938448,
  "training_cpu_memory_MB": 5487.836,
  "training_gpu_0_memory_MB": 12553,
  "training_gpu_1_memory_MB": 21435,
  "training_gpu_2_memory_MB": 0,
  "training_gpu_3_memory_MB": 12805,
  "validation_accuracy": 0.3522159959246052,
  "validation_loss": 1.1053331422495143,
  "best_validation_accuracy": 0.3522159959246052,
  "best_validation_loss": 1.1053331422495143
}