{
  "best_epoch": 0,
  "peak_cpu_memory_MB": 5866.12,
  "peak_gpu_0_memory_MB": 13845,
  "peak_gpu_1_memory_MB": 2617,
  "peak_gpu_2_memory_MB": 13845,
  "peak_gpu_3_memory_MB": 21435,
  "training_duration": "0:00:25.378169",
  "training_start_epoch": 0,
  "training_epochs": 0,
  "epoch": 0,
  "training_accuracy": 0.3638676844783715,
  "training_disc_loss": 5.141013404726982,
  "training_gen_loss": 8.078828353881836,
  "training_loss": 8.078828353881836,
  "training_cpu_memory_MB": 5866.12,
  "training_gpu_0_memory_MB": 13845,
  "training_gpu_1_memory_MB": 2617,
  "training_gpu_2_memory_MB": 13845,
  "training_gpu_3_memory_MB": 21435,
  "validation_accuracy": 0.34826883910386963,
  "validation_disc_loss": 1.1420964288517712,
  "validation_gen_loss": 7.251003102558415,
  "validation_loss": 7.251003102558415,
  "best_validation_accuracy": 0.34826883910386963,
  "best_validation_disc_loss": 1.1420964288517712,
  "best_validation_gen_loss": 7.251003102558415,
  "best_validation_loss": 7.251003102558415
}