{
  "best_epoch": 5,
  "peak_cpu_memory_MB": 5866.12,
  "peak_gpu_0_memory_MB": 13845,
  "peak_gpu_1_memory_MB": 13845,
  "peak_gpu_2_memory_MB": 13845,
  "peak_gpu_3_memory_MB": 21435,
  "training_duration": "0:06:41.385107",
  "training_start_epoch": 0,
  "training_epochs": 12,
  "epoch": 12,
  "training_accuracy": 0.34096692111959287,
  "training_disc_loss": 1.8912797251343727,
  "training_gen_loss": 5.645317640304565,
  "training_loss": 5.645317640304565,
  "training_cpu_memory_MB": 5866.12,
  "training_gpu_0_memory_MB": 13845,
  "training_gpu_1_memory_MB": 13845,
  "training_gpu_2_memory_MB": 13845,
  "training_gpu_3_memory_MB": 21435,
  "validation_accuracy": 0.31568228105906315,
  "validation_disc_loss": 1.0993934453018313,
  "validation_gen_loss": 7.574065475929074,
  "validation_loss": 7.574065475929074,
  "best_validation_accuracy": 0.3645621181262729,
  "best_validation_disc_loss": 1.0979891724702788,
  "best_validation_gen_loss": 8.008069457077399,
  "best_validation_loss": 8.008069457077399
}