{
  "best_epoch": 2,
  "peak_cpu_memory_MB": 5866.12,
  "peak_gpu_0_memory_MB": 13845,
  "peak_gpu_1_memory_MB": 13845,
  "peak_gpu_2_memory_MB": 13845,
  "peak_gpu_3_memory_MB": 21435,
  "training_duration": "0:01:27.261786",
  "training_start_epoch": 0,
  "training_epochs": 2,
  "epoch": 2,
  "training_accuracy": 0.3435114503816794,
  "training_disc_loss": 1.7191990184783936,
  "training_gen_loss": 6.083566770553589,
  "training_loss": 6.083566770553589,
  "training_cpu_memory_MB": 5866.12,
  "training_gpu_0_memory_MB": 13845,
  "training_gpu_1_memory_MB": 13845,
  "training_gpu_2_memory_MB": 13845,
  "training_gpu_3_memory_MB": 21435,
  "validation_accuracy": 0.34928716904276985,
  "validation_disc_loss": 1.1506700714429219,
  "validation_gen_loss": 7.102888153820503,
  "validation_loss": 7.102888153820503,
  "best_validation_accuracy": 0.34928716904276985,
  "best_validation_disc_loss": 1.1506700714429219,
  "best_validation_gen_loss": 7.102888153820503,
  "best_validation_loss": 7.102888153820503
}