{
  "best_epoch": 5,
  "peak_cpu_memory_MB": 5866.12,
  "peak_gpu_0_memory_MB": 13845,
  "peak_gpu_1_memory_MB": 13845,
  "peak_gpu_2_memory_MB": 13845,
  "peak_gpu_3_memory_MB": 21435,
  "training_duration": "0:05:40.631678",
  "training_start_epoch": 0,
  "training_epochs": 10,
  "epoch": 10,
  "training_accuracy": 0.35368956743002544,
  "training_disc_loss": 1.8091922223567962,
  "training_gen_loss": 5.66710334777832,
  "training_loss": 5.66710334777832,
  "training_cpu_memory_MB": 5866.12,
  "training_gpu_0_memory_MB": 13845,
  "training_gpu_1_memory_MB": 13845,
  "training_gpu_2_memory_MB": 13845,
  "training_gpu_3_memory_MB": 21435,
  "validation_accuracy": 0.329938900203666,
  "validation_disc_loss": 1.0987683544314004,
  "validation_gen_loss": 7.61680299479787,
  "validation_loss": 7.61680299479787,
  "best_validation_accuracy": 0.3645621181262729,
  "best_validation_disc_loss": 1.0979891724702788,
  "best_validation_gen_loss": 8.008069457077399,
  "best_validation_loss": 8.008069457077399
}