{
  "best_epoch": 5,
  "peak_cpu_memory_MB": 5866.12,
  "peak_gpu_0_memory_MB": 13845,
  "peak_gpu_1_memory_MB": 13845,
  "peak_gpu_2_memory_MB": 13845,
  "peak_gpu_3_memory_MB": 21435,
  "training_duration": "0:10:12.915679",
  "training_start_epoch": 0,
  "training_epochs": 19,
  "epoch": 19,
  "training_accuracy": 0.3511450381679389,
  "training_disc_loss": 1.7798420202732086,
  "training_gen_loss": 5.517039070129394,
  "training_loss": 5.517039070129394,
  "training_cpu_memory_MB": 5866.12,
  "training_gpu_0_memory_MB": 13845,
  "training_gpu_1_memory_MB": 13845,
  "training_gpu_2_memory_MB": 13845,
  "training_gpu_3_memory_MB": 21435,
  "validation_accuracy": 0.3360488798370672,
  "validation_disc_loss": 1.0984728675547655,
  "validation_gen_loss": 7.750948401970592,
  "validation_loss": 7.750948401970592,
  "best_validation_accuracy": 0.3645621181262729,
  "best_validation_disc_loss": 1.0979891724702788,
  "best_validation_gen_loss": 8.008069457077399,
  "best_validation_loss": 8.008069457077399
}