{
  "best_epoch": 5,
  "peak_cpu_memory_MB": 5866.12,
  "peak_gpu_0_memory_MB": 13845,
  "peak_gpu_1_memory_MB": 13845,
  "peak_gpu_2_memory_MB": 13845,
  "peak_gpu_3_memory_MB": 21435,
  "training_duration": "0:08:42.120962",
  "training_start_epoch": 0,
  "training_epochs": 16,
  "epoch": 16,
  "training_accuracy": 0.33078880407124683,
  "training_disc_loss": 1.6883454012870789,
  "training_gen_loss": 5.585067691802979,
  "training_loss": 5.585067691802979,
  "training_cpu_memory_MB": 5866.12,
  "training_gpu_0_memory_MB": 13845,
  "training_gpu_1_memory_MB": 13845,
  "training_gpu_2_memory_MB": 13845,
  "training_gpu_3_memory_MB": 21435,
  "validation_accuracy": 0.32382892057026474,
  "validation_disc_loss": 1.0986075401306152,
  "validation_gen_loss": 7.763282151726203,
  "validation_loss": 7.763282151726203,
  "best_validation_accuracy": 0.3645621181262729,
  "best_validation_disc_loss": 1.0979891724702788,
  "best_validation_gen_loss": 8.008069457077399,
  "best_validation_loss": 8.008069457077399
}