{
  "best_epoch": 5,
  "peak_cpu_memory_MB": 5866.12,
  "peak_gpu_0_memory_MB": 13845,
  "peak_gpu_1_memory_MB": 13845,
  "peak_gpu_2_memory_MB": 13845,
  "peak_gpu_3_memory_MB": 21435,
  "training_duration": "0:05:10.366620",
  "training_start_epoch": 0,
  "training_epochs": 9,
  "epoch": 9,
  "training_accuracy": 0.3256997455470738,
  "training_disc_loss": 1.8447625648975372,
  "training_gen_loss": 5.686051588058472,
  "training_loss": 5.686051588058472,
  "training_cpu_memory_MB": 5866.12,
  "training_gpu_0_memory_MB": 13845,
  "training_gpu_1_memory_MB": 13845,
  "training_gpu_2_memory_MB": 13845,
  "training_gpu_3_memory_MB": 21435,
  "validation_accuracy": 0.319755600814664,
  "validation_disc_loss": 1.0980633032031175,
  "validation_gen_loss": 8.032692758048453,
  "validation_loss": 8.032692758048453,
  "best_validation_accuracy": 0.3645621181262729,
  "best_validation_disc_loss": 1.0979891724702788,
  "best_validation_gen_loss": 8.008069457077399,
  "best_validation_loss": 8.008069457077399
}