{
  "best_epoch": 5,
  "peak_cpu_memory_MB": 5867.088,
  "peak_gpu_0_memory_MB": 21435,
  "peak_gpu_1_memory_MB": 20139,
  "peak_gpu_2_memory_MB": 20139,
  "peak_gpu_3_memory_MB": 20139,
  "training_duration": "0:06:21.675553",
  "training_start_epoch": 0,
  "training_epochs": 13,
  "epoch": 13,
  "training_accuracy": 0.55470737913486,
  "training_disc_loss": 1.0948900985717773,
  "training_gen_loss": 6.346835994720459,
  "training_loss": 5.819029844724215,
  "training_cpu_memory_MB": 5867.088,
  "training_gpu_0_memory_MB": 21435,
  "training_gpu_1_memory_MB": 20139,
  "training_gpu_2_memory_MB": 20139,
  "training_gpu_3_memory_MB": 20139,
  "validation_accuracy": 0.3757637474541752,
  "validation_disc_loss": 1.4954168075515377,
  "validation_gen_loss": 6.839222177382438,
  "validation_loss": 6.307180512335993,
  "best_validation_accuracy": 0.3788187372708758,
  "best_validation_disc_loss": 1.8047060706923086,
  "best_validation_gen_loss": 6.933821485888574,
  "best_validation_loss": 6.424140207229122
}