{
  "best_epoch": 2,
  "peak_cpu_memory_MB": 5867.088,
  "peak_gpu_0_memory_MB": 21435,
  "peak_gpu_1_memory_MB": 20139,
  "peak_gpu_2_memory_MB": 20139,
  "peak_gpu_3_memory_MB": 20139,
  "training_duration": "0:01:14.846379",
  "training_start_epoch": 0,
  "training_epochs": 2,
  "epoch": 2,
  "training_accuracy": 0.37150127226463103,
  "training_disc_loss": 3.2274027109146117,
  "training_gen_loss": 6.943194103240967,
  "training_loss": 6.558896945073054,
  "training_cpu_memory_MB": 5867.088,
  "training_gpu_0_memory_MB": 21435,
  "training_gpu_1_memory_MB": 20139,
  "training_gpu_2_memory_MB": 20139,
  "training_gpu_3_memory_MB": 20139,
  "validation_accuracy": 0.35234215885947046,
  "validation_disc_loss": 2.746706314625279,
  "validation_gen_loss": 7.155919467249224,
  "validation_loss": 6.719812654679822,
  "best_validation_accuracy": 0.35234215885947046,
  "best_validation_disc_loss": 2.746706314625279,
  "best_validation_gen_loss": 7.155919467249224,
  "best_validation_loss": 6.719812654679822
}