{
  "best_epoch": 5,
  "peak_cpu_memory_MB": 5867.088,
  "peak_gpu_0_memory_MB": 21435,
  "peak_gpu_1_memory_MB": 20139,
  "peak_gpu_2_memory_MB": 20139,
  "peak_gpu_3_memory_MB": 20139,
  "training_duration": "0:05:55.069696",
  "training_start_epoch": 0,
  "training_epochs": 12,
  "epoch": 12,
  "training_accuracy": 0.4732824427480916,
  "training_disc_loss": 1.2538907504081727,
  "training_gen_loss": 6.376603946685791,
  "training_loss": 5.8701168573819675,
  "training_cpu_memory_MB": 5867.088,
  "training_gpu_0_memory_MB": 21435,
  "training_gpu_1_memory_MB": 20139,
  "training_gpu_2_memory_MB": 20139,
  "training_gpu_3_memory_MB": 20139,
  "validation_accuracy": 0.3625254582484725,
  "validation_disc_loss": 1.4977806210517883,
  "validation_gen_loss": 6.835035577897103,
  "validation_loss": 6.303641288511215,
  "best_validation_accuracy": 0.3788187372708758,
  "best_validation_disc_loss": 1.8047060706923086,
  "best_validation_gen_loss": 6.933821485888574,
  "best_validation_loss": 6.424140207229122
}