{
  "best_epoch": 14,
  "peak_cpu_memory_MB": 5867.088,
  "peak_gpu_0_memory_MB": 21435,
  "peak_gpu_1_memory_MB": 20139,
  "peak_gpu_2_memory_MB": 20139,
  "peak_gpu_3_memory_MB": 20139,
  "training_duration": "0:08:39.298022",
  "training_start_epoch": 0,
  "training_epochs": 18,
  "epoch": 18,
  "training_accuracy": 0.5241730279898219,
  "training_disc_loss": 1.1009881901741028,
  "training_gen_loss": 6.328800067901612,
  "training_loss": 5.813660034766564,
  "training_cpu_memory_MB": 5867.088,
  "training_gpu_0_memory_MB": 21435,
  "training_gpu_1_memory_MB": 20139,
  "training_gpu_2_memory_MB": 20139,
  "training_gpu_3_memory_MB": 20139,
  "validation_accuracy": 0.390020366598778,
  "validation_disc_loss": 1.5041298174089002,
  "validation_gen_loss": 6.836301165242349,
  "validation_loss": 6.305301235568139,
  "best_validation_accuracy": 0.3910386965376782,
  "best_validation_disc_loss": 1.4993515697217756,
  "best_validation_gen_loss": 6.834906370409073,
  "best_validation_loss": 6.303606587071573
}