{
  "best_epoch": 5,
  "peak_cpu_memory_MB": 5867.088,
  "peak_gpu_0_memory_MB": 21435,
  "peak_gpu_1_memory_MB": 20139,
  "peak_gpu_2_memory_MB": 20139,
  "peak_gpu_3_memory_MB": 20139,
  "training_duration": "0:04:35.805370",
  "training_start_epoch": 0,
  "training_epochs": 9,
  "epoch": 9,
  "training_accuracy": 0.44529262086513993,
  "training_disc_loss": 1.513028883934021,
  "training_gen_loss": 6.429753894805908,
  "training_loss": 5.942440619835486,
  "training_cpu_memory_MB": 5867.088,
  "training_gpu_0_memory_MB": 21435,
  "training_gpu_1_memory_MB": 20139,
  "training_gpu_2_memory_MB": 20139,
  "training_gpu_3_memory_MB": 20139,
  "validation_accuracy": 0.35539714867617106,
  "validation_disc_loss": 1.5784726738929749,
  "validation_gen_loss": 6.854256860671505,
  "validation_loss": 6.329203651797387,
  "best_validation_accuracy": 0.3788187372708758,
  "best_validation_disc_loss": 1.8047060706923086,
  "best_validation_gen_loss": 6.933821485888574,
  "best_validation_loss": 6.424140207229122
}