{
  "best_epoch": 6,
  "peak_cpu_memory_MB": 5866.732,
  "peak_gpu_0_memory_MB": 14587,
  "peak_gpu_1_memory_MB": 13029,
  "peak_gpu_2_memory_MB": 14587,
  "peak_gpu_3_memory_MB": 21435,
  "training_duration": "0:04:24.156213",
  "training_start_epoch": 0,
  "training_epochs": 7,
  "epoch": 7,
  "training_accuracy": 0.361323155216285,
  "training_disc_loss": 1.78309347756207,
  "training_gen_loss": 6.279646987915039,
  "training_loss": 5.155508546829224,
  "training_cpu_memory_MB": 5866.732,
  "training_gpu_0_memory_MB": 14587,
  "training_gpu_1_memory_MB": 12,
  "training_gpu_2_memory_MB": 14587,
  "training_gpu_3_memory_MB": 21435,
  "validation_accuracy": 0.3340122199592668,
  "validation_disc_loss": 1.1916765284732105,
  "validation_gen_loss": 7.794422994784223,
  "validation_loss": 6.1437363818409,
  "best_validation_accuracy": 0.37474541751527496,
  "best_validation_disc_loss": 1.0912113441684381,
  "best_validation_gen_loss": 6.819734193445221,
  "best_validation_loss": 5.387603488394885
}