{
  "best_epoch": 6,
  "peak_cpu_memory_MB": 5866.732,
  "peak_gpu_0_memory_MB": 14587,
  "peak_gpu_1_memory_MB": 13029,
  "peak_gpu_2_memory_MB": 14587,
  "peak_gpu_3_memory_MB": 21435,
  "training_duration": "0:11:11.751537",
  "training_start_epoch": 0,
  "training_epochs": 20,
  "epoch": 20,
  "training_accuracy": 0.47837150127226463,
  "training_disc_loss": 1.2563030898571015,
  "training_gen_loss": 5.799908628463745,
  "training_loss": 4.6640072393417356,
  "training_cpu_memory_MB": 5866.732,
  "training_gpu_0_memory_MB": 14587,
  "training_gpu_1_memory_MB": 12805,
  "training_gpu_2_memory_MB": 14587,
  "training_gpu_3_memory_MB": 21435,
  "validation_accuracy": 0.3604887983706721,
  "validation_disc_loss": 1.098312568858387,
  "validation_gen_loss": 7.194135053371026,
  "validation_loss": 5.6701794213395775,
  "best_validation_accuracy": 0.37474541751527496,
  "best_validation_disc_loss": 1.0912113441684381,
  "best_validation_gen_loss": 6.819734193445221,
  "best_validation_loss": 5.387603488394885
}