{
  "best_epoch": 3,
  "peak_cpu_memory_MB": 5866.732,
  "peak_gpu_0_memory_MB": 14587,
  "peak_gpu_1_memory_MB": 13029,
  "peak_gpu_2_memory_MB": 14587,
  "peak_gpu_3_memory_MB": 21435,
  "training_duration": "0:02:02.626081",
  "training_start_epoch": 0,
  "training_epochs": 3,
  "epoch": 3,
  "training_accuracy": 0.3511450381679389,
  "training_disc_loss": 2.5422691249847413,
  "training_gen_loss": 6.732001419067383,
  "training_loss": 5.6845683670043945,
  "training_cpu_memory_MB": 5866.732,
  "training_gpu_0_memory_MB": 14587,
  "training_gpu_1_memory_MB": 13029,
  "training_gpu_2_memory_MB": 14587,
  "training_gpu_3_memory_MB": 21435,
  "validation_accuracy": 0.34317718940936864,
  "validation_disc_loss": 1.218288181273918,
  "validation_gen_loss": 6.839727145869557,
  "validation_loss": 5.4343674008439224,
  "best_validation_accuracy": 0.34317718940936864,
  "best_validation_disc_loss": 1.218288181273918,
  "best_validation_gen_loss": 6.839727145869557,
  "best_validation_loss": 5.4343674008439224
}