{
  "best_epoch": 2,
  "peak_cpu_memory_MB": 5866.732,
  "peak_gpu_0_memory_MB": 14587,
  "peak_gpu_1_memory_MB": 13029,
  "peak_gpu_2_memory_MB": 14587,
  "peak_gpu_3_memory_MB": 21435,
  "training_duration": "0:01:27.623002",
  "training_start_epoch": 0,
  "training_epochs": 2,
  "epoch": 2,
  "training_accuracy": 0.39185750636132316,
  "training_disc_loss": 2.7339824664592745,
  "training_gen_loss": 6.956348581314087,
  "training_loss": 5.900757045745849,
  "training_cpu_memory_MB": 5866.732,
  "training_gpu_0_memory_MB": 14587,
  "training_gpu_1_memory_MB": 13029,
  "training_gpu_2_memory_MB": 14587,
  "training_gpu_3_memory_MB": 21435,
  "validation_accuracy": 0.3329938900203666,
  "validation_disc_loss": 13.597297094701752,
  "validation_gen_loss": 7.983403992846729,
  "validation_loss": 9.38687728866329,
  "best_validation_accuracy": 0.3329938900203666,
  "best_validation_disc_loss": 13.597297094701752,
  "best_validation_gen_loss": 7.983403992846729,
  "best_validation_loss": 9.38687728866329
}