{
  "best_epoch": 4,
  "peak_cpu_memory_MB": 5866.732,
  "peak_gpu_0_memory_MB": 14587,
  "peak_gpu_1_memory_MB": 13029,
  "peak_gpu_2_memory_MB": 14587,
  "peak_gpu_3_memory_MB": 21435,
  "training_duration": "0:02:37.756788",
  "training_start_epoch": 0,
  "training_epochs": 4,
  "epoch": 4,
  "training_accuracy": 0.35368956743002544,
  "training_disc_loss": 2.0280828189849855,
  "training_gen_loss": 6.591220293045044,
  "training_loss": 5.450435905456543,
  "training_cpu_memory_MB": 5866.732,
  "training_gpu_0_memory_MB": 14587,
  "training_gpu_1_memory_MB": 13029,
  "training_gpu_2_memory_MB": 14587,
  "training_gpu_3_memory_MB": 21435,
  "validation_accuracy": 0.34928716904276985,
  "validation_disc_loss": 2.1360707825761502,
  "validation_gen_loss": 6.926564402696563,
  "validation_loss": 5.72894102964944,
  "best_validation_accuracy": 0.34928716904276985,
  "best_validation_disc_loss": 2.1360707825761502,
  "best_validation_gen_loss": 6.926564402696563,
  "best_validation_loss": 5.72894102964944
}