{
  "best_epoch": 0,
  "peak_cpu_memory_MB": 5866.732,
  "peak_gpu_0_memory_MB": 14587,
  "peak_gpu_1_memory_MB": 13029,
  "peak_gpu_2_memory_MB": 14587,
  "peak_gpu_3_memory_MB": 21435,
  "training_duration": "0:00:57.364471",
  "training_start_epoch": 0,
  "training_epochs": 1,
  "epoch": 1,
  "training_accuracy": 0.3155216284987277,
  "training_disc_loss": 5.353169288635254,
  "training_gen_loss": 7.617932767868042,
  "training_loss": 7.051741905212403,
  "training_cpu_memory_MB": 5866.732,
  "training_gpu_0_memory_MB": 14587,
  "training_gpu_1_memory_MB": 13029,
  "training_gpu_2_memory_MB": 14587,
  "training_gpu_3_memory_MB": 21435,
  "validation_accuracy": 0.3258655804480652,
  "validation_disc_loss": 1.8464195694380658,
  "validation_gen_loss": 7.164663458258156,
  "validation_loss": 5.835102499985114,
  "best_validation_accuracy": 0.32790224032586557,
  "best_validation_disc_loss": 8.611541891485695,
  "best_validation_gen_loss": 8.523325117622933,
  "best_validation_loss": 8.545379293643363
}