{
  "best_epoch": 6,
  "peak_cpu_memory_MB": 5866.732,
  "peak_gpu_0_memory_MB": 14587,
  "peak_gpu_1_memory_MB": 13029,
  "peak_gpu_2_memory_MB": 14587,
  "peak_gpu_3_memory_MB": 21435,
  "training_duration": "0:09:38.192932",
  "training_start_epoch": 0,
  "training_epochs": 17,
  "epoch": 17,
  "training_accuracy": 0.4198473282442748,
  "training_disc_loss": 1.3909495401382446,
  "training_gen_loss": 5.868594980239868,
  "training_loss": 4.749183588027954,
  "training_cpu_memory_MB": 5866.732,
  "training_gpu_0_memory_MB": 14587,
  "training_gpu_1_memory_MB": 12805,
  "training_gpu_2_memory_MB": 14587,
  "training_gpu_3_memory_MB": 21435,
  "validation_accuracy": 0.3075356415478615,
  "validation_disc_loss": 1.098850327778638,
  "validation_gen_loss": 7.114156098869758,
  "validation_loss": 5.610329686141595,
  "best_validation_accuracy": 0.37474541751527496,
  "best_validation_disc_loss": 1.0912113441684381,
  "best_validation_gen_loss": 6.819734193445221,
  "best_validation_loss": 5.387603488394885
}