{
  "best_epoch": 6,
  "peak_cpu_memory_MB": 5866.732,
  "peak_gpu_0_memory_MB": 14587,
  "peak_gpu_1_memory_MB": 13029,
  "peak_gpu_2_memory_MB": 14587,
  "peak_gpu_3_memory_MB": 21435,
  "training_duration": "0:09:06.479961",
  "training_start_epoch": 0,
  "training_epochs": 16,
  "epoch": 16,
  "training_accuracy": 0.42748091603053434,
  "training_disc_loss": 1.3245368540287017,
  "training_gen_loss": 5.925597553253174,
  "training_loss": 4.775332403182984,
  "training_cpu_memory_MB": 5866.732,
  "training_gpu_0_memory_MB": 14587,
  "training_gpu_1_memory_MB": 12805,
  "training_gpu_2_memory_MB": 14587,
  "training_gpu_3_memory_MB": 21435,
  "validation_accuracy": 0.3258655804480652,
  "validation_disc_loss": 1.099105294157819,
  "validation_gen_loss": 7.061003266311273,
  "validation_loss": 5.570528774726681,
  "best_validation_accuracy": 0.37474541751527496,
  "best_validation_disc_loss": 1.0912113441684381,
  "best_validation_gen_loss": 6.819734193445221,
  "best_validation_loss": 5.387603488394885
}