{
  "best_epoch": 5,
  "peak_cpu_memory_MB": 5866.732,
  "peak_gpu_0_memory_MB": 14587,
  "peak_gpu_1_memory_MB": 13029,
  "peak_gpu_2_memory_MB": 14587,
  "peak_gpu_3_memory_MB": 21435,
  "training_duration": "0:03:13.091612",
  "training_start_epoch": 0,
  "training_epochs": 5,
  "epoch": 5,
  "training_accuracy": 0.33587786259541985,
  "training_disc_loss": 1.8386607706546783,
  "training_gen_loss": 6.40352084159851,
  "training_loss": 5.262305836677552,
  "training_cpu_memory_MB": 5866.732,
  "training_gpu_0_memory_MB": 14587,
  "training_gpu_1_memory_MB": 13029,
  "training_gpu_2_memory_MB": 14587,
  "training_gpu_3_memory_MB": 21435,
  "validation_accuracy": 0.3604887983706721,
  "validation_disc_loss": 1.1697634327702406,
  "validation_gen_loss": 7.0423760026451045,
  "validation_loss": 5.574222878711979,
  "best_validation_accuracy": 0.3604887983706721,
  "best_validation_disc_loss": 1.1697634327702406,
  "best_validation_gen_loss": 7.0423760026451045,
  "best_validation_loss": 5.574222878711979
}