{
  "best_epoch": 6,
  "peak_cpu_memory_MB": 5866.732,
  "peak_gpu_0_memory_MB": 14587,
  "peak_gpu_1_memory_MB": 13029,
  "peak_gpu_2_memory_MB": 14587,
  "peak_gpu_3_memory_MB": 21435,
  "training_duration": "0:08:35.448403",
  "training_start_epoch": 0,
  "training_epochs": 15,
  "epoch": 15,
  "training_accuracy": 0.4020356234096692,
  "training_disc_loss": 1.5192077600955962,
  "training_gen_loss": 5.956314201354981,
  "training_loss": 4.847037591934204,
  "training_cpu_memory_MB": 5866.732,
  "training_gpu_0_memory_MB": 14587,
  "training_gpu_1_memory_MB": 12805,
  "training_gpu_2_memory_MB": 14587,
  "training_gpu_3_memory_MB": 21435,
  "validation_accuracy": 0.35234215885947046,
  "validation_disc_loss": 1.0984963110791959,
  "validation_gen_loss": 7.226869420307438,
  "validation_loss": 5.6947761744987675,
  "best_validation_accuracy": 0.37474541751527496,
  "best_validation_disc_loss": 1.0912113441684381,
  "best_validation_gen_loss": 6.819734193445221,
  "best_validation_loss": 5.387603488394885
}