{
  "best_epoch": 1,
  "peak_cpu_memory_MB": 5365.192,
  "peak_gpu_0_memory_MB": 12677,
  "peak_gpu_1_memory_MB": 21435,
  "peak_gpu_2_memory_MB": 0,
  "peak_gpu_3_memory_MB": 12821,
  "training_duration": "0:01:06.252314",
  "training_start_epoch": 0,
  "training_epochs": 1,
  "epoch": 1,
  "training_accuracy": 0.5776081424936387,
  "training_loss": 0.8813516314213092,
  "training_cpu_memory_MB": 5365.192,
  "training_gpu_0_memory_MB": 12677,
  "training_gpu_1_memory_MB": 21435,
  "training_gpu_2_memory_MB": 0,
  "training_gpu_3_memory_MB": 12821,
  "validation_accuracy": 0.46051961283749365,
  "validation_loss": 1.214609527820873,
  "best_validation_accuracy": 0.46051961283749365,
  "best_validation_loss": 1.214609527820873
}