{
  "best_epoch": 3,
  "peak_cpu_memory_MB": 5365.192,
  "peak_gpu_0_memory_MB": 12677,
  "peak_gpu_1_memory_MB": 21435,
  "peak_gpu_2_memory_MB": 0,
  "peak_gpu_3_memory_MB": 12821,
  "training_duration": "0:02:23.181987",
  "training_start_epoch": 0,
  "training_epochs": 3,
  "epoch": 3,
  "training_accuracy": 0.9185750636132316,
  "training_loss": 0.2466463320530378,
  "training_cpu_memory_MB": 5365.192,
  "training_gpu_0_memory_MB": 12677,
  "training_gpu_1_memory_MB": 21435,
  "training_gpu_2_memory_MB": 0,
  "training_gpu_3_memory_MB": 12821,
  "validation_accuracy": 0.569332654100866,
  "validation_loss": 1.4080776987712624,
  "best_validation_accuracy": 0.569332654100866,
  "best_validation_loss": 1.4080776987712624
}