{
  "best_epoch": 6,
  "peak_cpu_memory_MB": 5365.192,
  "peak_gpu_0_memory_MB": 12677,
  "peak_gpu_1_memory_MB": 21435,
  "peak_gpu_2_memory_MB": 0,
  "peak_gpu_3_memory_MB": 12821,
  "training_duration": "0:07:20.109804",
  "training_start_epoch": 0,
  "training_epochs": 11,
  "epoch": 11,
  "training_accuracy": 1.0,
  "training_loss": 0.0013598762766028254,
  "training_cpu_memory_MB": 5365.192,
  "training_gpu_0_memory_MB": 12677,
  "training_gpu_1_memory_MB": 21435,
  "training_gpu_2_memory_MB": 0,
  "training_gpu_3_memory_MB": 12821,
  "validation_accuracy": 0.5990830361691288,
  "validation_loss": 2.1918543982971763,
  "best_validation_accuracy": 0.6028527763627102,
  "best_validation_loss": 1.9566863718949234
}