{
  "best_epoch": 6,
  "peak_cpu_memory_MB": 5365.192,
  "peak_gpu_0_memory_MB": 12677,
  "peak_gpu_1_memory_MB": 21435,
  "peak_gpu_2_memory_MB": 0,
  "peak_gpu_3_memory_MB": 12821,
  "training_duration": "0:07:55.419769",
  "training_start_epoch": 0,
  "training_epochs": 12,
  "epoch": 12,
  "training_accuracy": 1.0,
  "training_loss": 0.0012052736710757017,
  "training_cpu_memory_MB": 5365.192,
  "training_gpu_0_memory_MB": 12677,
  "training_gpu_1_memory_MB": 21435,
  "training_gpu_2_memory_MB": 0,
  "training_gpu_3_memory_MB": 12821,
  "validation_accuracy": 0.5991849210392257,
  "validation_loss": 2.1975186719568236,
  "best_validation_accuracy": 0.6028527763627102,
  "best_validation_loss": 1.9566863718949234
}