{
  "best_epoch": 2,
  "peak_cpu_memory_MB": 5365.192,
  "peak_gpu_0_memory_MB": 12677,
  "peak_gpu_1_memory_MB": 21435,
  "peak_gpu_2_memory_MB": 0,
  "peak_gpu_3_memory_MB": 12821,
  "training_duration": "0:01:44.486055",
  "training_start_epoch": 0,
  "training_epochs": 2,
  "epoch": 2,
  "training_accuracy": 0.8396946564885496,
  "training_loss": 0.5049829253783593,
  "training_cpu_memory_MB": 5365.192,
  "training_gpu_0_memory_MB": 12677,
  "training_gpu_1_memory_MB": 21435,
  "training_gpu_2_memory_MB": 0,
  "training_gpu_3_memory_MB": 12821,
  "validation_accuracy": 0.5626082526744779,
  "validation_loss": 1.1899867176232974,
  "best_validation_accuracy": 0.5626082526744779,
  "best_validation_loss": 1.1899867176232974
}