{
  "best_epoch": 13,
  "peak_cpu_memory_MB": 5867.12,
  "peak_gpu_0_memory_MB": 13845,
  "peak_gpu_1_memory_MB": 13845,
  "peak_gpu_2_memory_MB": 13845,
  "peak_gpu_3_memory_MB": 12,
  "training_duration": "0:07:18.428897",
  "training_start_epoch": 0,
  "training_epochs": 13,
  "epoch": 13,
  "training_accuracy": 0.7684478371501272,
  "training_disc_loss": 0.6751134062558413,
  "training_gen_loss": 5.5469933700561525,
  "training_loss": 5.5469933700561525,
  "training_cpu_memory_MB": 5867.12,
  "training_gpu_0_memory_MB": 13845,
  "training_gpu_1_memory_MB": 13845,
  "training_gpu_2_memory_MB": 13845,
  "training_gpu_3_memory_MB": 12,
  "validation_accuracy": 0.40122199592668023,
  "validation_disc_loss": 2.06827689925345,
  "validation_gen_loss": 7.792116956013005,
  "validation_loss": 7.792116956013005,
  "best_validation_accuracy": 0.40122199592668023,
  "best_validation_disc_loss": 2.06827689925345,
  "best_validation_gen_loss": 7.792116956013005,
  "best_validation_loss": 7.792116956013005
}