{
  "best_epoch": 4,
  "peak_cpu_memory_MB": 5867.12,
  "peak_gpu_0_memory_MB": 13845,
  "peak_gpu_1_memory_MB": 13845,
  "peak_gpu_2_memory_MB": 13845,
  "peak_gpu_3_memory_MB": 12,
  "training_duration": "0:06:16.335007",
  "training_start_epoch": 0,
  "training_epochs": 11,
  "epoch": 11,
  "training_accuracy": 0.7862595419847328,
  "training_disc_loss": 0.5545620974898339,
  "training_gen_loss": 5.592210922241211,
  "training_loss": 5.592210922241211,
  "training_cpu_memory_MB": 5867.12,
  "training_gpu_0_memory_MB": 13845,
  "training_gpu_1_memory_MB": 13845,
  "training_gpu_2_memory_MB": 13845,
  "training_gpu_3_memory_MB": 12,
  "validation_accuracy": 0.3879837067209776,
  "validation_disc_loss": 2.2531396640025503,
  "validation_gen_loss": 7.749077758168786,
  "validation_loss": 7.749077758168786,
  "best_validation_accuracy": 0.390020366598778,
  "best_validation_disc_loss": 1.322915069456023,
  "best_validation_gen_loss": 7.321597874649172,
  "best_validation_loss": 7.321597874649172
}