{
  "best_epoch": 4,
  "peak_cpu_memory_MB": 5867.12,
  "peak_gpu_0_memory_MB": 13845,
  "peak_gpu_1_memory_MB": 13845,
  "peak_gpu_2_memory_MB": 13845,
  "peak_gpu_3_memory_MB": 12,
  "training_duration": "0:05:44.917057",
  "training_start_epoch": 0,
  "training_epochs": 10,
  "epoch": 10,
  "training_accuracy": 0.7022900763358778,
  "training_disc_loss": 0.8550547839701176,
  "training_gen_loss": 5.630629072189331,
  "training_loss": 5.630629072189331,
  "training_cpu_memory_MB": 5867.12,
  "training_gpu_0_memory_MB": 13845,
  "training_gpu_1_memory_MB": 13845,
  "training_gpu_2_memory_MB": 13845,
  "training_gpu_3_memory_MB": 12,
  "validation_accuracy": 0.34826883910386963,
  "validation_disc_loss": 3.3964537023528805,
  "validation_gen_loss": 8.372563086874116,
  "validation_loss": 8.372563086874116,
  "best_validation_accuracy": 0.390020366598778,
  "best_validation_disc_loss": 1.322915069456023,
  "best_validation_gen_loss": 7.321597874649172,
  "best_validation_loss": 7.321597874649172
}