{
  "best_epoch": 14,
  "peak_cpu_memory_MB": 5867.12,
  "peak_gpu_0_memory_MB": 13845,
  "peak_gpu_1_memory_MB": 13845,
  "peak_gpu_2_memory_MB": 13845,
  "peak_gpu_3_memory_MB": 12,
  "training_duration": "0:08:59.997953",
  "training_start_epoch": 0,
  "training_epochs": 16,
  "epoch": 16,
  "training_accuracy": 0.8982188295165394,
  "training_disc_loss": 0.3217470959573984,
  "training_gen_loss": 5.450217390060425,
  "training_loss": 5.450217390060425,
  "training_cpu_memory_MB": 5867.12,
  "training_gpu_0_memory_MB": 13845,
  "training_gpu_1_memory_MB": 13845,
  "training_gpu_2_memory_MB": 13845,
  "training_gpu_3_memory_MB": 12,
  "validation_accuracy": 0.40427698574338083,
  "validation_disc_loss": 2.3435731028638234,
  "validation_gen_loss": 8.074583739769167,
  "validation_loss": 8.074583739769167,
  "best_validation_accuracy": 0.4073319755600815,
  "best_validation_disc_loss": 2.185784314584926,
  "best_validation_gen_loss": 7.932907883713885,
  "best_validation_loss": 7.932907883713885
}