{
  "best_epoch": 0,
  "peak_cpu_memory_MB": 5867.12,
  "peak_gpu_0_memory_MB": 13845,
  "peak_gpu_1_memory_MB": 13845,
  "peak_gpu_2_memory_MB": 12,
  "peak_gpu_3_memory_MB": 12,
  "training_duration": "0:00:56.486985",
  "training_start_epoch": 0,
  "training_epochs": 1,
  "epoch": 1,
  "training_accuracy": 0.3486005089058524,
  "training_disc_loss": 1.833327486515045,
  "training_gen_loss": 6.500219049453736,
  "training_loss": 6.500219049453736,
  "training_cpu_memory_MB": 5867.12,
  "training_gpu_0_memory_MB": 13845,
  "training_gpu_1_memory_MB": 13845,
  "training_gpu_2_memory_MB": 12,
  "training_gpu_3_memory_MB": 12,
  "validation_accuracy": 0.34521384928716903,
  "validation_disc_loss": 1.6938970588087066,
  "validation_gen_loss": 7.0096609766890365,
  "validation_loss": 7.0096609766890365,
  "best_validation_accuracy": 0.34623217922606925,
  "best_validation_disc_loss": 4.28752735087542,
  "best_validation_gen_loss": 7.337922949131912,
  "best_validation_loss": 7.337922949131912
}