{
  "best_epoch": 1,
  "peak_cpu_memory_MB": 5490.6,
  "peak_gpu_0_memory_MB": 12525,
  "peak_gpu_1_memory_MB": 0,
  "peak_gpu_2_memory_MB": 10357,
  "peak_gpu_3_memory_MB": 13013,
  "training_duration": "0:01:42.089232",
  "training_start_epoch": 0,
  "training_epochs": 2,
  "epoch": 2,
  "training_accuracy": 0.4300254452926209,
  "training_loss": 1.0957116347092848,
  "training_cpu_memory_MB": 5490.6,
  "training_gpu_0_memory_MB": 12525,
  "training_gpu_1_memory_MB": 0,
  "training_gpu_2_memory_MB": 10357,
  "training_gpu_3_memory_MB": 13013,
  "validation_accuracy": 0.3485481406011207,
  "validation_loss": 1.1016873738664759,
  "best_validation_accuracy": 0.374223127865512,
  "best_validation_loss": 1.0975342037623403
}