{
  "best_epoch": 5,
  "peak_cpu_memory_MB": 5866.62,
  "peak_gpu_0_memory_MB": 14587,
  "peak_gpu_1_memory_MB": 13029,
  "peak_gpu_2_memory_MB": 14583,
  "peak_gpu_3_memory_MB": 12,
  "training_duration": "0:03:07.266588",
  "training_start_epoch": 0,
  "training_epochs": 5,
  "epoch": 5,
  "training_accuracy": 0.4860050890585242,
  "training_disc_loss": 1.4729348182678224,
  "training_gen_loss": 6.139928531646729,
  "training_loss": 4.97318009853363,
  "training_cpu_memory_MB": 5866.62,
  "training_gpu_0_memory_MB": 14587,
  "training_gpu_1_memory_MB": 13029,
  "training_gpu_2_memory_MB": 14583,
  "training_gpu_3_memory_MB": 12,
  "validation_accuracy": 0.3818737270875764,
  "validation_disc_loss": 1.608477802295995,
  "validation_gen_loss": 7.015511128960586,
  "validation_loss": 5.663752776820485,
  "best_validation_accuracy": 0.3818737270875764,
  "best_validation_disc_loss": 1.608477802295995,
  "best_validation_gen_loss": 7.015511128960586,
  "best_validation_loss": 5.663752776820485
}