{
  "best_epoch": 19,
  "peak_cpu_memory_MB": 5866.62,
  "peak_gpu_0_memory_MB": 14587,
  "peak_gpu_1_memory_MB": 13029,
  "peak_gpu_2_memory_MB": 14583,
  "peak_gpu_3_memory_MB": 12,
  "training_duration": "0:12:18.156931",
  "training_start_epoch": 0,
  "training_epochs": 22,
  "epoch": 22,
  "training_accuracy": 0.9872773536895675,
  "training_disc_loss": 0.048269585182424635,
  "training_gen_loss": 5.472592029571533,
  "training_loss": 4.116511378288269,
  "training_cpu_memory_MB": 5866.62,
  "training_gpu_0_memory_MB": 14587,
  "training_gpu_1_memory_MB": 12,
  "training_gpu_2_memory_MB": 14583,
  "training_gpu_3_memory_MB": 12,
  "validation_accuracy": 0.4063136456211813,
  "validation_disc_loss": 2.5527470916267334,
  "validation_gen_loss": 8.19155134030474,
  "validation_loss": 6.781850272077855,
  "best_validation_accuracy": 0.4093686354378819,
  "best_validation_disc_loss": 2.612165638828665,
  "best_validation_gen_loss": 7.963423170694491,
  "best_validation_loss": 6.62560878924238
}