{
  "best_epoch": 19,
  "peak_cpu_memory_MB": 5866.62,
  "peak_gpu_0_memory_MB": 14587,
  "peak_gpu_1_memory_MB": 13029,
  "peak_gpu_2_memory_MB": 14583,
  "peak_gpu_3_memory_MB": 12,
  "training_duration": "0:15:25.813445",
  "training_start_epoch": 0,
  "training_epochs": 28,
  "epoch": 28,
  "training_accuracy": 0.9949109414758269,
  "training_disc_loss": 0.023132372722102446,
  "training_gen_loss": 5.392522602081299,
  "training_loss": 4.050175065994263,
  "training_cpu_memory_MB": 5866.62,
  "training_gpu_0_memory_MB": 14587,
  "training_gpu_1_memory_MB": 12,
  "training_gpu_2_memory_MB": 14583,
  "training_gpu_3_memory_MB": 12,
  "validation_accuracy": 0.3920570264765784,
  "validation_disc_loss": 2.9577666007406345,
  "validation_gen_loss": 8.517011696730203,
  "validation_loss": 7.127200467799737,
  "best_validation_accuracy": 0.4093686354378819,
  "best_validation_disc_loss": 2.612165638828665,
  "best_validation_gen_loss": 7.963423170694491,
  "best_validation_loss": 6.62560878924238
}