{
  "best_epoch": 1,
  "peak_cpu_memory_MB": 5866.62,
  "peak_gpu_0_memory_MB": 14587,
  "peak_gpu_1_memory_MB": 13029,
  "peak_gpu_2_memory_MB": 14583,
  "peak_gpu_3_memory_MB": 12,
  "training_duration": "0:00:58.523214",
  "training_start_epoch": 0,
  "training_epochs": 1,
  "epoch": 1,
  "training_accuracy": 0.33587786259541985,
  "training_disc_loss": 2.0834831416606905,
  "training_gen_loss": 6.67814866065979,
  "training_loss": 5.529482250213623,
  "training_cpu_memory_MB": 5866.62,
  "training_gpu_0_memory_MB": 14587,
  "training_gpu_1_memory_MB": 13029,
  "training_gpu_2_memory_MB": 14583,
  "training_gpu_3_memory_MB": 12,
  "validation_accuracy": 0.3543788187372709,
  "validation_disc_loss": 1.3176106078837946,
  "validation_gen_loss": 7.123280684153239,
  "validation_loss": 5.671863141098643,
  "best_validation_accuracy": 0.3543788187372709,
  "best_validation_disc_loss": 1.3176106078837946,
  "best_validation_gen_loss": 7.123280684153239,
  "best_validation_loss": 5.671863141098643
}