{
  "best_epoch": 11,
  "peak_cpu_memory_MB": 5866.62,
  "peak_gpu_0_memory_MB": 14587,
  "peak_gpu_1_memory_MB": 13029,
  "peak_gpu_2_memory_MB": 14583,
  "peak_gpu_3_memory_MB": 12,
  "training_duration": "0:08:31.587639",
  "training_start_epoch": 0,
  "training_epochs": 15,
  "epoch": 15,
  "training_accuracy": 0.8829516539440203,
  "training_disc_loss": 0.2918823923030868,
  "training_gen_loss": 5.66139422416687,
  "training_loss": 4.319016251564026,
  "training_cpu_memory_MB": 5866.62,
  "training_gpu_0_memory_MB": 14587,
  "training_gpu_1_memory_MB": 13029,
  "training_gpu_2_memory_MB": 14583,
  "training_gpu_3_memory_MB": 12,
  "validation_accuracy": 0.36863543788187375,
  "validation_disc_loss": 2.6637824579952207,
  "validation_gen_loss": 7.736671273301288,
  "validation_loss": 6.468449049848851,
  "best_validation_accuracy": 0.3879837067209776,
  "best_validation_disc_loss": 2.3226593536574667,
  "best_validation_gen_loss": 7.437779868521342,
  "best_validation_loss": 6.15899970667149
}