{
  "best_epoch": 11,
  "peak_cpu_memory_MB": 5866.62,
  "peak_gpu_0_memory_MB": 14587,
  "peak_gpu_1_memory_MB": 13029,
  "peak_gpu_2_memory_MB": 14583,
  "peak_gpu_3_memory_MB": 12,
  "training_duration": "0:07:29.859289",
  "training_start_epoch": 0,
  "training_epochs": 13,
  "epoch": 13,
  "training_accuracy": 0.9338422391857506,
  "training_disc_loss": 0.15304304299876093,
  "training_gen_loss": 5.674402952194214,
  "training_loss": 4.294062948226928,
  "training_cpu_memory_MB": 5866.62,
  "training_gpu_0_memory_MB": 14587,
  "training_gpu_1_memory_MB": 13029,
  "training_gpu_2_memory_MB": 14583,
  "training_gpu_3_memory_MB": 12,
  "validation_accuracy": 0.37780040733197556,
  "validation_disc_loss": 2.439157142387173,
  "validation_gen_loss": 7.599393084766419,
  "validation_loss": 6.3093340959006206,
  "best_validation_accuracy": 0.3879837067209776,
  "best_validation_disc_loss": 2.3226593536574667,
  "best_validation_gen_loss": 7.437779868521342,
  "best_validation_loss": 6.15899970667149
}