{
  "best_epoch": 19,
  "peak_cpu_memory_MB": 5866.62,
  "peak_gpu_0_memory_MB": 14587,
  "peak_gpu_1_memory_MB": 13029,
  "peak_gpu_2_memory_MB": 14583,
  "peak_gpu_3_memory_MB": 12,
  "training_duration": "0:11:15.703064",
  "training_start_epoch": 0,
  "training_epochs": 20,
  "epoch": 20,
  "training_accuracy": 0.9770992366412213,
  "training_disc_loss": 0.07042443338199518,
  "training_gen_loss": 5.5003370094299315,
  "training_loss": 4.14285888671875,
  "training_cpu_memory_MB": 5866.62,
  "training_gpu_0_memory_MB": 14587,
  "training_gpu_1_memory_MB": 12,
  "training_gpu_2_memory_MB": 14583,
  "training_gpu_3_memory_MB": 12,
  "validation_accuracy": 0.38289205702647655,
  "validation_disc_loss": 2.5970622620931487,
  "validation_gen_loss": 8.033384055626101,
  "validation_loss": 6.674303655701924,
  "best_validation_accuracy": 0.4093686354378819,
  "best_validation_disc_loss": 2.612165638828665,
  "best_validation_gen_loss": 7.963423170694491,
  "best_validation_loss": 6.62560878924238
}