{
  "best_epoch": 11,
  "peak_cpu_memory_MB": 5866.62,
  "peak_gpu_0_memory_MB": 14587,
  "peak_gpu_1_memory_MB": 13029,
  "peak_gpu_2_memory_MB": 14583,
  "peak_gpu_3_memory_MB": 12,
  "training_duration": "0:09:33.836781",
  "training_start_epoch": 0,
  "training_epochs": 17,
  "epoch": 17,
  "training_accuracy": 0.9567430025445293,
  "training_disc_loss": 0.1487913591787219,
  "training_gen_loss": 5.571164016723633,
  "training_loss": 4.215570840835571,
  "training_cpu_memory_MB": 5866.62,
  "training_gpu_0_memory_MB": 14587,
  "training_gpu_1_memory_MB": 12,
  "training_gpu_2_memory_MB": 14583,
  "training_gpu_3_memory_MB": 12,
  "validation_accuracy": 0.3869653767820774,
  "validation_disc_loss": 2.7268545210846074,
  "validation_gen_loss": 7.870830183106709,
  "validation_loss": 6.584836285288741,
  "best_validation_accuracy": 0.3879837067209776,
  "best_validation_disc_loss": 2.3226593536574667,
  "best_validation_gen_loss": 7.437779868521342,
  "best_validation_loss": 6.15899970667149
}