{
  "best_epoch": 19,
  "peak_cpu_memory_MB": 5866.62,
  "peak_gpu_0_memory_MB": 14587,
  "peak_gpu_1_memory_MB": 13029,
  "peak_gpu_2_memory_MB": 14583,
  "peak_gpu_3_memory_MB": 12,
  "training_duration": "0:17:28.806649",
  "training_start_epoch": 0,
  "training_epochs": 32,
  "epoch": 32,
  "training_accuracy": 1.0,
  "training_disc_loss": 0.012304412288649473,
  "training_gen_loss": 5.336957206726074,
  "training_loss": 4.005794057846069,
  "training_cpu_memory_MB": 5866.62,
  "training_gpu_0_memory_MB": 14587,
  "training_gpu_1_memory_MB": 12,
  "training_gpu_2_memory_MB": 14583,
  "training_gpu_3_memory_MB": 12,
  "validation_accuracy": 0.39918533604887985,
  "validation_disc_loss": 2.631548236056072,
  "validation_gen_loss": 8.40545142569193,
  "validation_loss": 6.961975652027905,
  "best_validation_accuracy": 0.4093686354378819,
  "best_validation_disc_loss": 2.612165638828665,
  "best_validation_gen_loss": 7.963423170694491,
  "best_validation_loss": 6.62560878924238
}