{
  "best_epoch": 19,
  "peak_cpu_memory_MB": 5866.62,
  "peak_gpu_0_memory_MB": 14587,
  "peak_gpu_1_memory_MB": 13029,
  "peak_gpu_2_memory_MB": 14583,
  "peak_gpu_3_memory_MB": 12,
  "training_duration": "0:14:23.041512",
  "training_start_epoch": 0,
  "training_epochs": 26,
  "epoch": 26,
  "training_accuracy": 0.989821882951654,
  "training_disc_loss": 0.038932031669537535,
  "training_gen_loss": 5.400046405792236,
  "training_loss": 4.059767808914184,
  "training_cpu_memory_MB": 5866.62,
  "training_gpu_0_memory_MB": 14587,
  "training_gpu_1_memory_MB": 12,
  "training_gpu_2_memory_MB": 14583,
  "training_gpu_3_memory_MB": 12,
  "validation_accuracy": 0.37372708757637474,
  "validation_disc_loss": 5.04598254110755,
  "validation_gen_loss": 8.528003956244245,
  "validation_loss": 7.657498631050916,
  "best_validation_accuracy": 0.4093686354378819,
  "best_validation_disc_loss": 2.612165638828665,
  "best_validation_gen_loss": 7.963423170694491,
  "best_validation_loss": 6.62560878924238
}