{
  "best_epoch": 11,
  "peak_cpu_memory_MB": 5866.62,
  "peak_gpu_0_memory_MB": 14587,
  "peak_gpu_1_memory_MB": 13029,
  "peak_gpu_2_memory_MB": 14583,
  "peak_gpu_3_memory_MB": 12,
  "training_duration": "0:06:23.814658",
  "training_start_epoch": 0,
  "training_epochs": 11,
  "epoch": 11,
  "training_accuracy": 0.8956743002544529,
  "training_disc_loss": 0.26501796949654816,
  "training_gen_loss": 5.7591941356658936,
  "training_loss": 4.385650091171264,
  "training_cpu_memory_MB": 5866.62,
  "training_gpu_0_memory_MB": 14587,
  "training_gpu_1_memory_MB": 13029,
  "training_gpu_2_memory_MB": 14583,
  "training_gpu_3_memory_MB": 12,
  "validation_accuracy": 0.3879837067209776,
  "validation_disc_loss": 2.3226593536574667,
  "validation_gen_loss": 7.437779868521342,
  "validation_loss": 6.15899970667149,
  "best_validation_accuracy": 0.3879837067209776,
  "best_validation_disc_loss": 2.3226593536574667,
  "best_validation_gen_loss": 7.437779868521342,
  "best_validation_loss": 6.15899970667149
}