{
  "best_epoch": 6,
  "peak_cpu_memory_MB": 5866.62,
  "peak_gpu_0_memory_MB": 14587,
  "peak_gpu_1_memory_MB": 13029,
  "peak_gpu_2_memory_MB": 14583,
  "peak_gpu_3_memory_MB": 12,
  "training_duration": "0:04:49.671463",
  "training_start_epoch": 0,
  "training_epochs": 8,
  "epoch": 8,
  "training_accuracy": 0.7480916030534351,
  "training_disc_loss": 0.7117309911549091,
  "training_gen_loss": 5.919472408294678,
  "training_loss": 4.617537050247193,
  "training_cpu_memory_MB": 5866.62,
  "training_gpu_0_memory_MB": 14587,
  "training_gpu_1_memory_MB": 13029,
  "training_gpu_2_memory_MB": 14583,
  "training_gpu_3_memory_MB": 12,
  "validation_accuracy": 0.3574338085539715,
  "validation_disc_loss": 1.989006443721492,
  "validation_gen_loss": 7.199549678864518,
  "validation_loss": 5.89691390060797,
  "best_validation_accuracy": 0.3869653767820774,
  "best_validation_disc_loss": 1.9143901099034442,
  "best_validation_gen_loss": 7.019556855767723,
  "best_validation_loss": 5.743265182991338
}