{
  "best_epoch": 0,
  "peak_cpu_memory_MB": 5359.384,
  "peak_gpu_0_memory_MB": 12693,
  "peak_gpu_1_memory_MB": 21435,
  "peak_gpu_2_memory_MB": 0,
  "peak_gpu_3_memory_MB": 12821,
  "training_duration": "0:01:06.556352",
  "training_start_epoch": 0,
  "training_epochs": 1,
  "epoch": 1,
  "training_accuracy": 0.4758269720101781,
  "training_loss": 1.0698804763647227,
  "training_cpu_memory_MB": 5359.384,
  "training_gpu_0_memory_MB": 12693,
  "training_gpu_1_memory_MB": 21435,
  "training_gpu_2_memory_MB": 0,
  "training_gpu_3_memory_MB": 12821,
  "validation_accuracy": 0.34426897605705553,
  "validation_loss": 1.1549984121555614,
  "best_validation_accuracy": 0.4248599083036169,
  "best_validation_loss": 1.080713871830061
}