{
  "best_epoch": 0,
  "peak_cpu_memory_MB": 5866.468,
  "peak_gpu_0_memory_MB": 13845,
  "peak_gpu_1_memory_MB": 13845,
  "peak_gpu_2_memory_MB": 12,
  "peak_gpu_3_memory_MB": 12,
  "training_duration": "0:00:56.470023",
  "training_start_epoch": 0,
  "training_epochs": 1,
  "epoch": 1,
  "training_accuracy": 0.3460559796437659,
  "training_disc_loss": 1.5900058710575105,
  "training_gen_loss": 6.469551410675049,
  "training_loss": 6.469551410675049,
  "training_cpu_memory_MB": 5866.468,
  "training_gpu_0_memory_MB": 13845,
  "training_gpu_1_memory_MB": 13845,
  "training_gpu_2_memory_MB": 12,
  "training_gpu_3_memory_MB": 12,
  "validation_accuracy": 0.34521384928716903,
  "validation_disc_loss": 1.1455201162555353,
  "validation_gen_loss": 6.827724445156935,
  "validation_loss": 6.827724445156935,
  "best_validation_accuracy": 0.3533604887983707,
  "best_validation_disc_loss": 1.4351369704657453,
  "best_validation_gen_loss": 7.935159776268936,
  "best_validation_loss": 7.935159776268936
}