{
  "best_epoch": 6,
  "peak_cpu_memory_MB": 5866.468,
  "peak_gpu_0_memory_MB": 13845,
  "peak_gpu_1_memory_MB": 13845,
  "peak_gpu_2_memory_MB": 12,
  "peak_gpu_3_memory_MB": 12,
  "training_duration": "0:05:45.914540",
  "training_start_epoch": 0,
  "training_epochs": 10,
  "epoch": 10,
  "training_accuracy": 0.5776081424936387,
  "training_disc_loss": 1.0386398351192474,
  "training_gen_loss": 5.785091276168823,
  "training_loss": 5.785091276168823,
  "training_cpu_memory_MB": 5866.468,
  "training_gpu_0_memory_MB": 13845,
  "training_gpu_1_memory_MB": 13845,
  "training_gpu_2_memory_MB": 12,
  "training_gpu_3_memory_MB": 12,
  "validation_accuracy": 0.38085539714867617,
  "validation_disc_loss": 1.5930345252277405,
  "validation_gen_loss": 7.237481617346043,
  "validation_loss": 7.237481617346043,
  "best_validation_accuracy": 0.3879837067209776,
  "best_validation_disc_loss": 1.1993882656097412,
  "best_validation_gen_loss": 7.078197483124772,
  "best_validation_loss": 7.078197483124772
}