{
  "best_epoch": 6,
  "peak_cpu_memory_MB": 5866.468,
  "peak_gpu_0_memory_MB": 13845,
  "peak_gpu_1_memory_MB": 13845,
  "peak_gpu_2_memory_MB": 12,
  "peak_gpu_3_memory_MB": 12,
  "training_duration": "0:09:19.015167",
  "training_start_epoch": 0,
  "training_epochs": 17,
  "epoch": 17,
  "training_accuracy": 0.727735368956743,
  "training_disc_loss": 0.7245106479525566,
  "training_gen_loss": 5.624797372817993,
  "training_loss": 5.624797372817993,
  "training_cpu_memory_MB": 5866.468,
  "training_gpu_0_memory_MB": 13845,
  "training_gpu_1_memory_MB": 13845,
  "training_gpu_2_memory_MB": 12,
  "training_gpu_3_memory_MB": 12,
  "validation_accuracy": 0.37780040733197556,
  "validation_disc_loss": 2.230794078450862,
  "validation_gen_loss": 7.478793997105544,
  "validation_loss": 7.478793997105544,
  "best_validation_accuracy": 0.3879837067209776,
  "best_validation_disc_loss": 1.1993882656097412,
  "best_validation_gen_loss": 7.078197483124772,
  "best_validation_loss": 7.078197483124772
}