{
  "best_epoch": 6,
  "peak_cpu_memory_MB": 5866.468,
  "peak_gpu_0_memory_MB": 13845,
  "peak_gpu_1_memory_MB": 13845,
  "peak_gpu_2_memory_MB": 12,
  "peak_gpu_3_memory_MB": 12,
  "training_duration": "0:04:44.717965",
  "training_start_epoch": 0,
  "training_epochs": 8,
  "epoch": 8,
  "training_accuracy": 0.46055979643765904,
  "training_disc_loss": 1.2214785921573639,
  "training_gen_loss": 5.861563940048217,
  "training_loss": 5.861563940048217,
  "training_cpu_memory_MB": 5866.468,
  "training_gpu_0_memory_MB": 13845,
  "training_gpu_1_memory_MB": 13845,
  "training_gpu_2_memory_MB": 12,
  "training_gpu_3_memory_MB": 12,
  "validation_accuracy": 0.35845213849287166,
  "validation_disc_loss": 1.917025749276324,
  "validation_gen_loss": 7.219566077720828,
  "validation_loss": 7.219566077720828,
  "best_validation_accuracy": 0.3879837067209776,
  "best_validation_disc_loss": 1.1993882656097412,
  "best_validation_gen_loss": 7.078197483124772,
  "best_validation_loss": 7.078197483124772
}