{
  "best_epoch": 14,
  "peak_cpu_memory_MB": 5866.992,
  "peak_gpu_0_memory_MB": 13845,
  "peak_gpu_1_memory_MB": 13845,
  "peak_gpu_2_memory_MB": 12,
  "peak_gpu_3_memory_MB": 12,
  "training_duration": "0:08:52.398446",
  "training_start_epoch": 0,
  "training_epochs": 16,
  "epoch": 16,
  "training_accuracy": 0.7989821882951654,
  "training_disc_loss": 0.47962939258664844,
  "training_gen_loss": 5.56211669921875,
  "training_loss": 5.56211669921875,
  "training_cpu_memory_MB": 5866.992,
  "training_gpu_0_memory_MB": 13845,
  "training_gpu_1_memory_MB": 13845,
  "training_gpu_2_memory_MB": 12,
  "training_gpu_3_memory_MB": 12,
  "validation_accuracy": 0.3869653767820774,
  "validation_disc_loss": 2.1033222689861204,
  "validation_gen_loss": 7.582758353008487,
  "validation_loss": 7.582758353008487,
  "best_validation_accuracy": 0.39613034623217924,
  "best_validation_disc_loss": 1.904187344923252,
  "best_validation_gen_loss": 7.497927173366391,
  "best_validation_loss": 7.497927173366391
}