{
  "best_epoch": 2,
  "peak_cpu_memory_MB": 5866.992,
  "peak_gpu_0_memory_MB": 13845,
  "peak_gpu_1_memory_MB": 12,
  "peak_gpu_2_memory_MB": 12,
  "peak_gpu_3_memory_MB": 12,
  "training_duration": "0:02:02.901240",
  "training_start_epoch": 0,
  "training_epochs": 3,
  "epoch": 3,
  "training_accuracy": 0.4071246819338422,
  "training_disc_loss": 1.8533095932006836,
  "training_gen_loss": 6.295244026184082,
  "training_loss": 6.295244026184082,
  "training_cpu_memory_MB": 5866.992,
  "training_gpu_0_memory_MB": 13845,
  "training_gpu_1_memory_MB": 12,
  "training_gpu_2_memory_MB": 12,
  "training_gpu_3_memory_MB": 12,
  "validation_accuracy": 0.34928716904276985,
  "validation_disc_loss": 1.83167511467042,
  "validation_gen_loss": 6.9751451693899265,
  "validation_loss": 6.9751451693899265,
  "best_validation_accuracy": 0.37678207739307534,
  "best_validation_disc_loss": 1.2962965000935687,
  "best_validation_gen_loss": 7.1154096611147,
  "best_validation_loss": 7.1154096611147
}