{
  "best_epoch": 0,
  "peak_cpu_memory_MB": 5866.992,
  "peak_gpu_0_memory_MB": 2617,
  "peak_gpu_1_memory_MB": 12,
  "peak_gpu_2_memory_MB": 12,
  "peak_gpu_3_memory_MB": 12,
  "training_duration": "0:00:24.970039",
  "training_start_epoch": 0,
  "training_epochs": 0,
  "epoch": 0,
  "training_accuracy": 0.3460559796437659,
  "training_disc_loss": 8.563198659420014,
  "training_gen_loss": 9.07923906326294,
  "training_loss": 9.07923906326294,
  "training_cpu_memory_MB": 5866.992,
  "training_gpu_0_memory_MB": 2617,
  "training_gpu_1_memory_MB": 12,
  "training_gpu_2_memory_MB": 12,
  "training_gpu_3_memory_MB": 12,
  "validation_accuracy": 0.3615071283095723,
  "validation_disc_loss": 3.808080509426148,
  "validation_gen_loss": 7.243068605903687,
  "validation_loss": 7.243068605903687,
  "best_validation_accuracy": 0.3615071283095723,
  "best_validation_disc_loss": 3.808080509426148,
  "best_validation_gen_loss": 7.243068605903687,
  "best_validation_loss": 7.243068605903687
}