{
  "best_epoch": 4,
  "peak_cpu_memory_MB": 5866.992,
  "peak_gpu_0_memory_MB": 13845,
  "peak_gpu_1_memory_MB": 12,
  "peak_gpu_2_memory_MB": 12,
  "peak_gpu_3_memory_MB": 12,
  "training_duration": "0:02:33.060071",
  "training_start_epoch": 0,
  "training_epochs": 4,
  "epoch": 4,
  "training_accuracy": 0.46055979643765904,
  "training_disc_loss": 1.3004927792586387,
  "training_gen_loss": 6.136651210784912,
  "training_loss": 6.136651210784912,
  "training_cpu_memory_MB": 5866.992,
  "training_gpu_0_memory_MB": 13845,
  "training_gpu_1_memory_MB": 12,
  "training_gpu_2_memory_MB": 12,
  "training_gpu_3_memory_MB": 12,
  "validation_accuracy": 0.3788187372708758,
  "validation_disc_loss": 1.2673868352804727,
  "validation_gen_loss": 6.92128252789257,
  "validation_loss": 6.92128252789257,
  "best_validation_accuracy": 0.3788187372708758,
  "best_validation_disc_loss": 1.2673868352804727,
  "best_validation_gen_loss": 6.92128252789257,
  "best_validation_loss": 6.92128252789257
}