{
  "best_epoch": 5,
  "peak_cpu_memory_MB": 5866.992,
  "peak_gpu_0_memory_MB": 13845,
  "peak_gpu_1_memory_MB": 13845,
  "peak_gpu_2_memory_MB": 12,
  "peak_gpu_3_memory_MB": 12,
  "training_duration": "0:05:44.785054",
  "training_start_epoch": 0,
  "training_epochs": 10,
  "epoch": 10,
  "training_accuracy": 0.6183206106870229,
  "training_disc_loss": 0.9257597213983536,
  "training_gen_loss": 5.7397917461395265,
  "training_loss": 5.7397917461395265,
  "training_cpu_memory_MB": 5866.992,
  "training_gpu_0_memory_MB": 13845,
  "training_gpu_1_memory_MB": 13845,
  "training_gpu_2_memory_MB": 12,
  "training_gpu_3_memory_MB": 12,
  "validation_accuracy": 0.3696537678207739,
  "validation_disc_loss": 2.0673629559152493,
  "validation_gen_loss": 7.556035456618642,
  "validation_loss": 7.556035456618642,
  "best_validation_accuracy": 0.37983706720977595,
  "best_validation_disc_loss": 1.3699024886619755,
  "best_validation_gen_loss": 7.07464925641936,
  "best_validation_loss": 7.07464925641936
}