{
  "best_epoch": 14,
  "peak_cpu_memory_MB": 5866.992,
  "peak_gpu_0_memory_MB": 13845,
  "peak_gpu_1_memory_MB": 13845,
  "peak_gpu_2_memory_MB": 12,
  "peak_gpu_3_memory_MB": 12,
  "training_duration": "0:08:22.227088",
  "training_start_epoch": 0,
  "training_epochs": 15,
  "epoch": 15,
  "training_accuracy": 0.7862595419847328,
  "training_disc_loss": 0.6045510194450617,
  "training_gen_loss": 5.594087705612183,
  "training_loss": 5.594087705612183,
  "training_cpu_memory_MB": 5866.992,
  "training_gpu_0_memory_MB": 13845,
  "training_gpu_1_memory_MB": 13845,
  "training_gpu_2_memory_MB": 12,
  "training_gpu_3_memory_MB": 12,
  "validation_accuracy": 0.3757637474541752,
  "validation_disc_loss": 2.2967389017585815,
  "validation_gen_loss": 7.60300435477156,
  "validation_loss": 7.60300435477156,
  "best_validation_accuracy": 0.39613034623217924,
  "best_validation_disc_loss": 1.904187344923252,
  "best_validation_gen_loss": 7.497927173366391,
  "best_validation_loss": 7.497927173366391
}