{
  "best_epoch": 5,
  "peak_cpu_memory_MB": 5866.992,
  "peak_gpu_0_memory_MB": 13845,
  "peak_gpu_1_memory_MB": 13845,
  "peak_gpu_2_memory_MB": 12,
  "peak_gpu_3_memory_MB": 12,
  "training_duration": "0:07:16.655941",
  "training_start_epoch": 0,
  "training_epochs": 13,
  "epoch": 13,
  "training_accuracy": 0.7099236641221374,
  "training_disc_loss": 0.8018419778347016,
  "training_gen_loss": 5.645028676986694,
  "training_loss": 5.645028676986694,
  "training_cpu_memory_MB": 5866.992,
  "training_gpu_0_memory_MB": 13845,
  "training_gpu_1_memory_MB": 13845,
  "training_gpu_2_memory_MB": 12,
  "training_gpu_3_memory_MB": 12,
  "validation_accuracy": 0.3788187372708758,
  "validation_disc_loss": 2.236249642643502,
  "validation_gen_loss": 7.534810775663795,
  "validation_loss": 7.534810775663795,
  "best_validation_accuracy": 0.37983706720977595,
  "best_validation_disc_loss": 1.3699024886619755,
  "best_validation_gen_loss": 7.07464925641936,
  "best_validation_loss": 7.07464925641936
}