{
  "best_epoch": 0,
  "peak_cpu_memory_MB": 5340.304,
  "peak_gpu_0_memory_MB": 12693,
  "peak_gpu_1_memory_MB": 21435,
  "peak_gpu_2_memory_MB": 0,
  "peak_gpu_3_memory_MB": 13013,
  "training_duration": "0:01:05.805206",
  "training_start_epoch": 0,
  "training_epochs": 1,
  "epoch": 1,
  "training_accuracy": 0.5852417302798982,
  "training_loss": 0.8933222064605126,
  "training_cpu_memory_MB": 5340.304,
  "training_gpu_0_memory_MB": 12693,
  "training_gpu_1_memory_MB": 21435,
  "training_gpu_2_memory_MB": 0,
  "training_gpu_3_memory_MB": 13013,
  "validation_accuracy": 0.40804890473764643,
  "validation_loss": 1.2296401479733494,
  "best_validation_accuracy": 0.4512480896586857,
  "best_validation_loss": 1.066008476170344
}