{
  "best_epoch": 4,
  "peak_cpu_memory_MB": 5340.304,
  "peak_gpu_0_memory_MB": 12693,
  "peak_gpu_1_memory_MB": 21435,
  "peak_gpu_2_memory_MB": 0,
  "peak_gpu_3_memory_MB": 13013,
  "training_duration": "0:03:31.183668",
  "training_start_epoch": 0,
  "training_epochs": 5,
  "epoch": 5,
  "training_accuracy": 0.9974554707379135,
  "training_loss": 0.01423741221571198,
  "training_cpu_memory_MB": 5340.304,
  "training_gpu_0_memory_MB": 12693,
  "training_gpu_1_memory_MB": 21435,
  "training_gpu_2_memory_MB": 0,
  "training_gpu_3_memory_MB": 13013,
  "validation_accuracy": 0.5708609271523178,
  "validation_loss": 1.6881634528939808,
  "best_validation_accuracy": 0.5764645950076414,
  "best_validation_loss": 1.5384918664876335
}