{
  "best_epoch": 2,
  "peak_cpu_memory_MB": 5340.304,
  "peak_gpu_0_memory_MB": 12693,
  "peak_gpu_1_memory_MB": 21435,
  "peak_gpu_2_memory_MB": 0,
  "peak_gpu_3_memory_MB": 13013,
  "training_duration": "0:02:18.356822",
  "training_start_epoch": 0,
  "training_epochs": 3,
  "epoch": 3,
  "training_accuracy": 0.926208651399491,
  "training_loss": 0.22543575557378623,
  "training_cpu_memory_MB": 5340.304,
  "training_gpu_0_memory_MB": 12693,
  "training_gpu_1_memory_MB": 21435,
  "training_gpu_2_memory_MB": 0,
  "training_gpu_3_memory_MB": 13013,
  "validation_accuracy": 0.5233825776872134,
  "validation_loss": 1.4681297251378287,
  "best_validation_accuracy": 0.5428425878757005,
  "best_validation_loss": 1.2315341051704332
}