{
  "best_epoch": 2,
  "peak_cpu_memory_MB": 5866.952,
  "peak_gpu_0_memory_MB": 21435,
  "peak_gpu_1_memory_MB": 20139,
  "peak_gpu_2_memory_MB": 20139,
  "peak_gpu_3_memory_MB": 20139,
  "training_duration": "0:02:44.386657",
  "training_start_epoch": 0,
  "training_epochs": 5,
  "epoch": 5,
  "training_accuracy": 0.42748091603053434,
  "training_disc_loss": 1.6734250497817993,
  "training_gen_loss": 6.513933162689209,
  "training_loss": 6.031263571519118,
  "training_cpu_memory_MB": 5866.952,
  "training_gpu_0_memory_MB": 21435,
  "training_gpu_1_memory_MB": 20139,
  "training_gpu_2_memory_MB": 20139,
  "training_gpu_3_memory_MB": 20139,
  "validation_accuracy": 0.335030549898167,
  "validation_disc_loss": 2.893722370747597,
  "validation_gen_loss": 7.026609705340478,
  "validation_loss": 6.614946780666228,
  "best_validation_accuracy": 0.3421588594704684,
  "best_validation_disc_loss": 9.601526268066898,
  "best_validation_gen_loss": 7.8038787841796875,
  "best_validation_loss": 7.9851559977377615
}