{
  "best_epoch": 7,
  "peak_cpu_memory_MB": 5866.952,
  "peak_gpu_0_memory_MB": 21435,
  "peak_gpu_1_memory_MB": 20139,
  "peak_gpu_2_memory_MB": 20139,
  "peak_gpu_3_memory_MB": 20139,
  "training_duration": "0:03:45.244298",
  "training_start_epoch": 0,
  "training_epochs": 7,
  "epoch": 7,
  "training_accuracy": 0.4402035623409669,
  "training_disc_loss": 1.3195543265342713,
  "training_gen_loss": 6.453479270935059,
  "training_loss": 5.948191092564509,
  "training_cpu_memory_MB": 5866.952,
  "training_gpu_0_memory_MB": 21435,
  "training_gpu_1_memory_MB": 20139,
  "training_gpu_2_memory_MB": 20139,
  "training_gpu_3_memory_MB": 20139,
  "validation_accuracy": 0.35539714867617106,
  "validation_disc_loss": 2.243819361732852,
  "validation_gen_loss": 6.935859026447419,
  "validation_loss": 6.468050372216009,
  "best_validation_accuracy": 0.35539714867617106,
  "best_validation_disc_loss": 2.243819361732852,
  "best_validation_gen_loss": 6.935859026447419,
  "best_validation_loss": 6.468050372216009
}