{
  "best_epoch": 12,
  "peak_cpu_memory_MB": 5866.952,
  "peak_gpu_0_memory_MB": 21435,
  "peak_gpu_1_memory_MB": 20139,
  "peak_gpu_2_memory_MB": 20139,
  "peak_gpu_3_memory_MB": 20139,
  "training_duration": "0:07:28.824505",
  "training_start_epoch": 0,
  "training_epochs": 15,
  "epoch": 15,
  "training_accuracy": 0.5368956743002544,
  "training_disc_loss": 1.1524390745162965,
  "training_gen_loss": 6.328286228179931,
  "training_loss": 5.816471906808706,
  "training_cpu_memory_MB": 5866.952,
  "training_gpu_0_memory_MB": 21435,
  "training_gpu_1_memory_MB": 20139,
  "training_gpu_2_memory_MB": 20139,
  "training_gpu_3_memory_MB": 20139,
  "validation_accuracy": 0.3635437881873727,
  "validation_disc_loss": 1.7307822089041434,
  "validation_gen_loss": 6.869985511226039,
  "validation_loss": 6.357324954002134,
  "best_validation_accuracy": 0.37474541751527496,
  "best_validation_disc_loss": 1.6295444696180281,
  "best_validation_gen_loss": 6.871612348864155,
  "best_validation_loss": 6.348647302196872
}