{
  "best_epoch": 0,
  "peak_cpu_memory_MB": 5866.952,
  "peak_gpu_0_memory_MB": 2617,
  "peak_gpu_1_memory_MB": 20139,
  "peak_gpu_2_memory_MB": 20139,
  "peak_gpu_3_memory_MB": 20139,
  "training_duration": "0:00:21.472700",
  "training_start_epoch": 0,
  "training_epochs": 0,
  "epoch": 0,
  "training_accuracy": 0.3893129770992366,
  "training_disc_loss": 14.069397163391113,
  "training_gen_loss": 12.462738037109375,
  "training_loss": 12.599830920879658,
  "training_cpu_memory_MB": 5866.952,
  "training_gpu_0_memory_MB": 2617,
  "training_gpu_1_memory_MB": 20139,
  "training_gpu_2_memory_MB": 20139,
  "training_gpu_3_memory_MB": 20139,
  "validation_accuracy": 0.3329938900203666,
  "validation_disc_loss": 16.628594890717537,
  "validation_gen_loss": 13.22149605904856,
  "validation_loss": 13.5614590491018,
  "best_validation_accuracy": 0.3329938900203666,
  "best_validation_disc_loss": 16.628594890717537,
  "best_validation_gen_loss": 13.22149605904856,
  "best_validation_loss": 13.5614590491018
}