{
  "best_epoch": 0,
  "peak_cpu_memory_MB": 5866.184,
  "peak_gpu_0_memory_MB": 21435,
  "peak_gpu_1_memory_MB": 20139,
  "peak_gpu_2_memory_MB": 20139,
  "peak_gpu_3_memory_MB": 20139,
  "training_duration": "0:04:23.024620",
  "training_start_epoch": 0,
  "training_epochs": 9,
  "epoch": 9,
  "training_accuracy": 0.3511450381679389,
  "training_disc_loss": 4.54968873500824,
  "training_gen_loss": 8.61876049041748,
  "training_loss": 5.483368231700017,
  "training_cpu_memory_MB": 5866.184,
  "training_gpu_0_memory_MB": 21435,
  "training_gpu_1_memory_MB": 20139,
  "training_gpu_2_memory_MB": 20139,
  "training_gpu_3_memory_MB": 20139,
  "validation_accuracy": 0.32382892057026474,
  "validation_disc_loss": 8.214060225794393,
  "validation_gen_loss": 9.381920445349909,
  "validation_loss": 8.447317369522587,
  "best_validation_accuracy": 0.37678207739307534,
  "best_validation_disc_loss": 11.74769889539288,
  "best_validation_gen_loss": 14.033281572403446,
  "best_validation_loss": 12.218769227304767
}