{
  "best_epoch": 0,
  "peak_cpu_memory_MB": 5866.184,
  "peak_gpu_0_memory_MB": 21435,
  "peak_gpu_1_memory_MB": 20139,
  "peak_gpu_2_memory_MB": 20139,
  "peak_gpu_3_memory_MB": 20139,
  "training_duration": "0:01:41.513034",
  "training_start_epoch": 0,
  "training_epochs": 3,
  "epoch": 3,
  "training_accuracy": 0.3333333333333333,
  "training_disc_loss": 4.529953427314759,
  "training_gen_loss": 9.273621749877929,
  "training_loss": 5.455280193915734,
  "training_cpu_memory_MB": 5866.184,
  "training_gpu_0_memory_MB": 21435,
  "training_gpu_1_memory_MB": 20139,
  "training_gpu_2_memory_MB": 20139,
  "training_gpu_3_memory_MB": 20139,
  "validation_accuracy": 0.3289205702647658,
  "validation_disc_loss": 6.886809214468925,
  "validation_gen_loss": 9.719089092746858,
  "validation_loss": 7.511863677732406,
  "best_validation_accuracy": 0.37678207739307534,
  "best_validation_disc_loss": 11.74769889539288,
  "best_validation_gen_loss": 14.033281572403446,
  "best_validation_loss": 12.218769227304767
}