{
  "best_epoch": 1,
  "peak_cpu_memory_MB": 5866.516,
  "peak_gpu_0_memory_MB": 22297,
  "peak_gpu_1_memory_MB": 20139,
  "peak_gpu_2_memory_MB": 20139,
  "peak_gpu_3_memory_MB": 20139,
  "training_duration": "0:00:47.713153",
  "training_start_epoch": 0,
  "training_epochs": 1,
  "epoch": 1,
  "training_accuracy": 0.34096692111959287,
  "training_disc_loss": 4.073100862503051,
  "training_gen_loss": 8.07711359024048,
  "training_loss": 8.057508945465088,
  "training_cpu_memory_MB": 5866.516,
  "training_gpu_0_memory_MB": 22297,
  "training_gpu_1_memory_MB": 20139,
  "training_gpu_2_memory_MB": 20139,
  "training_gpu_3_memory_MB": 20139,
  "validation_accuracy": 0.3340122199592668,
  "validation_disc_loss": 21.90754302855461,
  "validation_gen_loss": 10.37617721865254,
  "validation_loss": 10.375759863084362,
  "best_validation_accuracy": 0.3340122199592668,
  "best_validation_disc_loss": 21.90754302855461,
  "best_validation_gen_loss": 10.37617721865254,
  "best_validation_loss": 10.375759863084362
}