{
  "best_epoch": 2,
  "peak_cpu_memory_MB": 5866.516,
  "peak_gpu_0_memory_MB": 22543,
  "peak_gpu_1_memory_MB": 20139,
  "peak_gpu_2_memory_MB": 20139,
  "peak_gpu_3_memory_MB": 20139,
  "training_duration": "0:05:16.703066",
  "training_start_epoch": 0,
  "training_epochs": 11,
  "epoch": 11,
  "training_accuracy": 0.35877862595419846,
  "training_disc_loss": 1.7935514664649963,
  "training_gen_loss": 6.390609321594238,
  "training_loss": 6.386449850522554,
  "training_cpu_memory_MB": 5866.516,
  "training_gpu_0_memory_MB": 22543,
  "training_gpu_1_memory_MB": 20139,
  "training_gpu_2_memory_MB": 20139,
  "training_gpu_3_memory_MB": 20139,
  "validation_accuracy": 0.3228105906313646,
  "validation_disc_loss": 1.8401036012557246,
  "validation_gen_loss": 6.929116133720644,
  "validation_loss": 6.932423822341427,
  "best_validation_accuracy": 0.3533604887983707,
  "best_validation_disc_loss": 2.8379517120699727,
  "best_validation_gen_loss": 7.476447151553247,
  "best_validation_loss": 7.479283778898178
}