{
  "best_epoch": 15,
  "peak_cpu_memory_MB": 5866.9,
  "peak_gpu_0_memory_MB": 21435,
  "peak_gpu_1_memory_MB": 20139,
  "peak_gpu_2_memory_MB": 20139,
  "peak_gpu_3_memory_MB": 20139,
  "training_duration": "0:08:15.387075",
  "training_start_epoch": 0,
  "training_epochs": 17,
  "epoch": 17,
  "training_accuracy": 0.5954198473282443,
  "training_disc_loss": 1.0318137431144714,
  "training_gen_loss": 7.184353694915772,
  "training_loss": 2.2507253610170803,
  "training_cpu_memory_MB": 5866.9,
  "training_gpu_0_memory_MB": 21435,
  "training_gpu_1_memory_MB": 20139,
  "training_gpu_2_memory_MB": 20139,
  "training_gpu_3_memory_MB": 20139,
  "validation_accuracy": 0.37780040733197556,
  "validation_disc_loss": 2.9971097496248063,
  "validation_gen_loss": 7.492466995793004,
  "validation_loss": 3.8941231081562657,
  "best_validation_accuracy": 0.3859470468431772,
  "best_validation_disc_loss": 2.4425498891261315,
  "best_validation_gen_loss": 7.500086215234572,
  "best_validation_loss": 3.4591198275166173
}