{
  "best_epoch": 15,
  "peak_cpu_memory_MB": 5866.9,
  "peak_gpu_0_memory_MB": 21435,
  "peak_gpu_1_memory_MB": 20139,
  "peak_gpu_2_memory_MB": 20139,
  "peak_gpu_3_memory_MB": 20139,
  "training_duration": "0:09:35.081192",
  "training_start_epoch": 0,
  "training_epochs": 20,
  "epoch": 20,
  "training_accuracy": 0.6743002544529262,
  "training_disc_loss": 0.8906237053871154,
  "training_gen_loss": 7.097765083312988,
  "training_loss": 2.1587375219051657,
  "training_cpu_memory_MB": 5866.9,
  "training_gpu_0_memory_MB": 21435,
  "training_gpu_1_memory_MB": 20139,
  "training_gpu_2_memory_MB": 20139,
  "training_gpu_3_memory_MB": 20139,
  "validation_accuracy": 0.37067209775967414,
  "validation_disc_loss": 2.8753332188052516,
  "validation_gen_loss": 7.461169796605264,
  "validation_loss": 3.792223814995058,
  "best_validation_accuracy": 0.3859470468431772,
  "best_validation_disc_loss": 2.4425498891261315,
  "best_validation_gen_loss": 7.500086215234572,
  "best_validation_loss": 3.4591198275166173
}