{
  "best_epoch": 15,
  "peak_cpu_memory_MB": 5866.9,
  "peak_gpu_0_memory_MB": 21435,
  "peak_gpu_1_memory_MB": 20139,
  "peak_gpu_2_memory_MB": 20139,
  "peak_gpu_3_memory_MB": 20139,
  "training_duration": "0:10:01.545146",
  "training_start_epoch": 0,
  "training_epochs": 21,
  "epoch": 21,
  "training_accuracy": 0.7022900763358778,
  "training_disc_loss": 0.7241351747512818,
  "training_gen_loss": 7.083807220458985,
  "training_loss": 1.9887775641221266,
  "training_cpu_memory_MB": 5866.9,
  "training_gpu_0_memory_MB": 21435,
  "training_gpu_1_memory_MB": 20139,
  "training_gpu_2_memory_MB": 20139,
  "training_gpu_3_memory_MB": 20139,
  "validation_accuracy": 0.3665987780040733,
  "validation_disc_loss": 3.025667380902075,
  "validation_gen_loss": 7.447220733088832,
  "validation_loss": 3.908093737017724,
  "best_validation_accuracy": 0.3859470468431772,
  "best_validation_disc_loss": 2.4425498891261315,
  "best_validation_gen_loss": 7.500086215234572,
  "best_validation_loss": 3.4591198275166173
}