{
  "best_epoch": 15,
  "peak_cpu_memory_MB": 5866.9,
  "peak_gpu_0_memory_MB": 21435,
  "peak_gpu_1_memory_MB": 20139,
  "peak_gpu_2_memory_MB": 20139,
  "peak_gpu_3_memory_MB": 20139,
  "training_duration": "0:11:47.842659",
  "training_start_epoch": 0,
  "training_epochs": 25,
  "epoch": 25,
  "training_accuracy": 0.7073791348600509,
  "training_disc_loss": 0.7815297698974609,
  "training_gen_loss": 7.029953441619873,
  "training_loss": 2.04483425617218,
  "training_cpu_memory_MB": 5866.9,
  "training_gpu_0_memory_MB": 21435,
  "training_gpu_1_memory_MB": 20139,
  "training_gpu_2_memory_MB": 20139,
  "training_gpu_3_memory_MB": 20139,
  "validation_accuracy": 0.37474541751527496,
  "validation_disc_loss": 2.9493397320470502,
  "validation_gen_loss": 7.422063327604724,
  "validation_loss": 3.8408639200272097,
  "best_validation_accuracy": 0.3859470468431772,
  "best_validation_disc_loss": 2.4425498891261315,
  "best_validation_gen_loss": 7.500086215234572,
  "best_validation_loss": 3.4591198275166173
}