{
  "best_epoch": 5,
  "peak_cpu_memory_MB": 5866.9,
  "peak_gpu_0_memory_MB": 21435,
  "peak_gpu_1_memory_MB": 20139,
  "peak_gpu_2_memory_MB": 20139,
  "peak_gpu_3_memory_MB": 20139,
  "training_duration": "0:03:12.913146",
  "training_start_epoch": 0,
  "training_epochs": 6,
  "epoch": 6,
  "training_accuracy": 0.42748091603053434,
  "training_disc_loss": 2.165096483230591,
  "training_gen_loss": 7.926780090332032,
  "training_loss": 3.309320101371178,
  "training_cpu_memory_MB": 5866.9,
  "training_gpu_0_memory_MB": 21435,
  "training_gpu_1_memory_MB": 20139,
  "training_gpu_2_memory_MB": 20139,
  "training_gpu_3_memory_MB": 20139,
  "validation_accuracy": 0.3625254582484725,
  "validation_disc_loss": 3.165428626921869,
  "validation_gen_loss": 8.136780292757097,
  "validation_loss": 4.15583856644169,
  "best_validation_accuracy": 0.36761710794297353,
  "best_validation_disc_loss": 3.2370695375627085,
  "best_validation_gen_loss": 8.314247992730909,
  "best_validation_loss": 4.250169669428179
}