{
  "best_epoch": 15,
  "peak_cpu_memory_MB": 5866.9,
  "peak_gpu_0_memory_MB": 21435,
  "peak_gpu_1_memory_MB": 20139,
  "peak_gpu_2_memory_MB": 20139,
  "peak_gpu_3_memory_MB": 20139,
  "training_duration": "0:09:08.607219",
  "training_start_epoch": 0,
  "training_epochs": 19,
  "epoch": 19,
  "training_accuracy": 0.6259541984732825,
  "training_disc_loss": 0.9642849969863891,
  "training_gen_loss": 7.131503086090088,
  "training_loss": 2.18538774893834,
  "training_cpu_memory_MB": 5866.9,
  "training_gpu_0_memory_MB": 21435,
  "training_gpu_1_memory_MB": 20139,
  "training_gpu_2_memory_MB": 20139,
  "training_gpu_3_memory_MB": 20139,
  "validation_accuracy": 0.3665987780040733,
  "validation_disc_loss": 3.3053750261183708,
  "validation_gen_loss": 7.499909362485332,
  "validation_loss": 4.1417092738613,
  "best_validation_accuracy": 0.3859470468431772,
  "best_validation_disc_loss": 2.4425498891261315,
  "best_validation_gen_loss": 7.500086215234572,
  "best_validation_loss": 3.4591198275166173
}