{
  "best_epoch": 10,
  "peak_cpu_memory_MB": 5865.528,
  "peak_gpu_0_memory_MB": 14587,
  "peak_gpu_1_memory_MB": 13029,
  "peak_gpu_2_memory_MB": 14583,
  "peak_gpu_3_memory_MB": 12,
  "training_duration": "0:07:14.650559",
  "training_start_epoch": 0,
  "training_epochs": 12,
  "epoch": 12,
  "training_accuracy": 0.7506361323155216,
  "training_disc_loss": 0.7151888936758042,
  "training_gen_loss": 6.530324678421021,
  "training_loss": 3.6227567768096924,
  "training_cpu_memory_MB": 5865.528,
  "training_gpu_0_memory_MB": 14587,
  "training_gpu_1_memory_MB": 13029,
  "training_gpu_2_memory_MB": 14583,
  "training_gpu_3_memory_MB": 12,
  "validation_accuracy": 0.3879837067209776,
  "validation_disc_loss": 1.9950589905909406,
  "validation_gen_loss": 6.959864697805265,
  "validation_loss": 4.477461857524345,
  "best_validation_accuracy": 0.4103869653767821,
  "best_validation_disc_loss": 1.9553828927559582,
  "best_validation_gen_loss": 6.91021189650869,
  "best_validation_loss": 4.432797400932002
}