{
  "best_epoch": 10,
  "peak_cpu_memory_MB": 5865.528,
  "peak_gpu_0_memory_MB": 14587,
  "peak_gpu_1_memory_MB": 13029,
  "peak_gpu_2_memory_MB": 14583,
  "peak_gpu_3_memory_MB": 12,
  "training_duration": "0:12:52.510608",
  "training_start_epoch": 0,
  "training_epochs": 22,
  "epoch": 22,
  "training_accuracy": 0.9618320610687023,
  "training_disc_loss": 0.10083191985264421,
  "training_gen_loss": 6.178761386871338,
  "training_loss": 3.1397966623306273,
  "training_cpu_memory_MB": 5865.528,
  "training_gpu_0_memory_MB": 14587,
  "training_gpu_1_memory_MB": 13029,
  "training_gpu_2_memory_MB": 14583,
  "training_gpu_3_memory_MB": 12,
  "validation_accuracy": 0.39307535641547864,
  "validation_disc_loss": 2.968934686930199,
  "validation_gen_loss": 7.111685268278045,
  "validation_loss": 5.040309983540356,
  "best_validation_accuracy": 0.4103869653767821,
  "best_validation_disc_loss": 1.9553828927559582,
  "best_validation_gen_loss": 6.91021189650869,
  "best_validation_loss": 4.432797400932002
}