{
  "best_epoch": 23,
  "peak_cpu_memory_MB": 5865.528,
  "peak_gpu_0_memory_MB": 14587,
  "peak_gpu_1_memory_MB": 13029,
  "peak_gpu_2_memory_MB": 14583,
  "peak_gpu_3_memory_MB": 12,
  "training_duration": "0:16:17.568571",
  "training_start_epoch": 0,
  "training_epochs": 28,
  "epoch": 28,
  "training_accuracy": 0.9669211195928753,
  "training_disc_loss": 0.08330508498707787,
  "training_gen_loss": 6.018231573104859,
  "training_loss": 3.050768322944641,
  "training_cpu_memory_MB": 5865.528,
  "training_gpu_0_memory_MB": 14587,
  "training_gpu_1_memory_MB": 13029,
  "training_gpu_2_memory_MB": 14583,
  "training_gpu_3_memory_MB": 12,
  "validation_accuracy": 0.39613034623217924,
  "validation_disc_loss": 3.0921920644558543,
  "validation_gen_loss": 7.322637988299858,
  "validation_loss": 5.207415038008031,
  "best_validation_accuracy": 0.4124236252545825,
  "best_validation_disc_loss": 2.855382888782315,
  "best_validation_gen_loss": 7.166828019832208,
  "best_validation_loss": 5.011105475386953
}