{
  "best_epoch": 10,
  "peak_cpu_memory_MB": 5865.528,
  "peak_gpu_0_memory_MB": 14587,
  "peak_gpu_1_memory_MB": 13029,
  "peak_gpu_2_memory_MB": 14583,
  "peak_gpu_3_memory_MB": 12,
  "training_duration": "0:11:45.886125",
  "training_start_epoch": 0,
  "training_epochs": 20,
  "epoch": 20,
  "training_accuracy": 0.9236641221374046,
  "training_disc_loss": 0.19396875145379455,
  "training_gen_loss": 6.263932294845581,
  "training_loss": 3.2289505004882812,
  "training_cpu_memory_MB": 5865.528,
  "training_gpu_0_memory_MB": 14587,
  "training_gpu_1_memory_MB": 13029,
  "training_gpu_2_memory_MB": 14583,
  "training_gpu_3_memory_MB": 12,
  "validation_accuracy": 0.40325865580448067,
  "validation_disc_loss": 3.0762514697342382,
  "validation_gen_loss": 7.097791981890919,
  "validation_loss": 5.087021730779632,
  "best_validation_accuracy": 0.4103869653767821,
  "best_validation_disc_loss": 1.9553828927559582,
  "best_validation_gen_loss": 6.91021189650869,
  "best_validation_loss": 4.432797400932002
}