{
  "best_epoch": 23,
  "peak_cpu_memory_MB": 5865.528,
  "peak_gpu_0_memory_MB": 14587,
  "peak_gpu_1_memory_MB": 13029,
  "peak_gpu_2_memory_MB": 14583,
  "peak_gpu_3_memory_MB": 12,
  "training_duration": "0:19:05.016396",
  "training_start_epoch": 0,
  "training_epochs": 33,
  "epoch": 33,
  "training_accuracy": 0.9923664122137404,
  "training_disc_loss": 0.03241440141486237,
  "training_gen_loss": 5.8397282695770265,
  "training_loss": 2.9360713386535644,
  "training_cpu_memory_MB": 5865.528,
  "training_gpu_0_memory_MB": 14587,
  "training_gpu_1_memory_MB": 12,
  "training_gpu_2_memory_MB": 14583,
  "training_gpu_3_memory_MB": 12,
  "validation_accuracy": 0.3910386965376782,
  "validation_disc_loss": 2.84473111014056,
  "validation_gen_loss": 7.3860661343830385,
  "validation_loss": 5.115398627955739,
  "best_validation_accuracy": 0.4124236252545825,
  "best_validation_disc_loss": 2.855382888782315,
  "best_validation_gen_loss": 7.166828019832208,
  "best_validation_loss": 5.011105475386953
}