{
  "best_epoch": 23,
  "peak_cpu_memory_MB": 5865.528,
  "peak_gpu_0_memory_MB": 14587,
  "peak_gpu_1_memory_MB": 13029,
  "peak_gpu_2_memory_MB": 14583,
  "peak_gpu_3_memory_MB": 12,
  "training_duration": "0:20:11.728630",
  "training_start_epoch": 0,
  "training_epochs": 35,
  "epoch": 35,
  "training_accuracy": 0.989821882951654,
  "training_disc_loss": 0.03288582868525964,
  "training_gen_loss": 5.827389154434204,
  "training_loss": 2.930137481689453,
  "training_cpu_memory_MB": 5865.528,
  "training_gpu_0_memory_MB": 14587,
  "training_gpu_1_memory_MB": 12,
  "training_gpu_2_memory_MB": 14583,
  "training_gpu_3_memory_MB": 12,
  "validation_accuracy": 0.384928716904277,
  "validation_disc_loss": 3.2315910216269454,
  "validation_gen_loss": 7.511646801863259,
  "validation_loss": 5.371618914410351,
  "best_validation_accuracy": 0.4124236252545825,
  "best_validation_disc_loss": 2.855382888782315,
  "best_validation_gen_loss": 7.166828019832208,
  "best_validation_loss": 5.011105475386953
}