{
  "best_epoch": 4,
  "peak_cpu_memory_MB": 5865.528,
  "peak_gpu_0_memory_MB": 14587,
  "peak_gpu_1_memory_MB": 13029,
  "peak_gpu_2_memory_MB": 14583,
  "peak_gpu_3_memory_MB": 12,
  "training_duration": "0:02:32.267570",
  "training_start_epoch": 0,
  "training_epochs": 4,
  "epoch": 4,
  "training_accuracy": 0.45038167938931295,
  "training_disc_loss": 1.7739150860905648,
  "training_gen_loss": 7.064763145446777,
  "training_loss": 4.41933910369873,
  "training_cpu_memory_MB": 5865.528,
  "training_gpu_0_memory_MB": 14587,
  "training_gpu_1_memory_MB": 13029,
  "training_gpu_2_memory_MB": 14583,
  "training_gpu_3_memory_MB": 12,
  "validation_accuracy": 0.3696537678207739,
  "validation_disc_loss": 1.9921920745353388,
  "validation_gen_loss": 7.089908165660331,
  "validation_loss": 4.541050122036197,
  "best_validation_accuracy": 0.3696537678207739,
  "best_validation_disc_loss": 1.9921920745353388,
  "best_validation_gen_loss": 7.089908165660331,
  "best_validation_loss": 4.541050122036197
}