{
  "best_epoch": 0,
  "peak_cpu_memory_MB": 5865.528,
  "peak_gpu_0_memory_MB": 14587,
  "peak_gpu_1_memory_MB": 13029,
  "peak_gpu_2_memory_MB": 14583,
  "peak_gpu_3_memory_MB": 12,
  "training_duration": "0:00:57.852910",
  "training_start_epoch": 0,
  "training_epochs": 1,
  "epoch": 1,
  "training_accuracy": 0.2951653944020356,
  "training_disc_loss": 5.826876103058457,
  "training_gen_loss": 8.657440824508667,
  "training_loss": 7.242158441543579,
  "training_cpu_memory_MB": 5865.528,
  "training_gpu_0_memory_MB": 14587,
  "training_gpu_1_memory_MB": 13029,
  "training_gpu_2_memory_MB": 14583,
  "training_gpu_3_memory_MB": 12,
  "validation_accuracy": 0.31160896130346233,
  "validation_disc_loss": 2.9346638602939077,
  "validation_gen_loss": 8.042901628385714,
  "validation_loss": 5.48878273925161,
  "best_validation_accuracy": 0.34623217922606925,
  "best_validation_disc_loss": 13.797151561675033,
  "best_validation_gen_loss": 10.592851460464601,
  "best_validation_loss": 12.195001524638354
}