{
  "best_epoch": 7,
  "peak_cpu_memory_MB": 5865.528,
  "peak_gpu_0_memory_MB": 14587,
  "peak_gpu_1_memory_MB": 13029,
  "peak_gpu_2_memory_MB": 14583,
  "peak_gpu_3_memory_MB": 12,
  "training_duration": "0:04:13.795913",
  "training_start_epoch": 0,
  "training_epochs": 7,
  "epoch": 7,
  "training_accuracy": 0.4707379134860051,
  "training_disc_loss": 1.4619151151180267,
  "training_gen_loss": 6.770987453460694,
  "training_loss": 4.116451292037964,
  "training_cpu_memory_MB": 5865.528,
  "training_gpu_0_memory_MB": 14587,
  "training_gpu_1_memory_MB": 13029,
  "training_gpu_2_memory_MB": 14583,
  "training_gpu_3_memory_MB": 12,
  "validation_accuracy": 0.3788187372708758,
  "validation_disc_loss": 1.837902067638025,
  "validation_gen_loss": 7.0153429101153115,
  "validation_loss": 4.426622495418641,
  "best_validation_accuracy": 0.3788187372708758,
  "best_validation_disc_loss": 1.837902067638025,
  "best_validation_gen_loss": 7.0153429101153115,
  "best_validation_loss": 4.426622495418641
}