{
  "best_epoch": 0,
  "peak_cpu_memory_MB": 5865.528,
  "peak_gpu_0_memory_MB": 14587,
  "peak_gpu_1_memory_MB": 13029,
  "peak_gpu_2_memory_MB": 14583,
  "peak_gpu_3_memory_MB": 12,
  "training_duration": "0:02:00.600986",
  "training_start_epoch": 0,
  "training_epochs": 3,
  "epoch": 3,
  "training_accuracy": 0.40966921119592875,
  "training_disc_loss": 2.5959001713991166,
  "training_gen_loss": 7.2376077842712405,
  "training_loss": 4.916753997802735,
  "training_cpu_memory_MB": 5865.528,
  "training_gpu_0_memory_MB": 14587,
  "training_gpu_1_memory_MB": 13029,
  "training_gpu_2_memory_MB": 14583,
  "training_gpu_3_memory_MB": 12,
  "validation_accuracy": 0.3329938900203666,
  "validation_disc_loss": 5.676825162841053,
  "validation_gen_loss": 7.5004603882146075,
  "validation_loss": 6.588642798788179,
  "best_validation_accuracy": 0.34623217922606925,
  "best_validation_disc_loss": 13.797151561675033,
  "best_validation_gen_loss": 10.592851460464601,
  "best_validation_loss": 12.195001524638354
}