{
  "best_epoch": 10,
  "peak_cpu_memory_MB": 5865.528,
  "peak_gpu_0_memory_MB": 14587,
  "peak_gpu_1_memory_MB": 13029,
  "peak_gpu_2_memory_MB": 14583,
  "peak_gpu_3_memory_MB": 12,
  "training_duration": "0:10:39.292704",
  "training_start_epoch": 0,
  "training_epochs": 18,
  "epoch": 18,
  "training_accuracy": 0.910941475826972,
  "training_disc_loss": 0.26576166023500264,
  "training_gen_loss": 6.377112846374512,
  "training_loss": 3.3214372491836546,
  "training_cpu_memory_MB": 5865.528,
  "training_gpu_0_memory_MB": 14587,
  "training_gpu_1_memory_MB": 13029,
  "training_gpu_2_memory_MB": 14583,
  "training_gpu_3_memory_MB": 12,
  "validation_accuracy": 0.3940936863543788,
  "validation_disc_loss": 2.6559669925429956,
  "validation_gen_loss": 7.106716415746425,
  "validation_loss": 4.881341734552771,
  "best_validation_accuracy": 0.4103869653767821,
  "best_validation_disc_loss": 1.9553828927559582,
  "best_validation_gen_loss": 6.91021189650869,
  "best_validation_loss": 4.432797400932002
}