{
  "best_epoch": 23,
  "peak_cpu_memory_MB": 5865.528,
  "peak_gpu_0_memory_MB": 14587,
  "peak_gpu_1_memory_MB": 13029,
  "peak_gpu_2_memory_MB": 14583,
  "peak_gpu_3_memory_MB": 12,
  "training_duration": "0:14:03.661795",
  "training_start_epoch": 0,
  "training_epochs": 24,
  "epoch": 24,
  "training_accuracy": 0.9669211195928753,
  "training_disc_loss": 0.1065069376557949,
  "training_gen_loss": 6.1239112186431885,
  "training_loss": 3.1152090883255004,
  "training_cpu_memory_MB": 5865.528,
  "training_gpu_0_memory_MB": 14587,
  "training_gpu_1_memory_MB": 13029,
  "training_gpu_2_memory_MB": 14583,
  "training_gpu_3_memory_MB": 12,
  "validation_accuracy": 0.3981670061099796,
  "validation_disc_loss": 3.108787098551184,
  "validation_gen_loss": 7.191941179880282,
  "validation_loss": 5.150364125647196,
  "best_validation_accuracy": 0.4124236252545825,
  "best_validation_disc_loss": 2.855382888782315,
  "best_validation_gen_loss": 7.166828019832208,
  "best_validation_loss": 5.011105475386953
}