{
  "best_epoch": 8,
  "peak_cpu_memory_MB": 5865.528,
  "peak_gpu_0_memory_MB": 14587,
  "peak_gpu_1_memory_MB": 13029,
  "peak_gpu_2_memory_MB": 14583,
  "peak_gpu_3_memory_MB": 12,
  "training_duration": "0:04:50.991924",
  "training_start_epoch": 0,
  "training_epochs": 8,
  "epoch": 8,
  "training_accuracy": 0.6157760814249363,
  "training_disc_loss": 1.0667472046613693,
  "training_gen_loss": 6.764589834213257,
  "training_loss": 3.9156685209274293,
  "training_cpu_memory_MB": 5865.528,
  "training_gpu_0_memory_MB": 14587,
  "training_gpu_1_memory_MB": 13029,
  "training_gpu_2_memory_MB": 14583,
  "training_gpu_3_memory_MB": 12,
  "validation_accuracy": 0.39307535641547864,
  "validation_disc_loss": 1.8586994613089212,
  "validation_gen_loss": 7.3719441793798435,
  "validation_loss": 4.61532180289912,
  "best_validation_accuracy": 0.39307535641547864,
  "best_validation_disc_loss": 1.8586994613089212,
  "best_validation_gen_loss": 7.3719441793798435,
  "best_validation_loss": 4.61532180289912
}