{
  "best_epoch": 0,
  "peak_cpu_memory_MB": 5865.528,
  "peak_gpu_0_memory_MB": 14587,
  "peak_gpu_1_memory_MB": 13029,
  "peak_gpu_2_memory_MB": 2617,
  "peak_gpu_3_memory_MB": 12,
  "training_duration": "0:00:25.210486",
  "training_start_epoch": 0,
  "training_epochs": 0,
  "epoch": 0,
  "training_accuracy": 0.35877862595419846,
  "training_disc_loss": 12.97585295677185,
  "training_gen_loss": 11.699568309783935,
  "training_loss": 12.337710638046264,
  "training_cpu_memory_MB": 5865.528,
  "training_gpu_0_memory_MB": 14587,
  "training_gpu_1_memory_MB": 13029,
  "training_gpu_2_memory_MB": 2617,
  "training_gpu_3_memory_MB": 12,
  "validation_accuracy": 0.34623217922606925,
  "validation_disc_loss": 13.797151561675033,
  "validation_gen_loss": 10.592851460464601,
  "validation_loss": 12.195001524638354,
  "best_validation_accuracy": 0.34623217922606925,
  "best_validation_disc_loss": 13.797151561675033,
  "best_validation_gen_loss": 10.592851460464601,
  "best_validation_loss": 12.195001524638354
}