{
  "best_epoch": 23,
  "peak_cpu_memory_MB": 5865.528,
  "peak_gpu_0_memory_MB": 14587,
  "peak_gpu_1_memory_MB": 13029,
  "peak_gpu_2_memory_MB": 14583,
  "peak_gpu_3_memory_MB": 12,
  "training_duration": "0:16:51.069730",
  "training_start_epoch": 0,
  "training_epochs": 29,
  "epoch": 29,
  "training_accuracy": 0.9821882951653944,
  "training_disc_loss": 0.05946621898794547,
  "training_gen_loss": 5.980685625076294,
  "training_loss": 3.0200759267807005,
  "training_cpu_memory_MB": 5865.528,
  "training_gpu_0_memory_MB": 14587,
  "training_gpu_1_memory_MB": 13029,
  "training_gpu_2_memory_MB": 14583,
  "training_gpu_3_memory_MB": 12,
  "validation_accuracy": 0.3971486761710794,
  "validation_disc_loss": 2.946414884755282,
  "validation_gen_loss": 7.307440017297016,
  "validation_loss": 5.126927432005967,
  "best_validation_accuracy": 0.4124236252545825,
  "best_validation_disc_loss": 2.855382888782315,
  "best_validation_gen_loss": 7.166828019832208,
  "best_validation_loss": 5.011105475386953
}