{
  "best_epoch": 10,
  "peak_cpu_memory_MB": 5865.528,
  "peak_gpu_0_memory_MB": 14587,
  "peak_gpu_1_memory_MB": 13029,
  "peak_gpu_2_memory_MB": 14583,
  "peak_gpu_3_memory_MB": 12,
  "training_duration": "0:06:02.441626",
  "training_start_epoch": 0,
  "training_epochs": 10,
  "epoch": 10,
  "training_accuracy": 0.6895674300254453,
  "training_disc_loss": 0.8990079644322395,
  "training_gen_loss": 6.745035314559937,
  "training_loss": 3.8220216369628908,
  "training_cpu_memory_MB": 5865.528,
  "training_gpu_0_memory_MB": 14587,
  "training_gpu_1_memory_MB": 13029,
  "training_gpu_2_memory_MB": 14583,
  "training_gpu_3_memory_MB": 12,
  "validation_accuracy": 0.4103869653767821,
  "validation_disc_loss": 1.9553828927559582,
  "validation_gen_loss": 6.91021189650869,
  "validation_loss": 4.432797400932002,
  "best_validation_accuracy": 0.4103869653767821,
  "best_validation_disc_loss": 1.9553828927559582,
  "best_validation_gen_loss": 6.91021189650869,
  "best_validation_loss": 4.432797400932002
}