{
  "best_epoch": 4,
  "peak_cpu_memory_MB": 5865.528,
  "peak_gpu_0_memory_MB": 14587,
  "peak_gpu_1_memory_MB": 13029,
  "peak_gpu_2_memory_MB": 14583,
  "peak_gpu_3_memory_MB": 12,
  "training_duration": "0:03:09.221611",
  "training_start_epoch": 0,
  "training_epochs": 5,
  "epoch": 5,
  "training_accuracy": 0.48346055979643765,
  "training_disc_loss": 1.5978861087560654,
  "training_gen_loss": 6.915387716293335,
  "training_loss": 4.256636905670166,
  "training_cpu_memory_MB": 5865.528,
  "training_gpu_0_memory_MB": 14587,
  "training_gpu_1_memory_MB": 13029,
  "training_gpu_2_memory_MB": 14583,
  "training_gpu_3_memory_MB": 12,
  "validation_accuracy": 0.3655804480651731,
  "validation_disc_loss": 1.4820933981639584,
  "validation_gen_loss": 6.975176974040706,
  "validation_loss": 4.228635163811164,
  "best_validation_accuracy": 0.3696537678207739,
  "best_validation_disc_loss": 1.9921920745353388,
  "best_validation_gen_loss": 7.089908165660331,
  "best_validation_loss": 4.541050122036197
}