{
  "best_epoch": 2,
  "peak_cpu_memory_MB": 5343.748,
  "peak_gpu_0_memory_MB": 12677,
  "peak_gpu_1_memory_MB": 0,
  "peak_gpu_2_memory_MB": 0,
  "peak_gpu_3_memory_MB": 12821,
  "training_duration": "0:01:41.465132",
  "training_start_epoch": 0,
  "training_epochs": 2,
  "epoch": 2,
  "training_accuracy": 0.7557251908396947,
  "training_loss": 0.707599768271813,
  "training_cpu_memory_MB": 5343.748,
  "training_gpu_0_memory_MB": 12677,
  "training_gpu_1_memory_MB": 0,
  "training_gpu_2_memory_MB": 0,
  "training_gpu_3_memory_MB": 12821,
  "validation_accuracy": 0.5147223637289863,
  "validation_loss": 1.0240797216030209,
  "best_validation_accuracy": 0.5147223637289863,
  "best_validation_loss": 1.0240797216030209
}