{
  "best_epoch": 0,
  "peak_cpu_memory_MB": 5545.244,
  "peak_gpu_0_memory_MB": 12553,
  "peak_gpu_1_memory_MB": 0,
  "peak_gpu_2_memory_MB": 0,
  "peak_gpu_3_memory_MB": 2425,
  "training_duration": "0:00:29.489079",
  "training_start_epoch": 0,
  "training_epochs": 0,
  "epoch": 0,
  "training_accuracy": 0.3231552162849873,
  "training_loss": 1.2566400858072133,
  "training_cpu_memory_MB": 5545.244,
  "training_gpu_0_memory_MB": 12553,
  "training_gpu_1_memory_MB": 0,
  "training_gpu_2_memory_MB": 0,
  "training_gpu_3_memory_MB": 2425,
  "validation_accuracy": 0.34865002547121754,
  "validation_loss": 1.1475498357890872,
  "best_validation_accuracy": 0.34865002547121754,
  "best_validation_loss": 1.1475498357890872
}