{
  "best_epoch": 14,
  "peak_cpu_memory_MB": 5866.928,
  "peak_gpu_0_memory_MB": 22543,
  "peak_gpu_1_memory_MB": 20139,
  "peak_gpu_2_memory_MB": 20139,
  "peak_gpu_3_memory_MB": 20139,
  "training_duration": "0:08:29.815126",
  "training_start_epoch": 0,
  "training_epochs": 17,
  "epoch": 17,
  "training_accuracy": 0.5597964376590331,
  "training_disc_loss": 1.1551754355430603,
  "training_gen_loss": 6.285111541748047,
  "training_loss": 6.265476410205547,
  "training_cpu_memory_MB": 5866.928,
  "training_gpu_0_memory_MB": 22543,
  "training_gpu_1_memory_MB": 20139,
  "training_gpu_2_memory_MB": 20139,
  "training_gpu_3_memory_MB": 20139,
  "validation_accuracy": 0.3665987780040733,
  "validation_disc_loss": 1.6676015411653826,
  "validation_gen_loss": 6.913536102541031,
  "validation_loss": 6.91573558315154,
  "best_validation_accuracy": 0.3727087576374745,
  "best_validation_disc_loss": 1.6653733061205955,
  "best_validation_gen_loss": 6.956627568890972,
  "best_validation_loss": 6.958920325002363
}