{
  "best_epoch": 11,
  "peak_cpu_memory_MB": 5866.928,
  "peak_gpu_0_memory_MB": 22543,
  "peak_gpu_1_memory_MB": 20139,
  "peak_gpu_2_memory_MB": 20139,
  "peak_gpu_3_memory_MB": 20139,
  "training_duration": "0:05:37.327419",
  "training_start_epoch": 0,
  "training_epochs": 11,
  "epoch": 11,
  "training_accuracy": 0.4961832061068702,
  "training_disc_loss": 1.2922591972351074,
  "training_gen_loss": 6.35103702545166,
  "training_loss": 6.344732137826773,
  "training_cpu_memory_MB": 5866.928,
  "training_gpu_0_memory_MB": 22543,
  "training_gpu_1_memory_MB": 20139,
  "training_gpu_2_memory_MB": 20139,
  "training_gpu_3_memory_MB": 20139,
  "validation_accuracy": 0.3604887983706721,
  "validation_disc_loss": 1.7055084513079735,
  "validation_gen_loss": 6.93263509965712,
  "validation_loss": 6.934848446999827,
  "best_validation_accuracy": 0.3604887983706721,
  "best_validation_disc_loss": 1.7055084513079735,
  "best_validation_gen_loss": 6.93263509965712,
  "best_validation_loss": 6.934848446999827
}