{
  "best_epoch": 8,
  "peak_cpu_memory_MB": 5866.928,
  "peak_gpu_0_memory_MB": 22543,
  "peak_gpu_1_memory_MB": 20139,
  "peak_gpu_2_memory_MB": 20139,
  "peak_gpu_3_memory_MB": 20139,
  "training_duration": "0:04:08.882021",
  "training_start_epoch": 0,
  "training_epochs": 8,
  "epoch": 8,
  "training_accuracy": 0.48091603053435117,
  "training_disc_loss": 1.43180903673172,
  "training_gen_loss": 6.4080117988586425,
  "training_loss": 6.396735228024996,
  "training_cpu_memory_MB": 5866.928,
  "training_gpu_0_memory_MB": 22543,
  "training_gpu_1_memory_MB": 20139,
  "training_gpu_2_memory_MB": 20139,
  "training_gpu_3_memory_MB": 20139,
  "validation_accuracy": 0.35234215885947046,
  "validation_disc_loss": 2.4589867649539823,
  "validation_gen_loss": 7.020800628969746,
  "validation_loss": 7.022717398981894,
  "best_validation_accuracy": 0.35234215885947046,
  "best_validation_disc_loss": 2.4589867649539823,
  "best_validation_gen_loss": 7.020800628969746,
  "best_validation_loss": 7.022717398981894
}