{
  "best_epoch": 9,
  "peak_cpu_memory_MB": 5866.928,
  "peak_gpu_0_memory_MB": 22543,
  "peak_gpu_1_memory_MB": 20139,
  "peak_gpu_2_memory_MB": 20139,
  "peak_gpu_3_memory_MB": 20139,
  "training_duration": "0:05:11.218825",
  "training_start_epoch": 0,
  "training_epochs": 10,
  "epoch": 10,
  "training_accuracy": 0.4758269720101781,
  "training_disc_loss": 1.383830919265747,
  "training_gen_loss": 6.384774436950684,
  "training_loss": 6.376254852001484,
  "training_cpu_memory_MB": 5866.928,
  "training_gpu_0_memory_MB": 22543,
  "training_gpu_1_memory_MB": 20139,
  "training_gpu_2_memory_MB": 20139,
  "training_gpu_3_memory_MB": 20139,
  "validation_accuracy": 0.3574338085539715,
  "validation_disc_loss": 1.9419744139717472,
  "validation_gen_loss": 6.966604232788086,
  "validation_loss": 6.968712452919252,
  "best_validation_accuracy": 0.35845213849287166,
  "best_validation_disc_loss": 2.157925005882017,
  "best_validation_gen_loss": 6.9734810013924875,
  "best_validation_loss": 6.975520780009608
}