{
  "best_epoch": 5,
  "peak_cpu_memory_MB": 5866.928,
  "peak_gpu_0_memory_MB": 22543,
  "peak_gpu_1_memory_MB": 20139,
  "peak_gpu_2_memory_MB": 20139,
  "peak_gpu_3_memory_MB": 20139,
  "training_duration": "0:03:42.921530",
  "training_start_epoch": 0,
  "training_epochs": 7,
  "epoch": 7,
  "training_accuracy": 0.5241730279898219,
  "training_disc_loss": 1.3980164241790771,
  "training_gen_loss": 6.453305225372315,
  "training_loss": 6.467451975895808,
  "training_cpu_memory_MB": 5866.928,
  "training_gpu_0_memory_MB": 22543,
  "training_gpu_1_memory_MB": 20139,
  "training_gpu_2_memory_MB": 20139,
  "training_gpu_3_memory_MB": 20139,
  "validation_accuracy": 0.3380855397148676,
  "validation_disc_loss": 3.287416773457681,
  "validation_gen_loss": 7.179352660332957,
  "validation_loss": 7.181363659520303,
  "best_validation_accuracy": 0.3411405295315682,
  "best_validation_disc_loss": 3.5585266044062953,
  "best_validation_gen_loss": 7.156911980721258,
  "best_validation_loss": 7.1588624677350445
}