{
  "best_epoch": 5,
  "peak_cpu_memory_MB": 5866.928,
  "peak_gpu_0_memory_MB": 22543,
  "peak_gpu_1_memory_MB": 20139,
  "peak_gpu_2_memory_MB": 20139,
  "peak_gpu_3_memory_MB": 20139,
  "training_duration": "0:02:45.854643",
  "training_start_epoch": 0,
  "training_epochs": 5,
  "epoch": 5,
  "training_accuracy": 0.4198473282442748,
  "training_disc_loss": 1.8297944498062133,
  "training_gen_loss": 6.538890533447265,
  "training_loss": 6.543706820561336,
  "training_cpu_memory_MB": 5866.928,
  "training_gpu_0_memory_MB": 22543,
  "training_gpu_1_memory_MB": 20139,
  "training_gpu_2_memory_MB": 20139,
  "training_gpu_3_memory_MB": 20139,
  "validation_accuracy": 0.3411405295315682,
  "validation_disc_loss": 3.5585266044062953,
  "validation_gen_loss": 7.156911980721258,
  "validation_loss": 7.1588624677350445,
  "best_validation_accuracy": 0.3411405295315682,
  "best_validation_disc_loss": 3.5585266044062953,
  "best_validation_gen_loss": 7.156911980721258,
  "best_validation_loss": 7.1588624677350445
}