{
  "best_epoch": 8,
  "peak_cpu_memory_MB": 5866.82,
  "peak_gpu_0_memory_MB": 22543,
  "peak_gpu_1_memory_MB": 20139,
  "peak_gpu_2_memory_MB": 20139,
  "peak_gpu_3_memory_MB": 20139,
  "training_duration": "0:03:59.621335",
  "training_start_epoch": 0,
  "training_epochs": 8,
  "epoch": 8,
  "training_accuracy": 0.3435114503816794,
  "training_disc_loss": 3.8214291858673097,
  "training_gen_loss": 6.657437648773193,
  "training_loss": 6.64157772064209,
  "training_cpu_memory_MB": 5866.82,
  "training_gpu_0_memory_MB": 22543,
  "training_gpu_1_memory_MB": 20139,
  "training_gpu_2_memory_MB": 20139,
  "training_gpu_3_memory_MB": 20139,
  "validation_accuracy": 0.34419551934826886,
  "validation_disc_loss": 3.5579800836501585,
  "validation_gen_loss": 7.118337692752961,
  "validation_loss": 7.120631664030014,
  "best_validation_accuracy": 0.34419551934826886,
  "best_validation_disc_loss": 3.5579800836501585,
  "best_validation_gen_loss": 7.118337692752961,
  "best_validation_loss": 7.120631664030014
}