{
  "best_epoch": 0,
  "peak_cpu_memory_MB": 5866.82,
  "peak_gpu_0_memory_MB": 2617,
  "peak_gpu_1_memory_MB": 20139,
  "peak_gpu_2_memory_MB": 20139,
  "peak_gpu_3_memory_MB": 20139,
  "training_duration": "0:00:20.810655",
  "training_start_epoch": 0,
  "training_epochs": 0,
  "epoch": 0,
  "training_accuracy": 0.361323155216285,
  "training_disc_loss": 13.183236846923828,
  "training_gen_loss": 11.918254318237304,
  "training_loss": 11.84057404444768,
  "training_cpu_memory_MB": 5866.82,
  "training_gpu_0_memory_MB": 2617,
  "training_gpu_1_memory_MB": 20139,
  "training_gpu_2_memory_MB": 20139,
  "training_gpu_3_memory_MB": 20139,
  "validation_accuracy": 0.32077393075356414,
  "validation_disc_loss": 6.16107451915741,
  "validation_gen_loss": 8.753760353211433,
  "validation_loss": 8.756981295924033,
  "best_validation_accuracy": 0.32077393075356414,
  "best_validation_disc_loss": 6.16107451915741,
  "best_validation_gen_loss": 8.753760353211433,
  "best_validation_loss": 8.756981295924033
}