{
  "best_epoch": 3,
  "peak_cpu_memory_MB": 5866.82,
  "peak_gpu_0_memory_MB": 22543,
  "peak_gpu_1_memory_MB": 20139,
  "peak_gpu_2_memory_MB": 20139,
  "peak_gpu_3_memory_MB": 20139,
  "training_duration": "0:01:43.856556",
  "training_start_epoch": 0,
  "training_epochs": 3,
  "epoch": 3,
  "training_accuracy": 0.37404580152671757,
  "training_disc_loss": 3.234245162010193,
  "training_gen_loss": 6.816697902679444,
  "training_loss": 6.829858156350943,
  "training_cpu_memory_MB": 5866.82,
  "training_gpu_0_memory_MB": 22543,
  "training_gpu_1_memory_MB": 20139,
  "training_gpu_2_memory_MB": 20139,
  "training_gpu_3_memory_MB": 20139,
  "validation_accuracy": 0.3391038696537678,
  "validation_disc_loss": 3.5791306611030334,
  "validation_gen_loss": 7.322584059930617,
  "validation_loss": 7.323887348175049,
  "best_validation_accuracy": 0.3391038696537678,
  "best_validation_disc_loss": 3.5791306611030334,
  "best_validation_gen_loss": 7.322584059930617,
  "best_validation_loss": 7.323887348175049
}