{
  "best_epoch": 3,
  "peak_cpu_memory_MB": 5866.82,
  "peak_gpu_0_memory_MB": 22543,
  "peak_gpu_1_memory_MB": 20139,
  "peak_gpu_2_memory_MB": 20139,
  "peak_gpu_3_memory_MB": 20139,
  "training_duration": "0:02:15.049174",
  "training_start_epoch": 0,
  "training_epochs": 4,
  "epoch": 4,
  "training_accuracy": 0.3435114503816794,
  "training_disc_loss": 2.5376712465286255,
  "training_gen_loss": 6.644181747436523,
  "training_loss": 6.638693222632775,
  "training_cpu_memory_MB": 5866.82,
  "training_gpu_0_memory_MB": 22543,
  "training_gpu_1_memory_MB": 20139,
  "training_gpu_2_memory_MB": 20139,
  "training_gpu_3_memory_MB": 20139,
  "validation_accuracy": 0.3391038696537678,
  "validation_disc_loss": 4.707073253969992,
  "validation_gen_loss": 7.229736920325987,
  "validation_loss": 7.23115821038523,
  "best_validation_accuracy": 0.3391038696537678,
  "best_validation_disc_loss": 3.5791306611030334,
  "best_validation_gen_loss": 7.322584059930617,
  "best_validation_loss": 7.323887348175049
}