{
  "best_epoch": 2,
  "peak_cpu_memory_MB": 5345.408,
  "peak_gpu_0_memory_MB": 12645,
  "peak_gpu_1_memory_MB": 21435,
  "peak_gpu_2_memory_MB": 0,
  "peak_gpu_3_memory_MB": 12821,
  "training_duration": "0:02:54.427826",
  "training_start_epoch": 0,
  "training_epochs": 4,
  "epoch": 4,
  "training_accuracy": 0.9923664122137404,
  "training_loss": 0.056380765369305245,
  "training_cpu_memory_MB": 5345.408,
  "training_gpu_0_memory_MB": 12645,
  "training_gpu_1_memory_MB": 21435,
  "training_gpu_2_memory_MB": 0,
  "training_gpu_3_memory_MB": 12821,
  "validation_accuracy": 0.5476311767702496,
  "validation_loss": 1.4946339450752308,
  "best_validation_accuracy": 0.5784004075394804,
  "best_validation_loss": 1.3419095679680766
}