{
  "best_epoch": 0,
  "peak_cpu_memory_MB": 9766.472,
  "peak_gpu_0_memory_MB": 36,
  "peak_gpu_1_memory_MB": 2600,
  "training_duration": "6:22:18.695479",
  "training_start_epoch": 0,
  "training_epochs": 0,
  "epoch": 0,
  "training_accuracy": 0.7567111957667646,
  "training_gen_loss": 5.764952591618218,
  "training_disc_loss": 0.8016591845883912,
  "training_loss": 0.8016571444550328,
  "training_cpu_memory_MB": 9766.472,
  "training_gpu_0_memory_MB": 36,
  "training_gpu_1_memory_MB": 2600,
  "validation_accuracy": 0.8712175241976566,
  "validation_gen_loss": 6.4360319737408735,
  "validation_disc_loss": 0.3422086572782961,
  "validation_loss": 0.342102122083549,
  "best_validation_accuracy": 0.8712175241976566,
  "best_validation_gen_loss": 6.4360319737408735,
  "best_validation_disc_loss": 0.3422086572782961,
  "best_validation_loss": 0.342102122083549
}