{
  "best_epoch": 1,
  "peak_cpu_memory_MB": 9766.472,
  "peak_gpu_0_memory_MB": 36,
  "peak_gpu_1_memory_MB": 10808,
  "training_duration": "12:45:49.928239",
  "training_start_epoch": 0,
  "training_epochs": 1,
  "epoch": 1,
  "training_accuracy": 0.8809096974296031,
  "training_gen_loss": 6.327288609860081,
  "training_disc_loss": 0.3196264592973658,
  "training_loss": 0.31962560067354606,
  "training_cpu_memory_MB": 9766.472,
  "training_gpu_0_memory_MB": 36,
  "training_gpu_1_memory_MB": 10808,
  "validation_accuracy": 0.8840550178298523,
  "validation_gen_loss": 6.460835437417128,
  "validation_disc_loss": 0.3265900399402523,
  "validation_loss": 0.3265311662289723,
  "best_validation_accuracy": 0.8840550178298523,
  "best_validation_gen_loss": 6.460835437417128,
  "best_validation_disc_loss": 0.3265900399402523,
  "best_validation_loss": 0.3265311662289723
}