{
  "best_epoch": 1,
  "peak_cpu_memory_MB": 9766.472,
  "peak_gpu_0_memory_MB": 36,
  "peak_gpu_1_memory_MB": 10808,
  "training_duration": "19:08:45.559176",
  "training_start_epoch": 0,
  "training_epochs": 2,
  "epoch": 2,
  "training_accuracy": 0.9211666861895279,
  "training_gen_loss": 6.238735169278989,
  "training_disc_loss": 0.21679541782847747,
  "training_loss": 0.21679461017049753,
  "training_cpu_memory_MB": 9766.472,
  "training_gpu_0_memory_MB": 36,
  "training_gpu_1_memory_MB": 10808,
  "validation_accuracy": 0.8823229750382068,
  "validation_gen_loss": 6.317003412176753,
  "validation_disc_loss": 0.3639635745994357,
  "validation_loss": 0.363897511650617,
  "best_validation_accuracy": 0.8840550178298523,
  "best_validation_gen_loss": 6.460835437417128,
  "best_validation_disc_loss": 0.3265900399402523,
  "best_validation_loss": 0.3265311662289723
}