{
  "best_epoch": 3,
  "peak_cpu_memory_MB": 5518.8,
  "peak_gpu_0_memory_MB": 0,
  "peak_gpu_1_memory_MB": 21435,
  "peak_gpu_2_memory_MB": 0,
  "peak_gpu_3_memory_MB": 12805,
  "training_duration": "0:02:16.942845",
  "training_start_epoch": 0,
  "training_epochs": 3,
  "epoch": 3,
  "training_accuracy": 0.4020356234096692,
  "training_loss": 1.1138195120371306,
  "training_cpu_memory_MB": 5518.8,
  "training_gpu_0_memory_MB": 0,
  "training_gpu_1_memory_MB": 21435,
  "training_gpu_2_memory_MB": 0,
  "training_gpu_3_memory_MB": 12805,
  "validation_accuracy": 0.34284258787570043,
  "validation_loss": 1.1129040127856724,
  "best_validation_accuracy": 0.34284258787570043,
  "best_validation_loss": 1.1129040127856724
}