{
  "best_epoch": 12,
  "peak_cpu_memory_MB": 5518.8,
  "peak_gpu_0_memory_MB": 0,
  "peak_gpu_1_memory_MB": 21435,
  "peak_gpu_2_memory_MB": 0,
  "peak_gpu_3_memory_MB": 12805,
  "training_duration": "0:08:03.767337",
  "training_start_epoch": 0,
  "training_epochs": 12,
  "epoch": 12,
  "training_accuracy": 0.9847328244274809,
  "training_loss": 0.08051769693310444,
  "training_cpu_memory_MB": 5518.8,
  "training_gpu_0_memory_MB": 0,
  "training_gpu_1_memory_MB": 21435,
  "training_gpu_2_memory_MB": 0,
  "training_gpu_3_memory_MB": 12805,
  "validation_accuracy": 0.6405501782985227,
  "validation_loss": 0.9929439829304475,
  "best_validation_accuracy": 0.6405501782985227,
  "best_validation_loss": 0.9929439829304475
}