{
  "best_epoch": 14,
  "peak_cpu_memory_MB": 5867.088,
  "peak_gpu_0_memory_MB": 21435,
  "peak_gpu_1_memory_MB": 20139,
  "peak_gpu_2_memory_MB": 20139,
  "peak_gpu_3_memory_MB": 20139,
  "training_duration": "0:08:12.803169",
  "training_start_epoch": 0,
  "training_epochs": 17,
  "epoch": 17,
  "training_accuracy": 0.539440203562341,
  "training_disc_loss": 1.1110614490509034,
  "training_gen_loss": 6.323232727050781,
  "training_loss": 5.783962836632361,
  "training_cpu_memory_MB": 5867.088,
  "training_gpu_0_memory_MB": 21435,
  "training_gpu_1_memory_MB": 20139,
  "training_gpu_2_memory_MB": 20139,
  "training_gpu_3_memory_MB": 20139,
  "validation_accuracy": 0.3859470468431772,
  "validation_disc_loss": 1.503947502182376,
  "validation_gen_loss": 6.8369267832848335,
  "validation_loss": 6.305856766239289,
  "best_validation_accuracy": 0.3910386965376782,
  "best_validation_disc_loss": 1.4993515697217756,
  "best_validation_gen_loss": 6.834906370409073,
  "best_validation_loss": 6.303606587071573
}