{
  "best_epoch": 2,
  "peak_cpu_memory_MB": 5867.088,
  "peak_gpu_0_memory_MB": 21435,
  "peak_gpu_1_memory_MB": 20139,
  "peak_gpu_2_memory_MB": 20139,
  "peak_gpu_3_memory_MB": 20139,
  "training_duration": "0:01:45.592695",
  "training_start_epoch": 0,
  "training_epochs": 3,
  "epoch": 3,
  "training_accuracy": 0.3256997455470738,
  "training_disc_loss": 2.361373062133789,
  "training_gen_loss": 6.7273428344726565,
  "training_loss": 6.298144817352295,
  "training_cpu_memory_MB": 5867.088,
  "training_gpu_0_memory_MB": 21435,
  "training_gpu_1_memory_MB": 20139,
  "training_gpu_2_memory_MB": 20139,
  "training_gpu_3_memory_MB": 20139,
  "validation_accuracy": 0.34928716904276985,
  "validation_disc_loss": 4.3328609889553436,
  "validation_gen_loss": 7.253999525500882,
  "validation_loss": 6.967813907131072,
  "best_validation_accuracy": 0.35234215885947046,
  "best_validation_disc_loss": 2.746706314625279,
  "best_validation_gen_loss": 7.155919467249224,
  "best_validation_loss": 6.719812654679822
}