{
  "best_epoch": 14,
  "peak_cpu_memory_MB": 5867.088,
  "peak_gpu_0_memory_MB": 21435,
  "peak_gpu_1_memory_MB": 20139,
  "peak_gpu_2_memory_MB": 20139,
  "peak_gpu_3_memory_MB": 20139,
  "training_duration": "0:07:19.704005",
  "training_start_epoch": 0,
  "training_epochs": 15,
  "epoch": 15,
  "training_accuracy": 0.5114503816793893,
  "training_disc_loss": 1.2151695156097413,
  "training_gen_loss": 6.350343456268311,
  "training_loss": 5.842231236971342,
  "training_cpu_memory_MB": 5867.088,
  "training_gpu_0_memory_MB": 21435,
  "training_gpu_1_memory_MB": 20139,
  "training_gpu_2_memory_MB": 20139,
  "training_gpu_3_memory_MB": 20139,
  "validation_accuracy": 0.3869653767820774,
  "validation_disc_loss": 1.5154063970811906,
  "validation_gen_loss": 6.833513306033227,
  "validation_loss": 6.30395177102858,
  "best_validation_accuracy": 0.3910386965376782,
  "best_validation_disc_loss": 1.4993515697217756,
  "best_validation_gen_loss": 6.834906370409073,
  "best_validation_loss": 6.303606587071573
}