{
  "best_epoch": 5,
  "peak_cpu_memory_MB": 5867.088,
  "peak_gpu_0_memory_MB": 21435,
  "peak_gpu_1_memory_MB": 20139,
  "peak_gpu_2_memory_MB": 20139,
  "peak_gpu_3_memory_MB": 20139,
  "training_duration": "0:05:28.622326",
  "training_start_epoch": 0,
  "training_epochs": 11,
  "epoch": 11,
  "training_accuracy": 0.48091603053435117,
  "training_disc_loss": 1.2558290028572083,
  "training_gen_loss": 6.379424724578858,
  "training_loss": 5.862890353569617,
  "training_cpu_memory_MB": 5867.088,
  "training_gpu_0_memory_MB": 21435,
  "training_gpu_1_memory_MB": 20139,
  "training_gpu_2_memory_MB": 20139,
  "training_gpu_3_memory_MB": 20139,
  "validation_accuracy": 0.3665987780040733,
  "validation_disc_loss": 1.5087401059366041,
  "validation_gen_loss": 6.83990135500508,
  "validation_loss": 6.309158771268783,
  "best_validation_accuracy": 0.3788187372708758,
  "best_validation_disc_loss": 1.8047060706923086,
  "best_validation_gen_loss": 6.933821485888574,
  "best_validation_loss": 6.424140207229122
}