{
  "best_epoch": 14,
  "peak_cpu_memory_MB": 5867.088,
  "peak_gpu_0_memory_MB": 21435,
  "peak_gpu_1_memory_MB": 20139,
  "peak_gpu_2_memory_MB": 20139,
  "peak_gpu_3_memory_MB": 20139,
  "training_duration": "0:06:48.162650",
  "training_start_epoch": 0,
  "training_epochs": 14,
  "epoch": 14,
  "training_accuracy": 0.5012722646310432,
  "training_disc_loss": 1.2908871006965636,
  "training_gen_loss": 6.343439464569092,
  "training_loss": 5.824877078716572,
  "training_cpu_memory_MB": 5867.088,
  "training_gpu_0_memory_MB": 21435,
  "training_gpu_1_memory_MB": 20139,
  "training_gpu_2_memory_MB": 20139,
  "training_gpu_3_memory_MB": 20139,
  "validation_accuracy": 0.3910386965376782,
  "validation_disc_loss": 1.4993515697217756,
  "validation_gen_loss": 6.834906370409073,
  "validation_loss": 6.303606587071573,
  "best_validation_accuracy": 0.3910386965376782,
  "best_validation_disc_loss": 1.4993515697217756,
  "best_validation_gen_loss": 6.834906370409073,
  "best_validation_loss": 6.303606587071573
}