{
  "best_epoch": 5,
  "peak_cpu_memory_MB": 5867.088,
  "peak_gpu_0_memory_MB": 21435,
  "peak_gpu_1_memory_MB": 20139,
  "peak_gpu_2_memory_MB": 20139,
  "peak_gpu_3_memory_MB": 20139,
  "training_duration": "0:04:09.429872",
  "training_start_epoch": 0,
  "training_epochs": 8,
  "epoch": 8,
  "training_accuracy": 0.46564885496183206,
  "training_disc_loss": 1.4524375677108765,
  "training_gen_loss": 6.434469299316406,
  "training_loss": 5.925319634951078,
  "training_cpu_memory_MB": 5867.088,
  "training_gpu_0_memory_MB": 21435,
  "training_gpu_1_memory_MB": 20139,
  "training_gpu_2_memory_MB": 20139,
  "training_gpu_3_memory_MB": 20139,
  "validation_accuracy": 0.3604887983706721,
  "validation_disc_loss": 1.5974918094373518,
  "validation_gen_loss": 6.867407906439997,
  "validation_loss": 6.3429132584602606,
  "best_validation_accuracy": 0.3788187372708758,
  "best_validation_disc_loss": 1.8047060706923086,
  "best_validation_gen_loss": 6.933821485888574,
  "best_validation_loss": 6.424140207229122
}