{
  "best_epoch": 0,
  "peak_cpu_memory_MB": 5350.92,
  "peak_gpu_0_memory_MB": 12553,
  "peak_gpu_1_memory_MB": 0,
  "peak_gpu_2_memory_MB": 10225,
  "peak_gpu_3_memory_MB": 12821,
  "training_duration": "0:01:05.071567",
  "training_start_epoch": 0,
  "training_epochs": 1,
  "epoch": 1,
  "training_accuracy": 0.3791348600508906,
  "training_loss": 1.1716450727902925,
  "training_cpu_memory_MB": 5350.92,
  "training_gpu_0_memory_MB": 12553,
  "training_gpu_1_memory_MB": 0,
  "training_gpu_2_memory_MB": 10225,
  "training_gpu_3_memory_MB": 12821,
  "validation_accuracy": 0.3273560876209883,
  "validation_loss": 1.191571116059145,
  "best_validation_accuracy": 0.4503311258278146,
  "best_validation_loss": 1.044919369469248
}