{
  "best_epoch": 0,
  "peak_cpu_memory_MB": 5350.92,
  "peak_gpu_0_memory_MB": 2309,
  "peak_gpu_1_memory_MB": 0,
  "peak_gpu_2_memory_MB": 10225,
  "peak_gpu_3_memory_MB": 12821,
  "training_duration": "0:00:30.082203",
  "training_start_epoch": 0,
  "training_epochs": 0,
  "epoch": 0,
  "training_accuracy": 0.3511450381679389,
  "training_loss": 1.111215591430664,
  "training_cpu_memory_MB": 5350.92,
  "training_gpu_0_memory_MB": 2309,
  "training_gpu_1_memory_MB": 0,
  "training_gpu_2_memory_MB": 10225,
  "training_gpu_3_memory_MB": 12821,
  "validation_accuracy": 0.4503311258278146,
  "validation_loss": 1.044919369469248,
  "best_validation_accuracy": 0.4503311258278146,
  "best_validation_loss": 1.044919369469248
}