{
  "best_epoch": 4,
  "peak_cpu_memory_MB": 5500.288,
  "peak_gpu_0_memory_MB": 12645,
  "peak_gpu_1_memory_MB": 21435,
  "peak_gpu_2_memory_MB": 0,
  "peak_gpu_3_memory_MB": 12821,
  "training_duration": "0:03:00.068259",
  "training_start_epoch": 0,
  "training_epochs": 4,
  "epoch": 4,
  "training_accuracy": 0.7251908396946565,
  "training_loss": 0.7458931436905494,
  "training_cpu_memory_MB": 5500.288,
  "training_gpu_0_memory_MB": 12645,
  "training_gpu_1_memory_MB": 21435,
  "training_gpu_2_memory_MB": 0,
  "training_gpu_3_memory_MB": 12821,
  "validation_accuracy": 0.48976057055527256,
  "validation_loss": 1.0724045564375018,
  "best_validation_accuracy": 0.48976057055527256,
  "best_validation_loss": 1.0724045564375018
}