{
  "best_epoch": 3,
  "peak_cpu_memory_MB": 5500.288,
  "peak_gpu_0_memory_MB": 12645,
  "peak_gpu_1_memory_MB": 21435,
  "peak_gpu_2_memory_MB": 0,
  "peak_gpu_3_memory_MB": 12821,
  "training_duration": "0:02:22.157284",
  "training_start_epoch": 0,
  "training_epochs": 3,
  "epoch": 3,
  "training_accuracy": 0.6259541984732825,
  "training_loss": 0.8734551989115201,
  "training_cpu_memory_MB": 5500.288,
  "training_gpu_0_memory_MB": 12645,
  "training_gpu_1_memory_MB": 21435,
  "training_gpu_2_memory_MB": 0,
  "training_gpu_3_memory_MB": 12821,
  "validation_accuracy": 0.47977585328578704,
  "validation_loss": 1.0317968005854454,
  "best_validation_accuracy": 0.47977585328578704,
  "best_validation_loss": 1.0317968005854454
}