{
  "best_epoch": 0,
  "peak_cpu_memory_MB": 5493.276,
  "peak_gpu_0_memory_MB": 12677,
  "peak_gpu_1_memory_MB": 12,
  "peak_gpu_2_memory_MB": 0,
  "peak_gpu_3_memory_MB": 2425,
  "training_duration": "0:00:29.869665",
  "training_start_epoch": 0,
  "training_epochs": 0,
  "epoch": 0,
  "training_accuracy": 0.356234096692112,
  "training_loss": 1.1047012622539814,
  "training_cpu_memory_MB": 5493.276,
  "training_gpu_0_memory_MB": 12677,
  "training_gpu_1_memory_MB": 12,
  "training_gpu_2_memory_MB": 0,
  "training_gpu_3_memory_MB": 2425,
  "validation_accuracy": 0.3390728476821192,
  "validation_loss": 1.1012037545927962,
  "best_validation_accuracy": 0.3390728476821192,
  "best_validation_loss": 1.1012037545927962
}