{
  "best_epoch": 13,
  "peak_cpu_memory_MB": 5488.212,
  "peak_gpu_0_memory_MB": 12677,
  "peak_gpu_1_memory_MB": 21435,
  "peak_gpu_2_memory_MB": 0,
  "peak_gpu_3_memory_MB": 12821,
  "training_duration": "0:09:14.462662",
  "training_start_epoch": 0,
  "training_epochs": 14,
  "epoch": 14,
  "training_accuracy": 0.9949109414758269,
  "training_loss": 0.03060335350724367,
  "training_cpu_memory_MB": 5488.212,
  "training_gpu_0_memory_MB": 12677,
  "training_gpu_1_memory_MB": 21435,
  "training_gpu_2_memory_MB": 0,
  "training_gpu_3_memory_MB": 12821,
  "validation_accuracy": 0.6505348955680081,
  "validation_loss": 1.0476584009316534,
  "best_validation_accuracy": 0.6505348955680081,
  "best_validation_loss": 1.0476584009316534
}