{
  "best_epoch": 7,
  "peak_cpu_memory_MB": 5488.212,
  "peak_gpu_0_memory_MB": 12553,
  "peak_gpu_1_memory_MB": 21435,
  "peak_gpu_2_memory_MB": 0,
  "peak_gpu_3_memory_MB": 12821,
  "training_duration": "0:04:52.184107",
  "training_start_epoch": 0,
  "training_epochs": 7,
  "epoch": 7,
  "training_accuracy": 0.9567430025445293,
  "training_loss": 0.22778018220112875,
  "training_cpu_memory_MB": 5488.212,
  "training_gpu_0_memory_MB": 12553,
  "training_gpu_1_memory_MB": 21435,
  "training_gpu_2_memory_MB": 0,
  "training_gpu_3_memory_MB": 12821,
  "validation_accuracy": 0.6137544574630668,
  "validation_loss": 0.9228845115399128,
  "best_validation_accuracy": 0.6137544574630668,
  "best_validation_loss": 0.9228845115399128
}