{
  "best_epoch": 9,
  "peak_cpu_memory_MB": 5488.212,
  "peak_gpu_0_memory_MB": 12553,
  "peak_gpu_1_memory_MB": 21435,
  "peak_gpu_2_memory_MB": 0,
  "peak_gpu_3_memory_MB": 12821,
  "training_duration": "0:06:45.452998",
  "training_start_epoch": 0,
  "training_epochs": 10,
  "epoch": 10,
  "training_accuracy": 0.9821882951653944,
  "training_loss": 0.06687895222925223,
  "training_cpu_memory_MB": 5488.212,
  "training_gpu_0_memory_MB": 12553,
  "training_gpu_1_memory_MB": 21435,
  "training_gpu_2_memory_MB": 0,
  "training_gpu_3_memory_MB": 12821,
  "validation_accuracy": 0.6251655629139072,
  "validation_loss": 1.0549046588448825,
  "best_validation_accuracy": 0.6329088130412633,
  "best_validation_loss": 0.9909747157500699
}