{
  "best_epoch": 2,
  "peak_cpu_memory_MB": 5493.188,
  "peak_gpu_0_memory_MB": 12693,
  "peak_gpu_1_memory_MB": 21435,
  "peak_gpu_2_memory_MB": 0,
  "peak_gpu_3_memory_MB": 13013,
  "training_duration": "0:01:42.180061",
  "training_start_epoch": 0,
  "training_epochs": 2,
  "epoch": 2,
  "training_accuracy": 0.40458015267175573,
  "training_loss": 1.1122685304054847,
  "training_cpu_memory_MB": 5493.188,
  "training_gpu_0_memory_MB": 12645,
  "training_gpu_1_memory_MB": 21435,
  "training_gpu_2_memory_MB": 0,
  "training_gpu_3_memory_MB": 13013,
  "validation_accuracy": 0.3525216505348956,
  "validation_loss": 1.0979393969141311,
  "best_validation_accuracy": 0.3525216505348956,
  "best_validation_loss": 1.0979393969141311
}