{
  "best_epoch": 0,
  "peak_cpu_memory_MB": 9261.108,
  "peak_gpu_0_memory_MB": 5371,
  "peak_gpu_1_memory_MB": 2292,
  "training_duration": "1:36:20.269145",
  "training_start_epoch": 0,
  "training_epochs": 0,
  "epoch": 0,
  "training_accuracy": 0.8065072243074901,
  "training_loss": 0.48439726951948553,
  "training_cpu_memory_MB": 9261.108,
  "training_gpu_0_memory_MB": 5371,
  "training_gpu_1_memory_MB": 2292,
  "validation_accuracy": 0.8496179317371371,
  "validation_loss": 0.3935634974111175,
  "best_validation_accuracy": 0.8496179317371371,
  "best_validation_loss": 0.3935634974111175
}