{
  "best_epoch": 3,
  "peak_cpu_memory_MB": 5867.02,
  "peak_gpu_0_memory_MB": 14587,
  "peak_gpu_1_memory_MB": 12,
  "peak_gpu_2_memory_MB": 14583,
  "peak_gpu_3_memory_MB": 12,
  "training_duration": "0:01:59.075481",
  "training_start_epoch": 0,
  "training_epochs": 3,
  "epoch": 3,
  "training_accuracy": 0.40966921119592875,
  "training_disc_loss": 3.030227977335453,
  "training_gen_loss": 7.490376539230347,
  "training_loss": 5.260302228927612,
  "training_cpu_memory_MB": 5867.02,
  "training_gpu_0_memory_MB": 14587,
  "training_gpu_1_memory_MB": 12,
  "training_gpu_2_memory_MB": 14583,
  "training_gpu_3_memory_MB": 12,
  "validation_accuracy": 0.37678207739307534,
  "validation_disc_loss": 2.2316511663479535,
  "validation_gen_loss": 7.435089859536023,
  "validation_loss": 4.8333704917411495,
  "best_validation_accuracy": 0.37678207739307534,
  "best_validation_disc_loss": 2.2316511663479535,
  "best_validation_gen_loss": 7.435089859536023,
  "best_validation_loss": 4.8333704917411495
}