{
  "best_epoch": 11,
  "peak_cpu_memory_MB": 5867.02,
  "peak_gpu_0_memory_MB": 14587,
  "peak_gpu_1_memory_MB": 12,
  "peak_gpu_2_memory_MB": 14583,
  "peak_gpu_3_memory_MB": 12,
  "training_duration": "0:13:47.022945",
  "training_start_epoch": 0,
  "training_epochs": 24,
  "epoch": 24,
  "training_accuracy": 0.9770992366412213,
  "training_disc_loss": 0.0887188241397962,
  "training_gen_loss": 5.802773265838623,
  "training_loss": 2.945746035575867,
  "training_cpu_memory_MB": 5867.02,
  "training_gpu_0_memory_MB": 14587,
  "training_gpu_1_memory_MB": 12,
  "training_gpu_2_memory_MB": 14583,
  "training_gpu_3_memory_MB": 12,
  "validation_accuracy": 0.3757637474541752,
  "validation_disc_loss": 3.4716695275733143,
  "validation_gen_loss": 7.710432928752124,
  "validation_loss": 5.591051221863041,
  "best_validation_accuracy": 0.40835030549898166,
  "best_validation_disc_loss": 1.3374342695484316,
  "best_validation_gen_loss": 6.846056674554096,
  "best_validation_loss": 4.091745475443398
}