{
  "best_epoch": 6,
  "peak_cpu_memory_MB": 5867.02,
  "peak_gpu_0_memory_MB": 14587,
  "peak_gpu_1_memory_MB": 12,
  "peak_gpu_2_memory_MB": 14583,
  "peak_gpu_3_memory_MB": 12,
  "training_duration": "0:04:18.388196",
  "training_start_epoch": 0,
  "training_epochs": 7,
  "epoch": 7,
  "training_accuracy": 0.48346055979643765,
  "training_disc_loss": 1.8006811046600342,
  "training_gen_loss": 7.120555973052978,
  "training_loss": 4.460618557929993,
  "training_cpu_memory_MB": 5867.02,
  "training_gpu_0_memory_MB": 14587,
  "training_gpu_1_memory_MB": 12,
  "training_gpu_2_memory_MB": 14583,
  "training_gpu_3_memory_MB": 12,
  "validation_accuracy": 0.3879837067209776,
  "validation_disc_loss": 2.0414206749055444,
  "validation_gen_loss": 7.603877990226436,
  "validation_loss": 4.822649352918796,
  "best_validation_accuracy": 0.40020366598778007,
  "best_validation_disc_loss": 2.0637056905079665,
  "best_validation_gen_loss": 6.964197089032429,
  "best_validation_loss": 4.513951379109204
}