{
  "best_epoch": 11,
  "peak_cpu_memory_MB": 5867.02,
  "peak_gpu_0_memory_MB": 14587,
  "peak_gpu_1_memory_MB": 12,
  "peak_gpu_2_memory_MB": 14583,
  "peak_gpu_3_memory_MB": 12,
  "training_duration": "0:08:15.035738",
  "training_start_epoch": 0,
  "training_epochs": 14,
  "epoch": 14,
  "training_accuracy": 0.7557251908396947,
  "training_disc_loss": 0.869397614300251,
  "training_gen_loss": 6.261984224319458,
  "training_loss": 3.565690908432007,
  "training_cpu_memory_MB": 5867.02,
  "training_gpu_0_memory_MB": 14587,
  "training_gpu_1_memory_MB": 12,
  "training_gpu_2_memory_MB": 14583,
  "training_gpu_3_memory_MB": 12,
  "validation_accuracy": 0.35845213849287166,
  "validation_disc_loss": 2.3516463506512526,
  "validation_gen_loss": 6.977013467773189,
  "validation_loss": 4.6643299145427175,
  "best_validation_accuracy": 0.40835030549898166,
  "best_validation_disc_loss": 1.3374342695484316,
  "best_validation_gen_loss": 6.846056674554096,
  "best_validation_loss": 4.091745475443398
}