{
  "best_epoch": 6,
  "peak_cpu_memory_MB": 5867.02,
  "peak_gpu_0_memory_MB": 14587,
  "peak_gpu_1_memory_MB": 12,
  "peak_gpu_2_memory_MB": 14583,
  "peak_gpu_3_memory_MB": 12,
  "training_duration": "0:05:24.031901",
  "training_start_epoch": 0,
  "training_epochs": 9,
  "epoch": 9,
  "training_accuracy": 0.37404580152671757,
  "training_disc_loss": 1.7826793909072876,
  "training_gen_loss": 6.609892377853393,
  "training_loss": 4.196285901069641,
  "training_cpu_memory_MB": 5867.02,
  "training_gpu_0_memory_MB": 14333,
  "training_gpu_1_memory_MB": 12,
  "training_gpu_2_memory_MB": 14583,
  "training_gpu_3_memory_MB": 12,
  "validation_accuracy": 0.3665987780040733,
  "validation_disc_loss": 1.1083258627876034,
  "validation_gen_loss": 6.87291272868955,
  "validation_loss": 3.990619283381516,
  "best_validation_accuracy": 0.40020366598778007,
  "best_validation_disc_loss": 2.0637056905079665,
  "best_validation_gen_loss": 6.964197089032429,
  "best_validation_loss": 4.513951379109204
}