{
  "best_epoch": 11,
  "peak_cpu_memory_MB": 5867.02,
  "peak_gpu_0_memory_MB": 14587,
  "peak_gpu_1_memory_MB": 12,
  "peak_gpu_2_memory_MB": 14583,
  "peak_gpu_3_memory_MB": 12,
  "training_duration": "0:11:34.961665",
  "training_start_epoch": 0,
  "training_epochs": 20,
  "epoch": 20,
  "training_accuracy": 0.910941475826972,
  "training_disc_loss": 0.24761764582246543,
  "training_gen_loss": 5.982615556716919,
  "training_loss": 3.115116596221924,
  "training_cpu_memory_MB": 5867.02,
  "training_gpu_0_memory_MB": 14587,
  "training_gpu_1_memory_MB": 12,
  "training_gpu_2_memory_MB": 14583,
  "training_gpu_3_memory_MB": 12,
  "validation_accuracy": 0.40529531568228105,
  "validation_disc_loss": 2.5221000396139255,
  "validation_gen_loss": 7.082477143140343,
  "validation_loss": 4.802288582654503,
  "best_validation_accuracy": 0.40835030549898166,
  "best_validation_disc_loss": 1.3374342695484316,
  "best_validation_gen_loss": 6.846056674554096,
  "best_validation_loss": 4.091745475443398
}