{
  "best_epoch": 3,
  "peak_cpu_memory_MB": 5867.02,
  "peak_gpu_0_memory_MB": 14587,
  "peak_gpu_1_memory_MB": 12,
  "peak_gpu_2_memory_MB": 14583,
  "peak_gpu_3_memory_MB": 12,
  "training_duration": "0:02:34.723650",
  "training_start_epoch": 0,
  "training_epochs": 4,
  "epoch": 4,
  "training_accuracy": 0.4681933842239186,
  "training_disc_loss": 1.9724550145864486,
  "training_gen_loss": 7.052510423660278,
  "training_loss": 4.5124827003479,
  "training_cpu_memory_MB": 5867.02,
  "training_gpu_0_memory_MB": 14587,
  "training_gpu_1_memory_MB": 12,
  "training_gpu_2_memory_MB": 14583,
  "training_gpu_3_memory_MB": 12,
  "validation_accuracy": 0.37678207739307534,
  "validation_disc_loss": 6.187997172518474,
  "validation_gen_loss": 7.32989743473084,
  "validation_loss": 6.7589473065322005,
  "best_validation_accuracy": 0.37678207739307534,
  "best_validation_disc_loss": 2.2316511663479535,
  "best_validation_gen_loss": 7.435089859536023,
  "best_validation_loss": 4.8333704917411495
}