{
  "best_epoch": 0,
  "peak_cpu_memory_MB": 5867.02,
  "peak_gpu_0_memory_MB": 14587,
  "peak_gpu_1_memory_MB": 12,
  "peak_gpu_2_memory_MB": 14583,
  "peak_gpu_3_memory_MB": 12,
  "training_duration": "0:00:57.553388",
  "training_start_epoch": 0,
  "training_epochs": 1,
  "epoch": 1,
  "training_accuracy": 0.3435114503816794,
  "training_disc_loss": 5.457341870069504,
  "training_gen_loss": 8.610270938873292,
  "training_loss": 7.033806371688843,
  "training_cpu_memory_MB": 5867.02,
  "training_gpu_0_memory_MB": 14587,
  "training_gpu_1_memory_MB": 12,
  "training_gpu_2_memory_MB": 14583,
  "training_gpu_3_memory_MB": 12,
  "validation_accuracy": 0.3167006109979633,
  "validation_disc_loss": 4.036750913635502,
  "validation_gen_loss": 7.918946080091523,
  "validation_loss": 5.977848483294975,
  "best_validation_accuracy": 0.3615071283095723,
  "best_validation_disc_loss": 14.535532668354065,
  "best_validation_gen_loss": 11.241995912257249,
  "best_validation_loss": 12.888764365901793
}