{
  "best_epoch": 11,
  "peak_cpu_memory_MB": 5867.02,
  "peak_gpu_0_memory_MB": 14587,
  "peak_gpu_1_memory_MB": 12,
  "peak_gpu_2_memory_MB": 14583,
  "peak_gpu_3_memory_MB": 12,
  "training_duration": "0:14:20.144561",
  "training_start_epoch": 0,
  "training_epochs": 25,
  "epoch": 25,
  "training_accuracy": 0.9567430025445293,
  "training_disc_loss": 0.1123898608260788,
  "training_gen_loss": 5.779665250778198,
  "training_loss": 2.9460275554656983,
  "training_cpu_memory_MB": 5867.02,
  "training_gpu_0_memory_MB": 14587,
  "training_gpu_1_memory_MB": 12,
  "training_gpu_2_memory_MB": 14583,
  "training_gpu_3_memory_MB": 12,
  "validation_accuracy": 0.3971486761710794,
  "validation_disc_loss": 2.5918157139444737,
  "validation_gen_loss": 7.26187644353727,
  "validation_loss": 4.926846062264791,
  "best_validation_accuracy": 0.40835030549898166,
  "best_validation_disc_loss": 1.3374342695484316,
  "best_validation_gen_loss": 6.846056674554096,
  "best_validation_loss": 4.091745475443398
}