{
  "best_epoch": 6,
  "peak_cpu_memory_MB": 5867.02,
  "peak_gpu_0_memory_MB": 14587,
  "peak_gpu_1_memory_MB": 12,
  "peak_gpu_2_memory_MB": 14583,
  "peak_gpu_3_memory_MB": 12,
  "training_duration": "0:04:50.831798",
  "training_start_epoch": 0,
  "training_epochs": 8,
  "epoch": 8,
  "training_accuracy": 0.4910941475826972,
  "training_disc_loss": 1.5130171716213225,
  "training_gen_loss": 6.800112628936768,
  "training_loss": 4.156564917564392,
  "training_cpu_memory_MB": 5867.02,
  "training_gpu_0_memory_MB": 14587,
  "training_gpu_1_memory_MB": 12,
  "training_gpu_2_memory_MB": 14583,
  "training_gpu_3_memory_MB": 12,
  "validation_accuracy": 0.3411405295315682,
  "validation_disc_loss": 1.199536077859925,
  "validation_gen_loss": 6.982948245071784,
  "validation_loss": 4.091242158316015,
  "best_validation_accuracy": 0.40020366598778007,
  "best_validation_disc_loss": 2.0637056905079665,
  "best_validation_gen_loss": 6.964197089032429,
  "best_validation_loss": 4.513951379109204
}