{
  "best_epoch": 11,
  "peak_cpu_memory_MB": 5867.02,
  "peak_gpu_0_memory_MB": 14587,
  "peak_gpu_1_memory_MB": 12,
  "peak_gpu_2_memory_MB": 14583,
  "peak_gpu_3_memory_MB": 12,
  "training_duration": "0:09:21.394652",
  "training_start_epoch": 0,
  "training_epochs": 16,
  "epoch": 16,
  "training_accuracy": 0.8651399491094147,
  "training_disc_loss": 0.35504476698115467,
  "training_gen_loss": 6.131588983535766,
  "training_loss": 3.2433168840408326,
  "training_cpu_memory_MB": 5867.02,
  "training_gpu_0_memory_MB": 14587,
  "training_gpu_1_memory_MB": 12,
  "training_gpu_2_memory_MB": 14583,
  "training_gpu_3_memory_MB": 12,
  "validation_accuracy": 0.3859470468431772,
  "validation_disc_loss": 2.08084082118864,
  "validation_gen_loss": 7.025053629061071,
  "validation_loss": 4.5529472149484524,
  "best_validation_accuracy": 0.40835030549898166,
  "best_validation_disc_loss": 1.3374342695484316,
  "best_validation_gen_loss": 6.846056674554096,
  "best_validation_loss": 4.091745475443398
}