{
  "best_epoch": 1,
  "peak_cpu_memory_MB": 5346.248,
  "peak_gpu_0_memory_MB": 12553,
  "peak_gpu_1_memory_MB": 21435,
  "peak_gpu_2_memory_MB": 0,
  "peak_gpu_3_memory_MB": 12805,
  "training_duration": "0:02:51.059452",
  "training_start_epoch": 0,
  "training_epochs": 4,
  "epoch": 4,
  "training_accuracy": 0.989821882951654,
  "training_loss": 0.04510832964800871,
  "training_cpu_memory_MB": 5346.248,
  "training_gpu_0_memory_MB": 12553,
  "training_gpu_1_memory_MB": 21435,
  "training_gpu_2_memory_MB": 0,
  "training_gpu_3_memory_MB": 12805,
  "validation_accuracy": 0.5412124299541519,
  "validation_loss": 1.7096609156760796,
  "best_validation_accuracy": 0.5412124299541519,
  "best_validation_loss": 1.0318613273701374
}