{
  "best_epoch": 1,
  "peak_cpu_memory_MB": 5346.248,
  "peak_gpu_0_memory_MB": 12553,
  "peak_gpu_1_memory_MB": 21435,
  "peak_gpu_2_memory_MB": 0,
  "peak_gpu_3_memory_MB": 12805,
  "training_duration": "0:01:42.412503",
  "training_start_epoch": 0,
  "training_epochs": 2,
  "epoch": 2,
  "training_accuracy": 0.8320610687022901,
  "training_loss": 0.4795023821867429,
  "training_cpu_memory_MB": 5346.248,
  "training_gpu_0_memory_MB": 12553,
  "training_gpu_1_memory_MB": 21435,
  "training_gpu_2_memory_MB": 0,
  "training_gpu_3_memory_MB": 12805,
  "validation_accuracy": 0.5272542027508915,
  "validation_loss": 1.1811128301418565,
  "best_validation_accuracy": 0.5412124299541519,
  "best_validation_loss": 1.0318613273701374
}