{
  "best_epoch": 1,
  "peak_cpu_memory_MB": 5346.248,
  "peak_gpu_0_memory_MB": 12553,
  "peak_gpu_1_memory_MB": 21435,
  "peak_gpu_2_memory_MB": 0,
  "peak_gpu_3_memory_MB": 12805,
  "training_duration": "0:02:16.623773",
  "training_start_epoch": 0,
  "training_epochs": 3,
  "epoch": 3,
  "training_accuracy": 0.9694656488549618,
  "training_loss": 0.12593722801942092,
  "training_cpu_memory_MB": 5346.248,
  "training_gpu_0_memory_MB": 12553,
  "training_gpu_1_memory_MB": 21435,
  "training_gpu_2_memory_MB": 0,
  "training_gpu_3_memory_MB": 12805,
  "validation_accuracy": 0.5288843606724402,
  "validation_loss": 1.44892903317846,
  "best_validation_accuracy": 0.5412124299541519,
  "best_validation_loss": 1.0318613273701374
}