{
  "best_epoch": 1,
  "peak_cpu_memory_MB": 5378.556,
  "peak_gpu_0_memory_MB": 12677,
  "peak_gpu_1_memory_MB": 21435,
  "peak_gpu_2_memory_MB": 0,
  "peak_gpu_3_memory_MB": 12821,
  "training_duration": "0:01:06.431020",
  "training_start_epoch": 0,
  "training_epochs": 1,
  "epoch": 1,
  "training_accuracy": 0.7022900763358778,
  "training_loss": 0.7273825040230384,
  "training_cpu_memory_MB": 5378.556,
  "training_gpu_0_memory_MB": 12677,
  "training_gpu_1_memory_MB": 21435,
  "training_gpu_2_memory_MB": 0,
  "training_gpu_3_memory_MB": 12821,
  "validation_accuracy": 0.569332654100866,
  "validation_loss": 1.0875218042721577,
  "best_validation_accuracy": 0.569332654100866,
  "best_validation_loss": 1.0875218042721577
}