{
  "best_epoch": 1,
  "peak_cpu_memory_MB": 5345.924,
  "peak_gpu_0_memory_MB": 12677,
  "peak_gpu_1_memory_MB": 21435,
  "peak_gpu_2_memory_MB": 0,
  "peak_gpu_3_memory_MB": 12805,
  "training_duration": "0:01:44.044370",
  "training_start_epoch": 0,
  "training_epochs": 2,
  "epoch": 2,
  "training_accuracy": 0.8346055979643766,
  "training_loss": 0.46055671114187974,
  "training_cpu_memory_MB": 5345.924,
  "training_gpu_0_memory_MB": 12677,
  "training_gpu_1_memory_MB": 21435,
  "training_gpu_2_memory_MB": 0,
  "training_gpu_3_memory_MB": 12805,
  "validation_accuracy": 0.5267447784004076,
  "validation_loss": 1.1942457651858998,
  "best_validation_accuracy": 0.5538461538461539,
  "best_validation_loss": 1.005347707178383
}