{
  "best_epoch": 4,
  "peak_cpu_memory_MB": 5345.924,
  "peak_gpu_0_memory_MB": 12677,
  "peak_gpu_1_memory_MB": 21435,
  "peak_gpu_2_memory_MB": 0,
  "peak_gpu_3_memory_MB": 12805,
  "training_duration": "0:03:31.333273",
  "training_start_epoch": 0,
  "training_epochs": 5,
  "epoch": 5,
  "training_accuracy": 0.9949109414758269,
  "training_loss": 0.03527168299143131,
  "training_cpu_memory_MB": 5345.924,
  "training_gpu_0_memory_MB": 12677,
  "training_gpu_1_memory_MB": 21435,
  "training_gpu_2_memory_MB": 0,
  "training_gpu_3_memory_MB": 12805,
  "validation_accuracy": 0.5644421803362201,
  "validation_loss": 1.8246719619738552,
  "best_validation_accuracy": 0.5703515028018339,
  "best_validation_loss": 1.966440752973774
}