{
  "best_epoch": 1,
  "peak_cpu_memory_MB": 5489.072,
  "peak_gpu_0_memory_MB": 12677,
  "peak_gpu_1_memory_MB": 15413,
  "peak_gpu_2_memory_MB": 0,
  "peak_gpu_3_memory_MB": 12805,
  "training_duration": "0:01:04.132904",
  "training_start_epoch": 0,
  "training_epochs": 1,
  "epoch": 1,
  "training_accuracy": 0.3486005089058524,
  "training_loss": 1.1295715020253108,
  "training_cpu_memory_MB": 5489.072,
  "training_gpu_0_memory_MB": 12677,
  "training_gpu_1_memory_MB": 15413,
  "training_gpu_2_memory_MB": 0,
  "training_gpu_3_memory_MB": 12805,
  "validation_accuracy": 0.34732552215995927,
  "validation_loss": 1.109802922130796,
  "best_validation_accuracy": 0.34732552215995927,
  "best_validation_loss": 1.109802922130796
}