{
  "best_epoch": 6,
  "peak_cpu_memory_MB": 5866.644,
  "peak_gpu_0_memory_MB": 14587,
  "peak_gpu_1_memory_MB": 12805,
  "peak_gpu_2_memory_MB": 14587,
  "peak_gpu_3_memory_MB": 21435,
  "training_duration": "0:05:00.869413",
  "training_start_epoch": 0,
  "training_epochs": 8,
  "epoch": 8,
  "training_accuracy": 0.5623409669211196,
  "training_disc_loss": 1.1163624778389931,
  "training_gen_loss": 5.892010316848755,
  "training_loss": 4.698098373413086,
  "training_cpu_memory_MB": 5866.644,
  "training_gpu_0_memory_MB": 14587,
  "training_gpu_1_memory_MB": 12805,
  "training_gpu_2_memory_MB": 14587,
  "training_gpu_3_memory_MB": 21435,
  "validation_accuracy": 0.37983706720977595,
  "validation_disc_loss": 1.7943983640128034,
  "validation_gen_loss": 7.2925738939424845,
  "validation_loss": 5.918029994499393,
  "best_validation_accuracy": 0.40325865580448067,
  "best_validation_disc_loss": 1.425946600553466,
  "best_validation_gen_loss": 7.091767559206582,
  "best_validation_loss": 5.6753123213605186
}