{
  "best_epoch": 6,
  "peak_cpu_memory_MB": 5866.644,
  "peak_gpu_0_memory_MB": 14587,
  "peak_gpu_1_memory_MB": 12805,
  "peak_gpu_2_memory_MB": 14587,
  "peak_gpu_3_memory_MB": 21435,
  "training_duration": "0:11:15.473227",
  "training_start_epoch": 0,
  "training_epochs": 20,
  "epoch": 20,
  "training_accuracy": 0.9516539440203562,
  "training_disc_loss": 0.11521354138967581,
  "training_gen_loss": 5.513729019165039,
  "training_loss": 4.164100117683411,
  "training_cpu_memory_MB": 5866.644,
  "training_gpu_0_memory_MB": 14587,
  "training_gpu_1_memory_MB": 12805,
  "training_gpu_2_memory_MB": 14587,
  "training_gpu_3_memory_MB": 21435,
  "validation_accuracy": 0.3818737270875764,
  "validation_disc_loss": 3.9940025670741632,
  "validation_gen_loss": 8.185260214456697,
  "validation_loss": 7.137445818117963,
  "best_validation_accuracy": 0.40325865580448067,
  "best_validation_disc_loss": 1.425946600553466,
  "best_validation_gen_loss": 7.091767559206582,
  "best_validation_loss": 5.6753123213605186
}