{
  "best_epoch": 4,
  "peak_cpu_memory_MB": 5866.644,
  "peak_gpu_0_memory_MB": 14587,
  "peak_gpu_1_memory_MB": 12805,
  "peak_gpu_2_memory_MB": 14587,
  "peak_gpu_3_memory_MB": 21435,
  "training_duration": "0:03:20.781046",
  "training_start_epoch": 0,
  "training_epochs": 5,
  "epoch": 5,
  "training_accuracy": 0.455470737913486,
  "training_disc_loss": 1.385084867477417,
  "training_gen_loss": 6.069044704437256,
  "training_loss": 4.898054742813111,
  "training_cpu_memory_MB": 5866.644,
  "training_gpu_0_memory_MB": 14587,
  "training_gpu_1_memory_MB": 12805,
  "training_gpu_2_memory_MB": 14587,
  "training_gpu_3_memory_MB": 21435,
  "validation_accuracy": 0.3818737270875764,
  "validation_disc_loss": 2.229017986514704,
  "validation_gen_loss": 7.133196881146935,
  "validation_loss": 5.907152172026596,
  "best_validation_accuracy": 0.40224032586558045,
  "best_validation_disc_loss": 1.203991657834712,
  "best_validation_gen_loss": 7.080294961851787,
  "best_validation_loss": 5.611219154140813
}