{
  "best_epoch": 3,
  "peak_cpu_memory_MB": 5866.644,
  "peak_gpu_0_memory_MB": 14587,
  "peak_gpu_1_memory_MB": 12805,
  "peak_gpu_2_memory_MB": 14587,
  "peak_gpu_3_memory_MB": 21435,
  "training_duration": "0:02:09.016415",
  "training_start_epoch": 0,
  "training_epochs": 3,
  "epoch": 3,
  "training_accuracy": 0.3511450381679389,
  "training_disc_loss": 1.8046597564220428,
  "training_gen_loss": 6.329024076461792,
  "training_loss": 5.19793306350708,
  "training_cpu_memory_MB": 5866.644,
  "training_gpu_0_memory_MB": 14587,
  "training_gpu_1_memory_MB": 12805,
  "training_gpu_2_memory_MB": 14587,
  "training_gpu_3_memory_MB": 21435,
  "validation_accuracy": 0.37169042769857435,
  "validation_disc_loss": 1.2760629968914559,
  "validation_gen_loss": 6.877982104696879,
  "validation_loss": 5.477502353792268,
  "best_validation_accuracy": 0.37169042769857435,
  "best_validation_disc_loss": 1.2760629968914559,
  "best_validation_gen_loss": 6.877982104696879,
  "best_validation_loss": 5.477502353792268
}