{
  "best_epoch": 6,
  "peak_cpu_memory_MB": 5866.644,
  "peak_gpu_0_memory_MB": 14587,
  "peak_gpu_1_memory_MB": 12805,
  "peak_gpu_2_memory_MB": 14587,
  "peak_gpu_3_memory_MB": 21435,
  "training_duration": "0:08:39.753053",
  "training_start_epoch": 0,
  "training_epochs": 15,
  "epoch": 15,
  "training_accuracy": 0.8575063613231552,
  "training_disc_loss": 1.012225605524145,
  "training_gen_loss": 5.859730567932129,
  "training_loss": 4.647854318618775,
  "training_cpu_memory_MB": 5866.644,
  "training_gpu_0_memory_MB": 14587,
  "training_gpu_1_memory_MB": 12805,
  "training_gpu_2_memory_MB": 14587,
  "training_gpu_3_memory_MB": 21435,
  "validation_accuracy": 0.3890020366598778,
  "validation_disc_loss": 3.324042731668891,
  "validation_gen_loss": 8.037670546430883,
  "validation_loss": 6.85926358680415,
  "best_validation_accuracy": 0.40325865580448067,
  "best_validation_disc_loss": 1.425946600553466,
  "best_validation_gen_loss": 7.091767559206582,
  "best_validation_loss": 5.6753123213605186
}