{
  "best_epoch": 6,
  "peak_cpu_memory_MB": 5866.644,
  "peak_gpu_0_memory_MB": 14587,
  "peak_gpu_1_memory_MB": 12805,
  "peak_gpu_2_memory_MB": 14587,
  "peak_gpu_3_memory_MB": 21435,
  "training_duration": "0:08:08.078716",
  "training_start_epoch": 0,
  "training_epochs": 14,
  "epoch": 14,
  "training_accuracy": 0.8982188295165394,
  "training_disc_loss": 0.26765275236219166,
  "training_gen_loss": 5.645247554779052,
  "training_loss": 4.300848836898804,
  "training_cpu_memory_MB": 5866.644,
  "training_gpu_0_memory_MB": 14587,
  "training_gpu_1_memory_MB": 12805,
  "training_gpu_2_memory_MB": 14587,
  "training_gpu_3_memory_MB": 21435,
  "validation_accuracy": 0.3594704684317719,
  "validation_disc_loss": 7.651265163731769,
  "validation_gen_loss": 8.08243562729378,
  "validation_loss": 7.9746429823278415,
  "best_validation_accuracy": 0.40325865580448067,
  "best_validation_disc_loss": 1.425946600553466,
  "best_validation_gen_loss": 7.091767559206582,
  "best_validation_loss": 5.6753123213605186
}