{
  "best_epoch": 1,
  "peak_cpu_memory_MB": 5866.644,
  "peak_gpu_0_memory_MB": 14587,
  "peak_gpu_1_memory_MB": 12805,
  "peak_gpu_2_memory_MB": 14587,
  "peak_gpu_3_memory_MB": 21435,
  "training_duration": "0:00:57.971842",
  "training_start_epoch": 0,
  "training_epochs": 1,
  "epoch": 1,
  "training_accuracy": 0.3231552162849873,
  "training_disc_loss": 1.66958265542984,
  "training_gen_loss": 6.572462339401245,
  "training_loss": 5.3467424201965335,
  "training_cpu_memory_MB": 5866.644,
  "training_gpu_0_memory_MB": 14587,
  "training_gpu_1_memory_MB": 12805,
  "training_gpu_2_memory_MB": 14587,
  "training_gpu_3_memory_MB": 21435,
  "validation_accuracy": 0.3533604887983707,
  "validation_disc_loss": 1.1906642831437957,
  "validation_gen_loss": 7.0885560183021115,
  "validation_loss": 5.614083107894029,
  "best_validation_accuracy": 0.3533604887983707,
  "best_validation_disc_loss": 1.1906642831437957,
  "best_validation_gen_loss": 7.0885560183021115,
  "best_validation_loss": 5.614083107894029
}