{
  "best_epoch": 6,
  "peak_cpu_memory_MB": 5866.644,
  "peak_gpu_0_memory_MB": 14587,
  "peak_gpu_1_memory_MB": 12805,
  "peak_gpu_2_memory_MB": 14587,
  "peak_gpu_3_memory_MB": 21435,
  "training_duration": "0:09:10.684203",
  "training_start_epoch": 0,
  "training_epochs": 16,
  "epoch": 16,
  "training_accuracy": 0.9312977099236641,
  "training_disc_loss": 0.21339051418501184,
  "training_gen_loss": 5.674721088409424,
  "training_loss": 4.309388427734375,
  "training_cpu_memory_MB": 5866.644,
  "training_gpu_0_memory_MB": 14587,
  "training_gpu_1_memory_MB": 12805,
  "training_gpu_2_memory_MB": 14587,
  "training_gpu_3_memory_MB": 21435,
  "validation_accuracy": 0.3604887983706721,
  "validation_disc_loss": 5.159764434263958,
  "validation_gen_loss": 8.163596296698097,
  "validation_loss": 7.412638365737791,
  "best_validation_accuracy": 0.40325865580448067,
  "best_validation_disc_loss": 1.425946600553466,
  "best_validation_gen_loss": 7.091767559206582,
  "best_validation_loss": 5.6753123213605186
}