{
  "best_epoch": 4,
  "peak_cpu_memory_MB": 5866.544,
  "peak_gpu_0_memory_MB": 13845,
  "peak_gpu_1_memory_MB": 13845,
  "peak_gpu_2_memory_MB": 12,
  "peak_gpu_3_memory_MB": 12,
  "training_duration": "0:07:24.946095",
  "training_start_epoch": 0,
  "training_epochs": 13,
  "epoch": 13,
  "training_accuracy": 0.7150127226463104,
  "training_disc_loss": 0.690029880516231,
  "training_gen_loss": 5.686121129989624,
  "training_loss": 5.686121129989624,
  "training_cpu_memory_MB": 5866.544,
  "training_gpu_0_memory_MB": 13845,
  "training_gpu_1_memory_MB": 13845,
  "training_gpu_2_memory_MB": 12,
  "training_gpu_3_memory_MB": 12,
  "validation_accuracy": 0.37678207739307534,
  "validation_disc_loss": 2.1833412710244096,
  "validation_gen_loss": 7.426667391769285,
  "validation_loss": 7.426667391769285,
  "best_validation_accuracy": 0.3920570264765784,
  "best_validation_disc_loss": 1.24711756541477,
  "best_validation_gen_loss": 7.018845686098424,
  "best_validation_loss": 7.018845686098424
}