{
  "best_epoch": 4,
  "peak_cpu_memory_MB": 5866.544,
  "peak_gpu_0_memory_MB": 13845,
  "peak_gpu_1_memory_MB": 13845,
  "peak_gpu_2_memory_MB": 12,
  "peak_gpu_3_memory_MB": 12,
  "training_duration": "0:07:55.272408",
  "training_start_epoch": 0,
  "training_epochs": 14,
  "epoch": 14,
  "training_accuracy": 0.7557251908396947,
  "training_disc_loss": 0.6290537959337235,
  "training_gen_loss": 5.6425244331359865,
  "training_loss": 5.6425244331359865,
  "training_cpu_memory_MB": 5866.544,
  "training_gpu_0_memory_MB": 13845,
  "training_gpu_1_memory_MB": 13845,
  "training_gpu_2_memory_MB": 12,
  "training_gpu_3_memory_MB": 12,
  "validation_accuracy": 0.38289205702647655,
  "validation_disc_loss": 1.9321512012946895,
  "validation_gen_loss": 7.427576448859238,
  "validation_loss": 7.427576448859238,
  "best_validation_accuracy": 0.3920570264765784,
  "best_validation_disc_loss": 1.24711756541477,
  "best_validation_gen_loss": 7.018845686098424,
  "best_validation_loss": 7.018845686098424
}