{
  "best_epoch": 4,
  "peak_cpu_memory_MB": 5866.544,
  "peak_gpu_0_memory_MB": 13845,
  "peak_gpu_1_memory_MB": 13845,
  "peak_gpu_2_memory_MB": 12,
  "peak_gpu_3_memory_MB": 12,
  "training_duration": "0:04:21.777157",
  "training_start_epoch": 0,
  "training_epochs": 7,
  "epoch": 7,
  "training_accuracy": 0.544529262086514,
  "training_disc_loss": 1.1233041787147522,
  "training_gen_loss": 5.860171623229981,
  "training_loss": 5.860171623229981,
  "training_cpu_memory_MB": 5866.544,
  "training_gpu_0_memory_MB": 13845,
  "training_gpu_1_memory_MB": 13845,
  "training_gpu_2_memory_MB": 12,
  "training_gpu_3_memory_MB": 12,
  "validation_accuracy": 0.37067209775967414,
  "validation_disc_loss": 1.568901391533332,
  "validation_gen_loss": 7.172234019612878,
  "validation_loss": 7.172234019612878,
  "best_validation_accuracy": 0.3920570264765784,
  "best_validation_disc_loss": 1.24711756541477,
  "best_validation_gen_loss": 7.018845686098424,
  "best_validation_loss": 7.018845686098424
}