{
  "best_epoch": 2,
  "peak_cpu_memory_MB": 5866.544,
  "peak_gpu_0_memory_MB": 13845,
  "peak_gpu_1_memory_MB": 13845,
  "peak_gpu_2_memory_MB": 12,
  "peak_gpu_3_memory_MB": 12,
  "training_duration": "0:01:31.490642",
  "training_start_epoch": 0,
  "training_epochs": 2,
  "epoch": 2,
  "training_accuracy": 0.39185750636132316,
  "training_disc_loss": 1.4799467492103577,
  "training_gen_loss": 6.2757641696929936,
  "training_loss": 6.2757641696929936,
  "training_cpu_memory_MB": 5866.544,
  "training_gpu_0_memory_MB": 13845,
  "training_gpu_1_memory_MB": 13845,
  "training_gpu_2_memory_MB": 12,
  "training_gpu_3_memory_MB": 12,
  "validation_accuracy": 0.37169042769857435,
  "validation_disc_loss": 1.210623056907964,
  "validation_gen_loss": 6.931526451576047,
  "validation_loss": 6.931526451576047,
  "best_validation_accuracy": 0.37169042769857435,
  "best_validation_disc_loss": 1.210623056907964,
  "best_validation_gen_loss": 6.931526451576047,
  "best_validation_loss": 6.931526451576047
}