{
  "best_epoch": 4,
  "peak_cpu_memory_MB": 5866.544,
  "peak_gpu_0_memory_MB": 13845,
  "peak_gpu_1_memory_MB": 13845,
  "peak_gpu_2_memory_MB": 12,
  "peak_gpu_3_memory_MB": 12,
  "training_duration": "0:04:52.102134",
  "training_start_epoch": 0,
  "training_epochs": 8,
  "epoch": 8,
  "training_accuracy": 0.5623409669211196,
  "training_disc_loss": 1.0244710063934326,
  "training_gen_loss": 5.835552539825439,
  "training_loss": 5.835552539825439,
  "training_cpu_memory_MB": 5866.544,
  "training_gpu_0_memory_MB": 13845,
  "training_gpu_1_memory_MB": 13845,
  "training_gpu_2_memory_MB": 12,
  "training_gpu_3_memory_MB": 12,
  "validation_accuracy": 0.3645621181262729,
  "validation_disc_loss": 3.77553437686548,
  "validation_gen_loss": 7.394122077197563,
  "validation_loss": 7.394122077197563,
  "best_validation_accuracy": 0.3920570264765784,
  "best_validation_disc_loss": 1.24711756541477,
  "best_validation_gen_loss": 7.018845686098424,
  "best_validation_loss": 7.018845686098424
}