{
  "best_epoch": 0,
  "peak_cpu_memory_MB": 5866.544,
  "peak_gpu_0_memory_MB": 13845,
  "peak_gpu_1_memory_MB": 2617,
  "peak_gpu_2_memory_MB": 12,
  "peak_gpu_3_memory_MB": 12,
  "training_duration": "0:00:24.905089",
  "training_start_epoch": 0,
  "training_epochs": 0,
  "epoch": 0,
  "training_accuracy": 0.3638676844783715,
  "training_disc_loss": 6.919927104711532,
  "training_gen_loss": 8.754130029678345,
  "training_loss": 8.754130029678345,
  "training_cpu_memory_MB": 5866.544,
  "training_gpu_0_memory_MB": 13845,
  "training_gpu_1_memory_MB": 2617,
  "training_gpu_2_memory_MB": 12,
  "training_gpu_3_memory_MB": 12,
  "validation_accuracy": 0.3329938900203666,
  "validation_disc_loss": 4.490659740882191,
  "validation_gen_loss": 7.589860373396214,
  "validation_loss": 7.589860373396214,
  "best_validation_accuracy": 0.3329938900203666,
  "best_validation_disc_loss": 4.490659740882191,
  "best_validation_gen_loss": 7.589860373396214,
  "best_validation_loss": 7.589860373396214
}