{
  "best_epoch": 4,
  "peak_cpu_memory_MB": 5866.544,
  "peak_gpu_0_memory_MB": 13845,
  "peak_gpu_1_memory_MB": 13845,
  "peak_gpu_2_memory_MB": 12,
  "peak_gpu_3_memory_MB": 12,
  "training_duration": "0:08:56.145146",
  "training_start_epoch": 0,
  "training_epochs": 16,
  "epoch": 16,
  "training_accuracy": 0.8015267175572519,
  "training_disc_loss": 0.5188668240187689,
  "training_gen_loss": 5.623561391830444,
  "training_loss": 5.623561391830444,
  "training_cpu_memory_MB": 5866.544,
  "training_gpu_0_memory_MB": 13845,
  "training_gpu_1_memory_MB": 13845,
  "training_gpu_2_memory_MB": 12,
  "training_gpu_3_memory_MB": 12,
  "validation_accuracy": 0.3757637474541752,
  "validation_disc_loss": 2.3225010187645267,
  "validation_gen_loss": 7.486462476776867,
  "validation_loss": 7.486462476776867,
  "best_validation_accuracy": 0.3920570264765784,
  "best_validation_disc_loss": 1.24711756541477,
  "best_validation_gen_loss": 7.018845686098424,
  "best_validation_loss": 7.018845686098424
}