{
  "best_epoch": 6,
  "peak_cpu_memory_MB": 5409.784,
  "peak_gpu_0_memory_MB": 12677,
  "peak_gpu_1_memory_MB": 21435,
  "peak_gpu_2_memory_MB": 0,
  "peak_gpu_3_memory_MB": 12821,
  "training_duration": "0:05:54.855330",
  "training_start_epoch": 0,
  "training_epochs": 9,
  "epoch": 9,
  "training_accuracy": 0.9949109414758269,
  "training_loss": 0.01306157555574408,
  "training_cpu_memory_MB": 5409.784,
  "training_gpu_0_memory_MB": 12677,
  "training_gpu_1_memory_MB": 21435,
  "training_gpu_2_memory_MB": 0,
  "training_gpu_3_memory_MB": 12821,
  "validation_accuracy": 0.5923586347427408,
  "validation_loss": 1.7665915768775566,
  "best_validation_accuracy": 0.6005094243504839,
  "best_validation_loss": 1.575863806354883
}