{
  "best_epoch": 6,
  "peak_cpu_memory_MB": 5409.784,
  "peak_gpu_0_memory_MB": 12677,
  "peak_gpu_1_memory_MB": 21435,
  "peak_gpu_2_memory_MB": 0,
  "peak_gpu_3_memory_MB": 12821,
  "training_duration": "0:07:04.319889",
  "training_start_epoch": 0,
  "training_epochs": 11,
  "epoch": 11,
  "training_accuracy": 0.9949109414758269,
  "training_loss": 0.011793893815662999,
  "training_cpu_memory_MB": 5409.784,
  "training_gpu_0_memory_MB": 12677,
  "training_gpu_1_memory_MB": 21435,
  "training_gpu_2_memory_MB": 0,
  "training_gpu_3_memory_MB": 12821,
  "validation_accuracy": 0.591237901171676,
  "validation_loss": 1.8315956802243907,
  "best_validation_accuracy": 0.6005094243504839,
  "best_validation_loss": 1.575863806354883
}