{
  "best_epoch": 6,
  "peak_cpu_memory_MB": 5409.784,
  "peak_gpu_0_memory_MB": 12677,
  "peak_gpu_1_memory_MB": 21435,
  "peak_gpu_2_memory_MB": 0,
  "peak_gpu_3_memory_MB": 12821,
  "training_duration": "0:07:38.934120",
  "training_start_epoch": 0,
  "training_epochs": 12,
  "epoch": 12,
  "training_accuracy": 0.9974554707379135,
  "training_loss": 0.013564721322976626,
  "training_cpu_memory_MB": 5409.784,
  "training_gpu_0_memory_MB": 12677,
  "training_gpu_1_memory_MB": 21435,
  "training_gpu_2_memory_MB": 0,
  "training_gpu_3_memory_MB": 12821,
  "validation_accuracy": 0.5908303616912889,
  "validation_loss": 1.8330773709263009,
  "best_validation_accuracy": 0.6005094243504839,
  "best_validation_loss": 1.575863806354883
}