{
  "best_epoch": 1,
  "peak_cpu_memory_MB": 5865.624,
  "peak_gpu_0_memory_MB": 21435,
  "peak_gpu_1_memory_MB": 20139,
  "peak_gpu_2_memory_MB": 20139,
  "peak_gpu_3_memory_MB": 20139,
  "training_duration": "0:00:48.889863",
  "training_start_epoch": 0,
  "training_epochs": 1,
  "epoch": 1,
  "training_accuracy": 0.366412213740458,
  "training_disc_loss": 8.309316930770875,
  "training_gen_loss": 10.092393684387208,
  "training_loss": 9.07473164338332,
  "training_cpu_memory_MB": 5865.624,
  "training_gpu_0_memory_MB": 21435,
  "training_gpu_1_memory_MB": 20139,
  "training_gpu_2_memory_MB": 20139,
  "training_gpu_3_memory_MB": 20139,
  "validation_accuracy": 0.3757637474541752,
  "validation_disc_loss": 3.5142466291304557,
  "validation_gen_loss": 8.808695500896823,
  "validation_loss": 6.166505475198069,
  "best_validation_accuracy": 0.3757637474541752,
  "best_validation_disc_loss": 3.5142466291304557,
  "best_validation_gen_loss": 8.808695500896823,
  "best_validation_loss": 6.166505475198069
}