{
  "best_epoch": 2,
  "peak_cpu_memory_MB": 5865.624,
  "peak_gpu_0_memory_MB": 21435,
  "peak_gpu_1_memory_MB": 20139,
  "peak_gpu_2_memory_MB": 20139,
  "peak_gpu_3_memory_MB": 20139,
  "training_duration": "0:07:40.912263",
  "training_start_epoch": 0,
  "training_epochs": 16,
  "epoch": 16,
  "training_accuracy": 0.4910941475826972,
  "training_disc_loss": 1.2169092202186584,
  "training_gen_loss": 6.549305839538574,
  "training_loss": 3.887340600673969,
  "training_cpu_memory_MB": 5865.624,
  "training_gpu_0_memory_MB": 21435,
  "training_gpu_1_memory_MB": 20139,
  "training_gpu_2_memory_MB": 20139,
  "training_gpu_3_memory_MB": 20139,
  "validation_accuracy": 0.35845213849287166,
  "validation_disc_loss": 1.470609704332967,
  "validation_gen_loss": 6.940666260257844,
  "validation_loss": 4.209713051396031,
  "best_validation_accuracy": 0.38391038696537677,
  "best_validation_disc_loss": 2.240840500400912,
  "best_validation_gen_loss": 7.818950076257029,
  "best_validation_loss": 5.036600143678727
}