{
  "best_epoch": 2,
  "peak_cpu_memory_MB": 5865.624,
  "peak_gpu_0_memory_MB": 21435,
  "peak_gpu_1_memory_MB": 20139,
  "peak_gpu_2_memory_MB": 20139,
  "peak_gpu_3_memory_MB": 20139,
  "training_duration": "0:03:38.529623",
  "training_start_epoch": 0,
  "training_epochs": 7,
  "epoch": 7,
  "training_accuracy": 0.4223918575063613,
  "training_disc_loss": 1.4774427318572998,
  "training_gen_loss": 6.7450710105896,
  "training_loss": 4.110904088387122,
  "training_cpu_memory_MB": 5865.624,
  "training_gpu_0_memory_MB": 21435,
  "training_gpu_1_memory_MB": 20139,
  "training_gpu_2_memory_MB": 20139,
  "training_gpu_3_memory_MB": 20139,
  "validation_accuracy": 0.35234215885947046,
  "validation_disc_loss": 1.520334647547814,
  "validation_gen_loss": 7.049971972742388,
  "validation_loss": 4.2899145695471,
  "best_validation_accuracy": 0.38391038696537677,
  "best_validation_disc_loss": 2.240840500400912,
  "best_validation_gen_loss": 7.818950076257029,
  "best_validation_loss": 5.036600143678727
}