{
  "best_epoch": 0,
  "peak_cpu_memory_MB": 5865.624,
  "peak_gpu_0_memory_MB": 2617,
  "peak_gpu_1_memory_MB": 20139,
  "peak_gpu_2_memory_MB": 20139,
  "peak_gpu_3_memory_MB": 20139,
  "training_duration": "0:00:21.221848",
  "training_start_epoch": 0,
  "training_epochs": 0,
  "epoch": 0,
  "training_accuracy": 0.3944020356234097,
  "training_disc_loss": 14.293305854797364,
  "training_gen_loss": 12.879770393371581,
  "training_loss": 13.659592481759878,
  "training_cpu_memory_MB": 5865.624,
  "training_gpu_0_memory_MB": 2617,
  "training_gpu_1_memory_MB": 20139,
  "training_gpu_2_memory_MB": 20139,
  "training_gpu_3_memory_MB": 20139,
  "validation_accuracy": 0.34623217922606925,
  "validation_disc_loss": 15.01496216558641,
  "validation_gen_loss": 11.225820003017303,
  "validation_loss": 13.134011422434162,
  "best_validation_accuracy": 0.34623217922606925,
  "best_validation_disc_loss": 15.01496216558641,
  "best_validation_gen_loss": 11.225820003017303,
  "best_validation_loss": 13.134011422434162
}