{
  "best_epoch": 2,
  "peak_cpu_memory_MB": 5865.624,
  "peak_gpu_0_memory_MB": 21435,
  "peak_gpu_1_memory_MB": 20139,
  "peak_gpu_2_memory_MB": 20139,
  "peak_gpu_3_memory_MB": 20139,
  "training_duration": "0:03:11.069603",
  "training_start_epoch": 0,
  "training_epochs": 6,
  "epoch": 6,
  "training_accuracy": 0.40458015267175573,
  "training_disc_loss": 1.5658348655700685,
  "training_gen_loss": 6.796676826477051,
  "training_loss": 4.191305894118089,
  "training_cpu_memory_MB": 5865.624,
  "training_gpu_0_memory_MB": 21435,
  "training_gpu_1_memory_MB": 20139,
  "training_gpu_2_memory_MB": 20139,
  "training_gpu_3_memory_MB": 20139,
  "validation_accuracy": 0.35539714867617106,
  "validation_disc_loss": 1.6589941478544665,
  "validation_gen_loss": 7.147037060030045,
  "validation_loss": 4.407292366027832,
  "best_validation_accuracy": 0.38391038696537677,
  "best_validation_disc_loss": 2.240840500400912,
  "best_validation_gen_loss": 7.818950076257029,
  "best_validation_loss": 5.036600143678727
}