{
  "best_epoch": 2,
  "peak_cpu_memory_MB": 5865.624,
  "peak_gpu_0_memory_MB": 21435,
  "peak_gpu_1_memory_MB": 20139,
  "peak_gpu_2_memory_MB": 20139,
  "peak_gpu_3_memory_MB": 20139,
  "training_duration": "0:08:34.457669",
  "training_start_epoch": 0,
  "training_epochs": 18,
  "epoch": 18,
  "training_accuracy": 0.47837150127226463,
  "training_disc_loss": 1.2600360250473022,
  "training_gen_loss": 6.541111850738526,
  "training_loss": 3.8919941828801083,
  "training_cpu_memory_MB": 5865.624,
  "training_gpu_0_memory_MB": 21435,
  "training_gpu_1_memory_MB": 20139,
  "training_gpu_2_memory_MB": 20139,
  "training_gpu_3_memory_MB": 20139,
  "validation_accuracy": 0.3625254582484725,
  "validation_disc_loss": 1.479695939248608,
  "validation_gen_loss": 6.9420595784341135,
  "validation_loss": 4.2150166726881455,
  "best_validation_accuracy": 0.38391038696537677,
  "best_validation_disc_loss": 2.240840500400912,
  "best_validation_gen_loss": 7.818950076257029,
  "best_validation_loss": 5.036600143678727
}