{
  "best_epoch": 0,
  "peak_cpu_memory_MB": 5866.192,
  "peak_gpu_0_memory_MB": 2617,
  "peak_gpu_1_memory_MB": 20139,
  "peak_gpu_2_memory_MB": 20139,
  "peak_gpu_3_memory_MB": 20139,
  "training_duration": "0:00:21.225612",
  "training_start_epoch": 0,
  "training_epochs": 0,
  "epoch": 0,
  "training_accuracy": 0.39185750636132316,
  "training_disc_loss": 13.930476341247559,
  "training_gen_loss": 12.675933876037597,
  "training_loss": 13.205115391657902,
  "training_cpu_memory_MB": 5866.192,
  "training_gpu_0_memory_MB": 2617,
  "training_gpu_1_memory_MB": 20139,
  "training_gpu_2_memory_MB": 20139,
  "training_gpu_3_memory_MB": 20139,
  "validation_accuracy": 0.33706720977596744,
  "validation_disc_loss": 16.999718143093972,
  "validation_gen_loss": 12.264225529086206,
  "validation_loss": 14.646175876740486,
  "best_validation_accuracy": 0.33706720977596744,
  "best_validation_disc_loss": 16.999718143093972,
  "best_validation_gen_loss": 12.264225529086206,
  "best_validation_loss": 14.646175876740486
}