{
  "best_epoch": 1,
  "peak_cpu_memory_MB": 5866.192,
  "peak_gpu_0_memory_MB": 21435,
  "peak_gpu_1_memory_MB": 20139,
  "peak_gpu_2_memory_MB": 20139,
  "peak_gpu_3_memory_MB": 20139,
  "training_duration": "0:02:12.616533",
  "training_start_epoch": 0,
  "training_epochs": 4,
  "epoch": 4,
  "training_accuracy": 0.3333333333333333,
  "training_disc_loss": 2.5929187679290773,
  "training_gen_loss": 7.933529281616211,
  "training_loss": 5.247432562021109,
  "training_cpu_memory_MB": 5866.192,
  "training_gpu_0_memory_MB": 21435,
  "training_gpu_1_memory_MB": 20139,
  "training_gpu_2_memory_MB": 20139,
  "training_gpu_3_memory_MB": 20139,
  "validation_accuracy": 0.3319755600814664,
  "validation_disc_loss": 10.092013012978338,
  "validation_gen_loss": 8.598410237220026,
  "validation_loss": 9.360295818698022,
  "best_validation_accuracy": 0.3421588594704684,
  "best_validation_disc_loss": 15.287663644359958,
  "best_validation_gen_loss": 10.960827719780706,
  "best_validation_loss": 13.113517545884655
}