{
  "best_epoch": 3,
  "peak_cpu_memory_MB": 5504.356,
  "peak_gpu_0_memory_MB": 12593,
  "peak_gpu_1_memory_MB": 21435,
  "peak_gpu_2_memory_MB": 0,
  "peak_gpu_3_memory_MB": 13015,
  "training_duration": "0:02:18.103872",
  "training_start_epoch": 0,
  "training_epochs": 3,
  "epoch": 3,
  "training_accuracy": 0.6335877862595419,
  "training_loss": 0.8237792391043443,
  "training_cpu_memory_MB": 5504.356,
  "training_gpu_0_memory_MB": 12593,
  "training_gpu_1_memory_MB": 21435,
  "training_gpu_2_memory_MB": 0,
  "training_gpu_3_memory_MB": 13015,
  "validation_accuracy": 0.5918492103922568,
  "validation_loss": 0.8792353625794576,
  "best_validation_accuracy": 0.5918492103922568,
  "best_validation_loss": 0.8792353625794576
}