{
  "best_epoch": 6,
  "peak_cpu_memory_MB": 5504.356,
  "peak_gpu_0_memory_MB": 12593,
  "peak_gpu_1_memory_MB": 21435,
  "peak_gpu_2_memory_MB": 0,
  "peak_gpu_3_memory_MB": 13015,
  "training_duration": "0:04:09.094135",
  "training_start_epoch": 0,
  "training_epochs": 6,
  "epoch": 6,
  "training_accuracy": 0.9236641221374046,
  "training_loss": 0.22156087022561294,
  "training_cpu_memory_MB": 5504.356,
  "training_gpu_0_memory_MB": 12593,
  "training_gpu_1_memory_MB": 21435,
  "training_gpu_2_memory_MB": 0,
  "training_gpu_3_memory_MB": 13015,
  "validation_accuracy": 0.6896586856851757,
  "validation_loss": 0.814997793894249,
  "best_validation_accuracy": 0.6896586856851757,
  "best_validation_loss": 0.814997793894249
}