{
  "best_epoch": 4,
  "peak_cpu_memory_MB": 5504.356,
  "peak_gpu_0_memory_MB": 12593,
  "peak_gpu_1_memory_MB": 21435,
  "peak_gpu_2_memory_MB": 0,
  "peak_gpu_3_memory_MB": 13015,
  "training_duration": "0:02:56.075566",
  "training_start_epoch": 0,
  "training_epochs": 4,
  "epoch": 4,
  "training_accuracy": 0.816793893129771,
  "training_loss": 0.5250678268762735,
  "training_cpu_memory_MB": 5504.356,
  "training_gpu_0_memory_MB": 12593,
  "training_gpu_1_memory_MB": 21435,
  "training_gpu_2_memory_MB": 0,
  "training_gpu_3_memory_MB": 13015,
  "validation_accuracy": 0.6463576158940397,
  "validation_loss": 0.9238723780510868,
  "best_validation_accuracy": 0.6463576158940397,
  "best_validation_loss": 0.9238723780510868
}