{
  "best_epoch": 0,
  "peak_cpu_memory_MB": 5504.356,
  "peak_gpu_0_memory_MB": 12593,
  "peak_gpu_1_memory_MB": 21435,
  "peak_gpu_2_memory_MB": 0,
  "peak_gpu_3_memory_MB": 13015,
  "training_duration": "0:01:04.887105",
  "training_start_epoch": 0,
  "training_epochs": 1,
  "epoch": 1,
  "training_accuracy": 0.3460559796437659,
  "training_loss": 1.10049353654568,
  "training_cpu_memory_MB": 5504.356,
  "training_gpu_0_memory_MB": 12593,
  "training_gpu_1_memory_MB": 21435,
  "training_gpu_2_memory_MB": 0,
  "training_gpu_3_memory_MB": 13015,
  "validation_accuracy": 0.32664289353031073,
  "validation_loss": 1.1030126247033234,
  "best_validation_accuracy": 0.3313295975547631,
  "best_validation_loss": 1.1018122943294164
}