{
  "best_epoch": 2,
  "peak_cpu_memory_MB": 8029.58,
  "peak_gpu_0_memory_MB": 12657,
  "peak_gpu_1_memory_MB": 21577,
  "peak_gpu_2_memory_MB": 20715,
  "peak_gpu_3_memory_MB": 12933,
  "training_duration": "3:21:21.857774",
  "training_start_epoch": 0,
  "training_epochs": 2,
  "epoch": 2,
  "training_accuracy": 0.947260263507698,
  "training_loss": 0.15022549512790032,
  "training_cpu_memory_MB": 8029.58,
  "training_gpu_0_memory_MB": 12657,
  "training_gpu_1_memory_MB": 0,
  "training_gpu_2_memory_MB": 0,
  "training_gpu_3_memory_MB": 12933,
  "validation_accuracy": 0.9059602649006623,
  "validation_loss": 0.3254740259425065,
  "best_validation_accuracy": 0.9059602649006623,
  "best_validation_loss": 0.3254740259425065
}