{
  "best_epoch": 2,
  "peak_cpu_memory_MB": 5359.564,
  "peak_gpu_0_memory_MB": 12527,
  "peak_gpu_1_memory_MB": 21435,
  "peak_gpu_2_memory_MB": 0,
  "peak_gpu_3_memory_MB": 12805,
  "training_duration": "0:02:56.702167",
  "training_start_epoch": 0,
  "training_epochs": 4,
  "epoch": 4,
  "training_accuracy": 0.9923664122137404,
  "training_loss": 0.03884368819686083,
  "training_cpu_memory_MB": 5359.564,
  "training_gpu_0_memory_MB": 12527,
  "training_gpu_1_memory_MB": 21435,
  "training_gpu_2_memory_MB": 0,
  "training_gpu_3_memory_MB": 12805,
  "validation_accuracy": 0.5814569536423841,
  "validation_loss": 1.8214952706902345,
  "best_validation_accuracy": 0.6138563423331636,
  "best_validation_loss": 1.3889491103759417
}