{
  "best_epoch": 2,
  "peak_cpu_memory_MB": 5359.564,
  "peak_gpu_0_memory_MB": 12527,
  "peak_gpu_1_memory_MB": 21435,
  "peak_gpu_2_memory_MB": 0,
  "peak_gpu_3_memory_MB": 12805,
  "training_duration": "0:05:50.643560",
  "training_start_epoch": 0,
  "training_epochs": 9,
  "epoch": 9,
  "training_accuracy": 0.9974554707379135,
  "training_loss": 0.004146276435886438,
  "training_cpu_memory_MB": 5359.564,
  "training_gpu_0_memory_MB": 12527,
  "training_gpu_1_memory_MB": 21435,
  "training_gpu_2_memory_MB": 0,
  "training_gpu_3_memory_MB": 12805,
  "validation_accuracy": 0.5964340295466123,
  "validation_loss": 1.9578220613227992,
  "best_validation_accuracy": 0.6138563423331636,
  "best_validation_loss": 1.3889491103759417
}