{
  "best_epoch": 0,
  "peak_cpu_memory_MB": 5546.696,
  "peak_gpu_0_memory_MB": 12593,
  "peak_gpu_1_memory_MB": 21435,
  "peak_gpu_2_memory_MB": 0,
  "peak_gpu_3_memory_MB": 2425,
  "training_duration": "0:00:29.801334",
  "training_start_epoch": 0,
  "training_epochs": 0,
  "epoch": 0,
  "training_accuracy": 0.3053435114503817,
  "training_loss": 1.2468865926449115,
  "training_cpu_memory_MB": 5546.696,
  "training_gpu_0_memory_MB": 12593,
  "training_gpu_1_memory_MB": 21435,
  "training_gpu_2_memory_MB": 0,
  "training_gpu_3_memory_MB": 2425,
  "validation_accuracy": 0.34212939378502294,
  "validation_loss": 1.1529406039256616,
  "best_validation_accuracy": 0.34212939378502294,
  "best_validation_loss": 1.1529406039256616
}