{
  "best_epoch": 3,
  "peak_cpu_memory_MB": 5546.696,
  "peak_gpu_0_memory_MB": 12593,
  "peak_gpu_1_memory_MB": 21435,
  "peak_gpu_2_memory_MB": 0,
  "peak_gpu_3_memory_MB": 12821,
  "training_duration": "0:02:19.807841",
  "training_start_epoch": 0,
  "training_epochs": 3,
  "epoch": 3,
  "training_accuracy": 0.40458015267175573,
  "training_loss": 1.1379923086899977,
  "training_cpu_memory_MB": 5546.696,
  "training_gpu_0_memory_MB": 12593,
  "training_gpu_1_memory_MB": 21435,
  "training_gpu_2_memory_MB": 0,
  "training_gpu_3_memory_MB": 12821,
  "validation_accuracy": 0.35792154865002546,
  "validation_loss": 1.117919298647281,
  "best_validation_accuracy": 0.35792154865002546,
  "best_validation_loss": 1.117919298647281
}