{
  "best_epoch": 1,
  "peak_cpu_memory_MB": 5546.696,
  "peak_gpu_0_memory_MB": 12593,
  "peak_gpu_1_memory_MB": 21435,
  "peak_gpu_2_memory_MB": 0,
  "peak_gpu_3_memory_MB": 12821,
  "training_duration": "0:01:04.959883",
  "training_start_epoch": 0,
  "training_epochs": 1,
  "epoch": 1,
  "training_accuracy": 0.3893129770992366,
  "training_loss": 1.141814717879662,
  "training_cpu_memory_MB": 5546.696,
  "training_gpu_0_memory_MB": 12593,
  "training_gpu_1_memory_MB": 21435,
  "training_gpu_2_memory_MB": 0,
  "training_gpu_3_memory_MB": 12821,
  "validation_accuracy": 0.3550687722873153,
  "validation_loss": 1.099508245138858,
  "best_validation_accuracy": 0.3550687722873153,
  "best_validation_loss": 1.099508245138858
}