{
  "best_epoch": 2,
  "peak_cpu_memory_MB": 5867.032,
  "peak_gpu_0_memory_MB": 22543,
  "peak_gpu_1_memory_MB": 20139,
  "peak_gpu_2_memory_MB": 20139,
  "peak_gpu_3_memory_MB": 20139,
  "training_duration": "0:02:09.729804",
  "training_start_epoch": 0,
  "training_epochs": 4,
  "epoch": 4,
  "training_accuracy": 0.3842239185750636,
  "training_disc_loss": 4.123092489242554,
  "training_gen_loss": 6.9153415298461915,
  "training_loss": 6.90869742173415,
  "training_cpu_memory_MB": 5867.032,
  "training_gpu_0_memory_MB": 22543,
  "training_gpu_1_memory_MB": 20139,
  "training_gpu_2_memory_MB": 20139,
  "training_gpu_3_memory_MB": 20139,
  "validation_accuracy": 0.32077393075356414,
  "validation_disc_loss": 7.669020921953263,
  "validation_gen_loss": 7.450245757256785,
  "validation_loss": 7.451583693104405,
  "best_validation_accuracy": 0.34725050916496947,
  "best_validation_disc_loss": 11.938589649815713,
  "best_validation_gen_loss": 8.23618197441101,
  "best_validation_loss": 8.236233434369487
}