{
  "best_epoch": 2,
  "peak_cpu_memory_MB": 5867.032,
  "peak_gpu_0_memory_MB": 22543,
  "peak_gpu_1_memory_MB": 20139,
  "peak_gpu_2_memory_MB": 20139,
  "peak_gpu_3_memory_MB": 20139,
  "training_duration": "0:03:01.761150",
  "training_start_epoch": 0,
  "training_epochs": 6,
  "epoch": 6,
  "training_accuracy": 0.37659033078880405,
  "training_disc_loss": 2.7088294315338133,
  "training_gen_loss": 6.727815361022949,
  "training_loss": 6.724441161522498,
  "training_cpu_memory_MB": 5867.032,
  "training_gpu_0_memory_MB": 22543,
  "training_gpu_1_memory_MB": 20139,
  "training_gpu_2_memory_MB": 20139,
  "training_gpu_3_memory_MB": 20139,
  "validation_accuracy": 0.32382892057026474,
  "validation_disc_loss": 5.271273824476427,
  "validation_gen_loss": 7.25303808335335,
  "validation_loss": 7.2546570685602,
  "best_validation_accuracy": 0.34725050916496947,
  "best_validation_disc_loss": 11.938589649815713,
  "best_validation_gen_loss": 8.23618197441101,
  "best_validation_loss": 8.236233434369487
}