{
  "best_epoch": 4,
  "peak_cpu_memory_MB": 5489.288,
  "peak_gpu_0_memory_MB": 0,
  "peak_gpu_1_memory_MB": 21435,
  "peak_gpu_2_memory_MB": 0,
  "peak_gpu_3_memory_MB": 13013,
  "training_duration": "0:02:53.341304",
  "training_start_epoch": 0,
  "training_epochs": 4,
  "epoch": 4,
  "training_accuracy": 0.7404580152671756,
  "training_loss": 0.7854881263696231,
  "training_cpu_memory_MB": 5489.288,
  "training_gpu_0_memory_MB": 0,
  "training_gpu_1_memory_MB": 21435,
  "training_gpu_2_memory_MB": 0,
  "training_gpu_3_memory_MB": 13013,
  "validation_accuracy": 0.5903209373408049,
  "validation_loss": 1.0024739725193683,
  "best_validation_accuracy": 0.5903209373408049,
  "best_validation_loss": 1.0024739725193683
}