{
  "best_epoch": 7,
  "peak_cpu_memory_MB": 5489.288,
  "peak_gpu_0_memory_MB": 0,
  "peak_gpu_1_memory_MB": 21435,
  "peak_gpu_2_memory_MB": 0,
  "peak_gpu_3_memory_MB": 13013,
  "training_duration": "0:04:47.786723",
  "training_start_epoch": 0,
  "training_epochs": 7,
  "epoch": 7,
  "training_accuracy": 0.9770992366412213,
  "training_loss": 0.09991423613750018,
  "training_cpu_memory_MB": 5489.288,
  "training_gpu_0_memory_MB": 0,
  "training_gpu_1_memory_MB": 21435,
  "training_gpu_2_memory_MB": 0,
  "training_gpu_3_memory_MB": 13013,
  "validation_accuracy": 0.7029037187977585,
  "validation_loss": 0.9521393085729803,
  "best_validation_accuracy": 0.7029037187977585,
  "best_validation_loss": 0.9521393085729803
}