{
  "best_epoch": 8,
  "peak_cpu_memory_MB": 5489.288,
  "peak_gpu_0_memory_MB": 0,
  "peak_gpu_1_memory_MB": 21435,
  "peak_gpu_2_memory_MB": 0,
  "peak_gpu_3_memory_MB": 13013,
  "training_duration": "0:05:25.208458",
  "training_start_epoch": 0,
  "training_epochs": 8,
  "epoch": 8,
  "training_accuracy": 0.9872773536895675,
  "training_loss": 0.05109533896813026,
  "training_cpu_memory_MB": 5489.288,
  "training_gpu_0_memory_MB": 0,
  "training_gpu_1_memory_MB": 21435,
  "training_gpu_2_memory_MB": 0,
  "training_gpu_3_memory_MB": 13013,
  "validation_accuracy": 0.7049414161996943,
  "validation_loss": 0.9672866696643518,
  "best_validation_accuracy": 0.7049414161996943,
  "best_validation_loss": 0.9672866696643518
}