{
  "best_epoch": 1,
  "peak_cpu_memory_MB": 9764.656,
  "peak_gpu_0_memory_MB": 0,
  "peak_gpu_1_memory_MB": 21435,
  "peak_gpu_2_memory_MB": 0,
  "peak_gpu_3_memory_MB": 0,
  "training_duration": "6:36:05.501715",
  "training_start_epoch": 0,
  "training_epochs": 1,
  "epoch": 1,
  "training_accuracy": 0.8553712484275608,
  "training_gen_loss": 1.9623182560214008,
  "training_disc_loss": 0.4115471263189428,
  "training_loss": 0.7217015550439058,
  "training_cpu_memory_MB": 9764.656,
  "training_gpu_0_memory_MB": 0,
  "training_gpu_1_memory_MB": 21435,
  "training_gpu_2_memory_MB": 0,
  "training_gpu_3_memory_MB": 0,
  "validation_accuracy": 0.863270504330107,
  "validation_gen_loss": 2.098463823430313,
  "validation_disc_loss": 0.3913461085384657,
  "validation_loss": 0.7327967746250016,
  "best_validation_accuracy": 0.863270504330107,
  "best_validation_gen_loss": 2.098463823430313,
  "best_validation_disc_loss": 0.3913461085384657,
  "best_validation_loss": 0.7327967746250016
}