{
  "best_epoch": 16,
  "peak_cpu_memory_MB": 5867.604,
  "peak_gpu_0_memory_MB": 21435,
  "peak_gpu_1_memory_MB": 20139,
  "peak_gpu_2_memory_MB": 20139,
  "peak_gpu_3_memory_MB": 20139,
  "training_duration": "0:07:45.065041",
  "training_start_epoch": 0,
  "training_epochs": 16,
  "epoch": 16,
  "training_accuracy": 0.5292620865139949,
  "training_disc_loss": 1.1965906429290771,
  "training_gen_loss": 6.369011764526367,
  "training_loss": 5.8507938751807576,
  "training_cpu_memory_MB": 5867.604,
  "training_gpu_0_memory_MB": 21435,
  "training_gpu_1_memory_MB": 20139,
  "training_gpu_2_memory_MB": 20139,
  "training_gpu_3_memory_MB": 20139,
  "validation_accuracy": 0.39307535641547864,
  "validation_disc_loss": 1.734966617438101,
  "validation_gen_loss": 6.917683870561661,
  "validation_loss": 6.400032351093907,
  "best_validation_accuracy": 0.39307535641547864,
  "best_validation_disc_loss": 1.734966617438101,
  "best_validation_gen_loss": 6.917683870561661,
  "best_validation_loss": 6.400032351093907
}