{
  "best_epoch": 1,
  "peak_cpu_memory_MB": 5867.604,
  "peak_gpu_0_memory_MB": 21435,
  "peak_gpu_1_memory_MB": 20139,
  "peak_gpu_2_memory_MB": 20139,
  "peak_gpu_3_memory_MB": 20139,
  "training_duration": "0:00:49.027679",
  "training_start_epoch": 0,
  "training_epochs": 1,
  "epoch": 1,
  "training_accuracy": 0.3460559796437659,
  "training_disc_loss": 4.8158441925048825,
  "training_gen_loss": 7.833587703704834,
  "training_loss": 7.531248972966121,
  "training_cpu_memory_MB": 5867.604,
  "training_gpu_0_memory_MB": 21435,
  "training_gpu_1_memory_MB": 20139,
  "training_gpu_2_memory_MB": 20139,
  "training_gpu_3_memory_MB": 20139,
  "validation_accuracy": 0.34012219959266804,
  "validation_disc_loss": 6.068409092964664,
  "validation_gen_loss": 7.862179786928238,
  "validation_loss": 7.685968414429696,
  "best_validation_accuracy": 0.34012219959266804,
  "best_validation_disc_loss": 6.068409092964664,
  "best_validation_gen_loss": 7.862179786928238,
  "best_validation_loss": 7.685968414429696
}