{
  "best_epoch": 11,
  "peak_cpu_memory_MB": 5867.604,
  "peak_gpu_0_memory_MB": 21435,
  "peak_gpu_1_memory_MB": 20139,
  "peak_gpu_2_memory_MB": 20139,
  "peak_gpu_3_memory_MB": 20139,
  "training_duration": "0:06:51.309519",
  "training_start_epoch": 0,
  "training_epochs": 14,
  "epoch": 14,
  "training_accuracy": 0.5419847328244275,
  "training_disc_loss": 1.250565710067749,
  "training_gen_loss": 6.371137409210205,
  "training_loss": 5.847455134758582,
  "training_cpu_memory_MB": 5867.604,
  "training_gpu_0_memory_MB": 21435,
  "training_gpu_1_memory_MB": 20139,
  "training_gpu_2_memory_MB": 20139,
  "training_gpu_3_memory_MB": 20139,
  "validation_accuracy": 0.37169042769857435,
  "validation_disc_loss": 2.03432850299343,
  "validation_gen_loss": 7.126903057098389,
  "validation_loss": 6.618266613252701,
  "best_validation_accuracy": 0.3869653767820774,
  "best_validation_disc_loss": 1.7074186532728133,
  "best_validation_gen_loss": 6.9165010298452065,
  "best_validation_loss": 6.396160048823202
}