{
  "best_epoch": 11,
  "peak_cpu_memory_MB": 5867.604,
  "peak_gpu_0_memory_MB": 21435,
  "peak_gpu_1_memory_MB": 20139,
  "peak_gpu_2_memory_MB": 20139,
  "peak_gpu_3_memory_MB": 20139,
  "training_duration": "0:05:26.808395",
  "training_start_epoch": 0,
  "training_epochs": 11,
  "epoch": 11,
  "training_accuracy": 0.48854961832061067,
  "training_disc_loss": 1.3973735332489015,
  "training_gen_loss": 6.433505725860596,
  "training_loss": 5.930155937488262,
  "training_cpu_memory_MB": 5867.604,
  "training_gpu_0_memory_MB": 21435,
  "training_gpu_1_memory_MB": 20139,
  "training_gpu_2_memory_MB": 20139,
  "training_gpu_3_memory_MB": 20139,
  "validation_accuracy": 0.3869653767820774,
  "validation_disc_loss": 1.7074186532728133,
  "validation_gen_loss": 6.9165010298452065,
  "validation_loss": 6.396160048823202,
  "best_validation_accuracy": 0.3869653767820774,
  "best_validation_disc_loss": 1.7074186532728133,
  "best_validation_gen_loss": 6.9165010298452065,
  "best_validation_loss": 6.396160048823202
}