{
  "best_epoch": 2,
  "peak_cpu_memory_MB": 5867.604,
  "peak_gpu_0_memory_MB": 21435,
  "peak_gpu_1_memory_MB": 20139,
  "peak_gpu_2_memory_MB": 20139,
  "peak_gpu_3_memory_MB": 20139,
  "training_duration": "0:02:16.850687",
  "training_start_epoch": 0,
  "training_epochs": 4,
  "epoch": 4,
  "training_accuracy": 0.42493638676844786,
  "training_disc_loss": 2.060711770057678,
  "training_gen_loss": 6.728376293182373,
  "training_loss": 6.259548040536734,
  "training_cpu_memory_MB": 5867.604,
  "training_gpu_0_memory_MB": 21435,
  "training_gpu_1_memory_MB": 20139,
  "training_gpu_2_memory_MB": 20139,
  "training_gpu_3_memory_MB": 20139,
  "validation_accuracy": 0.34623217922606925,
  "validation_disc_loss": 3.4107843829739477,
  "validation_gen_loss": 7.161711646664527,
  "validation_loss": 6.787357238031203,
  "best_validation_accuracy": 0.37067209775967414,
  "best_validation_disc_loss": 3.7267952695969613,
  "best_validation_gen_loss": 7.335043330346385,
  "best_validation_loss": 6.977651965233587
}