{
  "best_epoch": 2,
  "peak_cpu_memory_MB": 5867.604,
  "peak_gpu_0_memory_MB": 21435,
  "peak_gpu_1_memory_MB": 20139,
  "peak_gpu_2_memory_MB": 20139,
  "peak_gpu_3_memory_MB": 20139,
  "training_duration": "0:01:50.446987",
  "training_start_epoch": 0,
  "training_epochs": 3,
  "epoch": 3,
  "training_accuracy": 0.35368956743002544,
  "training_disc_loss": 2.9291123819351195,
  "training_gen_loss": 6.902296295166016,
  "training_loss": 6.516543755164514,
  "training_cpu_memory_MB": 5867.604,
  "training_gpu_0_memory_MB": 21435,
  "training_gpu_1_memory_MB": 20139,
  "training_gpu_2_memory_MB": 20139,
  "training_gpu_3_memory_MB": 20139,
  "validation_accuracy": 0.34012219959266804,
  "validation_disc_loss": 3.6692087784890206,
  "validation_gen_loss": 7.246487294473956,
  "validation_loss": 6.890996886837867,
  "best_validation_accuracy": 0.37067209775967414,
  "best_validation_disc_loss": 3.7267952695969613,
  "best_validation_gen_loss": 7.335043330346385,
  "best_validation_loss": 6.977651965233587
}