{
  "best_epoch": 6,
  "peak_cpu_memory_MB": 5867.604,
  "peak_gpu_0_memory_MB": 21435,
  "peak_gpu_1_memory_MB": 20139,
  "peak_gpu_2_memory_MB": 20139,
  "peak_gpu_3_memory_MB": 20139,
  "training_duration": "0:03:41.189753",
  "training_start_epoch": 0,
  "training_epochs": 7,
  "epoch": 7,
  "training_accuracy": 0.44274809160305345,
  "training_disc_loss": 1.705101945400238,
  "training_gen_loss": 6.549780788421631,
  "training_loss": 6.0765545551593485,
  "training_cpu_memory_MB": 5867.604,
  "training_gpu_0_memory_MB": 21435,
  "training_gpu_1_memory_MB": 20139,
  "training_gpu_2_memory_MB": 20139,
  "training_gpu_3_memory_MB": 20139,
  "validation_accuracy": 0.34012219959266804,
  "validation_disc_loss": 3.0956219261692417,
  "validation_gen_loss": 7.133034329260549,
  "validation_loss": 6.730000926602271,
  "best_validation_accuracy": 0.37474541751527496,
  "best_validation_disc_loss": 1.996450912567877,
  "best_validation_gen_loss": 7.004495951437181,
  "best_validation_loss": 6.504667328250024
}