{
  "best_epoch": 4,
  "peak_cpu_memory_MB": 5365.436,
  "peak_gpu_0_memory_MB": 12695,
  "peak_gpu_1_memory_MB": 21435,
  "peak_gpu_2_memory_MB": 0,
  "peak_gpu_3_memory_MB": 12815,
  "training_duration": "0:03:04.072457",
  "training_start_epoch": 0,
  "training_epochs": 4,
  "epoch": 4,
  "training_accuracy": 0.989821882951654,
  "training_loss": 0.07673956998265706,
  "training_cpu_memory_MB": 5365.436,
  "training_gpu_0_memory_MB": 12695,
  "training_gpu_1_memory_MB": 21435,
  "training_gpu_2_memory_MB": 0,
  "training_gpu_3_memory_MB": 12805,
  "validation_accuracy": 0.6037697401935812,
  "validation_loss": 1.2777561890962459,
  "best_validation_accuracy": 0.6037697401935812,
  "best_validation_loss": 1.2777561890962459
}