{
  "best_epoch": 6,
  "peak_cpu_memory_MB": 5866.824,
  "peak_gpu_0_memory_MB": 21435,
  "peak_gpu_1_memory_MB": 20139,
  "peak_gpu_2_memory_MB": 20139,
  "peak_gpu_3_memory_MB": 20139,
  "training_duration": "0:03:44.522524",
  "training_start_epoch": 0,
  "training_epochs": 7,
  "epoch": 7,
  "training_accuracy": 0.40966921119592875,
  "training_disc_loss": 1.9548975896835328,
  "training_gen_loss": 6.842470245361328,
  "training_loss": 5.6261408512408915,
  "training_cpu_memory_MB": 5866.824,
  "training_gpu_0_memory_MB": 21435,
  "training_gpu_1_memory_MB": 20139,
  "training_gpu_2_memory_MB": 20139,
  "training_gpu_3_memory_MB": 20139,
  "validation_accuracy": 0.35234215885947046,
  "validation_disc_loss": 1.7532790447435072,
  "validation_gen_loss": 6.950789451599121,
  "validation_loss": 5.655023359483288,
  "best_validation_accuracy": 0.3574338085539715,
  "best_validation_disc_loss": 1.777104559444612,
  "best_validation_gen_loss": 7.0006628882500435,
  "best_validation_loss": 5.69852416746078
}