{
  "best_epoch": 19,
  "peak_cpu_memory_MB": 5866.824,
  "peak_gpu_0_memory_MB": 21435,
  "peak_gpu_1_memory_MB": 20139,
  "peak_gpu_2_memory_MB": 20139,
  "peak_gpu_3_memory_MB": 20139,
  "training_duration": "0:13:04.303934",
  "training_start_epoch": 0,
  "training_epochs": 27,
  "epoch": 27,
  "training_accuracy": 0.6437659033078881,
  "training_disc_loss": 1.002026115655899,
  "training_gen_loss": 6.4453096771240235,
  "training_loss": 5.087727106534517,
  "training_cpu_memory_MB": 5866.824,
  "training_gpu_0_memory_MB": 21435,
  "training_gpu_1_memory_MB": 20139,
  "training_gpu_2_memory_MB": 20139,
  "training_gpu_3_memory_MB": 20139,
  "validation_accuracy": 0.3818737270875764,
  "validation_disc_loss": 1.9477209246927691,
  "validation_gen_loss": 6.888564986567343,
  "validation_loss": 5.656722268750591,
  "best_validation_accuracy": 0.384928716904277,
  "best_validation_disc_loss": 1.8435758986780721,
  "best_validation_gen_loss": 6.885054096098869,
  "best_validation_loss": 5.6280356684038715
}