{
  "best_epoch": 0,
  "peak_cpu_memory_MB": 5866.824,
  "peak_gpu_0_memory_MB": 21435,
  "peak_gpu_1_memory_MB": 20139,
  "peak_gpu_2_memory_MB": 20139,
  "peak_gpu_3_memory_MB": 20139,
  "training_duration": "0:00:48.545801",
  "training_start_epoch": 0,
  "training_epochs": 1,
  "epoch": 1,
  "training_accuracy": 0.33587786259541985,
  "training_disc_loss": 11.918924732208252,
  "training_gen_loss": 10.217963447570801,
  "training_loss": 10.493765574235182,
  "training_cpu_memory_MB": 5866.824,
  "training_gpu_0_memory_MB": 21435,
  "training_gpu_1_memory_MB": 20139,
  "training_gpu_2_memory_MB": 20139,
  "training_gpu_3_memory_MB": 20139,
  "validation_accuracy": 0.3319755600814664,
  "validation_disc_loss": 3.9245463763513873,
  "validation_gen_loss": 7.752755065118113,
  "validation_loss": 6.802071725168536,
  "best_validation_accuracy": 0.3340122199592668,
  "best_validation_disc_loss": 19.167436307476414,
  "best_validation_gen_loss": 12.17102575302124,
  "best_validation_loss": 13.920923386850665
}