{
  "best_epoch": 9,
  "peak_cpu_memory_MB": 5866.824,
  "peak_gpu_0_memory_MB": 21435,
  "peak_gpu_1_memory_MB": 20139,
  "peak_gpu_2_memory_MB": 20139,
  "peak_gpu_3_memory_MB": 20139,
  "training_duration": "0:04:37.038774",
  "training_start_epoch": 0,
  "training_epochs": 9,
  "epoch": 9,
  "training_accuracy": 0.45038167938931295,
  "training_disc_loss": 1.667043719291687,
  "training_gen_loss": 6.742606315612793,
  "training_loss": 5.471974813021147,
  "training_cpu_memory_MB": 5866.824,
  "training_gpu_0_memory_MB": 21435,
  "training_gpu_1_memory_MB": 20139,
  "training_gpu_2_memory_MB": 20139,
  "training_gpu_3_memory_MB": 20139,
  "validation_accuracy": 0.3594704684317719,
  "validation_disc_loss": 1.7554833023778853,
  "validation_gen_loss": 6.921321030585997,
  "validation_loss": 5.633085558491368,
  "best_validation_accuracy": 0.3594704684317719,
  "best_validation_disc_loss": 1.7554833023778853,
  "best_validation_gen_loss": 6.921321030585997,
  "best_validation_loss": 5.633085558491368
}