{
  "best_epoch": 6,
  "peak_cpu_memory_MB": 5866.824,
  "peak_gpu_0_memory_MB": 21435,
  "peak_gpu_1_memory_MB": 20139,
  "peak_gpu_2_memory_MB": 20139,
  "peak_gpu_3_memory_MB": 20139,
  "training_duration": "0:04:10.732882",
  "training_start_epoch": 0,
  "training_epochs": 8,
  "epoch": 8,
  "training_accuracy": 0.4402035623409669,
  "training_disc_loss": 1.689329569339752,
  "training_gen_loss": 6.749697589874268,
  "training_loss": 5.478348878713755,
  "training_cpu_memory_MB": 5866.824,
  "training_gpu_0_memory_MB": 21435,
  "training_gpu_1_memory_MB": 20139,
  "training_gpu_2_memory_MB": 20139,
  "training_gpu_3_memory_MB": 20139,
  "validation_accuracy": 0.3533604887983707,
  "validation_disc_loss": 1.787853192898535,
  "validation_gen_loss": 6.9378696795432795,
  "validation_loss": 5.653701966808688,
  "best_validation_accuracy": 0.3574338085539715,
  "best_validation_disc_loss": 1.777104559444612,
  "best_validation_gen_loss": 7.0006628882500435,
  "best_validation_loss": 5.69852416746078
}