{
  "best_epoch": 7,
  "peak_cpu_memory_MB": 5489.184,
  "peak_gpu_0_memory_MB": 12693,
  "peak_gpu_1_memory_MB": 21435,
  "peak_gpu_2_memory_MB": 0,
  "peak_gpu_3_memory_MB": 12805,
  "training_duration": "0:05:32.250379",
  "training_start_epoch": 0,
  "training_epochs": 8,
  "epoch": 8,
  "training_accuracy": 0.9949109414758269,
  "training_loss": 0.04628117253574041,
  "training_cpu_memory_MB": 5489.184,
  "training_gpu_0_memory_MB": 12527,
  "training_gpu_1_memory_MB": 21435,
  "training_gpu_2_memory_MB": 0,
  "training_gpu_3_memory_MB": 12805,
  "validation_accuracy": 0.7178807947019867,
  "validation_loss": 0.8432627207196108,
  "best_validation_accuracy": 0.7209373408048905,
  "best_validation_loss": 0.8237721070598701
}