{
  "best_epoch": 5,
  "peak_cpu_memory_MB": 5489.184,
  "peak_gpu_0_memory_MB": 12693,
  "peak_gpu_1_memory_MB": 21435,
  "peak_gpu_2_memory_MB": 0,
  "peak_gpu_3_memory_MB": 12805,
  "training_duration": "0:04:17.983657",
  "training_start_epoch": 0,
  "training_epochs": 6,
  "epoch": 6,
  "training_accuracy": 0.9618320610687023,
  "training_loss": 0.142217996601875,
  "training_cpu_memory_MB": 5489.184,
  "training_gpu_0_memory_MB": 12527,
  "training_gpu_1_memory_MB": 21435,
  "training_gpu_2_memory_MB": 0,
  "training_gpu_3_memory_MB": 12805,
  "validation_accuracy": 0.705145185939888,
  "validation_loss": 0.8174322502329606,
  "best_validation_accuracy": 0.7099337748344371,
  "best_validation_loss": 0.7752436872219807
}