{
  "best_epoch": 5,
  "peak_cpu_memory_MB": 5489.184,
  "peak_gpu_0_memory_MB": 12693,
  "peak_gpu_1_memory_MB": 21435,
  "peak_gpu_2_memory_MB": 0,
  "peak_gpu_3_memory_MB": 12805,
  "training_duration": "0:03:39.271789",
  "training_start_epoch": 0,
  "training_epochs": 5,
  "epoch": 5,
  "training_accuracy": 0.9134860050890585,
  "training_loss": 0.24986445273344332,
  "training_cpu_memory_MB": 5489.184,
  "training_gpu_0_memory_MB": 12,
  "training_gpu_1_memory_MB": 21435,
  "training_gpu_2_memory_MB": 0,
  "training_gpu_3_memory_MB": 12805,
  "validation_accuracy": 0.7099337748344371,
  "validation_loss": 0.7752436872219807,
  "best_validation_accuracy": 0.7099337748344371,
  "best_validation_loss": 0.7752436872219807
}