{
  "best_epoch": 1,
  "peak_cpu_memory_MB": 5371.928,
  "peak_gpu_0_memory_MB": 12593,
  "peak_gpu_1_memory_MB": 21435,
  "peak_gpu_2_memory_MB": 0,
  "peak_gpu_3_memory_MB": 12805,
  "training_duration": "0:01:43.930821",
  "training_start_epoch": 0,
  "training_epochs": 2,
  "epoch": 2,
  "training_accuracy": 0.9236641221374046,
  "training_loss": 0.2790976046369626,
  "training_cpu_memory_MB": 5371.928,
  "training_gpu_0_memory_MB": 12593,
  "training_gpu_1_memory_MB": 21435,
  "training_gpu_2_memory_MB": 0,
  "training_gpu_3_memory_MB": 12805,
  "validation_accuracy": 0.5510952623535404,
  "validation_loss": 1.1674047473587508,
  "best_validation_accuracy": 0.5619969434538971,
  "best_validation_loss": 1.0409361149278449
}