{
  "best_epoch": 0,
  "peak_cpu_memory_MB": 9763.852,
  "peak_gpu_0_memory_MB": 13845,
  "peak_gpu_1_memory_MB": 13845,
  "peak_gpu_2_memory_MB": 13845,
  "peak_gpu_3_memory_MB": 2617,
  "training_duration": "3:21:49.751353",
  "training_start_epoch": 0,
  "training_epochs": 0,
  "epoch": 0,
  "training_accuracy": 0.4469546882878111,
  "training_disc_loss": 1.3826542798929995,
  "training_gen_loss": 6.664631455437301,
  "training_loss": 2.4390496338828136,
  "training_cpu_memory_MB": 9763.852,
  "training_gpu_0_memory_MB": 13845,
  "training_gpu_1_memory_MB": 13845,
  "training_gpu_2_memory_MB": 13845,
  "training_gpu_3_memory_MB": 2617,
  "validation_accuracy": 0.5225674987264392,
  "validation_disc_loss": 0.9827520644431782,
  "validation_gen_loss": 6.7100874018591465,
  "validation_loss": 2.1284112608005636,
  "best_validation_accuracy": 0.5225674987264392,
  "best_validation_disc_loss": 0.9827520644431782,
  "best_validation_gen_loss": 6.7100874018591465,
  "best_validation_loss": 2.1284112608005636
}