{
  "best_epoch": 2,
  "peak_cpu_memory_MB": 5359.52,
  "peak_gpu_0_memory_MB": 12645,
  "peak_gpu_1_memory_MB": 21435,
  "peak_gpu_2_memory_MB": 0,
  "peak_gpu_3_memory_MB": 12821,
  "training_duration": "0:02:21.514131",
  "training_start_epoch": 0,
  "training_epochs": 3,
  "epoch": 3,
  "training_accuracy": 0.9618320610687023,
  "training_loss": 0.1448612677363249,
  "training_cpu_memory_MB": 5359.52,
  "training_gpu_0_memory_MB": 12645,
  "training_gpu_1_memory_MB": 21435,
  "training_gpu_2_memory_MB": 0,
  "training_gpu_3_memory_MB": 12821,
  "validation_accuracy": 0.543555781966378,
  "validation_loss": 1.6360473442543602,
  "best_validation_accuracy": 0.5908303616912889,
  "best_validation_loss": 1.094897995165971
}