{
  "best_epoch": 2,
  "peak_cpu_memory_MB": 5359.52,
  "peak_gpu_0_memory_MB": 12645,
  "peak_gpu_1_memory_MB": 21435,
  "peak_gpu_2_memory_MB": 0,
  "peak_gpu_3_memory_MB": 12821,
  "training_duration": "0:02:56.413698",
  "training_start_epoch": 0,
  "training_epochs": 4,
  "epoch": 4,
  "training_accuracy": 0.9643765903307888,
  "training_loss": 0.09714948529234299,
  "training_cpu_memory_MB": 5359.52,
  "training_gpu_0_memory_MB": 12645,
  "training_gpu_1_memory_MB": 21435,
  "training_gpu_2_memory_MB": 0,
  "training_gpu_3_memory_MB": 12821,
  "validation_accuracy": 0.5894039735099338,
  "validation_loss": 1.4032973940287041,
  "best_validation_accuracy": 0.5908303616912889,
  "best_validation_loss": 1.094897995165971
}