{
  "best_epoch": 2,
  "peak_cpu_memory_MB": 5359.52,
  "peak_gpu_0_memory_MB": 12645,
  "peak_gpu_1_memory_MB": 21435,
  "peak_gpu_2_memory_MB": 0,
  "peak_gpu_3_memory_MB": 12821,
  "training_duration": "0:04:06.119430",
  "training_start_epoch": 0,
  "training_epochs": 6,
  "epoch": 6,
  "training_accuracy": 0.9974554707379135,
  "training_loss": 0.009521088921106778,
  "training_cpu_memory_MB": 5359.52,
  "training_gpu_0_memory_MB": 12645,
  "training_gpu_1_memory_MB": 21435,
  "training_gpu_2_memory_MB": 0,
  "training_gpu_3_memory_MB": 12821,
  "validation_accuracy": 0.5444727457972491,
  "validation_loss": 2.0074496284758228,
  "best_validation_accuracy": 0.5908303616912889,
  "best_validation_loss": 1.094897995165971
}