{
  "best_epoch": 1,
  "peak_cpu_memory_MB": 8442.468,
  "peak_gpu_0_memory_MB": 12657,
  "peak_gpu_1_memory_MB": 21577,
  "peak_gpu_2_memory_MB": 20715,
  "peak_gpu_3_memory_MB": 12933,
  "training_duration": "3:45:18.406662",
  "training_start_epoch": 0,
  "training_epochs": 2,
  "epoch": 2,
  "training_accuracy": 0.9549505732081833,
  "training_loss": 0.13178712848028729,
  "training_cpu_memory_MB": 8442.468,
  "training_gpu_0_memory_MB": 12657,
  "training_gpu_1_memory_MB": 0,
  "training_gpu_2_memory_MB": 0,
  "training_gpu_3_memory_MB": 12933,
  "validation_accuracy": 0.8664289353031075,
  "validation_loss": 0.49855353758467136,
  "best_validation_accuracy": 0.867142129393785,
  "best_validation_loss": 0.37654686307819735
}