{
  "best_epoch": 0,
  "peak_cpu_memory_MB": 5865.64,
  "peak_gpu_0_memory_MB": 2617,
  "peak_gpu_1_memory_MB": 13005,
  "peak_gpu_2_memory_MB": 13845,
  "peak_gpu_3_memory_MB": 21435,
  "training_duration": "0:00:25.448638",
  "training_start_epoch": 0,
  "training_epochs": 0,
  "epoch": 0,
  "training_accuracy": 0.37404580152671757,
  "training_disc_loss": 5.304306937456131,
  "training_gen_loss": 8.209593868255615,
  "training_loss": 8.209593868255615,
  "training_cpu_memory_MB": 5865.64,
  "training_gpu_0_memory_MB": 2617,
  "training_gpu_1_memory_MB": 13005,
  "training_gpu_2_memory_MB": 13845,
  "training_gpu_3_memory_MB": 21435,
  "validation_accuracy": 0.34419551934826886,
  "validation_disc_loss": 1.2128354112307231,
  "validation_gen_loss": 6.95684786540706,
  "validation_loss": 6.95684786540706,
  "best_validation_accuracy": 0.34419551934826886,
  "best_validation_disc_loss": 1.2128354112307231,
  "best_validation_gen_loss": 6.95684786540706,
  "best_validation_loss": 6.95684786540706
}