{
  "best_epoch": 13,
  "peak_cpu_memory_MB": 5865.64,
  "peak_gpu_0_memory_MB": 13845,
  "peak_gpu_1_memory_MB": 13005,
  "peak_gpu_2_memory_MB": 13845,
  "peak_gpu_3_memory_MB": 21435,
  "training_duration": "0:11:08.016465",
  "training_start_epoch": 0,
  "training_epochs": 20,
  "epoch": 20,
  "training_accuracy": 0.910941475826972,
  "training_disc_loss": 0.23718349391943774,
  "training_gen_loss": 5.279838008880615,
  "training_loss": 5.279838008880615,
  "training_cpu_memory_MB": 5865.64,
  "training_gpu_0_memory_MB": 13845,
  "training_gpu_1_memory_MB": 13005,
  "training_gpu_2_memory_MB": 13845,
  "training_gpu_3_memory_MB": 21435,
  "validation_accuracy": 0.3890020366598778,
  "validation_disc_loss": 2.6787918714003833,
  "validation_gen_loss": 9.493219426007775,
  "validation_loss": 9.493219426007775,
  "best_validation_accuracy": 0.3890020366598778,
  "best_validation_disc_loss": 2.250464835787207,
  "best_validation_gen_loss": 8.270382136833376,
  "best_validation_loss": 8.270382136833376
}