{
  "best_epoch": 3,
  "peak_cpu_memory_MB": 5865.64,
  "peak_gpu_0_memory_MB": 13845,
  "peak_gpu_1_memory_MB": 13005,
  "peak_gpu_2_memory_MB": 13845,
  "peak_gpu_3_memory_MB": 21435,
  "training_duration": "0:02:40.920115",
  "training_start_epoch": 0,
  "training_epochs": 4,
  "epoch": 4,
  "training_accuracy": 0.3842239185750636,
  "training_disc_loss": 1.6414472734928132,
  "training_gen_loss": 5.909061098098755,
  "training_loss": 5.909061098098755,
  "training_cpu_memory_MB": 5865.64,
  "training_gpu_0_memory_MB": 13845,
  "training_gpu_1_memory_MB": 13005,
  "training_gpu_2_memory_MB": 13845,
  "training_gpu_3_memory_MB": 21435,
  "validation_accuracy": 0.33706720977596744,
  "validation_disc_loss": 1.429687832429157,
  "validation_gen_loss": 7.86919585669913,
  "validation_loss": 7.86919585669913,
  "best_validation_accuracy": 0.37780040733197556,
  "best_validation_disc_loss": 1.1530621914359611,
  "best_validation_gen_loss": 7.193826516469319,
  "best_validation_loss": 7.193826516469319
}