{
  "best_epoch": 13,
  "peak_cpu_memory_MB": 5865.64,
  "peak_gpu_0_memory_MB": 13845,
  "peak_gpu_1_memory_MB": 13005,
  "peak_gpu_2_memory_MB": 13845,
  "peak_gpu_3_memory_MB": 21435,
  "training_duration": "0:12:10.231621",
  "training_start_epoch": 0,
  "training_epochs": 22,
  "epoch": 22,
  "training_accuracy": 0.9363867684478372,
  "training_disc_loss": 0.20125543795767953,
  "training_gen_loss": 5.249299602508545,
  "training_loss": 5.249299602508545,
  "training_cpu_memory_MB": 5865.64,
  "training_gpu_0_memory_MB": 13845,
  "training_gpu_1_memory_MB": 13005,
  "training_gpu_2_memory_MB": 13845,
  "training_gpu_3_memory_MB": 21435,
  "validation_accuracy": 0.3859470468431772,
  "validation_disc_loss": 3.1092942924034306,
  "validation_gen_loss": 9.645226370028364,
  "validation_loss": 9.645226370028364,
  "best_validation_accuracy": 0.3890020366598778,
  "best_validation_disc_loss": 2.250464835787207,
  "best_validation_gen_loss": 8.270382136833376,
  "best_validation_loss": 8.270382136833376
}