{
  "best_epoch": 25,
  "peak_cpu_memory_MB": 5865.64,
  "peak_gpu_0_memory_MB": 13845,
  "peak_gpu_1_memory_MB": 13005,
  "peak_gpu_2_memory_MB": 13845,
  "peak_gpu_3_memory_MB": 21435,
  "training_duration": "0:13:47.933197",
  "training_start_epoch": 0,
  "training_epochs": 25,
  "epoch": 25,
  "training_accuracy": 0.9465648854961832,
  "training_disc_loss": 0.17452907561091707,
  "training_gen_loss": 5.161248826980591,
  "training_loss": 5.161248826980591,
  "training_cpu_memory_MB": 5865.64,
  "training_gpu_0_memory_MB": 13845,
  "training_gpu_1_memory_MB": 13005,
  "training_gpu_2_memory_MB": 13845,
  "training_gpu_3_memory_MB": 21435,
  "validation_accuracy": 0.40122199592668023,
  "validation_disc_loss": 2.719325028299316,
  "validation_gen_loss": 10.084642456799019,
  "validation_loss": 10.084642456799019,
  "best_validation_accuracy": 0.40122199592668023,
  "best_validation_disc_loss": 2.719325028299316,
  "best_validation_gen_loss": 10.084642456799019,
  "best_validation_loss": 10.084642456799019
}