{
  "best_epoch": 3,
  "peak_cpu_memory_MB": 5865.64,
  "peak_gpu_0_memory_MB": 13845,
  "peak_gpu_1_memory_MB": 13005,
  "peak_gpu_2_memory_MB": 13845,
  "peak_gpu_3_memory_MB": 21435,
  "training_duration": "0:04:14.152602",
  "training_start_epoch": 0,
  "training_epochs": 7,
  "epoch": 7,
  "training_accuracy": 0.4351145038167939,
  "training_disc_loss": 1.764416663646698,
  "training_gen_loss": 5.7679143810272215,
  "training_loss": 5.7679143810272215,
  "training_cpu_memory_MB": 5865.64,
  "training_gpu_0_memory_MB": 13845,
  "training_gpu_1_memory_MB": 13005,
  "training_gpu_2_memory_MB": 13845,
  "training_gpu_3_memory_MB": 21435,
  "validation_accuracy": 0.3615071283095723,
  "validation_disc_loss": 1.31935880678456,
  "validation_gen_loss": 9.783706827861506,
  "validation_loss": 9.783706827861506,
  "best_validation_accuracy": 0.37780040733197556,
  "best_validation_disc_loss": 1.1530621914359611,
  "best_validation_gen_loss": 7.193826516469319,
  "best_validation_loss": 7.193826516469319
}