{
  "best_epoch": 23,
  "peak_cpu_memory_MB": 5865.64,
  "peak_gpu_0_memory_MB": 13845,
  "peak_gpu_1_memory_MB": 13005,
  "peak_gpu_2_memory_MB": 13845,
  "peak_gpu_3_memory_MB": 21435,
  "training_duration": "0:13:16.562900",
  "training_start_epoch": 0,
  "training_epochs": 24,
  "epoch": 24,
  "training_accuracy": 0.9541984732824428,
  "training_disc_loss": 0.128422822255543,
  "training_gen_loss": 5.187137041091919,
  "training_loss": 5.187137041091919,
  "training_cpu_memory_MB": 5865.64,
  "training_gpu_0_memory_MB": 13845,
  "training_gpu_1_memory_MB": 13005,
  "training_gpu_2_memory_MB": 13845,
  "training_gpu_3_memory_MB": 21435,
  "validation_accuracy": 0.3340122199592668,
  "validation_disc_loss": 12.355710595603881,
  "validation_gen_loss": 11.997722796308317,
  "validation_loss": 11.997722796308317,
  "best_validation_accuracy": 0.39918533604887985,
  "best_validation_disc_loss": 2.5750718048917567,
  "best_validation_gen_loss": 9.721402598590386,
  "best_validation_loss": 9.721402598590386
}