{
  "best_epoch": 3,
  "peak_cpu_memory_MB": 5865.64,
  "peak_gpu_0_memory_MB": 13845,
  "peak_gpu_1_memory_MB": 13005,
  "peak_gpu_2_memory_MB": 13845,
  "peak_gpu_3_memory_MB": 21435,
  "training_duration": "0:02:04.622258",
  "training_start_epoch": 0,
  "training_epochs": 3,
  "epoch": 3,
  "training_accuracy": 0.361323155216285,
  "training_disc_loss": 1.695014523267746,
  "training_gen_loss": 6.015406055450439,
  "training_loss": 6.015406055450439,
  "training_cpu_memory_MB": 5865.64,
  "training_gpu_0_memory_MB": 13845,
  "training_gpu_1_memory_MB": 13005,
  "training_gpu_2_memory_MB": 13845,
  "training_gpu_3_memory_MB": 21435,
  "validation_accuracy": 0.37780040733197556,
  "validation_disc_loss": 1.1530621914359611,
  "validation_gen_loss": 7.193826516469319,
  "validation_loss": 7.193826516469319,
  "best_validation_accuracy": 0.37780040733197556,
  "best_validation_disc_loss": 1.1530621914359611,
  "best_validation_gen_loss": 7.193826516469319,
  "best_validation_loss": 7.193826516469319
}