{
  "best_epoch": 3,
  "peak_cpu_memory_MB": 5865.64,
  "peak_gpu_0_memory_MB": 13845,
  "peak_gpu_1_memory_MB": 13005,
  "peak_gpu_2_memory_MB": 13845,
  "peak_gpu_3_memory_MB": 21435,
  "training_duration": "0:05:16.250663",
  "training_start_epoch": 0,
  "training_epochs": 9,
  "epoch": 9,
  "training_accuracy": 0.5725190839694656,
  "training_disc_loss": 1.1670883411169053,
  "training_gen_loss": 5.628130855560303,
  "training_loss": 5.628130855560303,
  "training_cpu_memory_MB": 5865.64,
  "training_gpu_0_memory_MB": 13845,
  "training_gpu_1_memory_MB": 13005,
  "training_gpu_2_memory_MB": 13845,
  "training_gpu_3_memory_MB": 21435,
  "validation_accuracy": 0.3319755600814664,
  "validation_disc_loss": 4.2618052940058515,
  "validation_gen_loss": 9.077198404606765,
  "validation_loss": 9.077198404606765,
  "best_validation_accuracy": 0.37780040733197556,
  "best_validation_disc_loss": 1.1530621914359611,
  "best_validation_gen_loss": 7.193826516469319,
  "best_validation_loss": 7.193826516469319
}