{
  "best_epoch": 13,
  "peak_cpu_memory_MB": 5865.64,
  "peak_gpu_0_memory_MB": 13845,
  "peak_gpu_1_memory_MB": 13005,
  "peak_gpu_2_memory_MB": 13845,
  "peak_gpu_3_memory_MB": 21435,
  "training_duration": "0:09:03.273885",
  "training_start_epoch": 0,
  "training_epochs": 16,
  "epoch": 16,
  "training_accuracy": 0.8575063613231552,
  "training_disc_loss": 0.34936594947590494,
  "training_gen_loss": 5.400145235061646,
  "training_loss": 5.400145235061646,
  "training_cpu_memory_MB": 5865.64,
  "training_gpu_0_memory_MB": 13845,
  "training_gpu_1_memory_MB": 13005,
  "training_gpu_2_memory_MB": 13845,
  "training_gpu_3_memory_MB": 21435,
  "validation_accuracy": 0.37780040733197556,
  "validation_disc_loss": 2.44882171473852,
  "validation_gen_loss": 8.912300540179741,
  "validation_loss": 8.912300540179741,
  "best_validation_accuracy": 0.3890020366598778,
  "best_validation_disc_loss": 2.250464835787207,
  "best_validation_gen_loss": 8.270382136833376,
  "best_validation_loss": 8.270382136833376
}