{
  "best_epoch": 13,
  "peak_cpu_memory_MB": 5865.64,
  "peak_gpu_0_memory_MB": 13845,
  "peak_gpu_1_memory_MB": 13005,
  "peak_gpu_2_memory_MB": 13845,
  "peak_gpu_3_memory_MB": 21435,
  "training_duration": "0:08:01.281785",
  "training_start_epoch": 0,
  "training_epochs": 14,
  "epoch": 14,
  "training_accuracy": 0.7938931297709924,
  "training_disc_loss": 0.5974677277170122,
  "training_gen_loss": 5.453350419998169,
  "training_loss": 5.453350419998169,
  "training_cpu_memory_MB": 5865.64,
  "training_gpu_0_memory_MB": 13845,
  "training_gpu_1_memory_MB": 13005,
  "training_gpu_2_memory_MB": 13845,
  "training_gpu_3_memory_MB": 21435,
  "validation_accuracy": 0.32790224032586557,
  "validation_disc_loss": 8.328780600695106,
  "validation_gen_loss": 9.151352634274863,
  "validation_loss": 9.151352634274863,
  "best_validation_accuracy": 0.3890020366598778,
  "best_validation_disc_loss": 2.250464835787207,
  "best_validation_gen_loss": 8.270382136833376,
  "best_validation_loss": 8.270382136833376
}