{
  "best_epoch": 3,
  "peak_cpu_memory_MB": 5865.64,
  "peak_gpu_0_memory_MB": 13845,
  "peak_gpu_1_memory_MB": 13005,
  "peak_gpu_2_memory_MB": 13845,
  "peak_gpu_3_memory_MB": 21435,
  "training_duration": "0:06:49.301284",
  "training_start_epoch": 0,
  "training_epochs": 12,
  "epoch": 12,
  "training_accuracy": 0.7048346055979644,
  "training_disc_loss": 0.8472239641845226,
  "training_gen_loss": 5.531345071792603,
  "training_loss": 5.531345071792603,
  "training_cpu_memory_MB": 5865.64,
  "training_gpu_0_memory_MB": 13845,
  "training_gpu_1_memory_MB": 13005,
  "training_gpu_2_memory_MB": 13845,
  "training_gpu_3_memory_MB": 21435,
  "validation_accuracy": 0.3625254582484725,
  "validation_disc_loss": 2.2832280789933552,
  "validation_gen_loss": 8.12161012975181,
  "validation_loss": 8.12161012975181,
  "best_validation_accuracy": 0.37780040733197556,
  "best_validation_disc_loss": 1.1530621914359611,
  "best_validation_gen_loss": 7.193826516469319,
  "best_validation_loss": 7.193826516469319
}