{
  "best_epoch": 25,
  "peak_cpu_memory_MB": 5865.64,
  "peak_gpu_0_memory_MB": 13845,
  "peak_gpu_1_memory_MB": 13005,
  "peak_gpu_2_memory_MB": 13845,
  "peak_gpu_3_memory_MB": 21435,
  "training_duration": "0:15:56.891149",
  "training_start_epoch": 0,
  "training_epochs": 29,
  "epoch": 29,
  "training_accuracy": 0.9694656488549618,
  "training_disc_loss": 0.09749736312016466,
  "training_gen_loss": 5.12118013381958,
  "training_loss": 5.12118013381958,
  "training_cpu_memory_MB": 5865.64,
  "training_gpu_0_memory_MB": 13845,
  "training_gpu_1_memory_MB": 13005,
  "training_gpu_2_memory_MB": 13845,
  "training_gpu_3_memory_MB": 21435,
  "validation_accuracy": 0.395112016293279,
  "validation_disc_loss": 4.096406912415977,
  "validation_gen_loss": 10.18214479306849,
  "validation_loss": 10.18214479306849,
  "best_validation_accuracy": 0.40122199592668023,
  "best_validation_disc_loss": 2.719325028299316,
  "best_validation_gen_loss": 10.084642456799019,
  "best_validation_loss": 10.084642456799019
}