{
  "best_epoch": 1,
  "peak_cpu_memory_MB": 5344.0,
  "peak_gpu_0_memory_MB": 12693,
  "peak_gpu_1_memory_MB": 15413,
  "peak_gpu_2_memory_MB": 0,
  "peak_gpu_3_memory_MB": 12805,
  "training_duration": "0:01:05.613129",
  "training_start_epoch": 0,
  "training_epochs": 1,
  "epoch": 1,
  "training_accuracy": 0.5801526717557252,
  "training_loss": 0.9448303259336032,
  "training_cpu_memory_MB": 5344.0,
  "training_gpu_0_memory_MB": 12693,
  "training_gpu_1_memory_MB": 15413,
  "training_gpu_2_memory_MB": 0,
  "training_gpu_3_memory_MB": 12805,
  "validation_accuracy": 0.49882832399388694,
  "validation_loss": 1.030506125490518,
  "best_validation_accuracy": 0.49882832399388694,
  "best_validation_loss": 1.030506125490518
}