{
  "best_epoch": 0,
  "peak_cpu_memory_MB": 5344.0,
  "peak_gpu_0_memory_MB": 2309,
  "peak_gpu_1_memory_MB": 15413,
  "peak_gpu_2_memory_MB": 0,
  "peak_gpu_3_memory_MB": 12805,
  "training_duration": "0:00:30.395992",
  "training_start_epoch": 0,
  "training_epochs": 0,
  "epoch": 0,
  "training_accuracy": 0.3944020356234097,
  "training_loss": 1.1128992759264433,
  "training_cpu_memory_MB": 5344.0,
  "training_gpu_0_memory_MB": 2309,
  "training_gpu_1_memory_MB": 15413,
  "training_gpu_2_memory_MB": 0,
  "training_gpu_3_memory_MB": 12805,
  "validation_accuracy": 0.4127356087620988,
  "validation_loss": 1.0780200486462745,
  "best_validation_accuracy": 0.4127356087620988,
  "best_validation_loss": 1.0780200486462745
}