{
  "best_epoch": 0,
  "peak_cpu_memory_MB": 5349.152,
  "peak_gpu_0_memory_MB": 2309,
  "peak_gpu_1_memory_MB": 21435,
  "peak_gpu_2_memory_MB": 0,
  "peak_gpu_3_memory_MB": 12805,
  "training_duration": "0:00:30.782135",
  "training_start_epoch": 0,
  "training_epochs": 0,
  "epoch": 0,
  "training_accuracy": 0.361323155216285,
  "training_loss": 1.0950840711593628,
  "training_cpu_memory_MB": 5349.152,
  "training_gpu_0_memory_MB": 2309,
  "training_gpu_1_memory_MB": 21435,
  "training_gpu_2_memory_MB": 0,
  "training_gpu_3_memory_MB": 12805,
  "validation_accuracy": 0.4686704024452369,
  "validation_loss": 1.0518775568722902,
  "best_validation_accuracy": 0.4686704024452369,
  "best_validation_loss": 1.0518775568722902
}