{
  "best_epoch": 2,
  "peak_cpu_memory_MB": 5867.468,
  "peak_gpu_0_memory_MB": 21435,
  "peak_gpu_1_memory_MB": 20139,
  "peak_gpu_2_memory_MB": 20139,
  "peak_gpu_3_memory_MB": 20139,
  "training_duration": "0:02:11.488042",
  "training_start_epoch": 0,
  "training_epochs": 4,
  "epoch": 4,
  "training_accuracy": 0.361323155216285,
  "training_disc_loss": 1.782146520614624,
  "training_gen_loss": 8.166277179718017,
  "training_loss": 3.0529543436490574,
  "training_cpu_memory_MB": 5867.468,
  "training_gpu_0_memory_MB": 21435,
  "training_gpu_1_memory_MB": 20139,
  "training_gpu_2_memory_MB": 20139,
  "training_gpu_3_memory_MB": 20139,
  "validation_accuracy": 0.3421588594704684,
  "validation_disc_loss": 1.7009248598929374,
  "validation_gen_loss": 8.220661801676597,
  "validation_loss": 3.002753649988482,
  "best_validation_accuracy": 0.34521384928716903,
  "best_validation_disc_loss": 1.7498772028953797,
  "best_validation_gen_loss": 9.027975897635184,
  "best_validation_loss": 3.201591799336095
}