{
  "best_epoch": 11,
  "peak_cpu_memory_MB": 5867.468,
  "peak_gpu_0_memory_MB": 21435,
  "peak_gpu_1_memory_MB": 20139,
  "peak_gpu_2_memory_MB": 20139,
  "peak_gpu_3_memory_MB": 20139,
  "training_duration": "0:05:22.467448",
  "training_start_epoch": 0,
  "training_epochs": 11,
  "epoch": 11,
  "training_accuracy": 0.366412213740458,
  "training_disc_loss": 1.433540415763855,
  "training_gen_loss": 7.037616424560547,
  "training_loss": 2.5426383201892557,
  "training_cpu_memory_MB": 5867.468,
  "training_gpu_0_memory_MB": 21435,
  "training_gpu_1_memory_MB": 20139,
  "training_gpu_2_memory_MB": 20139,
  "training_gpu_3_memory_MB": 20139,
  "validation_accuracy": 0.3533604887983707,
  "validation_disc_loss": 1.3124974273866223,
  "validation_gen_loss": 7.336221433454944,
  "validation_loss": 2.516869637273973,
  "best_validation_accuracy": 0.3533604887983707,
  "best_validation_disc_loss": 1.3124974273866223,
  "best_validation_gen_loss": 7.336221433454944,
  "best_validation_loss": 2.516869637273973
}