{
  "best_epoch": 17,
  "peak_cpu_memory_MB": 5866.904,
  "peak_gpu_0_memory_MB": 21435,
  "peak_gpu_1_memory_MB": 20139,
  "peak_gpu_2_memory_MB": 20139,
  "peak_gpu_3_memory_MB": 20139,
  "training_duration": "0:08:29.223973",
  "training_start_epoch": 0,
  "training_epochs": 17,
  "epoch": 17,
  "training_accuracy": 0.5954198473282443,
  "training_disc_loss": 1.0092507815361023,
  "training_gen_loss": 6.2799357986450195,
  "training_loss": 5.737081711108868,
  "training_cpu_memory_MB": 5866.904,
  "training_gpu_0_memory_MB": 21435,
  "training_gpu_1_memory_MB": 20139,
  "training_gpu_2_memory_MB": 20139,
  "training_gpu_3_memory_MB": 20139,
  "validation_accuracy": 0.37067209775967414,
  "validation_disc_loss": 1.6100504994392395,
  "validation_gen_loss": 6.8612940311431885,
  "validation_loss": 6.338592221659999,
  "best_validation_accuracy": 0.37067209775967414,
  "best_validation_disc_loss": 1.6100504994392395,
  "best_validation_gen_loss": 6.8612940311431885,
  "best_validation_loss": 6.338592221659999
}