{
  "best_epoch": 8,
  "peak_cpu_memory_MB": 5866.904,
  "peak_gpu_0_memory_MB": 21435,
  "peak_gpu_1_memory_MB": 20139,
  "peak_gpu_2_memory_MB": 20139,
  "peak_gpu_3_memory_MB": 20139,
  "training_duration": "0:05:08.640413",
  "training_start_epoch": 0,
  "training_epochs": 10,
  "epoch": 10,
  "training_accuracy": 0.4707379134860051,
  "training_disc_loss": 1.295755205154419,
  "training_gen_loss": 6.406984920501709,
  "training_loss": 5.891156086554894,
  "training_cpu_memory_MB": 5866.904,
  "training_gpu_0_memory_MB": 21435,
  "training_gpu_1_memory_MB": 20139,
  "training_gpu_2_memory_MB": 20139,
  "training_gpu_3_memory_MB": 20139,
  "validation_accuracy": 0.34419551934826886,
  "validation_disc_loss": 1.6549139070895411,
  "validation_gen_loss": 6.8915031956088155,
  "validation_loss": 6.370300692896689,
  "best_validation_accuracy": 0.34928716904276985,
  "best_validation_disc_loss": 1.9069950993983977,
  "best_validation_gen_loss": 6.931052284855997,
  "best_validation_loss": 6.431161249837568
}