{
  "best_epoch": 0,
  "peak_cpu_memory_MB": 5866.904,
  "peak_gpu_0_memory_MB": 21435,
  "peak_gpu_1_memory_MB": 20139,
  "peak_gpu_2_memory_MB": 20139,
  "peak_gpu_3_memory_MB": 20139,
  "training_duration": "0:00:48.200567",
  "training_start_epoch": 0,
  "training_epochs": 1,
  "epoch": 1,
  "training_accuracy": 0.3435114503816794,
  "training_disc_loss": 8.684344234466552,
  "training_gen_loss": 9.190132350921631,
  "training_loss": 9.087374760554386,
  "training_cpu_memory_MB": 5866.904,
  "training_gpu_0_memory_MB": 21435,
  "training_gpu_1_memory_MB": 20139,
  "training_gpu_2_memory_MB": 20139,
  "training_gpu_3_memory_MB": 20139,
  "validation_accuracy": 0.3268839103869654,
  "validation_disc_loss": 8.276304921796244,
  "validation_gen_loss": 8.512284240415019,
  "validation_loss": 8.489007026918474,
  "best_validation_accuracy": 0.32790224032586557,
  "best_validation_disc_loss": 16.532427680107855,
  "best_validation_gen_loss": 11.833235832952685,
  "best_validation_loss": 12.30459108660298
}