{
  "best_epoch": 2,
  "peak_cpu_memory_MB": 5866.904,
  "peak_gpu_0_memory_MB": 21435,
  "peak_gpu_1_memory_MB": 20139,
  "peak_gpu_2_memory_MB": 20139,
  "peak_gpu_3_memory_MB": 20139,
  "training_duration": "0:01:14.230514",
  "training_start_epoch": 0,
  "training_epochs": 2,
  "epoch": 2,
  "training_accuracy": 0.3333333333333333,
  "training_disc_loss": 4.1744035053253175,
  "training_gen_loss": 7.373971309661865,
  "training_loss": 7.030829796424279,
  "training_cpu_memory_MB": 5866.904,
  "training_gpu_0_memory_MB": 21435,
  "training_gpu_1_memory_MB": 20139,
  "training_gpu_2_memory_MB": 20139,
  "training_gpu_3_memory_MB": 20139,
  "validation_accuracy": 0.329938900203666,
  "validation_disc_loss": 6.5439677238464355,
  "validation_gen_loss": 7.634969288303006,
  "validation_loss": 7.527341119704708,
  "best_validation_accuracy": 0.329938900203666,
  "best_validation_disc_loss": 6.5439677238464355,
  "best_validation_gen_loss": 7.634969288303006,
  "best_validation_loss": 7.527341119704708
}