{
  "best_epoch": 11,
  "peak_cpu_memory_MB": 5866.904,
  "peak_gpu_0_memory_MB": 21435,
  "peak_gpu_1_memory_MB": 20139,
  "peak_gpu_2_memory_MB": 20139,
  "peak_gpu_3_memory_MB": 20139,
  "training_duration": "0:06:58.553771",
  "training_start_epoch": 0,
  "training_epochs": 14,
  "epoch": 14,
  "training_accuracy": 0.5089058524173028,
  "training_disc_loss": 1.1774773645401,
  "training_gen_loss": 6.32372859954834,
  "training_loss": 5.7947474259596605,
  "training_cpu_memory_MB": 5866.904,
  "training_gpu_0_memory_MB": 21435,
  "training_gpu_1_memory_MB": 20139,
  "training_gpu_2_memory_MB": 20139,
  "training_gpu_3_memory_MB": 20139,
  "validation_accuracy": 0.3543788187372709,
  "validation_disc_loss": 1.679794313446168,
  "validation_gen_loss": 6.887195571776359,
  "validation_loss": 6.369083912141861,
  "best_validation_accuracy": 0.3615071283095723,
  "best_validation_disc_loss": 1.5416468920246247,
  "best_validation_gen_loss": 6.855067145439886,
  "best_validation_loss": 6.32606017205023
}