{
  "best_epoch": 17,
  "peak_cpu_memory_MB": 5866.904,
  "peak_gpu_0_memory_MB": 21435,
  "peak_gpu_1_memory_MB": 20139,
  "peak_gpu_2_memory_MB": 20139,
  "peak_gpu_3_memory_MB": 20139,
  "training_duration": "0:09:00.038799",
  "training_start_epoch": 0,
  "training_epochs": 18,
  "epoch": 18,
  "training_accuracy": 0.5928753180661578,
  "training_disc_loss": 0.9634167629480362,
  "training_gen_loss": 6.278500938415528,
  "training_loss": 5.753404764028696,
  "training_cpu_memory_MB": 5866.904,
  "training_gpu_0_memory_MB": 21435,
  "training_gpu_1_memory_MB": 20139,
  "training_gpu_2_memory_MB": 20139,
  "training_gpu_3_memory_MB": 20139,
  "validation_accuracy": 0.3594704684317719,
  "validation_disc_loss": 1.6235644346283329,
  "validation_gen_loss": 6.855403669418827,
  "validation_loss": 6.334697984880017,
  "best_validation_accuracy": 0.37067209775967414,
  "best_validation_disc_loss": 1.6100504994392395,
  "best_validation_gen_loss": 6.8612940311431885,
  "best_validation_loss": 6.338592221659999
}