{
  "best_epoch": 22,
  "peak_cpu_memory_MB": 5866.904,
  "peak_gpu_0_memory_MB": 21435,
  "peak_gpu_1_memory_MB": 20139,
  "peak_gpu_2_memory_MB": 20139,
  "peak_gpu_3_memory_MB": 20139,
  "training_duration": "0:11:43.214167",
  "training_start_epoch": 0,
  "training_epochs": 24,
  "epoch": 24,
  "training_accuracy": 0.6463104325699746,
  "training_disc_loss": 0.8948622870445252,
  "training_gen_loss": 6.231583156585693,
  "training_loss": 5.681906700134277,
  "training_cpu_memory_MB": 5866.904,
  "training_gpu_0_memory_MB": 21435,
  "training_gpu_1_memory_MB": 20139,
  "training_gpu_2_memory_MB": 20139,
  "training_gpu_3_memory_MB": 20139,
  "validation_accuracy": 0.3665987780040733,
  "validation_disc_loss": 1.6988586033544233,
  "validation_gen_loss": 6.865228076134959,
  "validation_loss": 6.351062620839765,
  "best_validation_accuracy": 0.37372708757637474,
  "best_validation_disc_loss": 1.6737541979359043,
  "best_validation_gen_loss": 6.864841061253702,
  "best_validation_loss": 6.3483199919423745
}