{
  "best_epoch": 22,
  "peak_cpu_memory_MB": 5866.904,
  "peak_gpu_0_memory_MB": 21435,
  "peak_gpu_1_memory_MB": 20139,
  "peak_gpu_2_memory_MB": 20139,
  "peak_gpu_3_memory_MB": 20139,
  "training_duration": "0:13:54.908716",
  "training_start_epoch": 0,
  "training_epochs": 29,
  "epoch": 29,
  "training_accuracy": 0.7073791348600509,
  "training_disc_loss": 0.7697032368183137,
  "training_gen_loss": 6.22592716217041,
  "training_loss": 5.689543283902681,
  "training_cpu_memory_MB": 5866.904,
  "training_gpu_0_memory_MB": 21435,
  "training_gpu_1_memory_MB": 20139,
  "training_gpu_2_memory_MB": 20139,
  "training_gpu_3_memory_MB": 20139,
  "validation_accuracy": 0.36761710794297353,
  "validation_disc_loss": 1.728208670693059,
  "validation_gen_loss": 6.882070364490632,
  "validation_loss": 6.3693266068735435,
  "best_validation_accuracy": 0.37372708757637474,
  "best_validation_disc_loss": 1.6737541979359043,
  "best_validation_gen_loss": 6.864841061253702,
  "best_validation_loss": 6.3483199919423745
}