{
  "best_epoch": 2,
  "peak_cpu_memory_MB": 5388.656,
  "peak_gpu_0_memory_MB": 12553,
  "peak_gpu_1_memory_MB": 0,
  "peak_gpu_2_memory_MB": 0,
  "peak_gpu_3_memory_MB": 12805,
  "training_duration": "0:01:41.643389",
  "training_start_epoch": 0,
  "training_epochs": 2,
  "epoch": 2,
  "training_accuracy": 0.8600508905852418,
  "training_loss": 0.4464379617801079,
  "training_cpu_memory_MB": 5388.656,
  "training_gpu_0_memory_MB": 12553,
  "training_gpu_1_memory_MB": 0,
  "training_gpu_2_memory_MB": 0,
  "training_gpu_3_memory_MB": 12805,
  "validation_accuracy": 0.5639327559857361,
  "validation_loss": 0.9948543030586615,
  "best_validation_accuracy": 0.5639327559857361,
  "best_validation_loss": 0.9948543030586615
}