{
  "best_epoch": 13,
  "peak_cpu_memory_MB": 5867.68,
  "peak_gpu_0_memory_MB": 22543,
  "peak_gpu_1_memory_MB": 20139,
  "peak_gpu_2_memory_MB": 20139,
  "peak_gpu_3_memory_MB": 20139,
  "training_duration": "0:06:52.669762",
  "training_start_epoch": 0,
  "training_epochs": 14,
  "epoch": 14,
  "training_accuracy": 0.37404580152671757,
  "training_disc_loss": 1.8360388088226318,
  "training_gen_loss": 6.318192043304443,
  "training_loss": 6.305256953606238,
  "training_cpu_memory_MB": 5867.68,
  "training_gpu_0_memory_MB": 22543,
  "training_gpu_1_memory_MB": 20139,
  "training_gpu_2_memory_MB": 20139,
  "training_gpu_3_memory_MB": 20139,
  "validation_accuracy": 0.335030549898167,
  "validation_disc_loss": 1.9365559258768636,
  "validation_gen_loss": 7.566833480711906,
  "validation_loss": 7.570242804865683,
  "best_validation_accuracy": 0.3625254582484725,
  "best_validation_disc_loss": 1.3717370283219121,
  "best_validation_gen_loss": 7.4291679243887625,
  "best_validation_loss": 7.432680453023603
}