{
  "best_epoch": 21,
  "peak_cpu_memory_MB": 5867.68,
  "peak_gpu_0_memory_MB": 22543,
  "peak_gpu_1_memory_MB": 20139,
  "peak_gpu_2_memory_MB": 20139,
  "peak_gpu_3_memory_MB": 20139,
  "training_duration": "0:10:33.655066",
  "training_start_epoch": 0,
  "training_epochs": 22,
  "epoch": 22,
  "training_accuracy": 0.45038167938931295,
  "training_disc_loss": 1.5417099785804749,
  "training_gen_loss": 6.213311824798584,
  "training_loss": 6.215421713315523,
  "training_cpu_memory_MB": 5867.68,
  "training_gpu_0_memory_MB": 22543,
  "training_gpu_1_memory_MB": 20139,
  "training_gpu_2_memory_MB": 20139,
  "training_gpu_3_memory_MB": 20139,
  "validation_accuracy": 0.3665987780040733,
  "validation_disc_loss": 2.4897453054305045,
  "validation_gen_loss": 7.71045345644797,
  "validation_loss": 7.713890521757064,
  "best_validation_accuracy": 0.37474541751527496,
  "best_validation_disc_loss": 2.2811298562634374,
  "best_validation_gen_loss": 7.670220490424864,
  "best_validation_loss": 7.673815727233887
}