{
  "best_epoch": 1,
  "peak_cpu_memory_MB": 5867.68,
  "peak_gpu_0_memory_MB": 22543,
  "peak_gpu_1_memory_MB": 20139,
  "peak_gpu_2_memory_MB": 20139,
  "peak_gpu_3_memory_MB": 20139,
  "training_duration": "0:03:06.050991",
  "training_start_epoch": 0,
  "training_epochs": 6,
  "epoch": 6,
  "training_accuracy": 0.3511450381679389,
  "training_disc_loss": 2.4553976607322694,
  "training_gen_loss": 6.601965293884278,
  "training_loss": 6.599023818969727,
  "training_cpu_memory_MB": 5867.68,
  "training_gpu_0_memory_MB": 22543,
  "training_gpu_1_memory_MB": 20139,
  "training_gpu_2_memory_MB": 20139,
  "training_gpu_3_memory_MB": 20139,
  "validation_accuracy": 0.32382892057026474,
  "validation_disc_loss": 1.747997756927244,
  "validation_gen_loss": 7.13467187266196,
  "validation_loss": 7.138285683047387,
  "best_validation_accuracy": 0.3391038696537678,
  "best_validation_disc_loss": 4.115528422017252,
  "best_validation_gen_loss": 7.671963045673985,
  "best_validation_loss": 7.6750168338898686
}