{
  "best_epoch": 21,
  "peak_cpu_memory_MB": 5867.68,
  "peak_gpu_0_memory_MB": 22543,
  "peak_gpu_1_memory_MB": 20139,
  "peak_gpu_2_memory_MB": 20139,
  "peak_gpu_3_memory_MB": 20139,
  "training_duration": "0:11:00.766598",
  "training_start_epoch": 0,
  "training_epochs": 23,
  "epoch": 23,
  "training_accuracy": 0.43256997455470736,
  "training_disc_loss": 1.5933861756324768,
  "training_gen_loss": 6.213656349182129,
  "training_loss": 6.220149223621075,
  "training_cpu_memory_MB": 5867.68,
  "training_gpu_0_memory_MB": 22543,
  "training_gpu_1_memory_MB": 20139,
  "training_gpu_2_memory_MB": 20139,
  "training_gpu_3_memory_MB": 20139,
  "validation_accuracy": 0.3615071283095723,
  "validation_disc_loss": 2.2813684767292393,
  "validation_gen_loss": 7.586195568884572,
  "validation_loss": 7.5895638312062905,
  "best_validation_accuracy": 0.37474541751527496,
  "best_validation_disc_loss": 2.2811298562634374,
  "best_validation_gen_loss": 7.670220490424864,
  "best_validation_loss": 7.673815727233887
}