{
  "best_epoch": 8,
  "peak_cpu_memory_MB": 5867.68,
  "peak_gpu_0_memory_MB": 22543,
  "peak_gpu_1_memory_MB": 20139,
  "peak_gpu_2_memory_MB": 20139,
  "peak_gpu_3_memory_MB": 20139,
  "training_duration": "0:03:59.282887",
  "training_start_epoch": 0,
  "training_epochs": 8,
  "epoch": 8,
  "training_accuracy": 0.3460559796437659,
  "training_disc_loss": 2.0836164236068724,
  "training_gen_loss": 6.485688171386719,
  "training_loss": 6.469433857844426,
  "training_cpu_memory_MB": 5867.68,
  "training_gpu_0_memory_MB": 22543,
  "training_gpu_1_memory_MB": 20139,
  "training_gpu_2_memory_MB": 20139,
  "training_gpu_3_memory_MB": 20139,
  "validation_accuracy": 0.34317718940936864,
  "validation_disc_loss": 1.9155938721472217,
  "validation_gen_loss": 7.228423280100668,
  "validation_loss": 7.231743981761317,
  "best_validation_accuracy": 0.34317718940936864,
  "best_validation_disc_loss": 1.9155938721472217,
  "best_validation_gen_loss": 7.228423280100668,
  "best_validation_loss": 7.231743981761317
}