{
  "best_epoch": 20,
  "peak_cpu_memory_MB": 5867.68,
  "peak_gpu_0_memory_MB": 22543,
  "peak_gpu_1_memory_MB": 20139,
  "peak_gpu_2_memory_MB": 20139,
  "peak_gpu_3_memory_MB": 20139,
  "training_duration": "0:09:31.926871",
  "training_start_epoch": 0,
  "training_epochs": 20,
  "epoch": 20,
  "training_accuracy": 0.3893129770992366,
  "training_disc_loss": 1.7651187348365784,
  "training_gen_loss": 6.227097682952881,
  "training_loss": 6.222442040076623,
  "training_cpu_memory_MB": 5867.68,
  "training_gpu_0_memory_MB": 22543,
  "training_gpu_1_memory_MB": 20139,
  "training_gpu_2_memory_MB": 20139,
  "training_gpu_3_memory_MB": 20139,
  "validation_accuracy": 0.3655804480651731,
  "validation_disc_loss": 1.607397872594095,
  "validation_gen_loss": 7.236868396882088,
  "validation_loss": 7.240270291605303,
  "best_validation_accuracy": 0.3655804480651731,
  "best_validation_disc_loss": 1.607397872594095,
  "best_validation_gen_loss": 7.236868396882088,
  "best_validation_loss": 7.240270291605303
}