{
  "best_epoch": 9,
  "peak_cpu_memory_MB": 5867.68,
  "peak_gpu_0_memory_MB": 22543,
  "peak_gpu_1_memory_MB": 20139,
  "peak_gpu_2_memory_MB": 20139,
  "peak_gpu_3_memory_MB": 20139,
  "training_duration": "0:05:55.330840",
  "training_start_epoch": 0,
  "training_epochs": 12,
  "epoch": 12,
  "training_accuracy": 0.38676844783715014,
  "training_disc_loss": 1.890568370819092,
  "training_gen_loss": 6.389613666534424,
  "training_loss": 6.39585832449106,
  "training_cpu_memory_MB": 5867.68,
  "training_gpu_0_memory_MB": 22543,
  "training_gpu_1_memory_MB": 20139,
  "training_gpu_2_memory_MB": 20139,
  "training_gpu_3_memory_MB": 20139,
  "validation_accuracy": 0.3319755600814664,
  "validation_disc_loss": 2.3370364289129935,
  "validation_gen_loss": 7.3274881455206105,
  "validation_loss": 7.330763247705275,
  "best_validation_accuracy": 0.34521384928716903,
  "best_validation_disc_loss": 2.013834370720771,
  "best_validation_gen_loss": 7.123288562220912,
  "best_validation_loss": 7.126558026959819
}