{
  "best_epoch": 9,
  "peak_cpu_memory_MB": 5500.552,
  "peak_gpu_0_memory_MB": 12677,
  "peak_gpu_1_memory_MB": 21435,
  "peak_gpu_2_memory_MB": 0,
  "peak_gpu_3_memory_MB": 12821,
  "training_duration": "0:06:13.474398",
  "training_start_epoch": 0,
  "training_epochs": 9,
  "epoch": 9,
  "training_accuracy": 0.8829516539440203,
  "training_loss": 0.39040900422976565,
  "training_cpu_memory_MB": 5500.552,
  "training_gpu_0_memory_MB": 12677,
  "training_gpu_1_memory_MB": 21435,
  "training_gpu_2_memory_MB": 0,
  "training_gpu_3_memory_MB": 12821,
  "validation_accuracy": 0.5522159959246052,
  "validation_loss": 1.0239581075475737,
  "best_validation_accuracy": 0.5522159959246052,
  "best_validation_loss": 1.0239581075475737
}