{
  "best_epoch": 10,
  "peak_cpu_memory_MB": 5500.552,
  "peak_gpu_0_memory_MB": 12677,
  "peak_gpu_1_memory_MB": 21435,
  "peak_gpu_2_memory_MB": 0,
  "peak_gpu_3_memory_MB": 12821,
  "training_duration": "0:06:52.040365",
  "training_start_epoch": 0,
  "training_epochs": 10,
  "epoch": 10,
  "training_accuracy": 0.9211195928753181,
  "training_loss": 0.32058097192874324,
  "training_cpu_memory_MB": 5500.552,
  "training_gpu_0_memory_MB": 12677,
  "training_gpu_1_memory_MB": 21435,
  "training_gpu_2_memory_MB": 0,
  "training_gpu_3_memory_MB": 12821,
  "validation_accuracy": 0.5872643912379012,
  "validation_loss": 0.9713685825127344,
  "best_validation_accuracy": 0.5872643912379012,
  "best_validation_loss": 0.9713685825127344
}