{
  "best_epoch": 4,
  "peak_cpu_memory_MB": 5500.552,
  "peak_gpu_0_memory_MB": 12677,
  "peak_gpu_1_memory_MB": 21435,
  "peak_gpu_2_memory_MB": 0,
  "peak_gpu_3_memory_MB": 12821,
  "training_duration": "0:03:00.154600",
  "training_start_epoch": 0,
  "training_epochs": 4,
  "epoch": 4,
  "training_accuracy": 0.5063613231552163,
  "training_loss": 1.0091844430336585,
  "training_cpu_memory_MB": 5500.552,
  "training_gpu_0_memory_MB": 12677,
  "training_gpu_1_memory_MB": 21435,
  "training_gpu_2_memory_MB": 0,
  "training_gpu_3_memory_MB": 12821,
  "validation_accuracy": 0.4031584309730005,
  "validation_loss": 1.1059376430433814,
  "best_validation_accuracy": 0.4031584309730005,
  "best_validation_loss": 1.1059376430433814
}