{
  "best_epoch": 12,
  "peak_cpu_memory_MB": 5500.552,
  "peak_gpu_0_memory_MB": 12677,
  "peak_gpu_1_memory_MB": 21435,
  "peak_gpu_2_memory_MB": 0,
  "peak_gpu_3_memory_MB": 12821,
  "training_duration": "0:08:09.201783",
  "training_start_epoch": 0,
  "training_epochs": 12,
  "epoch": 12,
  "training_accuracy": 0.9287531806615776,
  "training_loss": 0.25521345551197344,
  "training_cpu_memory_MB": 5500.552,
  "training_gpu_0_memory_MB": 12677,
  "training_gpu_1_memory_MB": 21435,
  "training_gpu_2_memory_MB": 0,
  "training_gpu_3_memory_MB": 12821,
  "validation_accuracy": 0.6009169638308711,
  "validation_loss": 0.9620972956236489,
  "best_validation_accuracy": 0.6009169638308711,
  "best_validation_loss": 0.9620972956236489
}