{
  "best_epoch": 6,
  "peak_cpu_memory_MB": 5500.552,
  "peak_gpu_0_memory_MB": 12677,
  "peak_gpu_1_memory_MB": 21435,
  "peak_gpu_2_memory_MB": 0,
  "peak_gpu_3_memory_MB": 12821,
  "training_duration": "0:04:17.819098",
  "training_start_epoch": 0,
  "training_epochs": 6,
  "epoch": 6,
  "training_accuracy": 0.7302798982188295,
  "training_loss": 0.7378658789854783,
  "training_cpu_memory_MB": 5500.552,
  "training_gpu_0_memory_MB": 12677,
  "training_gpu_1_memory_MB": 21435,
  "training_gpu_2_memory_MB": 0,
  "training_gpu_3_memory_MB": 12821,
  "validation_accuracy": 0.48813041263372386,
  "validation_loss": 1.0682402332753234,
  "best_validation_accuracy": 0.48813041263372386,
  "best_validation_loss": 1.0682402332753234
}