{
  "best_epoch": 2,
  "peak_cpu_memory_MB": 5495.956,
  "peak_gpu_0_memory_MB": 12553,
  "peak_gpu_1_memory_MB": 21435,
  "peak_gpu_2_memory_MB": 0,
  "peak_gpu_3_memory_MB": 12821,
  "training_duration": "0:01:44.838091",
  "training_start_epoch": 0,
  "training_epochs": 2,
  "epoch": 2,
  "training_accuracy": 0.910941475826972,
  "training_loss": 0.27868109253736645,
  "training_cpu_memory_MB": 5495.956,
  "training_gpu_0_memory_MB": 12553,
  "training_gpu_1_memory_MB": 21435,
  "training_gpu_2_memory_MB": 0,
  "training_gpu_3_memory_MB": 12815,
  "validation_accuracy": 0.5975547631176771,
  "validation_loss": 1.2701918294453076,
  "best_validation_accuracy": 0.5975547631176771,
  "best_validation_loss": 1.2701918294453076
}