{
  "best_epoch": 5,
  "peak_cpu_memory_MB": 5865.848,
  "peak_gpu_0_memory_MB": 21435,
  "peak_gpu_1_memory_MB": 20139,
  "peak_gpu_2_memory_MB": 20139,
  "peak_gpu_3_memory_MB": 20139,
  "training_duration": "0:03:16.583405",
  "training_start_epoch": 0,
  "training_epochs": 6,
  "epoch": 6,
  "training_accuracy": 0.3969465648854962,
  "training_disc_loss": 1.5300481224060059,
  "training_gen_loss": 6.490834846496582,
  "training_loss": 5.989554698650654,
  "training_cpu_memory_MB": 5865.848,
  "training_gpu_0_memory_MB": 21435,
  "training_gpu_1_memory_MB": 20139,
  "training_gpu_2_memory_MB": 20139,
  "training_gpu_3_memory_MB": 20139,
  "validation_accuracy": 0.3543788187372709,
  "validation_disc_loss": 1.629849495426301,
  "validation_gen_loss": 6.903914351617137,
  "validation_loss": 6.377816584802443,
  "best_validation_accuracy": 0.3594704684317719,
  "best_validation_disc_loss": 1.9539027329414123,
  "best_validation_gen_loss": 6.962007599492227,
  "best_validation_loss": 6.462471777392972
}