{
  "best_epoch": 0,
  "peak_cpu_memory_MB": 5865.848,
  "peak_gpu_0_memory_MB": 2617,
  "peak_gpu_1_memory_MB": 20139,
  "peak_gpu_2_memory_MB": 20139,
  "peak_gpu_3_memory_MB": 20139,
  "training_duration": "0:00:21.324783",
  "training_start_epoch": 0,
  "training_epochs": 0,
  "epoch": 0,
  "training_accuracy": 0.37404580152671757,
  "training_disc_loss": 13.672791576385498,
  "training_gen_loss": 12.382451095581054,
  "training_loss": 12.480145601125864,
  "training_cpu_memory_MB": 5865.848,
  "training_gpu_0_memory_MB": 2617,
  "training_gpu_1_memory_MB": 20139,
  "training_gpu_2_memory_MB": 20139,
  "training_gpu_3_memory_MB": 20139,
  "validation_accuracy": 0.3340122199592668,
  "validation_disc_loss": 13.449658778405958,
  "validation_gen_loss": 11.795279625923403,
  "validation_loss": 11.965712854939122,
  "best_validation_accuracy": 0.3340122199592668,
  "best_validation_disc_loss": 13.449658778405958,
  "best_validation_gen_loss": 11.795279625923403,
  "best_validation_loss": 11.965712854939122
}