{
  "best_epoch": 12,
  "peak_cpu_memory_MB": 5865.848,
  "peak_gpu_0_memory_MB": 21435,
  "peak_gpu_1_memory_MB": 20139,
  "peak_gpu_2_memory_MB": 20139,
  "peak_gpu_3_memory_MB": 20139,
  "training_duration": "0:07:28.188900",
  "training_start_epoch": 0,
  "training_epochs": 15,
  "epoch": 15,
  "training_accuracy": 0.47837150127226463,
  "training_disc_loss": 1.187989649772644,
  "training_gen_loss": 6.334862594604492,
  "training_loss": 5.827600112328162,
  "training_cpu_memory_MB": 5865.848,
  "training_gpu_0_memory_MB": 21435,
  "training_gpu_1_memory_MB": 20139,
  "training_gpu_2_memory_MB": 20139,
  "training_gpu_3_memory_MB": 20139,
  "validation_accuracy": 0.35845213849287166,
  "validation_disc_loss": 1.5104019343852997,
  "validation_gen_loss": 6.8711766504472305,
  "validation_loss": 6.336601380378969,
  "best_validation_accuracy": 0.3655804480651731,
  "best_validation_disc_loss": 1.4450753090843078,
  "best_validation_gen_loss": 6.866008343235139,
  "best_validation_loss": 6.325360590411771
}