{
  "best_epoch": 12,
  "peak_cpu_memory_MB": 5865.848,
  "peak_gpu_0_memory_MB": 21435,
  "peak_gpu_1_memory_MB": 20139,
  "peak_gpu_2_memory_MB": 20139,
  "peak_gpu_3_memory_MB": 20139,
  "training_duration": "0:08:22.288379",
  "training_start_epoch": 0,
  "training_epochs": 17,
  "epoch": 17,
  "training_accuracy": 0.5139949109414759,
  "training_disc_loss": 1.1220692348480226,
  "training_gen_loss": 6.306157169342041,
  "training_loss": 5.768168119283823,
  "training_cpu_memory_MB": 5865.848,
  "training_gpu_0_memory_MB": 21435,
  "training_gpu_1_memory_MB": 20139,
  "training_gpu_2_memory_MB": 20139,
  "training_gpu_3_memory_MB": 20139,
  "validation_accuracy": 0.34725050916496947,
  "validation_disc_loss": 1.6737038108610338,
  "validation_gen_loss": 6.878016994845483,
  "validation_loss": 6.359146456564626,
  "best_validation_accuracy": 0.3655804480651731,
  "best_validation_disc_loss": 1.4450753090843078,
  "best_validation_gen_loss": 6.866008343235139,
  "best_validation_loss": 6.325360590411771
}