{
  "best_epoch": 7,
  "peak_cpu_memory_MB": 5865.848,
  "peak_gpu_0_memory_MB": 21435,
  "peak_gpu_1_memory_MB": 20139,
  "peak_gpu_2_memory_MB": 20139,
  "peak_gpu_3_memory_MB": 20139,
  "training_duration": "0:04:15.027543",
  "training_start_epoch": 0,
  "training_epochs": 8,
  "epoch": 8,
  "training_accuracy": 0.43256997455470736,
  "training_disc_loss": 1.405910747051239,
  "training_gen_loss": 6.414987907409668,
  "training_loss": 5.904156721555269,
  "training_cpu_memory_MB": 5865.848,
  "training_gpu_0_memory_MB": 21435,
  "training_gpu_1_memory_MB": 20139,
  "training_gpu_2_memory_MB": 20139,
  "training_gpu_3_memory_MB": 20139,
  "validation_accuracy": 0.3564154786150713,
  "validation_disc_loss": 1.6329877165056044,
  "validation_gen_loss": 6.898663874595396,
  "validation_loss": 6.373478566446612,
  "best_validation_accuracy": 0.3645621181262729,
  "best_validation_disc_loss": 1.8588158219091353,
  "best_validation_gen_loss": 6.9216790199279785,
  "best_validation_loss": 6.416824848421158
}