{
  "best_epoch": 4,
  "peak_cpu_memory_MB": 5865.848,
  "peak_gpu_0_memory_MB": 21435,
  "peak_gpu_1_memory_MB": 20139,
  "peak_gpu_2_memory_MB": 20139,
  "peak_gpu_3_memory_MB": 20139,
  "training_duration": "0:02:14.127483",
  "training_start_epoch": 0,
  "training_epochs": 4,
  "epoch": 4,
  "training_accuracy": 0.4198473282442748,
  "training_disc_loss": 1.748364486694336,
  "training_gen_loss": 6.598038158416748,
  "training_loss": 6.106714138617883,
  "training_cpu_memory_MB": 5865.848,
  "training_gpu_0_memory_MB": 21435,
  "training_gpu_1_memory_MB": 20139,
  "training_gpu_2_memory_MB": 20139,
  "training_gpu_3_memory_MB": 20139,
  "validation_accuracy": 0.3513238289205703,
  "validation_disc_loss": 3.010901777975021,
  "validation_gen_loss": 7.083251353233091,
  "validation_loss": 6.677266059383269,
  "best_validation_accuracy": 0.3513238289205703,
  "best_validation_disc_loss": 3.010901777975021,
  "best_validation_gen_loss": 7.083251353233091,
  "best_validation_loss": 6.677266059383269
}