{
  "best_epoch": 1,
  "peak_cpu_memory_MB": 5867.024,
  "peak_gpu_0_memory_MB": 22543,
  "peak_gpu_1_memory_MB": 20139,
  "peak_gpu_2_memory_MB": 20139,
  "peak_gpu_3_memory_MB": 20139,
  "training_duration": "0:02:38.476040",
  "training_start_epoch": 0,
  "training_epochs": 5,
  "epoch": 5,
  "training_accuracy": 0.35877862595419846,
  "training_disc_loss": 2.180366735458374,
  "training_gen_loss": 6.5682680130004885,
  "training_loss": 6.569912250225361,
  "training_cpu_memory_MB": 5867.024,
  "training_gpu_0_memory_MB": 22543,
  "training_gpu_1_memory_MB": 20139,
  "training_gpu_2_memory_MB": 20139,
  "training_gpu_3_memory_MB": 20139,
  "validation_accuracy": 0.3268839103869654,
  "validation_disc_loss": 2.678398049646808,
  "validation_gen_loss": 7.089978071951097,
  "validation_loss": 7.092068733707551,
  "best_validation_accuracy": 0.3329938900203666,
  "best_validation_disc_loss": 13.669361299084079,
  "best_validation_gen_loss": 9.765981720339868,
  "best_validation_loss": 9.764164986148957
}