{
  "best_epoch": 15,
  "peak_cpu_memory_MB": 5867.024,
  "peak_gpu_0_memory_MB": 22543,
  "peak_gpu_1_memory_MB": 20139,
  "peak_gpu_2_memory_MB": 20139,
  "peak_gpu_3_memory_MB": 20139,
  "training_duration": "0:07:47.173611",
  "training_start_epoch": 0,
  "training_epochs": 16,
  "epoch": 16,
  "training_accuracy": 0.40966921119592875,
  "training_disc_loss": 1.4280592799186707,
  "training_gen_loss": 6.325631256103516,
  "training_loss": 6.325955097491924,
  "training_cpu_memory_MB": 5867.024,
  "training_gpu_0_memory_MB": 22543,
  "training_gpu_1_memory_MB": 20139,
  "training_gpu_2_memory_MB": 20139,
  "training_gpu_3_memory_MB": 20139,
  "validation_accuracy": 0.335030549898167,
  "validation_disc_loss": 1.6260386320852465,
  "validation_gen_loss": 6.881726426462973,
  "validation_loss": 6.884144013927829,
  "best_validation_accuracy": 0.34623217922606925,
  "best_validation_disc_loss": 1.539953819205684,
  "best_validation_gen_loss": 6.868703711417414,
  "best_validation_loss": 6.87114804790866
}