{
  "best_epoch": 7,
  "peak_cpu_memory_MB": 5867.024,
  "peak_gpu_0_memory_MB": 22543,
  "peak_gpu_1_memory_MB": 20139,
  "peak_gpu_2_memory_MB": 20139,
  "peak_gpu_3_memory_MB": 20139,
  "training_duration": "0:04:08.253078",
  "training_start_epoch": 0,
  "training_epochs": 8,
  "epoch": 8,
  "training_accuracy": 0.3791348600508906,
  "training_disc_loss": 1.6146866416931152,
  "training_gen_loss": 6.4138334846496585,
  "training_loss": 6.4017150952265816,
  "training_cpu_memory_MB": 5867.024,
  "training_gpu_0_memory_MB": 22543,
  "training_gpu_1_memory_MB": 20139,
  "training_gpu_2_memory_MB": 20139,
  "training_gpu_3_memory_MB": 20139,
  "validation_accuracy": 0.3329938900203666,
  "validation_disc_loss": 1.964306398745506,
  "validation_gen_loss": 6.915600207544142,
  "validation_loss": 6.917689292661605,
  "best_validation_accuracy": 0.3421588594704684,
  "best_validation_disc_loss": 1.9206920304606039,
  "best_validation_gen_loss": 6.919048716945033,
  "best_validation_loss": 6.921297580965104
}