{
  "best_epoch": 15,
  "peak_cpu_memory_MB": 5867.024,
  "peak_gpu_0_memory_MB": 22543,
  "peak_gpu_1_memory_MB": 20139,
  "peak_gpu_2_memory_MB": 20139,
  "peak_gpu_3_memory_MB": 20139,
  "training_duration": "0:07:13.705550",
  "training_start_epoch": 0,
  "training_epochs": 15,
  "epoch": 15,
  "training_accuracy": 0.41475826972010177,
  "training_disc_loss": 1.476033136844635,
  "training_gen_loss": 6.336847801208496,
  "training_loss": 6.345525484818679,
  "training_cpu_memory_MB": 5867.024,
  "training_gpu_0_memory_MB": 22543,
  "training_gpu_1_memory_MB": 20139,
  "training_gpu_2_memory_MB": 20139,
  "training_gpu_3_memory_MB": 20139,
  "validation_accuracy": 0.34623217922606925,
  "validation_disc_loss": 1.539953819205684,
  "validation_gen_loss": 6.868703711417414,
  "validation_loss": 6.87114804790866,
  "best_validation_accuracy": 0.34623217922606925,
  "best_validation_disc_loss": 1.539953819205684,
  "best_validation_gen_loss": 6.868703711417414,
  "best_validation_loss": 6.87114804790866
}