{
  "best_epoch": 9,
  "peak_cpu_memory_MB": 5866.62,
  "peak_gpu_0_memory_MB": 21435,
  "peak_gpu_1_memory_MB": 20139,
  "peak_gpu_2_memory_MB": 20139,
  "peak_gpu_3_memory_MB": 20139,
  "training_duration": "0:09:57.678362",
  "training_start_epoch": 0,
  "training_epochs": 21,
  "epoch": 21,
  "training_accuracy": 0.4732824427480916,
  "training_disc_loss": 1.23774489402771,
  "training_gen_loss": 6.513602657318115,
  "training_loss": 3.880900896512545,
  "training_cpu_memory_MB": 5866.62,
  "training_gpu_0_memory_MB": 21435,
  "training_gpu_1_memory_MB": 20139,
  "training_gpu_2_memory_MB": 20139,
  "training_gpu_3_memory_MB": 20139,
  "validation_accuracy": 0.35845213849287166,
  "validation_disc_loss": 1.4424083675107648,
  "validation_gen_loss": 6.891729454840383,
  "validation_loss": 4.168676683979649,
  "best_validation_accuracy": 0.390020366598778,
  "best_validation_disc_loss": 1.6245560117306248,
  "best_validation_gen_loss": 7.028071511176325,
  "best_validation_loss": 4.3301257164247575
}