{
  "best_epoch": 9,
  "peak_cpu_memory_MB": 5866.62,
  "peak_gpu_0_memory_MB": 21435,
  "peak_gpu_1_memory_MB": 20139,
  "peak_gpu_2_memory_MB": 20139,
  "peak_gpu_3_memory_MB": 20139,
  "training_duration": "0:09:04.651702",
  "training_start_epoch": 0,
  "training_epochs": 19,
  "epoch": 19,
  "training_accuracy": 0.46055979643765904,
  "training_disc_loss": 1.2930294609069823,
  "training_gen_loss": 6.511777763366699,
  "training_loss": 3.893335617505587,
  "training_cpu_memory_MB": 5866.62,
  "training_gpu_0_memory_MB": 21435,
  "training_gpu_1_memory_MB": 20139,
  "training_gpu_2_memory_MB": 20139,
  "training_gpu_3_memory_MB": 20139,
  "validation_accuracy": 0.3665987780040733,
  "validation_disc_loss": 1.4367961172134645,
  "validation_gen_loss": 6.9088329807404545,
  "validation_loss": 4.1739108947015575,
  "best_validation_accuracy": 0.390020366598778,
  "best_validation_disc_loss": 1.6245560117306248,
  "best_validation_gen_loss": 7.028071511176325,
  "best_validation_loss": 4.3301257164247575
}