{
  "best_epoch": 1,
  "peak_cpu_memory_MB": 5866.62,
  "peak_gpu_0_memory_MB": 21435,
  "peak_gpu_1_memory_MB": 20139,
  "peak_gpu_2_memory_MB": 20139,
  "peak_gpu_3_memory_MB": 20139,
  "training_duration": "0:00:48.357331",
  "training_start_epoch": 0,
  "training_epochs": 1,
  "epoch": 1,
  "training_accuracy": 0.3486005089058524,
  "training_disc_loss": 9.276199836730957,
  "training_gen_loss": 11.149588584899902,
  "training_loss": 10.089590659508339,
  "training_cpu_memory_MB": 5866.62,
  "training_gpu_0_memory_MB": 21435,
  "training_gpu_1_memory_MB": 20139,
  "training_gpu_2_memory_MB": 20139,
  "training_gpu_3_memory_MB": 20139,
  "validation_accuracy": 0.3594704684317719,
  "validation_disc_loss": 15.727585331086189,
  "validation_gen_loss": 11.559218868132561,
  "validation_loss": 13.653346800035045,
  "best_validation_accuracy": 0.3594704684317719,
  "best_validation_disc_loss": 15.727585331086189,
  "best_validation_gen_loss": 11.559218868132561,
  "best_validation_loss": 13.653346800035045
}