{
  "best_epoch": 9,
  "peak_cpu_memory_MB": 5866.62,
  "peak_gpu_0_memory_MB": 21435,
  "peak_gpu_1_memory_MB": 20139,
  "peak_gpu_2_memory_MB": 20139,
  "peak_gpu_3_memory_MB": 20139,
  "training_duration": "0:04:36.017560",
  "training_start_epoch": 0,
  "training_epochs": 9,
  "epoch": 9,
  "training_accuracy": 0.37404580152671757,
  "training_disc_loss": 1.6446197128295899,
  "training_gen_loss": 6.73679407119751,
  "training_loss": 4.192872964418852,
  "training_cpu_memory_MB": 5866.62,
  "training_gpu_0_memory_MB": 21435,
  "training_gpu_1_memory_MB": 20139,
  "training_gpu_2_memory_MB": 20139,
  "training_gpu_3_memory_MB": 20139,
  "validation_accuracy": 0.390020366598778,
  "validation_disc_loss": 1.6245560117306248,
  "validation_gen_loss": 7.028071511176325,
  "validation_loss": 4.3301257164247575,
  "best_validation_accuracy": 0.390020366598778,
  "best_validation_disc_loss": 1.6245560117306248,
  "best_validation_gen_loss": 7.028071511176325,
  "best_validation_loss": 4.3301257164247575
}