{
  "best_epoch": 5,
  "peak_cpu_memory_MB": 5866.62,
  "peak_gpu_0_memory_MB": 21435,
  "peak_gpu_1_memory_MB": 20139,
  "peak_gpu_2_memory_MB": 20139,
  "peak_gpu_3_memory_MB": 20139,
  "training_duration": "0:02:37.380756",
  "training_start_epoch": 0,
  "training_epochs": 5,
  "epoch": 5,
  "training_accuracy": 0.3256997455470738,
  "training_disc_loss": 2.14158408164978,
  "training_gen_loss": 7.046548194885254,
  "training_loss": 4.591172273342426,
  "training_cpu_memory_MB": 5866.62,
  "training_gpu_0_memory_MB": 21435,
  "training_gpu_1_memory_MB": 20139,
  "training_gpu_2_memory_MB": 20139,
  "training_gpu_3_memory_MB": 20139,
  "validation_accuracy": 0.3615071283095723,
  "validation_disc_loss": 2.1432628958455977,
  "validation_gen_loss": 7.4286398733815835,
  "validation_loss": 4.7881090717930945,
  "best_validation_accuracy": 0.3615071283095723,
  "best_validation_disc_loss": 2.1432628958455977,
  "best_validation_gen_loss": 7.4286398733815835,
  "best_validation_loss": 4.7881090717930945
}