{
  "best_epoch": 9,
  "peak_cpu_memory_MB": 5866.62,
  "peak_gpu_0_memory_MB": 21435,
  "peak_gpu_1_memory_MB": 20139,
  "peak_gpu_2_memory_MB": 20139,
  "peak_gpu_3_memory_MB": 20139,
  "training_duration": "0:08:11.676106",
  "training_start_epoch": 0,
  "training_epochs": 17,
  "epoch": 17,
  "training_accuracy": 0.4681933842239186,
  "training_disc_loss": 1.2922526931762695,
  "training_gen_loss": 6.532658367156983,
  "training_loss": 3.8925321102142334,
  "training_cpu_memory_MB": 5866.62,
  "training_gpu_0_memory_MB": 21435,
  "training_gpu_1_memory_MB": 20139,
  "training_gpu_2_memory_MB": 20139,
  "training_gpu_3_memory_MB": 20139,
  "validation_accuracy": 0.34826883910386963,
  "validation_disc_loss": 1.4866097598306593,
  "validation_gen_loss": 6.951983628734466,
  "validation_loss": 4.219814269773422,
  "best_validation_accuracy": 0.390020366598778,
  "best_validation_disc_loss": 1.6245560117306248,
  "best_validation_gen_loss": 7.028071511176325,
  "best_validation_loss": 4.3301257164247575
}