{
  "best_epoch": 25,
  "peak_cpu_memory_MB": 5867.412,
  "peak_gpu_0_memory_MB": 13845,
  "peak_gpu_1_memory_MB": 13845,
  "peak_gpu_2_memory_MB": 13845,
  "peak_gpu_3_memory_MB": 21435,
  "training_duration": "0:15:51.783467",
  "training_start_epoch": 0,
  "training_epochs": 27,
  "epoch": 27,
  "training_accuracy": 0.8015267175572519,
  "training_disc_loss": 0.5318169080466032,
  "training_gen_loss": 5.602532224655151,
  "training_loss": 5.602532224655151,
  "training_cpu_memory_MB": 5867.412,
  "training_gpu_0_memory_MB": 13845,
  "training_gpu_1_memory_MB": 13845,
  "training_gpu_2_memory_MB": 13845,
  "training_gpu_3_memory_MB": 21435,
  "validation_accuracy": 0.39918533604887985,
  "validation_disc_loss": 2.0142870763453042,
  "validation_gen_loss": 7.501377028178394,
  "validation_loss": 7.501377028178394,
  "best_validation_accuracy": 0.4073319755600815,
  "best_validation_disc_loss": 1.9507066864308302,
  "best_validation_gen_loss": 7.439593183315866,
  "best_validation_loss": 7.439593183315866
}