{
  "best_epoch": 23,
  "peak_cpu_memory_MB": 5867.412,
  "peak_gpu_0_memory_MB": 13845,
  "peak_gpu_1_memory_MB": 13845,
  "peak_gpu_2_memory_MB": 13845,
  "peak_gpu_3_memory_MB": 21435,
  "training_duration": "0:14:06.518844",
  "training_start_epoch": 0,
  "training_epochs": 24,
  "epoch": 24,
  "training_accuracy": 0.7557251908396947,
  "training_disc_loss": 0.6019432141631842,
  "training_gen_loss": 5.63515422821045,
  "training_loss": 5.63515422821045,
  "training_cpu_memory_MB": 5867.412,
  "training_gpu_0_memory_MB": 13845,
  "training_gpu_1_memory_MB": 13845,
  "training_gpu_2_memory_MB": 13845,
  "training_gpu_3_memory_MB": 21435,
  "validation_accuracy": 0.39307535641547864,
  "validation_disc_loss": 1.7976849083977986,
  "validation_gen_loss": 7.404822543384583,
  "validation_loss": 7.404822543384583,
  "best_validation_accuracy": 0.40427698574338083,
  "best_validation_disc_loss": 1.8615542025100895,
  "best_validation_gen_loss": 7.396464405990228,
  "best_validation_loss": 7.396464405990228
}