{
  "best_epoch": 6,
  "peak_cpu_memory_MB": 5867.412,
  "peak_gpu_0_memory_MB": 13845,
  "peak_gpu_1_memory_MB": 13845,
  "peak_gpu_2_memory_MB": 13845,
  "peak_gpu_3_memory_MB": 21435,
  "training_duration": "0:03:54.227902",
  "training_start_epoch": 0,
  "training_epochs": 6,
  "epoch": 6,
  "training_accuracy": 0.4529262086513995,
  "training_disc_loss": 1.4048851859569549,
  "training_gen_loss": 6.249244642257691,
  "training_loss": 6.249244642257691,
  "training_cpu_memory_MB": 5867.412,
  "training_gpu_0_memory_MB": 13845,
  "training_gpu_1_memory_MB": 13845,
  "training_gpu_2_memory_MB": 13845,
  "training_gpu_3_memory_MB": 21435,
  "validation_accuracy": 0.40224032586558045,
  "validation_disc_loss": 1.1770876922258517,
  "validation_gen_loss": 6.858581721298093,
  "validation_loss": 6.858581721298093,
  "best_validation_accuracy": 0.40224032586558045,
  "best_validation_disc_loss": 1.1770876922258517,
  "best_validation_gen_loss": 6.858581721298093,
  "best_validation_loss": 6.858581721298093
}