{
  "best_epoch": 14,
  "peak_cpu_memory_MB": 5867.412,
  "peak_gpu_0_memory_MB": 13845,
  "peak_gpu_1_memory_MB": 13845,
  "peak_gpu_2_memory_MB": 13845,
  "peak_gpu_3_memory_MB": 21435,
  "training_duration": "0:09:01.586842",
  "training_start_epoch": 0,
  "training_epochs": 15,
  "epoch": 15,
  "training_accuracy": 0.6513994910941476,
  "training_disc_loss": 0.8634577852487564,
  "training_gen_loss": 5.86492283821106,
  "training_loss": 5.86492283821106,
  "training_cpu_memory_MB": 5867.412,
  "training_gpu_0_memory_MB": 13845,
  "training_gpu_1_memory_MB": 13845,
  "training_gpu_2_memory_MB": 13845,
  "training_gpu_3_memory_MB": 21435,
  "validation_accuracy": 0.38085539714867617,
  "validation_disc_loss": 1.6074516237751255,
  "validation_gen_loss": 7.116113383595536,
  "validation_loss": 7.116113383595536,
  "best_validation_accuracy": 0.40325865580448067,
  "best_validation_disc_loss": 1.5224420893483046,
  "best_validation_gen_loss": 7.0809458290658345,
  "best_validation_loss": 7.0809458290658345
}