{
  "best_epoch": 0,
  "peak_cpu_memory_MB": 5867.412,
  "peak_gpu_0_memory_MB": 13845,
  "peak_gpu_1_memory_MB": 13845,
  "peak_gpu_2_memory_MB": 2617,
  "peak_gpu_3_memory_MB": 12,
  "training_duration": "0:00:25.371955",
  "training_start_epoch": 0,
  "training_epochs": 0,
  "epoch": 0,
  "training_accuracy": 0.37150127226463103,
  "training_disc_loss": 12.076058192253113,
  "training_gen_loss": 10.93171890258789,
  "training_loss": 10.93171890258789,
  "training_cpu_memory_MB": 5867.412,
  "training_gpu_0_memory_MB": 13845,
  "training_gpu_1_memory_MB": 13845,
  "training_gpu_2_memory_MB": 2617,
  "training_gpu_3_memory_MB": 12,
  "validation_accuracy": 0.335030549898167,
  "validation_disc_loss": 4.092850776222663,
  "validation_gen_loss": 8.323831441925794,
  "validation_loss": 8.323831441925794,
  "best_validation_accuracy": 0.335030549898167,
  "best_validation_disc_loss": 4.092850776222663,
  "best_validation_gen_loss": 8.323831441925794,
  "best_validation_loss": 8.323831441925794
}