{
  "best_epoch": 1,
  "peak_cpu_memory_MB": 5867.412,
  "peak_gpu_0_memory_MB": 13845,
  "peak_gpu_1_memory_MB": 13845,
  "peak_gpu_2_memory_MB": 13845,
  "peak_gpu_3_memory_MB": 12,
  "training_duration": "0:00:56.886953",
  "training_start_epoch": 0,
  "training_epochs": 1,
  "epoch": 1,
  "training_accuracy": 0.31297709923664124,
  "training_disc_loss": 5.114130198955536,
  "training_gen_loss": 7.3700604820251465,
  "training_loss": 7.3700604820251465,
  "training_cpu_memory_MB": 5867.412,
  "training_gpu_0_memory_MB": 13845,
  "training_gpu_1_memory_MB": 13845,
  "training_gpu_2_memory_MB": 13845,
  "training_gpu_3_memory_MB": 12,
  "validation_accuracy": 0.3380855397148676,
  "validation_disc_loss": 5.083362185858129,
  "validation_gen_loss": 7.368770680776456,
  "validation_loss": 7.368770680776456,
  "best_validation_accuracy": 0.3380855397148676,
  "best_validation_disc_loss": 5.083362185858129,
  "best_validation_gen_loss": 7.368770680776456,
  "best_validation_loss": 7.368770680776456
}