{
  "best_epoch": 25,
  "peak_cpu_memory_MB": 5867.412,
  "peak_gpu_0_memory_MB": 13845,
  "peak_gpu_1_memory_MB": 13845,
  "peak_gpu_2_memory_MB": 13845,
  "peak_gpu_3_memory_MB": 21435,
  "training_duration": "0:18:39.205679",
  "training_start_epoch": 0,
  "training_epochs": 32,
  "epoch": 32,
  "training_accuracy": 0.8396946564885496,
  "training_disc_loss": 0.47336187405511737,
  "training_gen_loss": 5.542839794158936,
  "training_loss": 5.542839794158936,
  "training_cpu_memory_MB": 5867.412,
  "training_gpu_0_memory_MB": 13845,
  "training_gpu_1_memory_MB": 13845,
  "training_gpu_2_memory_MB": 13845,
  "training_gpu_3_memory_MB": 21435,
  "validation_accuracy": 0.384928716904277,
  "validation_disc_loss": 2.2005164649912983,
  "validation_gen_loss": 7.619119000628712,
  "validation_loss": 7.619119000628712,
  "best_validation_accuracy": 0.4073319755600815,
  "best_validation_disc_loss": 1.9507066864308302,
  "best_validation_gen_loss": 7.439593183315866,
  "best_validation_loss": 7.439593183315866
}