{
  "best_epoch": 14,
  "peak_cpu_memory_MB": 5867.412,
  "peak_gpu_0_memory_MB": 13845,
  "peak_gpu_1_memory_MB": 13845,
  "peak_gpu_2_memory_MB": 13845,
  "peak_gpu_3_memory_MB": 21435,
  "training_duration": "0:12:55.508675",
  "training_start_epoch": 0,
  "training_epochs": 22,
  "epoch": 22,
  "training_accuracy": 0.7480916030534351,
  "training_disc_loss": 0.6760731778369518,
  "training_gen_loss": 5.695258512496948,
  "training_loss": 5.695258512496948,
  "training_cpu_memory_MB": 5867.412,
  "training_gpu_0_memory_MB": 13845,
  "training_gpu_1_memory_MB": 13845,
  "training_gpu_2_memory_MB": 13845,
  "training_gpu_3_memory_MB": 21435,
  "validation_accuracy": 0.384928716904277,
  "validation_disc_loss": 1.8130405479814948,
  "validation_gen_loss": 7.355644710664826,
  "validation_loss": 7.355644710664826,
  "best_validation_accuracy": 0.40325865580448067,
  "best_validation_disc_loss": 1.5224420893483046,
  "best_validation_gen_loss": 7.0809458290658345,
  "best_validation_loss": 7.0809458290658345
}