{
  "best_epoch": 5,
  "peak_cpu_memory_MB": 5867.412,
  "peak_gpu_0_memory_MB": 13845,
  "peak_gpu_1_memory_MB": 13845,
  "peak_gpu_2_memory_MB": 13845,
  "peak_gpu_3_memory_MB": 21435,
  "training_duration": "0:03:18.113081",
  "training_start_epoch": 0,
  "training_epochs": 5,
  "epoch": 5,
  "training_accuracy": 0.3638676844783715,
  "training_disc_loss": 1.4795376098155975,
  "training_gen_loss": 6.286218137741089,
  "training_loss": 6.286218137741089,
  "training_cpu_memory_MB": 5867.412,
  "training_gpu_0_memory_MB": 13845,
  "training_gpu_1_memory_MB": 13845,
  "training_gpu_2_memory_MB": 13845,
  "training_gpu_3_memory_MB": 21435,
  "validation_accuracy": 0.3818737270875764,
  "validation_disc_loss": 1.3302651590448085,
  "validation_gen_loss": 6.885077767255829,
  "validation_loss": 6.885077767255829,
  "best_validation_accuracy": 0.3818737270875764,
  "best_validation_disc_loss": 1.3302651590448085,
  "best_validation_gen_loss": 6.885077767255829,
  "best_validation_loss": 6.885077767255829
}