{
  "best_epoch": 6,
  "peak_cpu_memory_MB": 5867.412,
  "peak_gpu_0_memory_MB": 13845,
  "peak_gpu_1_memory_MB": 13845,
  "peak_gpu_2_memory_MB": 13845,
  "peak_gpu_3_memory_MB": 21435,
  "training_duration": "0:04:30.655330",
  "training_start_epoch": 0,
  "training_epochs": 7,
  "epoch": 7,
  "training_accuracy": 0.39185750636132316,
  "training_disc_loss": 1.441831911802292,
  "training_gen_loss": 6.1959116172790525,
  "training_loss": 6.1959116172790525,
  "training_cpu_memory_MB": 5867.412,
  "training_gpu_0_memory_MB": 13845,
  "training_gpu_1_memory_MB": 13845,
  "training_gpu_2_memory_MB": 13845,
  "training_gpu_3_memory_MB": 21435,
  "validation_accuracy": 0.3859470468431772,
  "validation_disc_loss": 1.2685113902983627,
  "validation_gen_loss": 6.925801133721825,
  "validation_loss": 6.925801133721825,
  "best_validation_accuracy": 0.40224032586558045,
  "best_validation_disc_loss": 1.1770876922258517,
  "best_validation_gen_loss": 6.858581721298093,
  "best_validation_loss": 6.858581721298093
}