{
  "best_epoch": 6,
  "peak_cpu_memory_MB": 5867.412,
  "peak_gpu_0_memory_MB": 13845,
  "peak_gpu_1_memory_MB": 13845,
  "peak_gpu_2_memory_MB": 13845,
  "peak_gpu_3_memory_MB": 21435,
  "training_duration": "0:05:36.748628",
  "training_start_epoch": 0,
  "training_epochs": 9,
  "epoch": 9,
  "training_accuracy": 0.4631043256997455,
  "training_disc_loss": 1.2827863585948944,
  "training_gen_loss": 6.123112916946411,
  "training_loss": 6.123112916946411,
  "training_cpu_memory_MB": 5867.412,
  "training_gpu_0_memory_MB": 13845,
  "training_gpu_1_memory_MB": 13845,
  "training_gpu_2_memory_MB": 13845,
  "training_gpu_3_memory_MB": 21435,
  "validation_accuracy": 0.3788187372708758,
  "validation_disc_loss": 1.1728242170519945,
  "validation_gen_loss": 6.907722659227325,
  "validation_loss": 6.907722659227325,
  "best_validation_accuracy": 0.40224032586558045,
  "best_validation_disc_loss": 1.1770876922258517,
  "best_validation_gen_loss": 6.858581721298093,
  "best_validation_loss": 6.858581721298093
}