{
  "best_epoch": 0,
  "peak_cpu_memory_MB": 5356.42,
  "peak_gpu_0_memory_MB": 12593,
  "peak_gpu_1_memory_MB": 21435,
  "peak_gpu_2_memory_MB": 0,
  "peak_gpu_3_memory_MB": 13013,
  "training_duration": "0:01:05.890184",
  "training_start_epoch": 0,
  "training_epochs": 1,
  "epoch": 1,
  "training_accuracy": 0.5954198473282443,
  "training_loss": 0.8858044285040635,
  "training_cpu_memory_MB": 5356.42,
  "training_gpu_0_memory_MB": 12593,
  "training_gpu_1_memory_MB": 21435,
  "training_gpu_2_memory_MB": 0,
  "training_gpu_3_memory_MB": 13013,
  "validation_accuracy": 0.42251655629139073,
  "validation_loss": 1.1265319391648234,
  "best_validation_accuracy": 0.47926642893530313,
  "best_validation_loss": 1.0734438284600596
}