{
  "best_epoch": 3,
  "peak_cpu_memory_MB": 5356.42,
  "peak_gpu_0_memory_MB": 12593,
  "peak_gpu_1_memory_MB": 21435,
  "peak_gpu_2_memory_MB": 0,
  "peak_gpu_3_memory_MB": 13013,
  "training_duration": "0:02:18.527401",
  "training_start_epoch": 0,
  "training_epochs": 3,
  "epoch": 3,
  "training_accuracy": 0.9796437659033079,
  "training_loss": 0.12091980473353313,
  "training_cpu_memory_MB": 5356.42,
  "training_gpu_0_memory_MB": 12593,
  "training_gpu_1_memory_MB": 21435,
  "training_gpu_2_memory_MB": 0,
  "training_gpu_3_memory_MB": 13013,
  "validation_accuracy": 0.5848191543555782,
  "validation_loss": 1.1617740553831044,
  "best_validation_accuracy": 0.5848191543555782,
  "best_validation_loss": 1.1617740553831044
}