{
  "best_epoch": 2,
  "peak_cpu_memory_MB": 5356.42,
  "peak_gpu_0_memory_MB": 12593,
  "peak_gpu_1_memory_MB": 21435,
  "peak_gpu_2_memory_MB": 0,
  "peak_gpu_3_memory_MB": 13013,
  "training_duration": "0:01:40.826289",
  "training_start_epoch": 0,
  "training_epochs": 2,
  "epoch": 2,
  "training_accuracy": 0.8396946564885496,
  "training_loss": 0.46934168384625363,
  "training_cpu_memory_MB": 5356.42,
  "training_gpu_0_memory_MB": 12593,
  "training_gpu_1_memory_MB": 21435,
  "training_gpu_2_memory_MB": 0,
  "training_gpu_3_memory_MB": 13013,
  "validation_accuracy": 0.5718797758532858,
  "validation_loss": 1.0620369136527616,
  "best_validation_accuracy": 0.5718797758532858,
  "best_validation_loss": 1.0620369136527616
}