{
  "best_epoch": 4,
  "peak_cpu_memory_MB": 5356.42,
  "peak_gpu_0_memory_MB": 12593,
  "peak_gpu_1_memory_MB": 21435,
  "peak_gpu_2_memory_MB": 0,
  "peak_gpu_3_memory_MB": 13013,
  "training_duration": "0:02:56.850132",
  "training_start_epoch": 0,
  "training_epochs": 4,
  "epoch": 4,
  "training_accuracy": 0.9949109414758269,
  "training_loss": 0.06033686777720085,
  "training_cpu_memory_MB": 5356.42,
  "training_gpu_0_memory_MB": 12593,
  "training_gpu_1_memory_MB": 21435,
  "training_gpu_2_memory_MB": 0,
  "training_gpu_3_memory_MB": 13013,
  "validation_accuracy": 0.5854304635761589,
  "validation_loss": 1.186308971639565,
  "best_validation_accuracy": 0.5854304635761589,
  "best_validation_loss": 1.186308971639565
}