{
  "best_epoch": 15,
  "peak_cpu_memory_MB": 5866.604,
  "peak_gpu_0_memory_MB": 14587,
  "peak_gpu_1_memory_MB": 12,
  "peak_gpu_2_memory_MB": 14583,
  "peak_gpu_3_memory_MB": 12,
  "training_duration": "0:08:37.385561",
  "training_start_epoch": 0,
  "training_epochs": 15,
  "epoch": 15,
  "training_accuracy": 0.39185750636132316,
  "training_disc_loss": 1.4660027825832367,
  "training_gen_loss": 6.013783626556396,
  "training_loss": 3.739893217086792,
  "training_cpu_memory_MB": 5866.604,
  "training_gpu_0_memory_MB": 14587,
  "training_gpu_1_memory_MB": 12,
  "training_gpu_2_memory_MB": 14583,
  "training_gpu_3_memory_MB": 12,
  "validation_accuracy": 0.3890020366598778,
  "validation_disc_loss": 1.146105275406101,
  "validation_gen_loss": 6.991616330495694,
  "validation_loss": 4.068860817730911,
  "best_validation_accuracy": 0.3890020366598778,
  "best_validation_disc_loss": 1.146105275406101,
  "best_validation_gen_loss": 6.991616330495694,
  "best_validation_loss": 4.068860817730911
}