{
  "best_epoch": 2,
  "peak_cpu_memory_MB": 5866.604,
  "peak_gpu_0_memory_MB": 14587,
  "peak_gpu_1_memory_MB": 12,
  "peak_gpu_2_memory_MB": 14583,
  "peak_gpu_3_memory_MB": 12,
  "training_duration": "0:02:36.415160",
  "training_start_epoch": 0,
  "training_epochs": 4,
  "epoch": 4,
  "training_accuracy": 0.361323155216285,
  "training_disc_loss": 1.5161458551883698,
  "training_gen_loss": 6.5505600261688235,
  "training_loss": 4.033352932929993,
  "training_cpu_memory_MB": 5866.604,
  "training_gpu_0_memory_MB": 14587,
  "training_gpu_1_memory_MB": 12,
  "training_gpu_2_memory_MB": 14583,
  "training_gpu_3_memory_MB": 12,
  "validation_accuracy": 0.35030549898167007,
  "validation_disc_loss": 1.098335507439404,
  "validation_gen_loss": 6.909450422457563,
  "validation_loss": 4.003892966402256,
  "best_validation_accuracy": 0.3543788187372709,
  "best_validation_disc_loss": 1.098541421618888,
  "best_validation_gen_loss": 7.190885113506782,
  "best_validation_loss": 4.144713266109063
}