{
  "best_epoch": 2,
  "peak_cpu_memory_MB": 5866.604,
  "peak_gpu_0_memory_MB": 14587,
  "peak_gpu_1_memory_MB": 12,
  "peak_gpu_2_memory_MB": 14583,
  "peak_gpu_3_memory_MB": 12,
  "training_duration": "0:03:38.224656",
  "training_start_epoch": 0,
  "training_epochs": 6,
  "epoch": 6,
  "training_accuracy": 0.34096692111959287,
  "training_disc_loss": 1.6924544978141784,
  "training_gen_loss": 6.4351444435119625,
  "training_loss": 4.063799476623535,
  "training_cpu_memory_MB": 5866.604,
  "training_gpu_0_memory_MB": 14587,
  "training_gpu_1_memory_MB": 12,
  "training_gpu_2_memory_MB": 14583,
  "training_gpu_3_memory_MB": 12,
  "validation_accuracy": 0.3268839103869654,
  "validation_disc_loss": 1.0983251643374683,
  "validation_gen_loss": 6.984065028710094,
  "validation_loss": 4.041195105731003,
  "best_validation_accuracy": 0.3543788187372709,
  "best_validation_disc_loss": 1.098541421618888,
  "best_validation_gen_loss": 7.190885113506782,
  "best_validation_loss": 4.144713266109063
}