{
  "best_epoch": 18,
  "peak_cpu_memory_MB": 5866.604,
  "peak_gpu_0_memory_MB": 14587,
  "peak_gpu_1_memory_MB": 12,
  "peak_gpu_2_memory_MB": 14583,
  "peak_gpu_3_memory_MB": 12,
  "training_duration": "0:10:20.894940",
  "training_start_epoch": 0,
  "training_epochs": 18,
  "epoch": 18,
  "training_accuracy": 0.5572519083969466,
  "training_disc_loss": 1.0346250385046005,
  "training_gen_loss": 5.928102693557739,
  "training_loss": 3.4813638639450075,
  "training_cpu_memory_MB": 5866.604,
  "training_gpu_0_memory_MB": 14587,
  "training_gpu_1_memory_MB": 12,
  "training_gpu_2_memory_MB": 14583,
  "training_gpu_3_memory_MB": 12,
  "validation_accuracy": 0.40020366598778007,
  "validation_disc_loss": 1.7379137384213084,
  "validation_gen_loss": 7.103918893550469,
  "validation_loss": 4.42091631695507,
  "best_validation_accuracy": 0.40020366598778007,
  "best_validation_disc_loss": 1.7379137384213084,
  "best_validation_gen_loss": 7.103918893550469,
  "best_validation_loss": 4.42091631695507
}