{
  "best_epoch": 2,
  "peak_cpu_memory_MB": 5866.604,
  "peak_gpu_0_memory_MB": 14587,
  "peak_gpu_1_memory_MB": 12,
  "peak_gpu_2_memory_MB": 14583,
  "peak_gpu_3_memory_MB": 12,
  "training_duration": "0:01:30.676544",
  "training_start_epoch": 0,
  "training_epochs": 2,
  "epoch": 2,
  "training_accuracy": 0.31806615776081426,
  "training_disc_loss": 3.8379665994644165,
  "training_gen_loss": 7.264303541183471,
  "training_loss": 5.551135063171387,
  "training_cpu_memory_MB": 5866.604,
  "training_gpu_0_memory_MB": 14587,
  "training_gpu_1_memory_MB": 12,
  "training_gpu_2_memory_MB": 14583,
  "training_gpu_3_memory_MB": 12,
  "validation_accuracy": 0.3543788187372709,
  "validation_disc_loss": 1.098541421618888,
  "validation_gen_loss": 7.190885113506782,
  "validation_loss": 4.144713266109063,
  "best_validation_accuracy": 0.3543788187372709,
  "best_validation_disc_loss": 1.098541421618888,
  "best_validation_gen_loss": 7.190885113506782,
  "best_validation_loss": 4.144713266109063
}