{
  "best_epoch": 2,
  "peak_cpu_memory_MB": 5866.604,
  "peak_gpu_0_memory_MB": 14587,
  "peak_gpu_1_memory_MB": 12,
  "peak_gpu_2_memory_MB": 14583,
  "peak_gpu_3_memory_MB": 12,
  "training_duration": "0:03:07.510968",
  "training_start_epoch": 0,
  "training_epochs": 5,
  "epoch": 5,
  "training_accuracy": 0.3460559796437659,
  "training_disc_loss": 1.5330071949958801,
  "training_gen_loss": 6.433026971817017,
  "training_loss": 3.9830170679092407,
  "training_cpu_memory_MB": 5866.604,
  "training_gpu_0_memory_MB": 14587,
  "training_gpu_1_memory_MB": 12,
  "training_gpu_2_memory_MB": 14583,
  "training_gpu_3_memory_MB": 12,
  "validation_accuracy": 0.34928716904276985,
  "validation_disc_loss": 1.0983720513863293,
  "validation_gen_loss": 6.920279084182367,
  "validation_loss": 4.009325570207301,
  "best_validation_accuracy": 0.3543788187372709,
  "best_validation_disc_loss": 1.098541421618888,
  "best_validation_gen_loss": 7.190885113506782,
  "best_validation_loss": 4.144713266109063
}