{
  "best_epoch": 0,
  "peak_cpu_memory_MB": 5866.604,
  "peak_gpu_0_memory_MB": 14587,
  "peak_gpu_1_memory_MB": 12,
  "peak_gpu_2_memory_MB": 2617,
  "peak_gpu_3_memory_MB": 12,
  "training_duration": "0:00:24.780599",
  "training_start_epoch": 0,
  "training_epochs": 0,
  "epoch": 0,
  "training_accuracy": 0.36895674300254455,
  "training_disc_loss": 12.832904392182828,
  "training_gen_loss": 11.960664367675781,
  "training_loss": 12.396784372329712,
  "training_cpu_memory_MB": 5866.604,
  "training_gpu_0_memory_MB": 14587,
  "training_gpu_1_memory_MB": 12,
  "training_gpu_2_memory_MB": 2617,
  "training_gpu_3_memory_MB": 12,
  "validation_accuracy": 0.3268839103869654,
  "validation_disc_loss": 9.530301088240089,
  "validation_gen_loss": 9.417478111701284,
  "validation_loss": 9.473889552480806,
  "best_validation_accuracy": 0.3268839103869654,
  "best_validation_disc_loss": 9.530301088240089,
  "best_validation_gen_loss": 9.417478111701284,
  "best_validation_loss": 9.473889552480806
}