{
  "best_epoch": 1,
  "peak_cpu_memory_MB": 5866.704,
  "peak_gpu_0_memory_MB": 13845,
  "peak_gpu_1_memory_MB": 13005,
  "peak_gpu_2_memory_MB": 13845,
  "peak_gpu_3_memory_MB": 21435,
  "training_duration": "0:02:03.749055",
  "training_start_epoch": 0,
  "training_epochs": 3,
  "epoch": 3,
  "training_accuracy": 0.4198473282442748,
  "training_disc_loss": 2.189683849811554,
  "training_gen_loss": 6.24531060218811,
  "training_loss": 6.24531060218811,
  "training_cpu_memory_MB": 5866.704,
  "training_gpu_0_memory_MB": 13845,
  "training_gpu_1_memory_MB": 13005,
  "training_gpu_2_memory_MB": 13845,
  "training_gpu_3_memory_MB": 21435,
  "validation_accuracy": 0.3319755600814664,
  "validation_disc_loss": 7.246060557481719,
  "validation_gen_loss": 7.645724079473232,
  "validation_loss": 7.645724079473232,
  "best_validation_accuracy": 0.3655804480651731,
  "best_validation_disc_loss": 2.235755799747095,
  "best_validation_gen_loss": 6.952603390546349,
  "best_validation_loss": 6.952603390546349
}