{
  "best_epoch": 1,
  "peak_cpu_memory_MB": 5866.704,
  "peak_gpu_0_memory_MB": 13845,
  "peak_gpu_1_memory_MB": 13005,
  "peak_gpu_2_memory_MB": 13845,
  "peak_gpu_3_memory_MB": 21435,
  "training_duration": "0:03:05.935320",
  "training_start_epoch": 0,
  "training_epochs": 5,
  "epoch": 5,
  "training_accuracy": 0.361323155216285,
  "training_disc_loss": 1.9360225106030702,
  "training_gen_loss": 5.858129091262818,
  "training_loss": 5.858129091262818,
  "training_cpu_memory_MB": 5866.704,
  "training_gpu_0_memory_MB": 13845,
  "training_gpu_1_memory_MB": 13005,
  "training_gpu_2_memory_MB": 13845,
  "training_gpu_3_memory_MB": 21435,
  "validation_accuracy": 0.3391038696537678,
  "validation_disc_loss": 1.0985142322090584,
  "validation_gen_loss": 7.887373575350133,
  "validation_loss": 7.887373575350133,
  "best_validation_accuracy": 0.3655804480651731,
  "best_validation_disc_loss": 2.235755799747095,
  "best_validation_gen_loss": 6.952603390546349,
  "best_validation_loss": 6.952603390546349
}