{
  "best_epoch": 1,
  "peak_cpu_memory_MB": 5866.704,
  "peak_gpu_0_memory_MB": 13845,
  "peak_gpu_1_memory_MB": 13005,
  "peak_gpu_2_memory_MB": 13845,
  "peak_gpu_3_memory_MB": 21435,
  "training_duration": "0:01:32.591865",
  "training_start_epoch": 0,
  "training_epochs": 2,
  "epoch": 2,
  "training_accuracy": 0.4020356234096692,
  "training_disc_loss": 2.2808010673522947,
  "training_gen_loss": 6.388145360946655,
  "training_loss": 6.388145360946655,
  "training_cpu_memory_MB": 5866.704,
  "training_gpu_0_memory_MB": 13845,
  "training_gpu_1_memory_MB": 13005,
  "training_gpu_2_memory_MB": 13845,
  "training_gpu_3_memory_MB": 21435,
  "validation_accuracy": 0.3319755600814664,
  "validation_disc_loss": 8.410125757620587,
  "validation_gen_loss": 7.593115523578675,
  "validation_loss": 7.593115523578675,
  "best_validation_accuracy": 0.3655804480651731,
  "best_validation_disc_loss": 2.235755799747095,
  "best_validation_gen_loss": 6.952603390546349,
  "best_validation_loss": 6.952603390546349
}