{
  "best_epoch": 1,
  "peak_cpu_memory_MB": 5866.704,
  "peak_gpu_0_memory_MB": 13845,
  "peak_gpu_1_memory_MB": 13005,
  "peak_gpu_2_memory_MB": 13845,
  "peak_gpu_3_memory_MB": 21435,
  "training_duration": "0:06:24.927430",
  "training_start_epoch": 0,
  "training_epochs": 11,
  "epoch": 11,
  "training_accuracy": 0.3994910941475827,
  "training_disc_loss": 1.68274667263031,
  "training_gen_loss": 5.640372400283813,
  "training_loss": 5.640372400283813,
  "training_cpu_memory_MB": 5866.704,
  "training_gpu_0_memory_MB": 13845,
  "training_gpu_1_memory_MB": 12,
  "training_gpu_2_memory_MB": 13845,
  "training_gpu_3_memory_MB": 21435,
  "validation_accuracy": 0.3340122199592668,
  "validation_disc_loss": 1.1010899456535899,
  "validation_gen_loss": 13.175975373120812,
  "validation_loss": 13.175975373120812,
  "best_validation_accuracy": 0.3655804480651731,
  "best_validation_disc_loss": 2.235755799747095,
  "best_validation_gen_loss": 6.952603390546349,
  "best_validation_loss": 6.952603390546349
}