{
  "best_epoch": 0,
  "peak_cpu_memory_MB": 5866.704,
  "peak_gpu_0_memory_MB": 13845,
  "peak_gpu_1_memory_MB": 13005,
  "peak_gpu_2_memory_MB": 2617,
  "peak_gpu_3_memory_MB": 21435,
  "training_duration": "0:00:25.902491",
  "training_start_epoch": 0,
  "training_epochs": 0,
  "epoch": 0,
  "training_accuracy": 0.3256997455470738,
  "training_disc_loss": 8.662670817375183,
  "training_gen_loss": 8.985787048339844,
  "training_loss": 8.985787048339844,
  "training_cpu_memory_MB": 5866.704,
  "training_gpu_0_memory_MB": 13845,
  "training_gpu_1_memory_MB": 13005,
  "training_gpu_2_memory_MB": 2617,
  "training_gpu_3_memory_MB": 21435,
  "validation_accuracy": 0.3329938900203666,
  "validation_disc_loss": 18.293453239813083,
  "validation_gen_loss": 8.488585092187897,
  "validation_loss": 8.488585092187897,
  "best_validation_accuracy": 0.3329938900203666,
  "best_validation_disc_loss": 18.293453239813083,
  "best_validation_gen_loss": 8.488585092187897,
  "best_validation_loss": 8.488585092187897
}