{
  "best_epoch": 1,
  "peak_cpu_memory_MB": 5866.704,
  "peak_gpu_0_memory_MB": 13845,
  "peak_gpu_1_memory_MB": 13005,
  "peak_gpu_2_memory_MB": 13845,
  "peak_gpu_3_memory_MB": 21435,
  "training_duration": "0:04:10.741463",
  "training_start_epoch": 0,
  "training_epochs": 7,
  "epoch": 7,
  "training_accuracy": 0.34096692111959287,
  "training_disc_loss": 1.927302792072296,
  "training_gen_loss": 5.7646585464477536,
  "training_loss": 5.7646585464477536,
  "training_cpu_memory_MB": 5866.704,
  "training_gpu_0_memory_MB": 13845,
  "training_gpu_1_memory_MB": 13005,
  "training_gpu_2_memory_MB": 13845,
  "training_gpu_3_memory_MB": 21435,
  "validation_accuracy": 0.3004073319755601,
  "validation_disc_loss": 1.099378811634653,
  "validation_gen_loss": 8.750102810743378,
  "validation_loss": 8.750102810743378,
  "best_validation_accuracy": 0.3655804480651731,
  "best_validation_disc_loss": 2.235755799747095,
  "best_validation_gen_loss": 6.952603390546349,
  "best_validation_loss": 6.952603390546349
}