{
  "best_epoch": 31,
  "peak_cpu_memory_MB": 5867.232,
  "peak_gpu_0_memory_MB": 14587,
  "peak_gpu_1_memory_MB": 13029,
  "peak_gpu_2_memory_MB": 14583,
  "peak_gpu_3_memory_MB": 12,
  "training_duration": "0:18:25.681344",
  "training_start_epoch": 0,
  "training_epochs": 33,
  "epoch": 33,
  "training_accuracy": 0.9770992366412213,
  "training_disc_loss": 0.06998565620277077,
  "training_gen_loss": 5.503903713226318,
  "training_loss": 4.1454241800308225,
  "training_cpu_memory_MB": 5867.232,
  "training_gpu_0_memory_MB": 14587,
  "training_gpu_1_memory_MB": 13029,
  "training_gpu_2_memory_MB": 14583,
  "training_gpu_3_memory_MB": 12,
  "validation_accuracy": 0.39613034623217924,
  "validation_disc_loss": 2.5852751340565643,
  "validation_gen_loss": 7.8012261778358525,
  "validation_loss": 6.497238411166804,
  "best_validation_accuracy": 0.40325865580448067,
  "best_validation_disc_loss": 2.5779587329645466,
  "best_validation_gen_loss": 7.787938955353527,
  "best_validation_loss": 6.485443890579348
}