{
  "best_epoch": 8,
  "peak_cpu_memory_MB": 5867.232,
  "peak_gpu_0_memory_MB": 14587,
  "peak_gpu_1_memory_MB": 13029,
  "peak_gpu_2_memory_MB": 14583,
  "peak_gpu_3_memory_MB": 12,
  "training_duration": "0:06:19.380396",
  "training_start_epoch": 0,
  "training_epochs": 11,
  "epoch": 11,
  "training_accuracy": 0.3511450381679389,
  "training_disc_loss": 1.534389477968216,
  "training_gen_loss": 5.928261442184448,
  "training_loss": 4.829793424606323,
  "training_cpu_memory_MB": 5867.232,
  "training_gpu_0_memory_MB": 14587,
  "training_gpu_1_memory_MB": 13029,
  "training_gpu_2_memory_MB": 14583,
  "training_gpu_3_memory_MB": 12,
  "validation_accuracy": 0.3289205702647658,
  "validation_disc_loss": 1.1092836575779488,
  "validation_gen_loss": 7.0861331040297095,
  "validation_loss": 5.591920744112836,
  "best_validation_accuracy": 0.37780040733197556,
  "best_validation_disc_loss": 1.0975787910988661,
  "best_validation_gen_loss": 7.037556020224967,
  "best_validation_loss": 5.552561713428032
}