{
  "best_epoch": 0,
  "peak_cpu_memory_MB": 5867.232,
  "peak_gpu_0_memory_MB": 14587,
  "peak_gpu_1_memory_MB": 13029,
  "peak_gpu_2_memory_MB": 14583,
  "peak_gpu_3_memory_MB": 12,
  "training_duration": "0:03:33.004878",
  "training_start_epoch": 0,
  "training_epochs": 6,
  "epoch": 6,
  "training_accuracy": 0.3460559796437659,
  "training_disc_loss": 1.592401374578476,
  "training_gen_loss": 6.169289512634277,
  "training_loss": 5.025067434310913,
  "training_cpu_memory_MB": 5867.232,
  "training_gpu_0_memory_MB": 14587,
  "training_gpu_1_memory_MB": 13029,
  "training_gpu_2_memory_MB": 14583,
  "training_gpu_3_memory_MB": 12,
  "validation_accuracy": 0.33095723014256617,
  "validation_disc_loss": 1.0988089708777946,
  "validation_gen_loss": 7.224860734086696,
  "validation_loss": 5.693347779715934,
  "best_validation_accuracy": 0.3329938900203666,
  "best_validation_disc_loss": 1.19432536760966,
  "best_validation_gen_loss": 8.488791551047225,
  "best_validation_loss": 6.665175026994411
}