{
  "best_epoch": 22,
  "peak_cpu_memory_MB": 5867.232,
  "peak_gpu_0_memory_MB": 14587,
  "peak_gpu_1_memory_MB": 13029,
  "peak_gpu_2_memory_MB": 14583,
  "peak_gpu_3_memory_MB": 12,
  "training_duration": "0:12:19.943617",
  "training_start_epoch": 0,
  "training_epochs": 22,
  "epoch": 22,
  "training_accuracy": 0.8625954198473282,
  "training_disc_loss": 0.35210228342562916,
  "training_gen_loss": 5.646133975982666,
  "training_loss": 4.322626075744629,
  "training_cpu_memory_MB": 5867.232,
  "training_gpu_0_memory_MB": 14587,
  "training_gpu_1_memory_MB": 13029,
  "training_gpu_2_memory_MB": 14583,
  "training_gpu_3_memory_MB": 12,
  "validation_accuracy": 0.3890020366598778,
  "validation_disc_loss": 2.2697017822808365,
  "validation_gen_loss": 7.655344997964254,
  "validation_loss": 6.308934227237857,
  "best_validation_accuracy": 0.3890020366598778,
  "best_validation_disc_loss": 2.2697017822808365,
  "best_validation_gen_loss": 7.655344997964254,
  "best_validation_loss": 6.308934227237857
}