{
  "best_epoch": 22,
  "peak_cpu_memory_MB": 5867.232,
  "peak_gpu_0_memory_MB": 14587,
  "peak_gpu_1_memory_MB": 13029,
  "peak_gpu_2_memory_MB": 14583,
  "peak_gpu_3_memory_MB": 12,
  "training_duration": "0:13:29.163969",
  "training_start_epoch": 0,
  "training_epochs": 24,
  "epoch": 24,
  "training_accuracy": 0.9338422391857506,
  "training_disc_loss": 0.1815360727906227,
  "training_gen_loss": 5.609662456512451,
  "training_loss": 4.2526308536529545,
  "training_cpu_memory_MB": 5867.232,
  "training_gpu_0_memory_MB": 14587,
  "training_gpu_1_memory_MB": 13029,
  "training_gpu_2_memory_MB": 14583,
  "training_gpu_3_memory_MB": 12,
  "validation_accuracy": 0.3818737270875764,
  "validation_disc_loss": 2.355579428071898,
  "validation_gen_loss": 7.7003448222710835,
  "validation_loss": 6.364153451066676,
  "best_validation_accuracy": 0.3890020366598778,
  "best_validation_disc_loss": 2.2697017822808365,
  "best_validation_gen_loss": 7.655344997964254,
  "best_validation_loss": 6.308934227237857
}