{
  "best_epoch": 29,
  "peak_cpu_memory_MB": 5867.232,
  "peak_gpu_0_memory_MB": 14587,
  "peak_gpu_1_memory_MB": 13029,
  "peak_gpu_2_memory_MB": 14583,
  "peak_gpu_3_memory_MB": 12,
  "training_duration": "0:16:08.557401",
  "training_start_epoch": 0,
  "training_epochs": 29,
  "epoch": 29,
  "training_accuracy": 0.9770992366412213,
  "training_disc_loss": 0.09037245981395245,
  "training_gen_loss": 5.556190280914307,
  "training_loss": 4.1897358703613286,
  "training_cpu_memory_MB": 5867.232,
  "training_gpu_0_memory_MB": 14587,
  "training_gpu_1_memory_MB": 13029,
  "training_gpu_2_memory_MB": 14583,
  "training_gpu_3_memory_MB": 12,
  "validation_accuracy": 0.3940936863543788,
  "validation_disc_loss": 2.4086815284761958,
  "validation_gen_loss": 7.755446538692567,
  "validation_loss": 6.418755279323919,
  "best_validation_accuracy": 0.3940936863543788,
  "best_validation_disc_loss": 2.4086815284761958,
  "best_validation_gen_loss": 7.755446538692567,
  "best_validation_loss": 6.418755279323919
}