{
  "best_epoch": 14,
  "peak_cpu_memory_MB": 5867.232,
  "peak_gpu_0_memory_MB": 14587,
  "peak_gpu_1_memory_MB": 13029,
  "peak_gpu_2_memory_MB": 14583,
  "peak_gpu_3_memory_MB": 12,
  "training_duration": "0:08:30.310578",
  "training_start_epoch": 0,
  "training_epochs": 15,
  "epoch": 15,
  "training_accuracy": 0.48854961832061067,
  "training_disc_loss": 1.2313646733760835,
  "training_gen_loss": 5.793519773483276,
  "training_loss": 4.652980995178223,
  "training_cpu_memory_MB": 5867.232,
  "training_gpu_0_memory_MB": 14587,
  "training_gpu_1_memory_MB": 13029,
  "training_gpu_2_memory_MB": 14583,
  "training_gpu_3_memory_MB": 12,
  "validation_accuracy": 0.3421588594704684,
  "validation_disc_loss": 1.277929688372263,
  "validation_gen_loss": 7.278450934867549,
  "validation_loss": 5.778320649775063,
  "best_validation_accuracy": 0.37983706720977595,
  "best_validation_disc_loss": 1.347209816541129,
  "best_validation_gen_loss": 7.232246759461193,
  "best_validation_loss": 5.760987537663158
}