{
  "best_epoch": 0,
  "peak_cpu_memory_MB": 5867.232,
  "peak_gpu_0_memory_MB": 14587,
  "peak_gpu_1_memory_MB": 13029,
  "peak_gpu_2_memory_MB": 14583,
  "peak_gpu_3_memory_MB": 12,
  "training_duration": "0:00:57.309882",
  "training_start_epoch": 0,
  "training_epochs": 1,
  "epoch": 1,
  "training_accuracy": 0.34096692111959287,
  "training_disc_loss": 2.0758612251281736,
  "training_gen_loss": 6.838678722381592,
  "training_loss": 5.647974338531494,
  "training_cpu_memory_MB": 5867.232,
  "training_gpu_0_memory_MB": 14587,
  "training_gpu_1_memory_MB": 13029,
  "training_gpu_2_memory_MB": 14583,
  "training_gpu_3_memory_MB": 12,
  "validation_accuracy": 0.3105906313645621,
  "validation_disc_loss": 1.0990393704515162,
  "validation_gen_loss": 6.992660014609981,
  "validation_loss": 5.519254847270687,
  "best_validation_accuracy": 0.3329938900203666,
  "best_validation_disc_loss": 1.19432536760966,
  "best_validation_gen_loss": 8.488791551047225,
  "best_validation_loss": 6.665175026994411
}