{
  "best_epoch": 0,
  "peak_cpu_memory_MB": 5867.232,
  "peak_gpu_0_memory_MB": 14587,
  "peak_gpu_1_memory_MB": 13029,
  "peak_gpu_2_memory_MB": 14583,
  "peak_gpu_3_memory_MB": 12,
  "training_duration": "0:01:59.562351",
  "training_start_epoch": 0,
  "training_epochs": 3,
  "epoch": 3,
  "training_accuracy": 0.32061068702290074,
  "training_disc_loss": 1.6013746678829193,
  "training_gen_loss": 6.414972772598267,
  "training_loss": 5.2115732765197755,
  "training_cpu_memory_MB": 5867.232,
  "training_gpu_0_memory_MB": 14587,
  "training_gpu_1_memory_MB": 13029,
  "training_gpu_2_memory_MB": 14329,
  "training_gpu_3_memory_MB": 12,
  "validation_accuracy": 0.32077393075356414,
  "validation_disc_loss": 1.0980919929054695,
  "validation_gen_loss": 6.93745528973215,
  "validation_loss": 5.477614495812393,
  "best_validation_accuracy": 0.3329938900203666,
  "best_validation_disc_loss": 1.19432536760966,
  "best_validation_gen_loss": 8.488791551047225,
  "best_validation_loss": 6.665175026994411
}