{
  "best_epoch": 14,
  "peak_cpu_memory_MB": 5867.232,
  "peak_gpu_0_memory_MB": 14587,
  "peak_gpu_1_memory_MB": 13029,
  "peak_gpu_2_memory_MB": 14583,
  "peak_gpu_3_memory_MB": 12,
  "training_duration": "0:07:53.846947",
  "training_start_epoch": 0,
  "training_epochs": 14,
  "epoch": 14,
  "training_accuracy": 0.43765903307888043,
  "training_disc_loss": 1.3967087137699128,
  "training_gen_loss": 5.817546281814575,
  "training_loss": 4.712336912155151,
  "training_cpu_memory_MB": 5867.232,
  "training_gpu_0_memory_MB": 14587,
  "training_gpu_1_memory_MB": 13029,
  "training_gpu_2_memory_MB": 14583,
  "training_gpu_3_memory_MB": 12,
  "validation_accuracy": 0.37983706720977595,
  "validation_disc_loss": 1.347209816541129,
  "validation_gen_loss": 7.232246759461193,
  "validation_loss": 5.760987537663158,
  "best_validation_accuracy": 0.37983706720977595,
  "best_validation_disc_loss": 1.347209816541129,
  "best_validation_gen_loss": 7.232246759461193,
  "best_validation_loss": 5.760987537663158
}