{
  "best_epoch": 18,
  "peak_cpu_memory_MB": 5867.232,
  "peak_gpu_0_memory_MB": 14587,
  "peak_gpu_1_memory_MB": 13029,
  "peak_gpu_2_memory_MB": 14583,
  "peak_gpu_3_memory_MB": 12,
  "training_duration": "0:10:46.027584",
  "training_start_epoch": 0,
  "training_epochs": 19,
  "epoch": 19,
  "training_accuracy": 0.7099236641221374,
  "training_disc_loss": 0.655682845376432,
  "training_gen_loss": 5.695630779266358,
  "training_loss": 4.435643758773804,
  "training_cpu_memory_MB": 5867.232,
  "training_gpu_0_memory_MB": 14587,
  "training_gpu_1_memory_MB": 13029,
  "training_gpu_2_memory_MB": 14583,
  "training_gpu_3_memory_MB": 12,
  "validation_accuracy": 0.37067209775967414,
  "validation_disc_loss": 1.9039534407902539,
  "validation_gen_loss": 7.491443808485822,
  "validation_loss": 6.094571198874373,
  "best_validation_accuracy": 0.3869653767820774,
  "best_validation_disc_loss": 1.6569044476117545,
  "best_validation_gen_loss": 7.437831735223289,
  "best_validation_loss": 5.9925999021142475
}