{
  "best_epoch": 30,
  "peak_cpu_memory_MB": 5867.232,
  "peak_gpu_0_memory_MB": 14587,
  "peak_gpu_1_memory_MB": 13029,
  "peak_gpu_2_memory_MB": 14583,
  "peak_gpu_3_memory_MB": 12,
  "training_duration": "0:16:43.786682",
  "training_start_epoch": 0,
  "training_epochs": 30,
  "epoch": 30,
  "training_accuracy": 0.9669211195928753,
  "training_disc_loss": 0.11012439052341506,
  "training_gen_loss": 5.536865520477295,
  "training_loss": 4.1801802444458005,
  "training_cpu_memory_MB": 5867.232,
  "training_gpu_0_memory_MB": 14587,
  "training_gpu_1_memory_MB": 13029,
  "training_gpu_2_memory_MB": 14583,
  "training_gpu_3_memory_MB": 12,
  "validation_accuracy": 0.40020366598778007,
  "validation_disc_loss": 2.537183834285271,
  "validation_gen_loss": 7.785749385027382,
  "validation_loss": 6.473608016967773,
  "best_validation_accuracy": 0.40020366598778007,
  "best_validation_disc_loss": 2.537183834285271,
  "best_validation_gen_loss": 7.785749385027382,
  "best_validation_loss": 6.473608016967773
}