{
  "best_epoch": 0,
  "peak_cpu_memory_MB": 5867.232,
  "peak_gpu_0_memory_MB": 14587,
  "peak_gpu_1_memory_MB": 13029,
  "peak_gpu_2_memory_MB": 14583,
  "peak_gpu_3_memory_MB": 12,
  "training_duration": "0:03:02.048659",
  "training_start_epoch": 0,
  "training_epochs": 5,
  "epoch": 5,
  "training_accuracy": 0.30788804071246817,
  "training_disc_loss": 1.6267917549610138,
  "training_gen_loss": 6.228112649917603,
  "training_loss": 5.077782392501831,
  "training_cpu_memory_MB": 5867.232,
  "training_gpu_0_memory_MB": 14587,
  "training_gpu_1_memory_MB": 13029,
  "training_gpu_2_memory_MB": 14583,
  "training_gpu_3_memory_MB": 12,
  "validation_accuracy": 0.3319755600814664,
  "validation_disc_loss": 1.09878742113346,
  "validation_gen_loss": 6.884334009837329,
  "validation_loss": 5.43794739730959,
  "best_validation_accuracy": 0.3329938900203666,
  "best_validation_disc_loss": 1.19432536760966,
  "best_validation_gen_loss": 8.488791551047225,
  "best_validation_loss": 6.665175026994411
}