{
  "best_epoch": 8,
  "peak_cpu_memory_MB": 5867.232,
  "peak_gpu_0_memory_MB": 14587,
  "peak_gpu_1_memory_MB": 13029,
  "peak_gpu_2_memory_MB": 14583,
  "peak_gpu_3_memory_MB": 12,
  "training_duration": "0:05:47.999042",
  "training_start_epoch": 0,
  "training_epochs": 10,
  "epoch": 10,
  "training_accuracy": 0.34096692111959287,
  "training_disc_loss": 1.4880446648597718,
  "training_gen_loss": 5.944803476333618,
  "training_loss": 4.830613775253296,
  "training_cpu_memory_MB": 5867.232,
  "training_gpu_0_memory_MB": 14587,
  "training_gpu_1_memory_MB": 13029,
  "training_gpu_2_memory_MB": 14583,
  "training_gpu_3_memory_MB": 12,
  "validation_accuracy": 0.3604887983706721,
  "validation_disc_loss": 1.098069941125265,
  "validation_gen_loss": 7.065393571931172,
  "validation_loss": 5.5735626608375615,
  "best_validation_accuracy": 0.37780040733197556,
  "best_validation_disc_loss": 1.0975787910988661,
  "best_validation_gen_loss": 7.037556020224967,
  "best_validation_loss": 5.552561713428032
}