{
  "best_epoch": 26,
  "peak_cpu_memory_MB": 5867.232,
  "peak_gpu_0_memory_MB": 14587,
  "peak_gpu_1_memory_MB": 13029,
  "peak_gpu_2_memory_MB": 14583,
  "peak_gpu_3_memory_MB": 12,
  "training_duration": "0:15:37.323431",
  "training_start_epoch": 0,
  "training_epochs": 28,
  "epoch": 28,
  "training_accuracy": 0.9720101781170484,
  "training_disc_loss": 0.0934303294122219,
  "training_gen_loss": 5.582097311019897,
  "training_loss": 4.209930534362793,
  "training_cpu_memory_MB": 5867.232,
  "training_gpu_0_memory_MB": 14587,
  "training_gpu_1_memory_MB": 13029,
  "training_gpu_2_memory_MB": 14583,
  "training_gpu_3_memory_MB": 12,
  "validation_accuracy": 0.37983706720977595,
  "validation_disc_loss": 2.8497843015484694,
  "validation_gen_loss": 7.912244587409787,
  "validation_loss": 6.646629504071988,
  "best_validation_accuracy": 0.3920570264765784,
  "best_validation_disc_loss": 2.372720110222576,
  "best_validation_gen_loss": 7.709154427536135,
  "best_validation_loss": 6.37504584227151
}