{
  "best_epoch": 26,
  "peak_cpu_memory_MB": 5867.232,
  "peak_gpu_0_memory_MB": 14587,
  "peak_gpu_1_memory_MB": 13029,
  "peak_gpu_2_memory_MB": 14583,
  "peak_gpu_3_memory_MB": 12,
  "training_duration": "0:15:06.576279",
  "training_start_epoch": 0,
  "training_epochs": 27,
  "epoch": 27,
  "training_accuracy": 0.9567430025445293,
  "training_disc_loss": 0.1258149469643831,
  "training_gen_loss": 5.579419012069702,
  "training_loss": 4.216018004417419,
  "training_cpu_memory_MB": 5867.232,
  "training_gpu_0_memory_MB": 14587,
  "training_gpu_1_memory_MB": 13029,
  "training_gpu_2_memory_MB": 14583,
  "training_gpu_3_memory_MB": 12,
  "validation_accuracy": 0.3910386965376782,
  "validation_disc_loss": 2.507985756164644,
  "validation_gen_loss": 7.778291593722211,
  "validation_loss": 6.460715103924759,
  "best_validation_accuracy": 0.3920570264765784,
  "best_validation_disc_loss": 2.372720110222576,
  "best_validation_gen_loss": 7.709154427536135,
  "best_validation_loss": 6.37504584227151
}