{
  "best_epoch": 8,
  "peak_cpu_memory_MB": 5867.232,
  "peak_gpu_0_memory_MB": 14587,
  "peak_gpu_1_memory_MB": 13029,
  "peak_gpu_2_memory_MB": 14583,
  "peak_gpu_3_memory_MB": 12,
  "training_duration": "0:04:40.717912",
  "training_start_epoch": 0,
  "training_epochs": 8,
  "epoch": 8,
  "training_accuracy": 0.29770992366412213,
  "training_disc_loss": 1.617680435180664,
  "training_gen_loss": 6.053708066940308,
  "training_loss": 4.9447012042999265,
  "training_cpu_memory_MB": 5867.232,
  "training_gpu_0_memory_MB": 14587,
  "training_gpu_1_memory_MB": 13029,
  "training_gpu_2_memory_MB": 14583,
  "training_gpu_3_memory_MB": 12,
  "validation_accuracy": 0.37780040733197556,
  "validation_disc_loss": 1.0975787910988661,
  "validation_gen_loss": 7.037556020224967,
  "validation_loss": 5.552561713428032,
  "best_validation_accuracy": 0.37780040733197556,
  "best_validation_disc_loss": 1.0975787910988661,
  "best_validation_gen_loss": 7.037556020224967,
  "best_validation_loss": 5.552561713428032
}