{
  "best_epoch": 18,
  "peak_cpu_memory_MB": 5867.232,
  "peak_gpu_0_memory_MB": 14587,
  "peak_gpu_1_memory_MB": 13029,
  "peak_gpu_2_memory_MB": 14583,
  "peak_gpu_3_memory_MB": 12,
  "training_duration": "0:11:48.580956",
  "training_start_epoch": 0,
  "training_epochs": 21,
  "epoch": 21,
  "training_accuracy": 0.8600508905852418,
  "training_disc_loss": 0.36742347836494443,
  "training_gen_loss": 5.679228200912475,
  "training_loss": 4.351277027130127,
  "training_cpu_memory_MB": 5867.232,
  "training_gpu_0_memory_MB": 14587,
  "training_gpu_1_memory_MB": 13029,
  "training_gpu_2_memory_MB": 14583,
  "training_gpu_3_memory_MB": 12,
  "validation_accuracy": 0.3869653767820774,
  "validation_disc_loss": 2.2207558272573036,
  "validation_gen_loss": 7.59321358921082,
  "validation_loss": 6.250099131731483,
  "best_validation_accuracy": 0.3869653767820774,
  "best_validation_disc_loss": 1.6569044476117545,
  "best_validation_gen_loss": 7.437831735223289,
  "best_validation_loss": 5.9925999021142475
}