{
  "best_epoch": 16,
  "peak_cpu_memory_MB": 5867.232,
  "peak_gpu_0_memory_MB": 14587,
  "peak_gpu_1_memory_MB": 13029,
  "peak_gpu_2_memory_MB": 14583,
  "peak_gpu_3_memory_MB": 12,
  "training_duration": "0:09:01.421193",
  "training_start_epoch": 0,
  "training_epochs": 16,
  "epoch": 16,
  "training_accuracy": 0.549618320610687,
  "training_disc_loss": 1.0398544937372207,
  "training_gen_loss": 5.784649333953857,
  "training_loss": 4.5984506416320805,
  "training_cpu_memory_MB": 5867.232,
  "training_gpu_0_memory_MB": 14587,
  "training_gpu_1_memory_MB": 13029,
  "training_gpu_2_memory_MB": 14583,
  "training_gpu_3_memory_MB": 12,
  "validation_accuracy": 0.38085539714867617,
  "validation_disc_loss": 1.2467668371471932,
  "validation_gen_loss": 7.3299364927338395,
  "validation_loss": 5.809144066601265,
  "best_validation_accuracy": 0.38085539714867617,
  "best_validation_disc_loss": 1.2467668371471932,
  "best_validation_gen_loss": 7.3299364927338395,
  "best_validation_loss": 5.809144066601265
}