{
  "best_epoch": 0,
  "peak_cpu_memory_MB": 5493.032,
  "peak_gpu_0_memory_MB": 12677,
  "peak_gpu_1_memory_MB": 0,
  "peak_gpu_2_memory_MB": 10225,
  "peak_gpu_3_memory_MB": 2425,
  "training_duration": "0:00:29.546723",
  "training_start_epoch": 0,
  "training_epochs": 0,
  "epoch": 0,
  "training_accuracy": 0.3231552162849873,
  "training_loss": 1.2472458252540002,
  "training_cpu_memory_MB": 5493.032,
  "training_gpu_0_memory_MB": 12677,
  "training_gpu_1_memory_MB": 0,
  "training_gpu_2_memory_MB": 10225,
  "training_gpu_3_memory_MB": 2425,
  "validation_accuracy": 0.33958227203260316,
  "validation_loss": 1.1408393435447146,
  "best_validation_accuracy": 0.33958227203260316,
  "best_validation_loss": 1.1408393435447146
}