{
  "best_epoch": 2,
  "peak_cpu_memory_MB": 9296.268,
  "peak_gpu_0_memory_MB": 10863,
  "peak_gpu_1_memory_MB": 10676,
  "training_duration": "4:48:58.602269",
  "training_start_epoch": 0,
  "training_epochs": 2,
  "epoch": 2,
  "training_accuracy": 0.9532851882598,
  "training_loss": 0.1369459378703666,
  "training_cpu_memory_MB": 9296.268,
  "training_gpu_0_memory_MB": 10863,
  "training_gpu_1_memory_MB": 10676,
  "validation_accuracy": 0.8646968925114621,
  "validation_loss": 0.49295916419221447,
  "best_validation_accuracy": 0.8646968925114621,
  "best_validation_loss": 0.49295916419221447
}