{
  "best_epoch": 0,
  "peak_cpu_memory_MB": 5867.236,
  "peak_gpu_0_memory_MB": 21435,
  "peak_gpu_1_memory_MB": 20139,
  "peak_gpu_2_memory_MB": 20139,
  "peak_gpu_3_memory_MB": 20139,
  "training_duration": "0:01:15.390572",
  "training_start_epoch": 0,
  "training_epochs": 2,
  "epoch": 2,
  "training_accuracy": 0.3486005089058524,
  "training_disc_loss": 3.175621213912964,
  "training_gen_loss": 8.211627521514892,
  "training_loss": 5.698433582599346,
  "training_cpu_memory_MB": 5867.236,
  "training_gpu_0_memory_MB": 21435,
  "training_gpu_1_memory_MB": 20139,
  "training_gpu_2_memory_MB": 20139,
  "training_gpu_3_memory_MB": 20139,
  "validation_accuracy": 0.3268839103869654,
  "validation_disc_loss": 2.2404933052678264,
  "validation_gen_loss": 7.940368098597372,
  "validation_loss": 5.086760920862997,
  "best_validation_accuracy": 0.3340122199592668,
  "best_validation_disc_loss": 12.869600142202069,
  "best_validation_gen_loss": 14.377752457895587,
  "best_validation_loss": 13.627702836067446
}