{
  "best_epoch": 17,
  "peak_cpu_memory_MB": 5867.236,
  "peak_gpu_0_memory_MB": 21435,
  "peak_gpu_1_memory_MB": 20139,
  "peak_gpu_2_memory_MB": 20139,
  "peak_gpu_3_memory_MB": 20139,
  "training_duration": "0:08:48.506922",
  "training_start_epoch": 0,
  "training_epochs": 18,
  "epoch": 18,
  "training_accuracy": 0.49363867684478374,
  "training_disc_loss": 1.1920930862426757,
  "training_gen_loss": 6.533230743408203,
  "training_loss": 3.8616860463069034,
  "training_cpu_memory_MB": 5867.236,
  "training_gpu_0_memory_MB": 21435,
  "training_gpu_1_memory_MB": 20139,
  "training_gpu_2_memory_MB": 20139,
  "training_gpu_3_memory_MB": 20139,
  "validation_accuracy": 0.3574338085539715,
  "validation_disc_loss": 1.5297666989987897,
  "validation_gen_loss": 6.928759474908152,
  "validation_loss": 4.228823800240794,
  "best_validation_accuracy": 0.35845213849287166,
  "best_validation_disc_loss": 1.5316492559448365,
  "best_validation_gen_loss": 6.928116083145142,
  "best_validation_loss": 4.229429937178089
}