{
  "best_epoch": 3,
  "peak_cpu_memory_MB": 5491.32,
  "peak_gpu_0_memory_MB": 12693,
  "peak_gpu_1_memory_MB": 21435,
  "peak_gpu_2_memory_MB": 0,
  "peak_gpu_3_memory_MB": 12805,
  "training_duration": "0:02:16.792187",
  "training_start_epoch": 0,
  "training_epochs": 3,
  "epoch": 3,
  "training_accuracy": 0.4020356234096692,
  "training_loss": 1.1290759765184843,
  "training_cpu_memory_MB": 5491.32,
  "training_gpu_0_memory_MB": 12693,
  "training_gpu_1_memory_MB": 21435,
  "training_gpu_2_memory_MB": 0,
  "training_gpu_3_memory_MB": 12805,
  "validation_accuracy": 0.3609780947529292,
  "validation_loss": 1.108333737143476,
  "best_validation_accuracy": 0.3609780947529292,
  "best_validation_loss": 1.108333737143476
}