{
  "best_epoch": 1,
  "peak_cpu_memory_MB": 5491.32,
  "peak_gpu_0_memory_MB": 12693,
  "peak_gpu_1_memory_MB": 21435,
  "peak_gpu_2_memory_MB": 0,
  "peak_gpu_3_memory_MB": 12805,
  "training_duration": "0:01:42.380336",
  "training_start_epoch": 0,
  "training_epochs": 2,
  "epoch": 2,
  "training_accuracy": 0.3944020356234097,
  "training_loss": 1.1340535466487591,
  "training_cpu_memory_MB": 5491.32,
  "training_gpu_0_memory_MB": 12693,
  "training_gpu_1_memory_MB": 21435,
  "training_gpu_2_memory_MB": 0,
  "training_gpu_3_memory_MB": 12805,
  "validation_accuracy": 0.35282730514518595,
  "validation_loss": 1.1093888391500963,
  "best_validation_accuracy": 0.35598573611818646,
  "best_validation_loss": 1.0984001423714604
}