{
  "best_epoch": 2,
  "peak_cpu_memory_MB": 5468.56,
  "peak_gpu_0_memory_MB": 12553,
  "peak_gpu_1_memory_MB": 21435,
  "peak_gpu_2_memory_MB": 0,
  "peak_gpu_3_memory_MB": 12807,
  "training_duration": "0:01:45.202916",
  "training_start_epoch": 0,
  "training_epochs": 2,
  "epoch": 2,
  "training_accuracy": 0.821882951653944,
  "training_loss": 0.5633012010500982,
  "training_cpu_memory_MB": 5468.56,
  "training_gpu_0_memory_MB": 12553,
  "training_gpu_1_memory_MB": 21435,
  "training_gpu_2_memory_MB": 0,
  "training_gpu_3_memory_MB": 12807,
  "validation_accuracy": 0.5602649006622517,
  "validation_loss": 1.080498249018231,
  "best_validation_accuracy": 0.5602649006622517,
  "best_validation_loss": 1.080498249018231
}