{
  "best_epoch": 0,
  "peak_cpu_memory_MB": 5491.976,
  "peak_gpu_0_memory_MB": 12553,
  "peak_gpu_1_memory_MB": 0,
  "peak_gpu_2_memory_MB": 10357,
  "peak_gpu_3_memory_MB": 2425,
  "training_duration": "0:00:29.788239",
  "training_start_epoch": 0,
  "training_epochs": 0,
  "epoch": 0,
  "training_accuracy": 0.33587786259541985,
  "training_loss": 1.1156988052221446,
  "training_cpu_memory_MB": 5491.976,
  "training_gpu_0_memory_MB": 12553,
  "training_gpu_1_memory_MB": 0,
  "training_gpu_2_memory_MB": 10357,
  "training_gpu_3_memory_MB": 2425,
  "validation_accuracy": 0.3273560876209883,
  "validation_loss": 1.1115274390490901,
  "best_validation_accuracy": 0.3273560876209883,
  "best_validation_loss": 1.1115274390490901
}