{
  "best_epoch": 5,
  "peak_cpu_memory_MB": 5866.796,
  "peak_gpu_0_memory_MB": 13845,
  "peak_gpu_1_memory_MB": 12805,
  "peak_gpu_2_memory_MB": 14587,
  "peak_gpu_3_memory_MB": 21435,
  "training_duration": "0:07:10.527509",
  "training_start_epoch": 0,
  "training_epochs": 12,
  "epoch": 12,
  "training_accuracy": 0.3791348600508906,
  "training_disc_loss": 1.3463829746842384,
  "training_gen_loss": 6.213954362869263,
  "training_loss": 4.997061500549316,
  "training_cpu_memory_MB": 5866.796,
  "training_gpu_0_memory_MB": 13845,
  "training_gpu_1_memory_MB": 12805,
  "training_gpu_2_memory_MB": 14587,
  "training_gpu_3_memory_MB": 21435,
  "validation_accuracy": 0.33095723014256617,
  "validation_disc_loss": 1.0990982792241786,
  "validation_gen_loss": 6.934842016638779,
  "validation_loss": 5.475906092946122,
  "best_validation_accuracy": 0.36863543788187375,
  "best_validation_disc_loss": 1.6089239726221658,
  "best_validation_gen_loss": 6.902936609779916,
  "best_validation_loss": 5.579433456669009
}