{
  "best_epoch": 5,
  "peak_cpu_memory_MB": 5866.796,
  "peak_gpu_0_memory_MB": 13845,
  "peak_gpu_1_memory_MB": 12805,
  "peak_gpu_2_memory_MB": 14587,
  "peak_gpu_3_memory_MB": 21435,
  "training_duration": "0:08:18.243030",
  "training_start_epoch": 0,
  "training_epochs": 14,
  "epoch": 14,
  "training_accuracy": 0.3816793893129771,
  "training_disc_loss": 1.4785405242443084,
  "training_gen_loss": 6.136442737579346,
  "training_loss": 4.971967191696167,
  "training_cpu_memory_MB": 5866.796,
  "training_gpu_0_memory_MB": 13845,
  "training_gpu_1_memory_MB": 12805,
  "training_gpu_2_memory_MB": 14587,
  "training_gpu_3_memory_MB": 21435,
  "validation_accuracy": 0.3421588594704684,
  "validation_disc_loss": 1.0986198652081374,
  "validation_gen_loss": 6.919215810977347,
  "validation_loss": 5.464066823323567,
  "best_validation_accuracy": 0.36863543788187375,
  "best_validation_disc_loss": 1.6089239726221658,
  "best_validation_gen_loss": 6.902936609779916,
  "best_validation_loss": 5.579433456669009
}