{
  "best_epoch": 5,
  "peak_cpu_memory_MB": 5866.796,
  "peak_gpu_0_memory_MB": 13845,
  "peak_gpu_1_memory_MB": 12805,
  "peak_gpu_2_memory_MB": 14587,
  "peak_gpu_3_memory_MB": 21435,
  "training_duration": "0:07:44.681711",
  "training_start_epoch": 0,
  "training_epochs": 13,
  "epoch": 13,
  "training_accuracy": 0.3486005089058524,
  "training_disc_loss": 1.4391258537769318,
  "training_gen_loss": 6.196569147109986,
  "training_loss": 5.007208328247071,
  "training_cpu_memory_MB": 5866.796,
  "training_gpu_0_memory_MB": 13845,
  "training_gpu_1_memory_MB": 12805,
  "training_gpu_2_memory_MB": 14587,
  "training_gpu_3_memory_MB": 21435,
  "validation_accuracy": 0.3380855397148676,
  "validation_disc_loss": 1.0985075206291386,
  "validation_gen_loss": 6.843279043833415,
  "validation_loss": 5.407086155278896,
  "best_validation_accuracy": 0.36863543788187375,
  "best_validation_disc_loss": 1.6089239726221658,
  "best_validation_gen_loss": 6.902936609779916,
  "best_validation_loss": 5.579433456669009
}