{
  "best_epoch": 5,
  "peak_cpu_memory_MB": 5866.796,
  "peak_gpu_0_memory_MB": 13845,
  "peak_gpu_1_memory_MB": 12805,
  "peak_gpu_2_memory_MB": 14587,
  "peak_gpu_3_memory_MB": 21435,
  "training_duration": "0:04:21.542714",
  "training_start_epoch": 0,
  "training_epochs": 7,
  "epoch": 7,
  "training_accuracy": 0.2926208651399491,
  "training_disc_loss": 2.780080543756485,
  "training_gen_loss": 6.489234037399292,
  "training_loss": 5.561945705413819,
  "training_cpu_memory_MB": 5866.796,
  "training_gpu_0_memory_MB": 13845,
  "training_gpu_1_memory_MB": 12805,
  "training_gpu_2_memory_MB": 14587,
  "training_gpu_3_memory_MB": 21435,
  "validation_accuracy": 0.33095723014256617,
  "validation_disc_loss": 1.0983207962377284,
  "validation_gen_loss": 7.213792936588691,
  "validation_loss": 5.684924920399983,
  "best_validation_accuracy": 0.36863543788187375,
  "best_validation_disc_loss": 1.6089239726221658,
  "best_validation_gen_loss": 6.902936609779916,
  "best_validation_loss": 5.579433456669009
}