{
  "best_epoch": 0,
  "peak_cpu_memory_MB": 5866.796,
  "peak_gpu_0_memory_MB": 13845,
  "peak_gpu_1_memory_MB": 12805,
  "peak_gpu_2_memory_MB": 14587,
  "peak_gpu_3_memory_MB": 21435,
  "training_duration": "0:00:57.971890",
  "training_start_epoch": 0,
  "training_epochs": 1,
  "epoch": 1,
  "training_accuracy": 0.3333333333333333,
  "training_disc_loss": 6.264815645217896,
  "training_gen_loss": 9.043296566009522,
  "training_loss": 8.348676319122314,
  "training_cpu_memory_MB": 5866.796,
  "training_gpu_0_memory_MB": 13845,
  "training_gpu_1_memory_MB": 12805,
  "training_gpu_2_memory_MB": 14587,
  "training_gpu_3_memory_MB": 21435,
  "validation_accuracy": 0.3340122199592668,
  "validation_disc_loss": 13.190682267755028,
  "validation_gen_loss": 8.989305953669355,
  "validation_loss": 10.039650044790129,
  "best_validation_accuracy": 0.33706720977596744,
  "best_validation_disc_loss": 17.10716979484248,
  "best_validation_gen_loss": 11.144728474500702,
  "best_validation_loss": 12.63533879101761
}