{
  "best_epoch": 5,
  "peak_cpu_memory_MB": 5866.796,
  "peak_gpu_0_memory_MB": 13845,
  "peak_gpu_1_memory_MB": 12805,
  "peak_gpu_2_memory_MB": 14587,
  "peak_gpu_3_memory_MB": 21435,
  "training_duration": "0:03:12.540707",
  "training_start_epoch": 0,
  "training_epochs": 5,
  "epoch": 5,
  "training_accuracy": 0.455470737913486,
  "training_disc_loss": 1.3280111345648766,
  "training_gen_loss": 6.423555774688721,
  "training_loss": 5.14966959476471,
  "training_cpu_memory_MB": 5866.796,
  "training_gpu_0_memory_MB": 13845,
  "training_gpu_1_memory_MB": 12805,
  "training_gpu_2_memory_MB": 14587,
  "training_gpu_3_memory_MB": 21435,
  "validation_accuracy": 0.36863543788187375,
  "validation_disc_loss": 1.6089239726221658,
  "validation_gen_loss": 6.902936609779916,
  "validation_loss": 5.579433456669009,
  "best_validation_accuracy": 0.36863543788187375,
  "best_validation_disc_loss": 1.6089239726221658,
  "best_validation_gen_loss": 6.902936609779916,
  "best_validation_loss": 5.579433456669009
}