{
  "best_epoch": 0,
  "peak_cpu_memory_MB": 5502.924,
  "peak_gpu_0_memory_MB": 12677,
  "peak_gpu_1_memory_MB": 21435,
  "peak_gpu_2_memory_MB": 0,
  "peak_gpu_3_memory_MB": 2425,
  "training_duration": "0:00:30.123608",
  "training_start_epoch": 0,
  "training_epochs": 0,
  "epoch": 0,
  "training_accuracy": 0.356234096692112,
  "training_loss": 1.101733317741981,
  "training_cpu_memory_MB": 5502.924,
  "training_gpu_0_memory_MB": 12677,
  "training_gpu_1_memory_MB": 21435,
  "training_gpu_2_memory_MB": 0,
  "training_gpu_3_memory_MB": 2425,
  "validation_accuracy": 0.32766174223127864,
  "validation_loss": 1.1150479728313534,
  "best_validation_accuracy": 0.32766174223127864,
  "best_validation_loss": 1.1150479728313534
}