{
  "best_epoch": 7,
  "peak_cpu_memory_MB": 5502.924,
  "peak_gpu_0_memory_MB": 12693,
  "peak_gpu_1_memory_MB": 21435,
  "peak_gpu_2_memory_MB": 0,
  "peak_gpu_3_memory_MB": 12805,
  "training_duration": "0:04:51.903611",
  "training_start_epoch": 0,
  "training_epochs": 7,
  "epoch": 7,
  "training_accuracy": 0.7608142493638677,
  "training_loss": 0.6815855503082275,
  "training_cpu_memory_MB": 5502.924,
  "training_gpu_0_memory_MB": 12693,
  "training_gpu_1_memory_MB": 21435,
  "training_gpu_2_memory_MB": 0,
  "training_gpu_3_memory_MB": 12805,
  "validation_accuracy": 0.5178807947019868,
  "validation_loss": 0.976385657484446,
  "best_validation_accuracy": 0.5178807947019868,
  "best_validation_loss": 0.976385657484446
}