{
  "best_epoch": 10,
  "peak_cpu_memory_MB": 5502.924,
  "peak_gpu_0_memory_MB": 12693,
  "peak_gpu_1_memory_MB": 21435,
  "peak_gpu_2_memory_MB": 0,
  "peak_gpu_3_memory_MB": 12805,
  "training_duration": "0:06:50.654829",
  "training_start_epoch": 0,
  "training_epochs": 10,
  "epoch": 10,
  "training_accuracy": 0.9592875318066157,
  "training_loss": 0.23382566983883196,
  "training_cpu_memory_MB": 5502.924,
  "training_gpu_0_memory_MB": 12693,
  "training_gpu_1_memory_MB": 21435,
  "training_gpu_2_memory_MB": 0,
  "training_gpu_3_memory_MB": 12805,
  "validation_accuracy": 0.6040753948038716,
  "validation_loss": 0.9089043798586445,
  "best_validation_accuracy": 0.6040753948038716,
  "best_validation_loss": 0.9089043798586445
}