{
  "best_epoch": 12,
  "peak_cpu_memory_MB": 5502.924,
  "peak_gpu_0_memory_MB": 12693,
  "peak_gpu_1_memory_MB": 21435,
  "peak_gpu_2_memory_MB": 0,
  "peak_gpu_3_memory_MB": 12805,
  "training_duration": "0:08:45.478432",
  "training_start_epoch": 0,
  "training_epochs": 13,
  "epoch": 13,
  "training_accuracy": 0.9643765903307888,
  "training_loss": 0.15287941006513742,
  "training_cpu_memory_MB": 5502.924,
  "training_gpu_0_memory_MB": 12693,
  "training_gpu_1_memory_MB": 21435,
  "training_gpu_2_memory_MB": 0,
  "training_gpu_3_memory_MB": 12805,
  "validation_accuracy": 0.6201732042791646,
  "validation_loss": 0.9113483248393777,
  "best_validation_accuracy": 0.6205807437595517,
  "best_validation_loss": 0.9094945631120415
}