{
  "best_epoch": 3,
  "peak_cpu_memory_MB": 5502.924,
  "peak_gpu_0_memory_MB": 12677,
  "peak_gpu_1_memory_MB": 21435,
  "peak_gpu_2_memory_MB": 0,
  "peak_gpu_3_memory_MB": 12805,
  "training_duration": "0:02:57.729439",
  "training_start_epoch": 0,
  "training_epochs": 4,
  "epoch": 4,
  "training_accuracy": 0.4351145038167939,
  "training_loss": 1.0845783490401049,
  "training_cpu_memory_MB": 5502.924,
  "training_gpu_0_memory_MB": 12677,
  "training_gpu_1_memory_MB": 21435,
  "training_gpu_2_memory_MB": 0,
  "training_gpu_3_memory_MB": 12805,
  "validation_accuracy": 0.3313295975547631,
  "validation_loss": 1.1052035656348114,
  "best_validation_accuracy": 0.34722363728986244,
  "best_validation_loss": 1.1008170819826157
}