{
  "best_epoch": 1,
  "peak_cpu_memory_MB": 5502.924,
  "peak_gpu_0_memory_MB": 12677,
  "peak_gpu_1_memory_MB": 21435,
  "peak_gpu_2_memory_MB": 0,
  "peak_gpu_3_memory_MB": 12805,
  "training_duration": "0:01:44.122188",
  "training_start_epoch": 0,
  "training_epochs": 2,
  "epoch": 2,
  "training_accuracy": 0.3256997455470738,
  "training_loss": 1.1132011230175312,
  "training_cpu_memory_MB": 5502.924,
  "training_gpu_0_memory_MB": 12677,
  "training_gpu_1_memory_MB": 21435,
  "training_gpu_2_memory_MB": 0,
  "training_gpu_3_memory_MB": 12805,
  "validation_accuracy": 0.33897096281202244,
  "validation_loss": 1.117262139770806,
  "best_validation_accuracy": 0.346001018848701,
  "best_validation_loss": 1.1000505837244785
}