{
  "best_epoch": 12,
  "peak_cpu_memory_MB": 5502.924,
  "peak_gpu_0_memory_MB": 12693,
  "peak_gpu_1_memory_MB": 21435,
  "peak_gpu_2_memory_MB": 0,
  "peak_gpu_3_memory_MB": 12805,
  "training_duration": "0:09:20.351100",
  "training_start_epoch": 0,
  "training_epochs": 14,
  "epoch": 14,
  "training_accuracy": 0.9821882951653944,
  "training_loss": 0.15507443707722884,
  "training_cpu_memory_MB": 5502.924,
  "training_gpu_0_memory_MB": 12693,
  "training_gpu_1_memory_MB": 21435,
  "training_gpu_2_memory_MB": 0,
  "training_gpu_3_memory_MB": 12805,
  "validation_accuracy": 0.6201732042791646,
  "validation_loss": 0.9113483248393777,
  "best_validation_accuracy": 0.6205807437595517,
  "best_validation_loss": 0.9094945631120415
}