{
  "best_epoch": 6,
  "peak_cpu_memory_MB": 5866.864,
  "peak_gpu_0_memory_MB": 13845,
  "peak_gpu_1_memory_MB": 13845,
  "peak_gpu_2_memory_MB": 12,
  "peak_gpu_3_memory_MB": 12,
  "training_duration": "0:06:55.547115",
  "training_start_epoch": 0,
  "training_epochs": 12,
  "epoch": 12,
  "training_accuracy": 0.7099236641221374,
  "training_disc_loss": 0.794654382839799,
  "training_gen_loss": 5.6407318115234375,
  "training_loss": 5.6407318115234375,
  "training_cpu_memory_MB": 5866.864,
  "training_gpu_0_memory_MB": 13845,
  "training_gpu_1_memory_MB": 13845,
  "training_gpu_2_memory_MB": 12,
  "training_gpu_3_memory_MB": 12,
  "validation_accuracy": 0.3818737270875764,
  "validation_disc_loss": 1.6824917987110168,
  "validation_gen_loss": 7.456176982662542,
  "validation_loss": 7.456176982662542,
  "best_validation_accuracy": 0.39613034623217924,
  "best_validation_disc_loss": 1.3283209592346255,
  "best_validation_gen_loss": 7.13529193692091,
  "best_validation_loss": 7.13529193692091
}