{
  "best_epoch": 16,
  "peak_cpu_memory_MB": 5866.864,
  "peak_gpu_0_memory_MB": 13845,
  "peak_gpu_1_memory_MB": 13845,
  "peak_gpu_2_memory_MB": 12,
  "peak_gpu_3_memory_MB": 12,
  "training_duration": "0:10:10.737473",
  "training_start_epoch": 0,
  "training_epochs": 18,
  "epoch": 18,
  "training_accuracy": 0.816793893129771,
  "training_disc_loss": 0.47744695188477637,
  "training_gen_loss": 5.518103923797607,
  "training_loss": 5.518103923797607,
  "training_cpu_memory_MB": 5866.864,
  "training_gpu_0_memory_MB": 13845,
  "training_gpu_1_memory_MB": 13845,
  "training_gpu_2_memory_MB": 12,
  "training_gpu_3_memory_MB": 12,
  "validation_accuracy": 0.39918533604887985,
  "validation_disc_loss": 2.0965602347036687,
  "validation_gen_loss": 7.645289913425601,
  "validation_loss": 7.645289913425601,
  "best_validation_accuracy": 0.40427698574338083,
  "best_validation_disc_loss": 1.993142023076856,
  "best_validation_gen_loss": 7.6065447233556736,
  "best_validation_loss": 7.6065447233556736
}