{
  "best_epoch": 6,
  "peak_cpu_memory_MB": 5866.864,
  "peak_gpu_0_memory_MB": 13845,
  "peak_gpu_1_memory_MB": 13845,
  "peak_gpu_2_memory_MB": 12,
  "peak_gpu_3_memory_MB": 12,
  "training_duration": "0:05:54.641469",
  "training_start_epoch": 0,
  "training_epochs": 10,
  "epoch": 10,
  "training_accuracy": 0.6463104325699746,
  "training_disc_loss": 0.904782537817955,
  "training_gen_loss": 5.707165508270264,
  "training_loss": 5.707165508270264,
  "training_cpu_memory_MB": 5866.864,
  "training_gpu_0_memory_MB": 13845,
  "training_gpu_1_memory_MB": 13845,
  "training_gpu_2_memory_MB": 12,
  "training_gpu_3_memory_MB": 12,
  "validation_accuracy": 0.3940936863543788,
  "validation_disc_loss": 1.6360839837934913,
  "validation_gen_loss": 7.38808861786757,
  "validation_loss": 7.38808861786757,
  "best_validation_accuracy": 0.39613034623217924,
  "best_validation_disc_loss": 1.3283209592346255,
  "best_validation_gen_loss": 7.13529193692091,
  "best_validation_loss": 7.13529193692091
}