{
  "best_epoch": 16,
  "peak_cpu_memory_MB": 5866.864,
  "peak_gpu_0_memory_MB": 13845,
  "peak_gpu_1_memory_MB": 13845,
  "peak_gpu_2_memory_MB": 12,
  "peak_gpu_3_memory_MB": 12,
  "training_duration": "0:10:41.562140",
  "training_start_epoch": 0,
  "training_epochs": 19,
  "epoch": 19,
  "training_accuracy": 0.8422391857506362,
  "training_disc_loss": 0.43186093216587323,
  "training_gen_loss": 5.473748321533203,
  "training_loss": 5.473748321533203,
  "training_cpu_memory_MB": 5866.864,
  "training_gpu_0_memory_MB": 13845,
  "training_gpu_1_memory_MB": 13845,
  "training_gpu_2_memory_MB": 12,
  "training_gpu_3_memory_MB": 12,
  "validation_accuracy": 0.3971486761710794,
  "validation_disc_loss": 2.119646224306851,
  "validation_gen_loss": 7.648266664365443,
  "validation_loss": 7.648266664365443,
  "best_validation_accuracy": 0.40427698574338083,
  "best_validation_disc_loss": 1.993142023076856,
  "best_validation_gen_loss": 7.6065447233556736,
  "best_validation_loss": 7.6065447233556736
}