{
  "best_epoch": 6,
  "peak_cpu_memory_MB": 5866.864,
  "peak_gpu_0_memory_MB": 13845,
  "peak_gpu_1_memory_MB": 13845,
  "peak_gpu_2_memory_MB": 12,
  "peak_gpu_3_memory_MB": 12,
  "training_duration": "0:03:48.252425",
  "training_start_epoch": 0,
  "training_epochs": 6,
  "epoch": 6,
  "training_accuracy": 0.5063613231552163,
  "training_disc_loss": 1.2484207099676132,
  "training_gen_loss": 5.912242851257324,
  "training_loss": 5.912242851257324,
  "training_cpu_memory_MB": 5866.864,
  "training_gpu_0_memory_MB": 13845,
  "training_gpu_1_memory_MB": 13845,
  "training_gpu_2_memory_MB": 12,
  "training_gpu_3_memory_MB": 12,
  "validation_accuracy": 0.39613034623217924,
  "validation_disc_loss": 1.3283209592346255,
  "validation_gen_loss": 7.13529193692091,
  "validation_loss": 7.13529193692091,
  "best_validation_accuracy": 0.39613034623217924,
  "best_validation_disc_loss": 1.3283209592346255,
  "best_validation_gen_loss": 7.13529193692091,
  "best_validation_loss": 7.13529193692091
}