{
  "best_epoch": 25,
  "peak_cpu_memory_MB": 5866.692,
  "peak_gpu_0_memory_MB": 22543,
  "peak_gpu_1_memory_MB": 20139,
  "peak_gpu_2_memory_MB": 20139,
  "peak_gpu_3_memory_MB": 20139,
  "training_duration": "0:11:42.077250",
  "training_start_epoch": 0,
  "training_epochs": 25,
  "epoch": 25,
  "training_accuracy": 0.5292620865139949,
  "training_disc_loss": 1.0899844002723693,
  "training_gen_loss": 6.210900955200195,
  "training_loss": 6.2176271585317755,
  "training_cpu_memory_MB": 5866.692,
  "training_gpu_0_memory_MB": 22543,
  "training_gpu_1_memory_MB": 20139,
  "training_gpu_2_memory_MB": 20139,
  "training_gpu_3_memory_MB": 20139,
  "validation_accuracy": 0.3696537678207739,
  "validation_disc_loss": 1.7053279501776542,
  "validation_gen_loss": 6.936123155778454,
  "validation_loss": 6.939206738625804,
  "best_validation_accuracy": 0.3696537678207739,
  "best_validation_disc_loss": 1.7053279501776542,
  "best_validation_gen_loss": 6.936123155778454,
  "best_validation_loss": 6.939206738625804
}