{
  "best_epoch": 13,
  "peak_cpu_memory_MB": 5866.692,
  "peak_gpu_0_memory_MB": 22543,
  "peak_gpu_1_memory_MB": 20139,
  "peak_gpu_2_memory_MB": 20139,
  "peak_gpu_3_memory_MB": 20139,
  "training_duration": "0:11:16.018602",
  "training_start_epoch": 0,
  "training_epochs": 24,
  "epoch": 24,
  "training_accuracy": 0.49363867684478374,
  "training_disc_loss": 1.200736882686615,
  "training_gen_loss": 6.209706230163574,
  "training_loss": 6.192723384270301,
  "training_cpu_memory_MB": 5866.692,
  "training_gpu_0_memory_MB": 22543,
  "training_gpu_1_memory_MB": 20139,
  "training_gpu_2_memory_MB": 20139,
  "training_gpu_3_memory_MB": 20139,
  "validation_accuracy": 0.3655804480651731,
  "validation_disc_loss": 1.6453758891551726,
  "validation_gen_loss": 6.921914969721148,
  "validation_loss": 6.924974133891444,
  "best_validation_accuracy": 0.36863543788187375,
  "best_validation_disc_loss": 1.80359943643693,
  "best_validation_gen_loss": 6.950920850999894,
  "best_validation_loss": 6.954005902813327
}