{
  "best_epoch": 13,
  "peak_cpu_memory_MB": 5866.692,
  "peak_gpu_0_memory_MB": 22543,
  "peak_gpu_1_memory_MB": 20139,
  "peak_gpu_2_memory_MB": 20139,
  "peak_gpu_3_memory_MB": 20139,
  "training_duration": "0:10:49.928309",
  "training_start_epoch": 0,
  "training_epochs": 23,
  "epoch": 23,
  "training_accuracy": 0.48854961832061067,
  "training_disc_loss": 1.1628045558929443,
  "training_gen_loss": 6.226651744842529,
  "training_loss": 6.233143879817082,
  "training_cpu_memory_MB": 5866.692,
  "training_gpu_0_memory_MB": 22543,
  "training_gpu_1_memory_MB": 20139,
  "training_gpu_2_memory_MB": 20139,
  "training_gpu_3_memory_MB": 20139,
  "validation_accuracy": 0.35845213849287166,
  "validation_disc_loss": 1.6804799302931754,
  "validation_gen_loss": 6.903838819073092,
  "validation_loss": 6.9068146828682195,
  "best_validation_accuracy": 0.36863543788187375,
  "best_validation_disc_loss": 1.80359943643693,
  "best_validation_gen_loss": 6.950920850999894,
  "best_validation_loss": 6.954005902813327
}