{
  "best_epoch": 8,
  "peak_cpu_memory_MB": 5866.692,
  "peak_gpu_0_memory_MB": 22543,
  "peak_gpu_1_memory_MB": 20139,
  "peak_gpu_2_memory_MB": 20139,
  "peak_gpu_3_memory_MB": 20139,
  "training_duration": "0:05:04.233581",
  "training_start_epoch": 0,
  "training_epochs": 10,
  "epoch": 10,
  "training_accuracy": 0.37404580152671757,
  "training_disc_loss": 1.8126119470596314,
  "training_gen_loss": 6.413992023468017,
  "training_loss": 6.405461568098802,
  "training_cpu_memory_MB": 5866.692,
  "training_gpu_0_memory_MB": 22543,
  "training_gpu_1_memory_MB": 20139,
  "training_gpu_2_memory_MB": 20139,
  "training_gpu_3_memory_MB": 20139,
  "validation_accuracy": 0.34419551934826886,
  "validation_disc_loss": 1.6605963918470568,
  "validation_gen_loss": 6.9311569044666905,
  "validation_loss": 6.93406738773469,
  "best_validation_accuracy": 0.3625254582484725,
  "best_validation_disc_loss": 1.8994513480894026,
  "best_validation_gen_loss": 6.934095128890006,
  "best_validation_loss": 6.936598131733556
}