{
  "best_epoch": 13,
  "peak_cpu_memory_MB": 5866.692,
  "peak_gpu_0_memory_MB": 22543,
  "peak_gpu_1_memory_MB": 20139,
  "peak_gpu_2_memory_MB": 20139,
  "peak_gpu_3_memory_MB": 20139,
  "training_duration": "0:06:53.322682",
  "training_start_epoch": 0,
  "training_epochs": 14,
  "epoch": 14,
  "training_accuracy": 0.4402035623409669,
  "training_disc_loss": 1.6235321402549743,
  "training_gen_loss": 6.322723159790039,
  "training_loss": 6.30921169427725,
  "training_cpu_memory_MB": 5866.692,
  "training_gpu_0_memory_MB": 22543,
  "training_gpu_1_memory_MB": 20139,
  "training_gpu_2_memory_MB": 20139,
  "training_gpu_3_memory_MB": 20139,
  "validation_accuracy": 0.35030549898167007,
  "validation_disc_loss": 1.8290218672444742,
  "validation_gen_loss": 6.954112437463576,
  "validation_loss": 6.957236643760435,
  "best_validation_accuracy": 0.36863543788187375,
  "best_validation_disc_loss": 1.80359943643693,
  "best_validation_gen_loss": 6.950920850999894,
  "best_validation_loss": 6.954005902813327
}