{
  "best_epoch": 8,
  "peak_cpu_memory_MB": 5866.692,
  "peak_gpu_0_memory_MB": 22543,
  "peak_gpu_1_memory_MB": 20139,
  "peak_gpu_2_memory_MB": 20139,
  "peak_gpu_3_memory_MB": 20139,
  "training_duration": "0:04:06.322487",
  "training_start_epoch": 0,
  "training_epochs": 8,
  "epoch": 8,
  "training_accuracy": 0.4173027989821883,
  "training_disc_loss": 1.732100443840027,
  "training_gen_loss": 6.427592716217041,
  "training_loss": 6.417930933145376,
  "training_cpu_memory_MB": 5866.692,
  "training_gpu_0_memory_MB": 22543,
  "training_gpu_1_memory_MB": 20139,
  "training_gpu_2_memory_MB": 20139,
  "training_gpu_3_memory_MB": 20139,
  "validation_accuracy": 0.3625254582484725,
  "validation_disc_loss": 1.8994513480894026,
  "validation_gen_loss": 6.934095128890006,
  "validation_loss": 6.936598131733556,
  "best_validation_accuracy": 0.3625254582484725,
  "best_validation_disc_loss": 1.8994513480894026,
  "best_validation_gen_loss": 6.934095128890006,
  "best_validation_loss": 6.936598131733556
}