{
  "best_epoch": 2,
  "peak_cpu_memory_MB": 5866.516,
  "peak_gpu_0_memory_MB": 22543,
  "peak_gpu_1_memory_MB": 20139,
  "peak_gpu_2_memory_MB": 20139,
  "peak_gpu_3_memory_MB": 20139,
  "training_duration": "0:02:14.289736",
  "training_start_epoch": 0,
  "training_epochs": 4,
  "epoch": 4,
  "training_accuracy": 0.3511450381679389,
  "training_disc_loss": 1.9498057985305786,
  "training_gen_loss": 6.5766049575805665,
  "training_loss": 6.568059957944429,
  "training_cpu_memory_MB": 5866.516,
  "training_gpu_0_memory_MB": 22543,
  "training_gpu_1_memory_MB": 20139,
  "training_gpu_2_memory_MB": 20139,
  "training_gpu_3_memory_MB": 20139,
  "validation_accuracy": 0.31771894093686354,
  "validation_disc_loss": 1.0998633253958918,
  "validation_gen_loss": 7.148196958726452,
  "validation_loss": 7.150910746666693,
  "best_validation_accuracy": 0.3533604887983707,
  "best_validation_disc_loss": 2.8379517120699727,
  "best_validation_gen_loss": 7.476447151553247,
  "best_validation_loss": 7.479283778898178
}