{
  "best_epoch": 2,
  "peak_cpu_memory_MB": 5866.516,
  "peak_gpu_0_memory_MB": 22543,
  "peak_gpu_1_memory_MB": 20139,
  "peak_gpu_2_memory_MB": 20139,
  "peak_gpu_3_memory_MB": 20139,
  "training_duration": "0:03:06.237715",
  "training_start_epoch": 0,
  "training_epochs": 6,
  "epoch": 6,
  "training_accuracy": 0.3282442748091603,
  "training_disc_loss": 1.7899980449676514,
  "training_gen_loss": 6.466961040496826,
  "training_loss": 6.459806185502273,
  "training_cpu_memory_MB": 5866.516,
  "training_gpu_0_memory_MB": 22543,
  "training_gpu_1_memory_MB": 20139,
  "training_gpu_2_memory_MB": 20139,
  "training_gpu_3_memory_MB": 20139,
  "validation_accuracy": 0.3065173116089613,
  "validation_disc_loss": 1.0994721266531176,
  "validation_gen_loss": 6.879433631896973,
  "validation_loss": 6.882006337565761,
  "best_validation_accuracy": 0.3533604887983707,
  "best_validation_disc_loss": 2.8379517120699727,
  "best_validation_gen_loss": 7.476447151553247,
  "best_validation_loss": 7.479283778898178
}