{
  "best_epoch": 2,
  "peak_cpu_memory_MB": 5866.516,
  "peak_gpu_0_memory_MB": 22543,
  "peak_gpu_1_memory_MB": 20139,
  "peak_gpu_2_memory_MB": 20139,
  "peak_gpu_3_memory_MB": 20139,
  "training_duration": "0:07:01.454709",
  "training_start_epoch": 0,
  "training_epochs": 15,
  "epoch": 15,
  "training_accuracy": 0.356234096692112,
  "training_disc_loss": 1.674030261039734,
  "training_gen_loss": 6.349626655578613,
  "training_loss": 6.3593459862929125,
  "training_cpu_memory_MB": 5866.516,
  "training_gpu_0_memory_MB": 22543,
  "training_gpu_1_memory_MB": 20139,
  "training_gpu_2_memory_MB": 20139,
  "training_gpu_3_memory_MB": 20139,
  "validation_accuracy": 0.34317718940936864,
  "validation_disc_loss": 1.4778856894662302,
  "validation_gen_loss": 6.885388758874709,
  "validation_loss": 6.888418735996369,
  "best_validation_accuracy": 0.3533604887983707,
  "best_validation_disc_loss": 2.8379517120699727,
  "best_validation_gen_loss": 7.476447151553247,
  "best_validation_loss": 7.479283778898178
}