{
  "best_epoch": 16,
  "peak_cpu_memory_MB": 5866.852,
  "peak_gpu_0_memory_MB": 13845,
  "peak_gpu_1_memory_MB": 13845,
  "peak_gpu_2_memory_MB": 13845,
  "peak_gpu_3_memory_MB": 12,
  "training_duration": "0:10:07.267839",
  "training_start_epoch": 0,
  "training_epochs": 18,
  "epoch": 18,
  "training_accuracy": 0.8244274809160306,
  "training_disc_loss": 0.40191456928965635,
  "training_gen_loss": 5.4322010517120365,
  "training_loss": 5.4322010517120365,
  "training_cpu_memory_MB": 5866.852,
  "training_gpu_0_memory_MB": 13845,
  "training_gpu_1_memory_MB": 13845,
  "training_gpu_2_memory_MB": 13845,
  "training_gpu_3_memory_MB": 12,
  "validation_accuracy": 0.3879837067209776,
  "validation_disc_loss": 2.2536620359595227,
  "validation_gen_loss": 8.007744486738996,
  "validation_loss": 8.007744486738996,
  "best_validation_accuracy": 0.40325865580448067,
  "best_validation_disc_loss": 1.8472351286469437,
  "best_validation_gen_loss": 7.886150410504845,
  "best_validation_loss": 7.886150410504845
}