{
  "best_epoch": 16,
  "peak_cpu_memory_MB": 5866.852,
  "peak_gpu_0_memory_MB": 13845,
  "peak_gpu_1_memory_MB": 13845,
  "peak_gpu_2_memory_MB": 13845,
  "peak_gpu_3_memory_MB": 12,
  "training_duration": "0:10:38.253486",
  "training_start_epoch": 0,
  "training_epochs": 19,
  "epoch": 19,
  "training_accuracy": 0.8524173027989822,
  "training_disc_loss": 0.3668051387940068,
  "training_gen_loss": 5.397720556259156,
  "training_loss": 5.397720556259156,
  "training_cpu_memory_MB": 5866.852,
  "training_gpu_0_memory_MB": 13845,
  "training_gpu_1_memory_MB": 13845,
  "training_gpu_2_memory_MB": 13845,
  "training_gpu_3_memory_MB": 12,
  "validation_accuracy": 0.40020366598778007,
  "validation_disc_loss": 2.1783087010063777,
  "validation_gen_loss": 7.941596655341668,
  "validation_loss": 7.941596655341668,
  "best_validation_accuracy": 0.40325865580448067,
  "best_validation_disc_loss": 1.8472351286469437,
  "best_validation_gen_loss": 7.886150410504845,
  "best_validation_loss": 7.886150410504845
}