{
  "best_epoch": 0,
  "peak_cpu_memory_MB": 5866.852,
  "peak_gpu_0_memory_MB": 2617,
  "peak_gpu_1_memory_MB": 13845,
  "peak_gpu_2_memory_MB": 13845,
  "peak_gpu_3_memory_MB": 12,
  "training_duration": "0:00:25.129308",
  "training_start_epoch": 0,
  "training_epochs": 0,
  "epoch": 0,
  "training_accuracy": 0.35877862595419846,
  "training_disc_loss": 6.028470445871353,
  "training_gen_loss": 8.443191080093383,
  "training_loss": 8.443191080093383,
  "training_cpu_memory_MB": 5866.852,
  "training_gpu_0_memory_MB": 2617,
  "training_gpu_1_memory_MB": 13845,
  "training_gpu_2_memory_MB": 13845,
  "training_gpu_3_memory_MB": 12,
  "validation_accuracy": 0.3360488798370672,
  "validation_disc_loss": 1.1681825344155474,
  "validation_gen_loss": 6.938735298994111,
  "validation_loss": 6.938735298994111,
  "best_validation_accuracy": 0.3360488798370672,
  "best_validation_disc_loss": 1.1681825344155474,
  "best_validation_gen_loss": 6.938735298994111,
  "best_validation_loss": 6.938735298994111
}