{
  "best_epoch": 5,
  "peak_cpu_memory_MB": 5866.852,
  "peak_gpu_0_memory_MB": 13845,
  "peak_gpu_1_memory_MB": 13845,
  "peak_gpu_2_memory_MB": 13845,
  "peak_gpu_3_memory_MB": 12,
  "training_duration": "0:07:21.787584",
  "training_start_epoch": 0,
  "training_epochs": 13,
  "epoch": 13,
  "training_accuracy": 0.7048346055979644,
  "training_disc_loss": 0.8085745054483414,
  "training_gen_loss": 5.562507572174073,
  "training_loss": 5.562507572174073,
  "training_cpu_memory_MB": 5866.852,
  "training_gpu_0_memory_MB": 13845,
  "training_gpu_1_memory_MB": 13845,
  "training_gpu_2_memory_MB": 13845,
  "training_gpu_3_memory_MB": 12,
  "validation_accuracy": 0.37780040733197556,
  "validation_disc_loss": 2.0302050159714087,
  "validation_gen_loss": 7.83905357655471,
  "validation_loss": 7.83905357655471,
  "best_validation_accuracy": 0.38289205702647655,
  "best_validation_disc_loss": 1.1485831708442875,
  "best_validation_gen_loss": 7.239086356589465,
  "best_validation_loss": 7.239086356589465
}