{
  "best_epoch": 3,
  "peak_cpu_memory_MB": 5492.812,
  "peak_gpu_0_memory_MB": 12525,
  "peak_gpu_1_memory_MB": 21435,
  "peak_gpu_2_memory_MB": 0,
  "peak_gpu_3_memory_MB": 13013,
  "training_duration": "0:02:14.753232",
  "training_start_epoch": 0,
  "training_epochs": 3,
  "epoch": 3,
  "training_accuracy": 0.4681933842239186,
  "training_loss": 1.07067831662985,
  "training_cpu_memory_MB": 5492.812,
  "training_gpu_0_memory_MB": 12525,
  "training_gpu_1_memory_MB": 21435,
  "training_gpu_2_memory_MB": 0,
  "training_gpu_3_memory_MB": 13013,
  "validation_accuracy": 0.3906265919510953,
  "validation_loss": 1.0886239512347242,
  "best_validation_accuracy": 0.3906265919510953,
  "best_validation_loss": 1.0886239512347242
}