{
  "best_epoch": 4,
  "peak_cpu_memory_MB": 5492.812,
  "peak_gpu_0_memory_MB": 12525,
  "peak_gpu_1_memory_MB": 21435,
  "peak_gpu_2_memory_MB": 0,
  "peak_gpu_3_memory_MB": 13013,
  "training_duration": "0:02:53.075755",
  "training_start_epoch": 0,
  "training_epochs": 4,
  "epoch": 4,
  "training_accuracy": 0.5954198473282443,
  "training_loss": 1.0457867750754724,
  "training_cpu_memory_MB": 5492.812,
  "training_gpu_0_memory_MB": 12525,
  "training_gpu_1_memory_MB": 21435,
  "training_gpu_2_memory_MB": 0,
  "training_gpu_3_memory_MB": 13013,
  "validation_accuracy": 0.39847172694854816,
  "validation_loss": 1.0861612282669117,
  "best_validation_accuracy": 0.39847172694854816,
  "best_validation_loss": 1.0861612282669117
}