{
  "best_epoch": 0,
  "peak_cpu_memory_MB": 5492.812,
  "peak_gpu_0_memory_MB": 12525,
  "peak_gpu_1_memory_MB": 21435,
  "peak_gpu_2_memory_MB": 0,
  "peak_gpu_3_memory_MB": 2425,
  "training_duration": "0:00:30.237151",
  "training_start_epoch": 0,
  "training_epochs": 0,
  "epoch": 0,
  "training_accuracy": 0.33587786259541985,
  "training_loss": 1.1132746384694026,
  "training_cpu_memory_MB": 5492.812,
  "training_gpu_0_memory_MB": 12525,
  "training_gpu_1_memory_MB": 21435,
  "training_gpu_2_memory_MB": 0,
  "training_gpu_3_memory_MB": 2425,
  "validation_accuracy": 0.3546612328069282,
  "validation_loss": 1.098435895062425,
  "best_validation_accuracy": 0.3546612328069282,
  "best_validation_loss": 1.098435895062425
}