{
  "best_epoch": 0,
  "peak_cpu_memory_MB": 5866.232,
  "peak_gpu_0_memory_MB": 21435,
  "peak_gpu_1_memory_MB": 20139,
  "peak_gpu_2_memory_MB": 20139,
  "peak_gpu_3_memory_MB": 20139,
  "training_duration": "0:00:48.704198",
  "training_start_epoch": 0,
  "training_epochs": 1,
  "epoch": 1,
  "training_accuracy": 0.32061068702290074,
  "training_disc_loss": 5.092045297622681,
  "training_gen_loss": 10.97660701751709,
  "training_loss": 6.193350131695087,
  "training_cpu_memory_MB": 5866.232,
  "training_gpu_0_memory_MB": 21435,
  "training_gpu_1_memory_MB": 20139,
  "training_gpu_2_memory_MB": 20139,
  "training_gpu_3_memory_MB": 20139,
  "validation_accuracy": 0.335030549898167,
  "validation_disc_loss": 1.2622167141206804,
  "validation_gen_loss": 9.766057752793834,
  "validation_loss": 2.9645581706877677,
  "best_validation_accuracy": 0.34928716904276985,
  "best_validation_disc_loss": 12.512302690936673,
  "best_validation_gen_loss": 12.458740311284219,
  "best_validation_loss": 12.537724710279896
}