{
  "best_epoch": 6,
  "peak_cpu_memory_MB": 5866.232,
  "peak_gpu_0_memory_MB": 21435,
  "peak_gpu_1_memory_MB": 20139,
  "peak_gpu_2_memory_MB": 20139,
  "peak_gpu_3_memory_MB": 20139,
  "training_duration": "0:03:58.828830",
  "training_start_epoch": 0,
  "training_epochs": 8,
  "epoch": 8,
  "training_accuracy": 0.3842239185750636,
  "training_disc_loss": 1.455993504524231,
  "training_gen_loss": 7.162239742279053,
  "training_loss": 2.6051190999838023,
  "training_cpu_memory_MB": 5866.232,
  "training_gpu_0_memory_MB": 21435,
  "training_gpu_1_memory_MB": 20139,
  "training_gpu_2_memory_MB": 20139,
  "training_gpu_3_memory_MB": 20139,
  "validation_accuracy": 0.3543788187372709,
  "validation_disc_loss": 1.126502585987891,
  "validation_gen_loss": 7.438036787894465,
  "validation_loss": 2.3898082164026078,
  "best_validation_accuracy": 0.3625254582484725,
  "best_validation_disc_loss": 1.130412051754613,
  "best_validation_gen_loss": 7.576620794111682,
  "best_validation_loss": 2.4206525279629614
}