{
  "best_epoch": 6,
  "peak_cpu_memory_MB": 5866.232,
  "peak_gpu_0_memory_MB": 21435,
  "peak_gpu_1_memory_MB": 20139,
  "peak_gpu_2_memory_MB": 20139,
  "peak_gpu_3_memory_MB": 20139,
  "training_duration": "0:04:51.552301",
  "training_start_epoch": 0,
  "training_epochs": 10,
  "epoch": 10,
  "training_accuracy": 0.3460559796437659,
  "training_disc_loss": 1.4575365662574769,
  "training_gen_loss": 7.011707897186279,
  "training_loss": 2.5697079255030704,
  "training_cpu_memory_MB": 5866.232,
  "training_gpu_0_memory_MB": 21435,
  "training_gpu_1_memory_MB": 20139,
  "training_gpu_2_memory_MB": 20139,
  "training_gpu_3_memory_MB": 20139,
  "validation_accuracy": 0.3594704684317719,
  "validation_disc_loss": 1.119976939693574,
  "validation_gen_loss": 7.311473361907467,
  "validation_loss": 2.3593229632223807,
  "best_validation_accuracy": 0.3625254582484725,
  "best_validation_disc_loss": 1.130412051754613,
  "best_validation_gen_loss": 7.576620794111682,
  "best_validation_loss": 2.4206525279629614
}