{
  "best_epoch": 0,
  "peak_cpu_memory_MB": 5527.716,
  "peak_gpu_0_memory_MB": 12645,
  "peak_gpu_1_memory_MB": 21435,
  "peak_gpu_2_memory_MB": 0,
  "peak_gpu_3_memory_MB": 12805,
  "training_duration": "0:01:05.654858",
  "training_start_epoch": 0,
  "training_epochs": 1,
  "epoch": 1,
  "training_accuracy": 0.4020356234096692,
  "training_loss": 1.1109014932925885,
  "training_cpu_memory_MB": 5527.716,
  "training_gpu_0_memory_MB": 12645,
  "training_gpu_1_memory_MB": 21435,
  "training_gpu_2_memory_MB": 0,
  "training_gpu_3_memory_MB": 12805,
  "validation_accuracy": 0.33998981151299035,
  "validation_loss": 1.100634958922669,
  "best_validation_accuracy": 0.3544574630667346,
  "best_validation_loss": 1.0988273434219609
}