{
  "best_epoch": 2,
  "peak_cpu_memory_MB": 5342.176,
  "peak_gpu_0_memory_MB": 12553,
  "peak_gpu_1_memory_MB": 21435,
  "peak_gpu_2_memory_MB": 0,
  "peak_gpu_3_memory_MB": 12805,
  "training_duration": "0:01:43.561310",
  "training_start_epoch": 0,
  "training_epochs": 2,
  "epoch": 2,
  "training_accuracy": 0.926208651399491,
  "training_loss": 0.2298401422225512,
  "training_cpu_memory_MB": 5342.176,
  "training_gpu_0_memory_MB": 12553,
  "training_gpu_1_memory_MB": 21435,
  "training_gpu_2_memory_MB": 0,
  "training_gpu_3_memory_MB": 12805,
  "validation_accuracy": 0.5826795720835456,
  "validation_loss": 1.2070850091182448,
  "best_validation_accuracy": 0.5826795720835456,
  "best_validation_loss": 1.2070850091182448
}