{
  "best_epoch": 3,
  "peak_cpu_memory_MB": 5342.176,
  "peak_gpu_0_memory_MB": 12553,
  "peak_gpu_1_memory_MB": 21435,
  "peak_gpu_2_memory_MB": 0,
  "peak_gpu_3_memory_MB": 12805,
  "training_duration": "0:02:21.601263",
  "training_start_epoch": 0,
  "training_epochs": 3,
  "epoch": 3,
  "training_accuracy": 0.989821882951654,
  "training_loss": 0.05465319852989454,
  "training_cpu_memory_MB": 5342.176,
  "training_gpu_0_memory_MB": 12553,
  "training_gpu_1_memory_MB": 21435,
  "training_gpu_2_memory_MB": 0,
  "training_gpu_3_memory_MB": 12805,
  "validation_accuracy": 0.5903209373408049,
  "validation_loss": 1.4291859104113005,
  "best_validation_accuracy": 0.5903209373408049,
  "best_validation_loss": 1.4291859104113005
}