{
  "best_epoch": 0,
  "peak_cpu_memory_MB": 7325.744,
  "peak_gpu_0_memory_MB": 1569,
  "peak_gpu_1_memory_MB": 5212,
  "training_duration": "0:34:10.203686",
  "training_start_epoch": 0,
  "training_epochs": 0,
  "epoch": 0,
  "training_accuracy": 0.8015569057453235,
  "training_loss": 0.4839388426803684,
  "training_cpu_memory_MB": 7325.744,
  "training_gpu_0_memory_MB": 1569,
  "training_gpu_1_memory_MB": 5212,
  "validation_accuracy": 0.8692817116658176,
  "validation_loss": 0.345128974231136,
  "best_validation_accuracy": 0.8692817116658176,
  "best_validation_loss": 0.345128974231136
}