{
  "best_epoch": 2,
  "peak_cpu_memory_MB": 7325.744,
  "peak_gpu_0_memory_MB": 5371,
  "peak_gpu_1_memory_MB": 5212,
  "training_duration": "1:42:42.060730",
  "training_start_epoch": 0,
  "training_epochs": 2,
  "epoch": 2,
  "training_accuracy": 0.9015844075151133,
  "training_loss": 0.26454092450822414,
  "training_cpu_memory_MB": 7325.744,
  "training_gpu_0_memory_MB": 5371,
  "training_gpu_1_memory_MB": 11,
  "validation_accuracy": 0.8789607743250127,
  "validation_loss": 0.3597325185975151,
  "best_validation_accuracy": 0.8789607743250127,
  "best_validation_loss": 0.3597325185975151
}