{
  "best_epoch": 4,
  "peak_cpu_memory_MB": 5866.568,
  "peak_gpu_0_memory_MB": 21435,
  "peak_gpu_1_memory_MB": 20139,
  "peak_gpu_2_memory_MB": 20139,
  "peak_gpu_3_memory_MB": 20139,
  "training_duration": "0:04:28.934784",
  "training_start_epoch": 0,
  "training_epochs": 9,
  "epoch": 9,
  "training_accuracy": 0.5267175572519084,
  "training_disc_loss": 1.2280572438240052,
  "training_gen_loss": 6.420710182189941,
  "training_loss": 5.907426760746882,
  "training_cpu_memory_MB": 5866.568,
  "training_gpu_0_memory_MB": 21435,
  "training_gpu_1_memory_MB": 20139,
  "training_gpu_2_memory_MB": 20139,
  "training_gpu_3_memory_MB": 20139,
  "validation_accuracy": 0.36761710794297353,
  "validation_disc_loss": 2.1602427786396396,
  "validation_gen_loss": 6.946516567660916,
  "validation_loss": 6.4706663623932865,
  "best_validation_accuracy": 0.3696537678207739,
  "best_validation_disc_loss": 3.743755142534933,
  "best_validation_gen_loss": 7.240692907764066,
  "best_validation_loss": 6.898985247458181
}