{
  "best_epoch": 0,
  "peak_cpu_memory_MB": 5866.568,
  "peak_gpu_0_memory_MB": 2617,
  "peak_gpu_1_memory_MB": 20139,
  "peak_gpu_2_memory_MB": 20139,
  "peak_gpu_3_memory_MB": 20139,
  "training_duration": "0:00:21.354828",
  "training_start_epoch": 0,
  "training_epochs": 0,
  "epoch": 0,
  "training_accuracy": 0.366412213740458,
  "training_disc_loss": 14.294957275390624,
  "training_gen_loss": 11.90651252746582,
  "training_loss": 12.082382055429312,
  "training_cpu_memory_MB": 5866.568,
  "training_gpu_0_memory_MB": 2617,
  "training_gpu_1_memory_MB": 20139,
  "training_gpu_2_memory_MB": 20139,
  "training_gpu_3_memory_MB": 20139,
  "validation_accuracy": 0.34725050916496947,
  "validation_disc_loss": 7.96809983253479,
  "validation_gen_loss": 8.576343597904328,
  "validation_loss": 8.519470307134814,
  "best_validation_accuracy": 0.34725050916496947,
  "best_validation_disc_loss": 7.96809983253479,
  "best_validation_gen_loss": 8.576343597904328,
  "best_validation_loss": 8.519470307134814
}