{
  "best_epoch": 17,
  "peak_cpu_memory_MB": 5866.568,
  "peak_gpu_0_memory_MB": 21435,
  "peak_gpu_1_memory_MB": 20139,
  "peak_gpu_2_memory_MB": 20139,
  "peak_gpu_3_memory_MB": 20139,
  "training_duration": "0:08:41.437969",
  "training_start_epoch": 0,
  "training_epochs": 18,
  "epoch": 18,
  "training_accuracy": 0.539440203562341,
  "training_disc_loss": 1.3439484691619874,
  "training_gen_loss": 6.329466171264649,
  "training_loss": 5.839757405794584,
  "training_cpu_memory_MB": 5866.568,
  "training_gpu_0_memory_MB": 21435,
  "training_gpu_1_memory_MB": 20139,
  "training_gpu_2_memory_MB": 20139,
  "training_gpu_3_memory_MB": 20139,
  "validation_accuracy": 0.3788187372708758,
  "validation_disc_loss": 1.6218432514898238,
  "validation_gen_loss": 6.88027867194145,
  "validation_loss": 6.3569390081590225,
  "best_validation_accuracy": 0.38391038696537677,
  "best_validation_disc_loss": 1.8119500721654584,
  "best_validation_gen_loss": 6.916918462322604,
  "best_validation_loss": 6.40904744978874
}