{
  "best_epoch": 19,
  "peak_cpu_memory_MB": 5866.568,
  "peak_gpu_0_memory_MB": 21435,
  "peak_gpu_1_memory_MB": 20139,
  "peak_gpu_2_memory_MB": 20139,
  "peak_gpu_3_memory_MB": 20139,
  "training_duration": "0:09:08.113975",
  "training_start_epoch": 0,
  "training_epochs": 19,
  "epoch": 19,
  "training_accuracy": 0.55470737913486,
  "training_disc_loss": 1.136884422302246,
  "training_gen_loss": 6.288326511383056,
  "training_loss": 5.76018997339102,
  "training_cpu_memory_MB": 5866.568,
  "training_gpu_0_memory_MB": 21435,
  "training_gpu_1_memory_MB": 20139,
  "training_gpu_2_memory_MB": 20139,
  "training_gpu_3_memory_MB": 20139,
  "validation_accuracy": 0.3910386965376782,
  "validation_disc_loss": 1.4793004826191933,
  "validation_gen_loss": 6.843622746006135,
  "validation_loss": 6.30982974267775,
  "best_validation_accuracy": 0.3910386965376782,
  "best_validation_disc_loss": 1.4793004826191933,
  "best_validation_gen_loss": 6.843622746006135,
  "best_validation_loss": 6.30982974267775
}