{
  "best_epoch": 20,
  "peak_cpu_memory_MB": 5866.568,
  "peak_gpu_0_memory_MB": 21435,
  "peak_gpu_1_memory_MB": 20139,
  "peak_gpu_2_memory_MB": 20139,
  "peak_gpu_3_memory_MB": 20139,
  "training_duration": "0:10:09.791794",
  "training_start_epoch": 0,
  "training_epochs": 21,
  "epoch": 21,
  "training_accuracy": 0.6030534351145038,
  "training_disc_loss": 0.9577112436294556,
  "training_gen_loss": 6.273296966552734,
  "training_loss": 5.755110593942495,
  "training_cpu_memory_MB": 5866.568,
  "training_gpu_0_memory_MB": 21435,
  "training_gpu_1_memory_MB": 20139,
  "training_gpu_2_memory_MB": 20139,
  "training_gpu_3_memory_MB": 20139,
  "validation_accuracy": 0.40224032586558045,
  "validation_disc_loss": 1.549475645826709,
  "validation_gen_loss": 6.846939863697175,
  "validation_loss": 6.320022721444407,
  "best_validation_accuracy": 0.40529531568228105,
  "best_validation_disc_loss": 1.4743716245697391,
  "best_validation_gen_loss": 6.844646161602389,
  "best_validation_loss": 6.3102273171947845
}