{
  "best_epoch": 14,
  "peak_cpu_memory_MB": 5866.568,
  "peak_gpu_0_memory_MB": 21435,
  "peak_gpu_1_memory_MB": 20139,
  "peak_gpu_2_memory_MB": 20139,
  "peak_gpu_3_memory_MB": 20139,
  "training_duration": "0:07:43.947334",
  "training_start_epoch": 0,
  "training_epochs": 16,
  "epoch": 16,
  "training_accuracy": 0.6106870229007634,
  "training_disc_loss": 0.9595229589939117,
  "training_gen_loss": 6.3028804969787595,
  "training_loss": 5.773899738605206,
  "training_cpu_memory_MB": 5866.568,
  "training_gpu_0_memory_MB": 21435,
  "training_gpu_1_memory_MB": 20139,
  "training_gpu_2_memory_MB": 20139,
  "training_gpu_3_memory_MB": 20139,
  "validation_accuracy": 0.37169042769857435,
  "validation_disc_loss": 1.78812377683578,
  "validation_gen_loss": 6.895446338961201,
  "validation_loss": 6.387140520157352,
  "best_validation_accuracy": 0.37983706720977595,
  "best_validation_disc_loss": 1.7601936997905854,
  "best_validation_gen_loss": 6.8962016105651855,
  "best_validation_loss": 6.38463104924848
}