{
  "best_epoch": 17,
  "peak_cpu_memory_MB": 5866.568,
  "peak_gpu_0_memory_MB": 21435,
  "peak_gpu_1_memory_MB": 20139,
  "peak_gpu_2_memory_MB": 20139,
  "peak_gpu_3_memory_MB": 20139,
  "training_duration": "0:08:10.544884",
  "training_start_epoch": 0,
  "training_epochs": 17,
  "epoch": 17,
  "training_accuracy": 0.5877862595419847,
  "training_disc_loss": 1.1964913606643677,
  "training_gen_loss": 6.310023136138916,
  "training_loss": 5.7790942925673265,
  "training_cpu_memory_MB": 5866.568,
  "training_gpu_0_memory_MB": 21435,
  "training_gpu_1_memory_MB": 20139,
  "training_gpu_2_memory_MB": 20139,
  "training_gpu_3_memory_MB": 20139,
  "validation_accuracy": 0.38391038696537677,
  "validation_disc_loss": 1.8119500721654584,
  "validation_gen_loss": 6.916918462322604,
  "validation_loss": 6.40904744978874,
  "best_validation_accuracy": 0.38391038696537677,
  "best_validation_disc_loss": 1.8119500721654584,
  "best_validation_gen_loss": 6.916918462322604,
  "best_validation_loss": 6.40904744978874
}