{
  "best_epoch": 1,
  "peak_cpu_memory_MB": 5866.568,
  "peak_gpu_0_memory_MB": 21435,
  "peak_gpu_1_memory_MB": 20139,
  "peak_gpu_2_memory_MB": 20139,
  "peak_gpu_3_memory_MB": 20139,
  "training_duration": "0:01:45.621011",
  "training_start_epoch": 0,
  "training_epochs": 3,
  "epoch": 3,
  "training_accuracy": 0.366412213740458,
  "training_disc_loss": 2.7235749769210815,
  "training_gen_loss": 6.818510074615478,
  "training_loss": 6.410211232992319,
  "training_cpu_memory_MB": 5866.568,
  "training_gpu_0_memory_MB": 21435,
  "training_gpu_1_memory_MB": 20139,
  "training_gpu_2_memory_MB": 20139,
  "training_gpu_3_memory_MB": 20139,
  "validation_accuracy": 0.34928716904276985,
  "validation_disc_loss": 7.0933910416018575,
  "validation_gen_loss": 7.800454262764223,
  "validation_loss": 7.731598331082251,
  "best_validation_accuracy": 0.34928716904276985,
  "best_validation_disc_loss": 11.790158225644019,
  "best_validation_gen_loss": 8.612450645815942,
  "best_validation_loss": 8.92592159394295
}