{
  "best_epoch": 2,
  "peak_cpu_memory_MB": 5354.66,
  "peak_gpu_0_memory_MB": 12525,
  "peak_gpu_1_memory_MB": 0,
  "peak_gpu_2_memory_MB": 10357,
  "peak_gpu_3_memory_MB": 12805,
  "training_duration": "0:01:43.117968",
  "training_start_epoch": 0,
  "training_epochs": 2,
  "epoch": 2,
  "training_accuracy": 0.9033078880407125,
  "training_loss": 0.2842722856081449,
  "training_cpu_memory_MB": 5354.66,
  "training_gpu_0_memory_MB": 12525,
  "training_gpu_1_memory_MB": 0,
  "training_gpu_2_memory_MB": 10357,
  "training_gpu_3_memory_MB": 12805,
  "validation_accuracy": 0.6007131940906776,
  "validation_loss": 0.9777172491294165,
  "best_validation_accuracy": 0.6007131940906776,
  "best_validation_loss": 0.9777172491294165
}