{
  "best_epoch": 2,
  "peak_cpu_memory_MB": 5865.996,
  "peak_gpu_0_memory_MB": 21435,
  "peak_gpu_1_memory_MB": 20139,
  "peak_gpu_2_memory_MB": 20139,
  "peak_gpu_3_memory_MB": 20139,
  "training_duration": "0:01:15.437353",
  "training_start_epoch": 0,
  "training_epochs": 2,
  "epoch": 2,
  "training_accuracy": 0.31297709923664124,
  "training_disc_loss": 3.40010443687439,
  "training_gen_loss": 7.387746047973633,
  "training_loss": 6.386264177469107,
  "training_cpu_memory_MB": 5865.996,
  "training_gpu_0_memory_MB": 21435,
  "training_gpu_1_memory_MB": 20139,
  "training_gpu_2_memory_MB": 20139,
  "training_gpu_3_memory_MB": 20139,
  "validation_accuracy": 0.3391038696537678,
  "validation_disc_loss": 9.659820325912968,
  "validation_gen_loss": 8.372329042803857,
  "validation_loss": 8.693552940122542,
  "best_validation_accuracy": 0.3391038696537678,
  "best_validation_disc_loss": 9.659820325912968,
  "best_validation_gen_loss": 8.372329042803857,
  "best_validation_loss": 8.693552940122542
}