{
  "best_epoch": 6,
  "peak_cpu_memory_MB": 5865.996,
  "peak_gpu_0_memory_MB": 21435,
  "peak_gpu_1_memory_MB": 20139,
  "peak_gpu_2_memory_MB": 20139,
  "peak_gpu_3_memory_MB": 20139,
  "training_duration": "0:03:06.237963",
  "training_start_epoch": 0,
  "training_epochs": 6,
  "epoch": 6,
  "training_accuracy": 0.40966921119592875,
  "training_disc_loss": 1.7127879118919374,
  "training_gen_loss": 6.59644193649292,
  "training_loss": 5.374635146214412,
  "training_cpu_memory_MB": 5865.996,
  "training_gpu_0_memory_MB": 21435,
  "training_gpu_1_memory_MB": 20139,
  "training_gpu_2_memory_MB": 20139,
  "training_gpu_3_memory_MB": 20139,
  "validation_accuracy": 0.35030549898167007,
  "validation_disc_loss": 1.6040103099038523,
  "validation_gen_loss": 6.978667974472046,
  "validation_loss": 5.636514233004663,
  "best_validation_accuracy": 0.35030549898167007,
  "best_validation_disc_loss": 1.6040103099038523,
  "best_validation_gen_loss": 6.978667974472046,
  "best_validation_loss": 5.636514233004663
}