{
  "best_epoch": 11,
  "peak_cpu_memory_MB": 5865.996,
  "peak_gpu_0_memory_MB": 21435,
  "peak_gpu_1_memory_MB": 20139,
  "peak_gpu_2_memory_MB": 20139,
  "peak_gpu_3_memory_MB": 20139,
  "training_duration": "0:05:38.172872",
  "training_start_epoch": 0,
  "training_epochs": 11,
  "epoch": 11,
  "training_accuracy": 0.4071246819338422,
  "training_disc_loss": 1.3571985149383545,
  "training_gen_loss": 6.466555099487305,
  "training_loss": 5.184346675872803,
  "training_cpu_memory_MB": 5865.996,
  "training_gpu_0_memory_MB": 21435,
  "training_gpu_1_memory_MB": 20139,
  "training_gpu_2_memory_MB": 20139,
  "training_gpu_3_memory_MB": 20139,
  "validation_accuracy": 0.36863543788187375,
  "validation_disc_loss": 1.4051749927382315,
  "validation_gen_loss": 6.89960773529545,
  "validation_loss": 5.526426592180806,
  "best_validation_accuracy": 0.36863543788187375,
  "best_validation_disc_loss": 1.4051749927382315,
  "best_validation_gen_loss": 6.89960773529545,
  "best_validation_loss": 5.526426592180806
}