{
  "best_epoch": 12,
  "peak_cpu_memory_MB": 5865.996,
  "peak_gpu_0_memory_MB": 21435,
  "peak_gpu_1_memory_MB": 20139,
  "peak_gpu_2_memory_MB": 20139,
  "peak_gpu_3_memory_MB": 20139,
  "training_duration": "0:08:54.577187",
  "training_start_epoch": 0,
  "training_epochs": 18,
  "epoch": 18,
  "training_accuracy": 0.4580152671755725,
  "training_disc_loss": 1.2906097972393036,
  "training_gen_loss": 6.411012630462647,
  "training_loss": 5.132222542395959,
  "training_cpu_memory_MB": 5865.996,
  "training_gpu_0_memory_MB": 21435,
  "training_gpu_1_memory_MB": 20139,
  "training_gpu_2_memory_MB": 20139,
  "training_gpu_3_memory_MB": 20139,
  "validation_accuracy": 0.3645621181262729,
  "validation_disc_loss": 1.424091391025051,
  "validation_gen_loss": 6.871296713429112,
  "validation_loss": 5.510465837294055,
  "best_validation_accuracy": 0.37067209775967414,
  "best_validation_disc_loss": 1.4271907441077694,
  "best_validation_gen_loss": 6.884577635795839,
  "best_validation_loss": 5.520805820342033
}