{
  "best_epoch": 4,
  "peak_cpu_memory_MB": 5355.0,
  "peak_gpu_0_memory_MB": 12693,
  "peak_gpu_1_memory_MB": 0,
  "peak_gpu_2_memory_MB": 17109,
  "peak_gpu_3_memory_MB": 12821,
  "training_duration": "0:03:03.579230",
  "training_start_epoch": 0,
  "training_epochs": 4,
  "epoch": 4,
  "training_accuracy": 0.9872773536895675,
  "training_loss": 0.12203840395578971,
  "training_cpu_memory_MB": 5355.0,
  "training_gpu_0_memory_MB": 12693,
  "training_gpu_1_memory_MB": 0,
  "training_gpu_2_memory_MB": 17109,
  "training_gpu_3_memory_MB": 12821,
  "validation_accuracy": 0.5778909831889965,
  "validation_loss": 1.058861940225483,
  "best_validation_accuracy": 0.5778909831889965,
  "best_validation_loss": 1.058861940225483
}