{
  "best_epoch": 1,
  "peak_cpu_memory_MB": 5355.0,
  "peak_gpu_0_memory_MB": 12693,
  "peak_gpu_1_memory_MB": 0,
  "peak_gpu_2_memory_MB": 17109,
  "peak_gpu_3_memory_MB": 12821,
  "training_duration": "0:01:05.824749",
  "training_start_epoch": 0,
  "training_epochs": 1,
  "epoch": 1,
  "training_accuracy": 0.648854961832061,
  "training_loss": 0.8392785145686223,
  "training_cpu_memory_MB": 5355.0,
  "training_gpu_0_memory_MB": 12693,
  "training_gpu_1_memory_MB": 0,
  "training_gpu_2_memory_MB": 17109,
  "training_gpu_3_memory_MB": 12821,
  "validation_accuracy": 0.5001528273051452,
  "validation_loss": 1.0665596576001046,
  "best_validation_accuracy": 0.5001528273051452,
  "best_validation_loss": 1.0665596576001046
}