{
  "best_epoch": 5,
  "peak_cpu_memory_MB": 5866.704,
  "peak_gpu_0_memory_MB": 13847,
  "peak_gpu_1_memory_MB": 13845,
  "peak_gpu_2_memory_MB": 13845,
  "peak_gpu_3_memory_MB": 21435,
  "training_duration": "0:03:16.429398",
  "training_start_epoch": 0,
  "training_epochs": 5,
  "epoch": 5,
  "training_accuracy": 0.37404580152671757,
  "training_disc_loss": 1.368075739145279,
  "training_gen_loss": 6.161055870056153,
  "training_loss": 6.161055870056153,
  "training_cpu_memory_MB": 5866.704,
  "training_gpu_0_memory_MB": 13847,
  "training_gpu_1_memory_MB": 13845,
  "training_gpu_2_memory_MB": 13845,
  "training_gpu_3_memory_MB": 21435,
  "validation_accuracy": 0.37678207739307534,
  "validation_disc_loss": 1.32858197863509,
  "validation_gen_loss": 6.894254296775756,
  "validation_loss": 6.894254296775756,
  "best_validation_accuracy": 0.37678207739307534,
  "best_validation_disc_loss": 1.32858197863509,
  "best_validation_gen_loss": 6.894254296775756,
  "best_validation_loss": 6.894254296775756
}