{
  "best_epoch": 18,
  "peak_cpu_memory_MB": 5866.704,
  "peak_gpu_0_memory_MB": 13847,
  "peak_gpu_1_memory_MB": 13845,
  "peak_gpu_2_memory_MB": 13845,
  "peak_gpu_3_memory_MB": 21435,
  "training_duration": "0:11:25.190107",
  "training_start_epoch": 0,
  "training_epochs": 19,
  "epoch": 19,
  "training_accuracy": 0.6234096692111959,
  "training_disc_loss": 0.9161211650399491,
  "training_gen_loss": 5.581804075241089,
  "training_loss": 5.581804075241089,
  "training_cpu_memory_MB": 5866.704,
  "training_gpu_0_memory_MB": 13847,
  "training_gpu_1_memory_MB": 13845,
  "training_gpu_2_memory_MB": 13845,
  "training_gpu_3_memory_MB": 21435,
  "validation_accuracy": 0.36863543788187375,
  "validation_disc_loss": 1.7975306195941398,
  "validation_gen_loss": 7.924486245566268,
  "validation_loss": 7.924486245566268,
  "best_validation_accuracy": 0.4063136456211813,
  "best_validation_disc_loss": 1.5762742559115093,
  "best_validation_gen_loss": 7.57218074023239,
  "best_validation_loss": 7.57218074023239
}