{
  "best_epoch": 23,
  "peak_cpu_memory_MB": 5866.704,
  "peak_gpu_0_memory_MB": 13847,
  "peak_gpu_1_memory_MB": 13845,
  "peak_gpu_2_memory_MB": 13845,
  "peak_gpu_3_memory_MB": 21435,
  "training_duration": "0:13:38.753272",
  "training_start_epoch": 0,
  "training_epochs": 23,
  "epoch": 23,
  "training_accuracy": 0.6055979643765903,
  "training_disc_loss": 1.0069338339567184,
  "training_gen_loss": 5.56661129951477,
  "training_loss": 5.56661129951477,
  "training_cpu_memory_MB": 5866.704,
  "training_gpu_0_memory_MB": 13847,
  "training_gpu_1_memory_MB": 13845,
  "training_gpu_2_memory_MB": 13845,
  "training_gpu_3_memory_MB": 21435,
  "validation_accuracy": 0.4103869653767821,
  "validation_disc_loss": 1.5820328404263753,
  "validation_gen_loss": 7.739440809420453,
  "validation_loss": 7.739440809420453,
  "best_validation_accuracy": 0.4103869653767821,
  "best_validation_disc_loss": 1.5820328404263753,
  "best_validation_gen_loss": 7.739440809420453,
  "best_validation_loss": 7.739440809420453
}