{
  "best_epoch": 3,
  "peak_cpu_memory_MB": 5866.704,
  "peak_gpu_0_memory_MB": 13847,
  "peak_gpu_1_memory_MB": 13845,
  "peak_gpu_2_memory_MB": 13845,
  "peak_gpu_3_memory_MB": 21435,
  "training_duration": "0:02:08.679728",
  "training_start_epoch": 0,
  "training_epochs": 3,
  "epoch": 3,
  "training_accuracy": 0.38676844783715014,
  "training_disc_loss": 1.4897691571712495,
  "training_gen_loss": 6.391888523101807,
  "training_loss": 6.391888523101807,
  "training_cpu_memory_MB": 5866.704,
  "training_gpu_0_memory_MB": 13847,
  "training_gpu_1_memory_MB": 13845,
  "training_gpu_2_memory_MB": 13845,
  "training_gpu_3_memory_MB": 21435,
  "validation_accuracy": 0.37474541751527496,
  "validation_disc_loss": 1.3918911431863057,
  "validation_gen_loss": 6.847479676812645,
  "validation_loss": 6.847479676812645,
  "best_validation_accuracy": 0.37474541751527496,
  "best_validation_disc_loss": 1.3918911431863057,
  "best_validation_gen_loss": 6.847479676812645,
  "best_validation_loss": 6.847479676812645
}