{
  "best_epoch": 23,
  "peak_cpu_memory_MB": 5866.704,
  "peak_gpu_0_memory_MB": 13847,
  "peak_gpu_1_memory_MB": 13845,
  "peak_gpu_2_memory_MB": 13845,
  "peak_gpu_3_memory_MB": 21435,
  "training_duration": "0:18:43.750666",
  "training_start_epoch": 0,
  "training_epochs": 32,
  "epoch": 32,
  "training_accuracy": 0.7811704834605598,
  "training_disc_loss": 0.5157486716657878,
  "training_gen_loss": 5.4468262577056885,
  "training_loss": 5.4468262577056885,
  "training_cpu_memory_MB": 5866.704,
  "training_gpu_0_memory_MB": 13845,
  "training_gpu_1_memory_MB": 337,
  "training_gpu_2_memory_MB": 13845,
  "training_gpu_3_memory_MB": 21435,
  "validation_accuracy": 0.39613034623217924,
  "validation_disc_loss": 1.8761098576270467,
  "validation_gen_loss": 8.032815099731694,
  "validation_loss": 8.032815099731694,
  "best_validation_accuracy": 0.4103869653767821,
  "best_validation_disc_loss": 1.5820328404263753,
  "best_validation_gen_loss": 7.739440809420453,
  "best_validation_loss": 7.739440809420453
}