{
  "best_epoch": 10,
  "peak_cpu_memory_MB": 5866.704,
  "peak_gpu_0_memory_MB": 13847,
  "peak_gpu_1_memory_MB": 13845,
  "peak_gpu_2_memory_MB": 13845,
  "peak_gpu_3_memory_MB": 21435,
  "training_duration": "0:06:14.881705",
  "training_start_epoch": 0,
  "training_epochs": 10,
  "epoch": 10,
  "training_accuracy": 0.5216284987277354,
  "training_disc_loss": 1.1093650317192079,
  "training_gen_loss": 5.854673538208008,
  "training_loss": 5.854673538208008,
  "training_cpu_memory_MB": 5866.704,
  "training_gpu_0_memory_MB": 13847,
  "training_gpu_1_memory_MB": 13845,
  "training_gpu_2_memory_MB": 13845,
  "training_gpu_3_memory_MB": 21435,
  "validation_accuracy": 0.3940936863543788,
  "validation_disc_loss": 1.47405695769845,
  "validation_gen_loss": 7.167515568616913,
  "validation_loss": 7.167515568616913,
  "best_validation_accuracy": 0.3940936863543788,
  "best_validation_disc_loss": 1.47405695769845,
  "best_validation_gen_loss": 7.167515568616913,
  "best_validation_loss": 7.167515568616913
}