{
  "best_epoch": 18,
  "peak_cpu_memory_MB": 5866.704,
  "peak_gpu_0_memory_MB": 13847,
  "peak_gpu_1_memory_MB": 13845,
  "peak_gpu_2_memory_MB": 13845,
  "peak_gpu_3_memory_MB": 21435,
  "training_duration": "0:13:05.465576",
  "training_start_epoch": 0,
  "training_epochs": 22,
  "epoch": 22,
  "training_accuracy": 0.5597964376590331,
  "training_disc_loss": 0.9918506232561777,
  "training_gen_loss": 5.570886507034301,
  "training_loss": 5.570886507034301,
  "training_cpu_memory_MB": 5866.704,
  "training_gpu_0_memory_MB": 13847,
  "training_gpu_1_memory_MB": 13845,
  "training_gpu_2_memory_MB": 13845,
  "training_gpu_3_memory_MB": 21435,
  "validation_accuracy": 0.3757637474541752,
  "validation_disc_loss": 1.6769606592209358,
  "validation_gen_loss": 7.775528314636975,
  "validation_loss": 7.775528314636975,
  "best_validation_accuracy": 0.4063136456211813,
  "best_validation_disc_loss": 1.5762742559115093,
  "best_validation_gen_loss": 7.57218074023239,
  "best_validation_loss": 7.57218074023239
}