{
  "best_epoch": 10,
  "peak_cpu_memory_MB": 5866.704,
  "peak_gpu_0_memory_MB": 13847,
  "peak_gpu_1_memory_MB": 13845,
  "peak_gpu_2_memory_MB": 13845,
  "peak_gpu_3_memory_MB": 21435,
  "training_duration": "0:08:00.854912",
  "training_start_epoch": 0,
  "training_epochs": 13,
  "epoch": 13,
  "training_accuracy": 0.5318066157760815,
  "training_disc_loss": 1.1524977469444275,
  "training_gen_loss": 5.758109359741211,
  "training_loss": 5.758109359741211,
  "training_cpu_memory_MB": 5866.704,
  "training_gpu_0_memory_MB": 13847,
  "training_gpu_1_memory_MB": 13845,
  "training_gpu_2_memory_MB": 13845,
  "training_gpu_3_memory_MB": 21435,
  "validation_accuracy": 0.35030549898167007,
  "validation_disc_loss": 1.5611677281255645,
  "validation_gen_loss": 7.339385932053977,
  "validation_loss": 7.339385932053977,
  "best_validation_accuracy": 0.3940936863543788,
  "best_validation_disc_loss": 1.47405695769845,
  "best_validation_gen_loss": 7.167515568616913,
  "best_validation_loss": 7.167515568616913
}