{
  "best_epoch": 12,
  "peak_cpu_memory_MB": 5865.848,
  "peak_gpu_0_memory_MB": 21435,
  "peak_gpu_1_memory_MB": 20139,
  "peak_gpu_2_memory_MB": 20139,
  "peak_gpu_3_memory_MB": 20139,
  "training_duration": "0:07:55.307863",
  "training_start_epoch": 0,
  "training_epochs": 16,
  "epoch": 16,
  "training_accuracy": 0.4631043256997455,
  "training_disc_loss": 1.149247646331787,
  "training_gen_loss": 6.325526294708252,
  "training_loss": 5.809330573448768,
  "training_cpu_memory_MB": 5865.848,
  "training_gpu_0_memory_MB": 21435,
  "training_gpu_1_memory_MB": 20139,
  "training_gpu_2_memory_MB": 20139,
  "training_gpu_3_memory_MB": 20139,
  "validation_accuracy": 0.3391038696537678,
  "validation_disc_loss": 1.7043407540167532,
  "validation_gen_loss": 6.885347443242227,
  "validation_loss": 6.368839909953456,
  "best_validation_accuracy": 0.3655804480651731,
  "best_validation_disc_loss": 1.4450753090843078,
  "best_validation_gen_loss": 6.866008343235139,
  "best_validation_loss": 6.325360590411771
}