{
  "best_epoch": 8,
  "peak_cpu_memory_MB": 5357.648,
  "peak_gpu_0_memory_MB": 12693,
  "peak_gpu_1_memory_MB": 21435,
  "peak_gpu_2_memory_MB": 0,
  "peak_gpu_3_memory_MB": 12805,
  "training_duration": "0:05:15.790427",
  "training_start_epoch": 0,
  "training_epochs": 8,
  "epoch": 8,
  "training_accuracy": 0.37404580152671757,
  "training_loss": 1.0992278502537653,
  "training_cpu_memory_MB": 5357.648,
  "training_gpu_0_memory_MB": 12693,
  "training_gpu_1_memory_MB": 21435,
  "training_gpu_2_memory_MB": 0,
  "training_gpu_3_memory_MB": 12805,
  "validation_accuracy": 0.3724910850738665,
  "validation_loss": 1.0987973011277785,
  "best_validation_accuracy": 0.3724910850738665,
  "best_validation_loss": 1.0987973011277785
}