{
  "best_epoch": 13,
  "peak_cpu_memory_MB": 5357.648,
  "peak_gpu_0_memory_MB": 12693,
  "peak_gpu_1_memory_MB": 21435,
  "peak_gpu_2_memory_MB": 0,
  "peak_gpu_3_memory_MB": 12805,
  "training_duration": "0:08:56.508898",
  "training_start_epoch": 0,
  "training_epochs": 14,
  "epoch": 14,
  "training_accuracy": 0.5623409669211196,
  "training_loss": 0.9664151806097764,
  "training_cpu_memory_MB": 5357.648,
  "training_gpu_0_memory_MB": 12693,
  "training_gpu_1_memory_MB": 21435,
  "training_gpu_2_memory_MB": 0,
  "training_gpu_3_memory_MB": 12805,
  "validation_accuracy": 0.39602649006622515,
  "validation_loss": 1.0867156733907395,
  "best_validation_accuracy": 0.39602649006622515,
  "best_validation_loss": 1.0867156733907395
}