{
  "best_epoch": 4,
  "peak_cpu_memory_MB": 5357.648,
  "peak_gpu_0_memory_MB": 12693,
  "peak_gpu_1_memory_MB": 21435,
  "peak_gpu_2_memory_MB": 0,
  "peak_gpu_3_memory_MB": 12805,
  "training_duration": "0:02:53.196195",
  "training_start_epoch": 0,
  "training_epochs": 4,
  "epoch": 4,
  "training_accuracy": 0.3842239185750636,
  "training_loss": 1.123618089235746,
  "training_cpu_memory_MB": 5357.648,
  "training_gpu_0_memory_MB": 12693,
  "training_gpu_1_memory_MB": 21435,
  "training_gpu_2_memory_MB": 0,
  "training_gpu_3_memory_MB": 12805,
  "validation_accuracy": 0.3544574630667346,
  "validation_loss": 1.1549687729208011,
  "best_validation_accuracy": 0.3544574630667346,
  "best_validation_loss": 1.1549687729208011
}