{
  "best_epoch": 4,
  "peak_cpu_memory_MB": 5357.648,
  "peak_gpu_0_memory_MB": 12693,
  "peak_gpu_1_memory_MB": 21435,
  "peak_gpu_2_memory_MB": 0,
  "peak_gpu_3_memory_MB": 12805,
  "training_duration": "0:04:41.053386",
  "training_start_epoch": 0,
  "training_epochs": 7,
  "epoch": 7,
  "training_accuracy": 0.35368956743002544,
  "training_loss": 1.1195783064915583,
  "training_cpu_memory_MB": 5357.648,
  "training_gpu_0_memory_MB": 12693,
  "training_gpu_1_memory_MB": 21435,
  "training_gpu_2_memory_MB": 0,
  "training_gpu_3_memory_MB": 12805,
  "validation_accuracy": 0.3262353540499236,
  "validation_loss": 1.1235608856530455,
  "best_validation_accuracy": 0.3544574630667346,
  "best_validation_loss": 1.1549687729208011
}