{
  "best_epoch": 11,
  "peak_cpu_memory_MB": 5357.648,
  "peak_gpu_0_memory_MB": 12693,
  "peak_gpu_1_memory_MB": 21435,
  "peak_gpu_2_memory_MB": 0,
  "peak_gpu_3_memory_MB": 12805,
  "training_duration": "0:07:44.416834",
  "training_start_epoch": 0,
  "training_epochs": 12,
  "epoch": 12,
  "training_accuracy": 0.5597964376590331,
  "training_loss": 0.9969713733746455,
  "training_cpu_memory_MB": 5357.648,
  "training_gpu_0_memory_MB": 12693,
  "training_gpu_1_memory_MB": 21435,
  "training_gpu_2_memory_MB": 0,
  "training_gpu_3_memory_MB": 12805,
  "validation_accuracy": 0.3923586347427407,
  "validation_loss": 1.0891610675215333,
  "best_validation_accuracy": 0.3924605196128375,
  "best_validation_loss": 1.0934967313216641
}