{
  "best_epoch": 11,
  "peak_cpu_memory_MB": 5866.968,
  "peak_gpu_0_memory_MB": 21435,
  "peak_gpu_1_memory_MB": 20139,
  "peak_gpu_2_memory_MB": 20139,
  "peak_gpu_3_memory_MB": 20139,
  "training_duration": "0:06:35.990385",
  "training_start_epoch": 0,
  "training_epochs": 13,
  "epoch": 13,
  "training_accuracy": 0.48854961832061067,
  "training_disc_loss": 1.126383864879608,
  "training_gen_loss": 6.500684337615967,
  "training_loss": 3.810390123954186,
  "training_cpu_memory_MB": 5866.968,
  "training_gpu_0_memory_MB": 21435,
  "training_gpu_1_memory_MB": 20139,
  "training_gpu_2_memory_MB": 20139,
  "training_gpu_3_memory_MB": 20139,
  "validation_accuracy": 0.3604887983706721,
  "validation_disc_loss": 1.2698995211432058,
  "validation_gen_loss": 6.896083124222294,
  "validation_loss": 4.084706314148441,
  "best_validation_accuracy": 0.3635437881873727,
  "best_validation_disc_loss": 1.2868358444782995,
  "best_validation_gen_loss": 6.945947131802959,
  "best_validation_loss": 4.11760502476846
}