{
  "best_epoch": 1,
  "peak_cpu_memory_MB": 5866.968,
  "peak_gpu_0_memory_MB": 21435,
  "peak_gpu_1_memory_MB": 20139,
  "peak_gpu_2_memory_MB": 20139,
  "peak_gpu_3_memory_MB": 20139,
  "training_duration": "0:00:48.069014",
  "training_start_epoch": 0,
  "training_epochs": 1,
  "epoch": 1,
  "training_accuracy": 0.3155216284987277,
  "training_disc_loss": 6.572087121009827,
  "training_gen_loss": 10.299170684814452,
  "training_loss": 8.321491718292236,
  "training_cpu_memory_MB": 5866.968,
  "training_gpu_0_memory_MB": 21435,
  "training_gpu_1_memory_MB": 20139,
  "training_gpu_2_memory_MB": 20139,
  "training_gpu_3_memory_MB": 20139,
  "validation_accuracy": 0.3329938900203666,
  "validation_disc_loss": 15.31522040213308,
  "validation_gen_loss": 11.432862281799316,
  "validation_loss": 13.390602942435972,
  "best_validation_accuracy": 0.3329938900203666,
  "best_validation_disc_loss": 15.31522040213308,
  "best_validation_gen_loss": 11.432862281799316,
  "best_validation_loss": 13.390602942435972
}