{
  "best_epoch": 11,
  "peak_cpu_memory_MB": 5866.968,
  "peak_gpu_0_memory_MB": 21435,
  "peak_gpu_1_memory_MB": 20139,
  "peak_gpu_2_memory_MB": 20139,
  "peak_gpu_3_memory_MB": 20139,
  "training_duration": "0:05:38.898731",
  "training_start_epoch": 0,
  "training_epochs": 11,
  "epoch": 11,
  "training_accuracy": 0.46055979643765904,
  "training_disc_loss": 1.239469199180603,
  "training_gen_loss": 6.545901069641113,
  "training_loss": 3.891637398646428,
  "training_cpu_memory_MB": 5866.968,
  "training_gpu_0_memory_MB": 21435,
  "training_gpu_1_memory_MB": 20139,
  "training_gpu_2_memory_MB": 20139,
  "training_gpu_3_memory_MB": 20139,
  "validation_accuracy": 0.3635437881873727,
  "validation_disc_loss": 1.2868358444782995,
  "validation_gen_loss": 6.945947131802959,
  "validation_loss": 4.11760502476846,
  "best_validation_accuracy": 0.3635437881873727,
  "best_validation_disc_loss": 1.2868358444782995,
  "best_validation_gen_loss": 6.945947131802959,
  "best_validation_loss": 4.11760502476846
}