{
  "best_epoch": 1,
  "peak_cpu_memory_MB": 5866.968,
  "peak_gpu_0_memory_MB": 21435,
  "peak_gpu_1_memory_MB": 20139,
  "peak_gpu_2_memory_MB": 20139,
  "peak_gpu_3_memory_MB": 20139,
  "training_duration": "0:01:18.889090",
  "training_start_epoch": 0,
  "training_epochs": 2,
  "epoch": 2,
  "training_accuracy": 0.36895674300254455,
  "training_disc_loss": 2.4070703315734865,
  "training_gen_loss": 7.699735088348389,
  "training_loss": 5.040718482090877,
  "training_cpu_memory_MB": 5866.968,
  "training_gpu_0_memory_MB": 21435,
  "training_gpu_1_memory_MB": 20139,
  "training_gpu_2_memory_MB": 20139,
  "training_gpu_3_memory_MB": 20139,
  "validation_accuracy": 0.31873727087576376,
  "validation_disc_loss": 1.577767249076597,
  "validation_gen_loss": 7.5495281142573205,
  "validation_loss": 4.565635865734469,
  "best_validation_accuracy": 0.3329938900203666,
  "best_validation_disc_loss": 15.31522040213308,
  "best_validation_gen_loss": 11.432862281799316,
  "best_validation_loss": 13.390602942435972
}