{
  "best_epoch": 9,
  "peak_cpu_memory_MB": 5866.268,
  "peak_gpu_0_memory_MB": 14587,
  "peak_gpu_1_memory_MB": 12805,
  "peak_gpu_2_memory_MB": 14587,
  "peak_gpu_3_memory_MB": 21435,
  "training_duration": "0:07:46.401130",
  "training_start_epoch": 0,
  "training_epochs": 13,
  "epoch": 13,
  "training_accuracy": 0.31297709923664124,
  "training_disc_loss": 1.6826869583129882,
  "training_gen_loss": 5.847177104949951,
  "training_loss": 4.806054544448853,
  "training_cpu_memory_MB": 5866.268,
  "training_gpu_0_memory_MB": 14587,
  "training_gpu_1_memory_MB": 12805,
  "training_gpu_2_memory_MB": 14587,
  "training_gpu_3_memory_MB": 21435,
  "validation_accuracy": 0.3075356415478615,
  "validation_disc_loss": 1.0989079620780013,
  "validation_gen_loss": 7.388096177481054,
  "validation_loss": 5.815799139379486,
  "best_validation_accuracy": 0.37169042769857435,
  "best_validation_disc_loss": 1.0977282146128213,
  "best_validation_gen_loss": 7.113688104520969,
  "best_validation_loss": 5.609698121140643
}