{
  "best_epoch": 5,
  "peak_cpu_memory_MB": 5866.268,
  "peak_gpu_0_memory_MB": 14587,
  "peak_gpu_1_memory_MB": 12805,
  "peak_gpu_2_memory_MB": 14587,
  "peak_gpu_3_memory_MB": 21435,
  "training_duration": "0:04:17.260790",
  "training_start_epoch": 0,
  "training_epochs": 7,
  "epoch": 7,
  "training_accuracy": 0.27735368956743,
  "training_disc_loss": 1.9164328718185424,
  "training_gen_loss": 6.069231929779053,
  "training_loss": 5.0310321712493895,
  "training_cpu_memory_MB": 5866.268,
  "training_gpu_0_memory_MB": 14587,
  "training_gpu_1_memory_MB": 12805,
  "training_gpu_2_memory_MB": 14587,
  "training_gpu_3_memory_MB": 21435,
  "validation_accuracy": 0.3167006109979633,
  "validation_disc_loss": 1.0985974819679571,
  "validation_gen_loss": 6.988093038884605,
  "validation_loss": 5.5157191385098585,
  "best_validation_accuracy": 0.3564154786150713,
  "best_validation_disc_loss": 1.0980041046452715,
  "best_validation_gen_loss": 6.990809487133491,
  "best_validation_loss": 5.517608157987517
}