{
  "best_epoch": 25,
  "peak_cpu_memory_MB": 5866.268,
  "peak_gpu_0_memory_MB": 14587,
  "peak_gpu_1_memory_MB": 12805,
  "peak_gpu_2_memory_MB": 14587,
  "peak_gpu_3_memory_MB": 21435,
  "training_duration": "0:18:44.113036",
  "training_start_epoch": 0,
  "training_epochs": 32,
  "epoch": 32,
  "training_accuracy": 0.9592875318066157,
  "training_disc_loss": 0.14765972602181138,
  "training_gen_loss": 5.526710653305054,
  "training_loss": 4.181947898864746,
  "training_cpu_memory_MB": 5866.268,
  "training_gpu_0_memory_MB": 14587,
  "training_gpu_1_memory_MB": 12805,
  "training_gpu_2_memory_MB": 14587,
  "training_gpu_3_memory_MB": 21435,
  "validation_accuracy": 0.40325865580448067,
  "validation_disc_loss": 2.133599804911187,
  "validation_gen_loss": 8.139793841819452,
  "validation_loss": 6.638245349977074,
  "best_validation_accuracy": 0.42464358452138495,
  "best_validation_disc_loss": 1.6346435920009768,
  "best_validation_gen_loss": 7.951992682325161,
  "best_validation_loss": 6.372655391693115
}