{
  "best_epoch": 9,
  "peak_cpu_memory_MB": 5866.268,
  "peak_gpu_0_memory_MB": 14587,
  "peak_gpu_1_memory_MB": 12805,
  "peak_gpu_2_memory_MB": 14587,
  "peak_gpu_3_memory_MB": 21435,
  "training_duration": "0:08:54.070193",
  "training_start_epoch": 0,
  "training_epochs": 15,
  "epoch": 15,
  "training_accuracy": 0.3053435114503817,
  "training_disc_loss": 1.7274301588535308,
  "training_gen_loss": 5.822359676361084,
  "training_loss": 4.798627347946167,
  "training_cpu_memory_MB": 5866.268,
  "training_gpu_0_memory_MB": 14587,
  "training_gpu_1_memory_MB": 12805,
  "training_gpu_2_memory_MB": 14587,
  "training_gpu_3_memory_MB": 21435,
  "validation_accuracy": 0.3340122199592668,
  "validation_disc_loss": 1.098382134747699,
  "validation_gen_loss": 7.524956625651538,
  "validation_loss": 5.918313007044598,
  "best_validation_accuracy": 0.37169042769857435,
  "best_validation_disc_loss": 1.0977282146128213,
  "best_validation_gen_loss": 7.113688104520969,
  "best_validation_loss": 5.609698121140643
}