{
  "best_epoch": 25,
  "peak_cpu_memory_MB": 5866.268,
  "peak_gpu_0_memory_MB": 14587,
  "peak_gpu_1_memory_MB": 12805,
  "peak_gpu_2_memory_MB": 14587,
  "peak_gpu_3_memory_MB": 21435,
  "training_duration": "0:19:51.657775",
  "training_start_epoch": 0,
  "training_epochs": 34,
  "epoch": 34,
  "training_accuracy": 0.9643765903307888,
  "training_disc_loss": 0.10219029487110674,
  "training_gen_loss": 5.499970254898071,
  "training_loss": 4.150525298118591,
  "training_cpu_memory_MB": 5866.268,
  "training_gpu_0_memory_MB": 14587,
  "training_gpu_1_memory_MB": 12805,
  "training_gpu_2_memory_MB": 14587,
  "training_gpu_3_memory_MB": 21435,
  "validation_accuracy": 0.4124236252545825,
  "validation_disc_loss": 2.2553244540846444,
  "validation_gen_loss": 8.160512749741716,
  "validation_loss": 6.684215638695694,
  "best_validation_accuracy": 0.42464358452138495,
  "best_validation_disc_loss": 1.6346435920009768,
  "best_validation_gen_loss": 7.951992682325161,
  "best_validation_loss": 6.372655391693115
}