{
  "best_epoch": 25,
  "peak_cpu_memory_MB": 5866.268,
  "peak_gpu_0_memory_MB": 14587,
  "peak_gpu_1_memory_MB": 12805,
  "peak_gpu_2_memory_MB": 14587,
  "peak_gpu_3_memory_MB": 21435,
  "training_duration": "0:16:28.521836",
  "training_start_epoch": 0,
  "training_epochs": 28,
  "epoch": 28,
  "training_accuracy": 0.8854961832061069,
  "training_disc_loss": 0.3382022912055254,
  "training_gen_loss": 5.60032546043396,
  "training_loss": 4.284794664382934,
  "training_cpu_memory_MB": 5866.268,
  "training_gpu_0_memory_MB": 14587,
  "training_gpu_1_memory_MB": 12805,
  "training_gpu_2_memory_MB": 14587,
  "training_gpu_3_memory_MB": 21435,
  "validation_accuracy": 0.39307535641547864,
  "validation_disc_loss": 2.1600058631199164,
  "validation_gen_loss": 8.116377652176027,
  "validation_loss": 6.627284728414644,
  "best_validation_accuracy": 0.42464358452138495,
  "best_validation_disc_loss": 1.6346435920009768,
  "best_validation_gen_loss": 7.951992682325161,
  "best_validation_loss": 6.372655391693115
}