{
  "best_epoch": 25,
  "peak_cpu_memory_MB": 5866.268,
  "peak_gpu_0_memory_MB": 14587,
  "peak_gpu_1_memory_MB": 12805,
  "peak_gpu_2_memory_MB": 14587,
  "peak_gpu_3_memory_MB": 21435,
  "training_duration": "0:17:36.508598",
  "training_start_epoch": 0,
  "training_epochs": 30,
  "epoch": 30,
  "training_accuracy": 0.9287531806615776,
  "training_disc_loss": 0.20553913281764835,
  "training_gen_loss": 5.544382696151733,
  "training_loss": 4.209671821594238,
  "training_cpu_memory_MB": 5866.268,
  "training_gpu_0_memory_MB": 14333,
  "training_gpu_1_memory_MB": 12805,
  "training_gpu_2_memory_MB": 14587,
  "training_gpu_3_memory_MB": 21435,
  "validation_accuracy": 0.4134419551934827,
  "validation_disc_loss": 2.1742796573212475,
  "validation_gen_loss": 8.103624584229012,
  "validation_loss": 6.621288338327796,
  "best_validation_accuracy": 0.42464358452138495,
  "best_validation_disc_loss": 1.6346435920009768,
  "best_validation_gen_loss": 7.951992682325161,
  "best_validation_loss": 6.372655391693115
}