{
  "best_epoch": 25,
  "peak_cpu_memory_MB": 5866.268,
  "peak_gpu_0_memory_MB": 14587,
  "peak_gpu_1_memory_MB": 12805,
  "peak_gpu_2_memory_MB": 14587,
  "peak_gpu_3_memory_MB": 21435,
  "training_duration": "0:21:33.597383",
  "training_start_epoch": 0,
  "training_epochs": 37,
  "epoch": 37,
  "training_accuracy": 0.9847328244274809,
  "training_disc_loss": 0.05800387693278026,
  "training_gen_loss": 5.458334970474243,
  "training_loss": 4.1082521915435795,
  "training_cpu_memory_MB": 5866.268,
  "training_gpu_0_memory_MB": 14587,
  "training_gpu_1_memory_MB": 12805,
  "training_gpu_2_memory_MB": 14587,
  "training_gpu_3_memory_MB": 21435,
  "validation_accuracy": 0.4063136456211813,
  "validation_disc_loss": 2.4281181906296956,
  "validation_gen_loss": 8.244453941903464,
  "validation_loss": 6.790369999117967,
  "best_validation_accuracy": 0.42464358452138495,
  "best_validation_disc_loss": 1.6346435920009768,
  "best_validation_gen_loss": 7.951992682325161,
  "best_validation_loss": 6.372655391693115
}