{
  "best_epoch": 9,
  "peak_cpu_memory_MB": 5866.268,
  "peak_gpu_0_memory_MB": 14587,
  "peak_gpu_1_memory_MB": 12805,
  "peak_gpu_2_memory_MB": 14587,
  "peak_gpu_3_memory_MB": 21435,
  "training_duration": "0:11:09.478313",
  "training_start_epoch": 0,
  "training_epochs": 19,
  "epoch": 19,
  "training_accuracy": 0.33078880407124683,
  "training_disc_loss": 1.503759412765503,
  "training_gen_loss": 5.7371087169647215,
  "training_loss": 4.678771419525146,
  "training_cpu_memory_MB": 5866.268,
  "training_gpu_0_memory_MB": 14587,
  "training_gpu_1_memory_MB": 12805,
  "training_gpu_2_memory_MB": 14587,
  "training_gpu_3_memory_MB": 21435,
  "validation_accuracy": 0.3594704684317719,
  "validation_disc_loss": 1.0954298827706315,
  "validation_gen_loss": 7.693674858992662,
  "validation_loss": 6.044113608879772,
  "best_validation_accuracy": 0.37169042769857435,
  "best_validation_disc_loss": 1.0977282146128213,
  "best_validation_gen_loss": 7.113688104520969,
  "best_validation_loss": 5.609698121140643
}