{
  "best_epoch": 0,
  "peak_cpu_memory_MB": 5866.268,
  "peak_gpu_0_memory_MB": 14587,
  "peak_gpu_1_memory_MB": 12805,
  "peak_gpu_2_memory_MB": 14587,
  "peak_gpu_3_memory_MB": 21435,
  "training_duration": "0:02:01.206881",
  "training_start_epoch": 0,
  "training_epochs": 3,
  "epoch": 3,
  "training_accuracy": 0.33587786259541985,
  "training_disc_loss": 1.8015536046028138,
  "training_gen_loss": 6.493276176452636,
  "training_loss": 5.32034556388855,
  "training_cpu_memory_MB": 5866.268,
  "training_gpu_0_memory_MB": 14587,
  "training_gpu_1_memory_MB": 12805,
  "training_gpu_2_memory_MB": 14587,
  "training_gpu_3_memory_MB": 21435,
  "validation_accuracy": 0.34928716904276985,
  "validation_disc_loss": 1.0983311102642277,
  "validation_gen_loss": 6.872458752577867,
  "validation_loss": 5.428926851691269,
  "best_validation_accuracy": 0.35030549898167007,
  "best_validation_disc_loss": 5.572458005532986,
  "best_validation_gen_loss": 8.449694218674326,
  "best_validation_loss": 7.730385163935219
}