{
  "best_epoch": 5,
  "peak_cpu_memory_MB": 5866.268,
  "peak_gpu_0_memory_MB": 14587,
  "peak_gpu_1_memory_MB": 12805,
  "peak_gpu_2_memory_MB": 14587,
  "peak_gpu_3_memory_MB": 21435,
  "training_duration": "0:03:44.226049",
  "training_start_epoch": 0,
  "training_epochs": 6,
  "epoch": 6,
  "training_accuracy": 0.3333333333333333,
  "training_disc_loss": 1.7147471988201142,
  "training_gen_loss": 6.161408576965332,
  "training_loss": 5.049743280410767,
  "training_cpu_memory_MB": 5866.268,
  "training_gpu_0_memory_MB": 14587,
  "training_gpu_1_memory_MB": 12805,
  "training_gpu_2_memory_MB": 14587,
  "training_gpu_3_memory_MB": 21435,
  "validation_accuracy": 0.34928716904276985,
  "validation_disc_loss": 1.0983222994377944,
  "validation_gen_loss": 6.915526021786822,
  "validation_loss": 5.461225094833995,
  "best_validation_accuracy": 0.3564154786150713,
  "best_validation_disc_loss": 1.0980041046452715,
  "best_validation_gen_loss": 6.990809487133491,
  "best_validation_loss": 5.517608157987517
}