{
  "best_epoch": 9,
  "peak_cpu_memory_MB": 5866.268,
  "peak_gpu_0_memory_MB": 14587,
  "peak_gpu_1_memory_MB": 12805,
  "peak_gpu_2_memory_MB": 14587,
  "peak_gpu_3_memory_MB": 21435,
  "training_duration": "0:05:25.524296",
  "training_start_epoch": 0,
  "training_epochs": 9,
  "epoch": 9,
  "training_accuracy": 0.3256997455470738,
  "training_disc_loss": 2.0715845829248427,
  "training_gen_loss": 6.038593645095825,
  "training_loss": 5.046841354370117,
  "training_cpu_memory_MB": 5866.268,
  "training_gpu_0_memory_MB": 14587,
  "training_gpu_1_memory_MB": 12805,
  "training_gpu_2_memory_MB": 14587,
  "training_gpu_3_memory_MB": 21435,
  "validation_accuracy": 0.37169042769857435,
  "validation_disc_loss": 1.0977282146128213,
  "validation_gen_loss": 7.113688104520969,
  "validation_loss": 5.609698121140643,
  "best_validation_accuracy": 0.37169042769857435,
  "best_validation_disc_loss": 1.0977282146128213,
  "best_validation_gen_loss": 7.113688104520969,
  "best_validation_loss": 5.609698121140643
}