{
  "best_epoch": 0,
  "peak_cpu_memory_MB": 5866.268,
  "peak_gpu_0_memory_MB": 14587,
  "peak_gpu_1_memory_MB": 12,
  "peak_gpu_2_memory_MB": 2617,
  "peak_gpu_3_memory_MB": 21435,
  "training_duration": "0:00:25.455056",
  "training_start_epoch": 0,
  "training_epochs": 0,
  "epoch": 0,
  "training_accuracy": 0.3435114503816794,
  "training_disc_loss": 11.553358335494995,
  "training_gen_loss": 10.626850786209106,
  "training_loss": 10.858477592468262,
  "training_cpu_memory_MB": 5866.268,
  "training_gpu_0_memory_MB": 14587,
  "training_gpu_1_memory_MB": 12,
  "training_gpu_2_memory_MB": 2617,
  "training_gpu_3_memory_MB": 21435,
  "validation_accuracy": 0.35030549898167007,
  "validation_disc_loss": 5.572458005532986,
  "validation_gen_loss": 8.449694218674326,
  "validation_loss": 7.730385163935219,
  "best_validation_accuracy": 0.35030549898167007,
  "best_validation_disc_loss": 5.572458005532986,
  "best_validation_gen_loss": 8.449694218674326,
  "best_validation_loss": 7.730385163935219
}