{
  "best_epoch": 9,
  "peak_cpu_memory_MB": 5866.268,
  "peak_gpu_0_memory_MB": 14587,
  "peak_gpu_1_memory_MB": 12805,
  "peak_gpu_2_memory_MB": 14587,
  "peak_gpu_3_memory_MB": 21435,
  "training_duration": "0:06:38.026954",
  "training_start_epoch": 0,
  "training_epochs": 11,
  "epoch": 11,
  "training_accuracy": 0.3256997455470738,
  "training_disc_loss": 2.3811633813381197,
  "training_gen_loss": 6.049430799484253,
  "training_loss": 5.132363920211792,
  "training_cpu_memory_MB": 5866.268,
  "training_gpu_0_memory_MB": 14587,
  "training_gpu_1_memory_MB": 12805,
  "training_gpu_2_memory_MB": 14587,
  "training_gpu_3_memory_MB": 21435,
  "validation_accuracy": 0.34419551934826886,
  "validation_disc_loss": 1.0985593592248313,
  "validation_gen_loss": 7.256403046894849,
  "validation_loss": 5.716942124250458,
  "best_validation_accuracy": 0.37169042769857435,
  "best_validation_disc_loss": 1.0977282146128213,
  "best_validation_gen_loss": 7.113688104520969,
  "best_validation_loss": 5.609698121140643
}