{
  "best_epoch": 25,
  "peak_cpu_memory_MB": 5866.268,
  "peak_gpu_0_memory_MB": 14587,
  "peak_gpu_1_memory_MB": 12805,
  "peak_gpu_2_memory_MB": 14587,
  "peak_gpu_3_memory_MB": 21435,
  "training_duration": "0:15:21.077237",
  "training_start_epoch": 0,
  "training_epochs": 26,
  "epoch": 26,
  "training_accuracy": 0.7938931297709924,
  "training_disc_loss": 0.5934823007881641,
  "training_gen_loss": 5.623426399230957,
  "training_loss": 4.3659403610229495,
  "training_cpu_memory_MB": 5866.268,
  "training_gpu_0_memory_MB": 14587,
  "training_gpu_1_memory_MB": 12805,
  "training_gpu_2_memory_MB": 14587,
  "training_gpu_3_memory_MB": 21435,
  "validation_accuracy": 0.37474541751527496,
  "validation_disc_loss": 2.0790966109531683,
  "validation_gen_loss": 8.050323350642755,
  "validation_loss": 6.557516652394116,
  "best_validation_accuracy": 0.42464358452138495,
  "best_validation_disc_loss": 1.6346435920009768,
  "best_validation_gen_loss": 7.951992682325161,
  "best_validation_loss": 6.372655391693115
}