{
  "best_epoch": 23,
  "peak_cpu_memory_MB": 5866.268,
  "peak_gpu_0_memory_MB": 14587,
  "peak_gpu_1_memory_MB": 12805,
  "peak_gpu_2_memory_MB": 14587,
  "peak_gpu_3_memory_MB": 21435,
  "training_duration": "0:13:29.296080",
  "training_start_epoch": 0,
  "training_epochs": 23,
  "epoch": 23,
  "training_accuracy": 0.5241730279898219,
  "training_disc_loss": 1.1503263109922408,
  "training_gen_loss": 5.695605173110962,
  "training_loss": 4.559285478591919,
  "training_cpu_memory_MB": 5866.268,
  "training_gpu_0_memory_MB": 14587,
  "training_gpu_1_memory_MB": 12805,
  "training_gpu_2_memory_MB": 14587,
  "training_gpu_3_memory_MB": 21435,
  "validation_accuracy": 0.40529531568228105,
  "validation_disc_loss": 1.2614652785828444,
  "validation_gen_loss": 7.825449517102745,
  "validation_loss": 6.184453460259166,
  "best_validation_accuracy": 0.40529531568228105,
  "best_validation_disc_loss": 1.2614652785828444,
  "best_validation_gen_loss": 7.825449517102745,
  "best_validation_loss": 6.184453460259166
}