{
  "best_epoch": 2,
  "peak_cpu_memory_MB": 5348.74,
  "peak_gpu_0_memory_MB": 12525,
  "peak_gpu_1_memory_MB": 21435,
  "peak_gpu_2_memory_MB": 0,
  "peak_gpu_3_memory_MB": 12805,
  "training_duration": "0:01:44.080981",
  "training_start_epoch": 0,
  "training_epochs": 2,
  "epoch": 2,
  "training_accuracy": 0.816793893129771,
  "training_loss": 0.5762044902031238,
  "training_cpu_memory_MB": 5348.74,
  "training_gpu_0_memory_MB": 12525,
  "training_gpu_1_memory_MB": 21435,
  "training_gpu_2_memory_MB": 0,
  "training_gpu_3_memory_MB": 12805,
  "validation_accuracy": 0.5666836474783494,
  "validation_loss": 1.0633229164813163,
  "best_validation_accuracy": 0.5666836474783494,
  "best_validation_loss": 1.0633229164813163
}