{
  "best_epoch": 6,
  "peak_cpu_memory_MB": 5867.232,
  "peak_gpu_0_memory_MB": 21435,
  "peak_gpu_1_memory_MB": 20139,
  "peak_gpu_2_memory_MB": 20139,
  "peak_gpu_3_memory_MB": 20139,
  "training_duration": "0:04:36.939531",
  "training_start_epoch": 0,
  "training_epochs": 9,
  "epoch": 9,
  "training_accuracy": 0.4173027989821883,
  "training_disc_loss": 1.508720784187317,
  "training_gen_loss": 6.557785396575928,
  "training_loss": 5.295092289264385,
  "training_cpu_memory_MB": 5867.232,
  "training_gpu_0_memory_MB": 21435,
  "training_gpu_1_memory_MB": 20139,
  "training_gpu_2_memory_MB": 20139,
  "training_gpu_3_memory_MB": 20139,
  "validation_accuracy": 0.3543788187372709,
  "validation_disc_loss": 1.6200862949894321,
  "validation_gen_loss": 6.963861211653678,
  "validation_loss": 5.628110131909771,
  "best_validation_accuracy": 0.3604887983706721,
  "best_validation_disc_loss": 1.8917384609099357,
  "best_validation_gen_loss": 7.015437149232434,
  "best_validation_loss": 5.73472261428833
}