{
  "best_epoch": 6,
  "peak_cpu_memory_MB": 5867.232,
  "peak_gpu_0_memory_MB": 21435,
  "peak_gpu_1_memory_MB": 20139,
  "peak_gpu_2_memory_MB": 20139,
  "peak_gpu_3_memory_MB": 20139,
  "training_duration": "0:03:44.093795",
  "training_start_epoch": 0,
  "training_epochs": 7,
  "epoch": 7,
  "training_accuracy": 0.40966921119592875,
  "training_disc_loss": 1.548245940208435,
  "training_gen_loss": 6.585845623016358,
  "training_loss": 5.328040012946496,
  "training_cpu_memory_MB": 5867.232,
  "training_gpu_0_memory_MB": 21435,
  "training_gpu_1_memory_MB": 20139,
  "training_gpu_2_memory_MB": 20139,
  "training_gpu_3_memory_MB": 20139,
  "validation_accuracy": 0.35539714867617106,
  "validation_disc_loss": 1.7696987602018541,
  "validation_gen_loss": 6.979376423743464,
  "validation_loss": 5.677173875993298,
  "best_validation_accuracy": 0.3604887983706721,
  "best_validation_disc_loss": 1.8917384609099357,
  "best_validation_gen_loss": 7.015437149232434,
  "best_validation_loss": 5.73472261428833
}