{
  "best_epoch": 4,
  "peak_cpu_memory_MB": 5867.232,
  "peak_gpu_0_memory_MB": 21435,
  "peak_gpu_1_memory_MB": 20139,
  "peak_gpu_2_memory_MB": 20139,
  "peak_gpu_3_memory_MB": 20139,
  "training_duration": "0:02:15.645594",
  "training_start_epoch": 0,
  "training_epochs": 4,
  "epoch": 4,
  "training_accuracy": 0.40458015267175573,
  "training_disc_loss": 1.7869310188293457,
  "training_gen_loss": 6.6980753517150875,
  "training_loss": 5.4609449826754055,
  "training_cpu_memory_MB": 5867.232,
  "training_gpu_0_memory_MB": 21435,
  "training_gpu_1_memory_MB": 20139,
  "training_gpu_2_memory_MB": 20139,
  "training_gpu_3_memory_MB": 20139,
  "validation_accuracy": 0.35539714867617106,
  "validation_disc_loss": 3.2044778216269707,
  "validation_gen_loss": 7.143509495642878,
  "validation_loss": 6.1585803493376705,
  "best_validation_accuracy": 0.35539714867617106,
  "best_validation_disc_loss": 3.2044778216269707,
  "best_validation_gen_loss": 7.143509495642878,
  "best_validation_loss": 6.1585803493376705
}