{
  "best_epoch": 1,
  "peak_cpu_memory_MB": 5346.88,
  "peak_gpu_0_memory_MB": 12677,
  "peak_gpu_1_memory_MB": 21435,
  "peak_gpu_2_memory_MB": 0,
  "peak_gpu_3_memory_MB": 12821,
  "training_duration": "0:01:05.902373",
  "training_start_epoch": 0,
  "training_epochs": 1,
  "epoch": 1,
  "training_accuracy": 0.5674300254452926,
  "training_loss": 0.9378219384413499,
  "training_cpu_memory_MB": 5346.88,
  "training_gpu_0_memory_MB": 12677,
  "training_gpu_1_memory_MB": 21435,
  "training_gpu_2_memory_MB": 0,
  "training_gpu_3_memory_MB": 12821,
  "validation_accuracy": 0.5383596535914417,
  "validation_loss": 1.0534086837054075,
  "best_validation_accuracy": 0.5383596535914417,
  "best_validation_loss": 1.0534086837054075
}