{
  "best_epoch": 1,
  "peak_cpu_memory_MB": 5346.88,
  "peak_gpu_0_memory_MB": 12677,
  "peak_gpu_1_memory_MB": 21435,
  "peak_gpu_2_memory_MB": 0,
  "peak_gpu_3_memory_MB": 12821,
  "training_duration": "0:01:43.744809",
  "training_start_epoch": 0,
  "training_epochs": 2,
  "epoch": 2,
  "training_accuracy": 0.7633587786259542,
  "training_loss": 0.5492657400094546,
  "training_cpu_memory_MB": 5346.88,
  "training_gpu_0_memory_MB": 12677,
  "training_gpu_1_memory_MB": 21435,
  "training_gpu_2_memory_MB": 0,
  "training_gpu_3_memory_MB": 12821,
  "validation_accuracy": 0.5236882322975038,
  "validation_loss": 1.1981195553117931,
  "best_validation_accuracy": 0.5383596535914417,
  "best_validation_loss": 1.0534086837054075
}