{
  "best_epoch": 10,
  "peak_cpu_memory_MB": 5865.828,
  "peak_gpu_0_memory_MB": 21435,
  "peak_gpu_1_memory_MB": 20139,
  "peak_gpu_2_memory_MB": 20139,
  "peak_gpu_3_memory_MB": 20139,
  "training_duration": "0:05:55.788700",
  "training_start_epoch": 0,
  "training_epochs": 12,
  "epoch": 12,
  "training_accuracy": 0.4910941475826972,
  "training_disc_loss": 1.1152801632881164,
  "training_gen_loss": 6.766441402435302,
  "training_loss": 3.9342318314772387,
  "training_cpu_memory_MB": 5865.828,
  "training_gpu_0_memory_MB": 21435,
  "training_gpu_1_memory_MB": 20139,
  "training_gpu_2_memory_MB": 20139,
  "training_gpu_3_memory_MB": 20139,
  "validation_accuracy": 0.34928716904276985,
  "validation_disc_loss": 2.159405745806233,
  "validation_gen_loss": 7.0575812016764,
  "validation_loss": 4.611284348272508,
  "best_validation_accuracy": 0.3655804480651731,
  "best_validation_disc_loss": 2.3468546088664763,
  "best_validation_gen_loss": 7.106936008699479,
  "best_validation_loss": 4.730689740950061
}