{
  "best_epoch": 0,
  "peak_cpu_memory_MB": 5865.828,
  "peak_gpu_0_memory_MB": 21435,
  "peak_gpu_1_memory_MB": 20139,
  "peak_gpu_2_memory_MB": 20139,
  "peak_gpu_3_memory_MB": 20139,
  "training_duration": "0:01:15.790732",
  "training_start_epoch": 0,
  "training_epochs": 2,
  "epoch": 2,
  "training_accuracy": 0.3944020356234097,
  "training_disc_loss": 4.745630631446838,
  "training_gen_loss": 8.470036163330079,
  "training_loss": 6.560637950897217,
  "training_cpu_memory_MB": 5865.828,
  "training_gpu_0_memory_MB": 21435,
  "training_gpu_1_memory_MB": 20139,
  "training_gpu_2_memory_MB": 20139,
  "training_gpu_3_memory_MB": 20139,
  "validation_accuracy": 0.3329938900203666,
  "validation_disc_loss": 22.870216646502094,
  "validation_gen_loss": 12.590494786539386,
  "validation_loss": 17.73422542695076,
  "best_validation_accuracy": 0.34928716904276985,
  "best_validation_disc_loss": 17.182993535072573,
  "best_validation_gen_loss": 13.93076306004678,
  "best_validation_loss": 15.53008734795355
}