{
  "best_epoch": 13,
  "peak_cpu_memory_MB": 5865.828,
  "peak_gpu_0_memory_MB": 21435,
  "peak_gpu_1_memory_MB": 20139,
  "peak_gpu_2_memory_MB": 20139,
  "peak_gpu_3_memory_MB": 20139,
  "training_duration": "0:13:31.388698",
  "training_start_epoch": 0,
  "training_epochs": 29,
  "epoch": 29,
  "training_accuracy": 0.6132315521628499,
  "training_disc_loss": 0.8102697193622589,
  "training_gen_loss": 6.564145488739014,
  "training_loss": 3.7024606741391697,
  "training_cpu_memory_MB": 5865.828,
  "training_gpu_0_memory_MB": 21435,
  "training_gpu_1_memory_MB": 20139,
  "training_gpu_2_memory_MB": 20139,
  "training_gpu_3_memory_MB": 20139,
  "validation_accuracy": 0.3564154786150713,
  "validation_disc_loss": 2.2286970865341926,
  "validation_gen_loss": 6.985999122742684,
  "validation_loss": 4.609496455038747,
  "best_validation_accuracy": 0.3696537678207739,
  "best_validation_disc_loss": 2.2316327364214006,
  "best_validation_gen_loss": 7.052794464172855,
  "best_validation_loss": 4.645078489857335
}