{
  "best_epoch": 13,
  "peak_cpu_memory_MB": 5865.828,
  "peak_gpu_0_memory_MB": 21435,
  "peak_gpu_1_memory_MB": 20139,
  "peak_gpu_2_memory_MB": 20139,
  "peak_gpu_3_memory_MB": 20139,
  "training_duration": "0:12:38.016509",
  "training_start_epoch": 0,
  "training_epochs": 27,
  "epoch": 27,
  "training_accuracy": 0.6183206106870229,
  "training_disc_loss": 0.8480294799804687,
  "training_gen_loss": 6.556608142852784,
  "training_loss": 3.7212281960707445,
  "training_cpu_memory_MB": 5865.828,
  "training_gpu_0_memory_MB": 21435,
  "training_gpu_1_memory_MB": 20139,
  "training_gpu_2_memory_MB": 20139,
  "training_gpu_3_memory_MB": 20139,
  "validation_accuracy": 0.3564154786150713,
  "validation_disc_loss": 2.2286970865341926,
  "validation_gen_loss": 6.985999122742684,
  "validation_loss": 4.609496455038747,
  "best_validation_accuracy": 0.3696537678207739,
  "best_validation_disc_loss": 2.2316327364214006,
  "best_validation_gen_loss": 7.052794464172855,
  "best_validation_loss": 4.645078489857335
}