{
  "best_epoch": 4,
  "peak_cpu_memory_MB": 5865.828,
  "peak_gpu_0_memory_MB": 21435,
  "peak_gpu_1_memory_MB": 20139,
  "peak_gpu_2_memory_MB": 20139,
  "peak_gpu_3_memory_MB": 20139,
  "training_duration": "0:03:09.681933",
  "training_start_epoch": 0,
  "training_epochs": 6,
  "epoch": 6,
  "training_accuracy": 0.4860050890585242,
  "training_disc_loss": 1.6867595934867858,
  "training_gen_loss": 7.128403263092041,
  "training_loss": 4.409968742957482,
  "training_cpu_memory_MB": 5865.828,
  "training_gpu_0_memory_MB": 21435,
  "training_gpu_1_memory_MB": 20139,
  "training_gpu_2_memory_MB": 20139,
  "training_gpu_3_memory_MB": 20139,
  "validation_accuracy": 0.34317718940936864,
  "validation_disc_loss": 4.536832497965905,
  "validation_gen_loss": 7.458498447172103,
  "validation_loss": 6.0062999110068045,
  "best_validation_accuracy": 0.3574338085539715,
  "best_validation_disc_loss": 2.539829469496204,
  "best_validation_gen_loss": 7.634810870693576,
  "best_validation_loss": 5.091611431490991
}