{
  "best_epoch": 13,
  "peak_cpu_memory_MB": 5865.828,
  "peak_gpu_0_memory_MB": 21435,
  "peak_gpu_1_memory_MB": 20139,
  "peak_gpu_2_memory_MB": 20139,
  "peak_gpu_3_memory_MB": 20139,
  "training_duration": "0:08:39.429724",
  "training_start_epoch": 0,
  "training_epochs": 18,
  "epoch": 18,
  "training_accuracy": 0.5699745547073791,
  "training_disc_loss": 0.9355067837238312,
  "training_gen_loss": 6.641347160339356,
  "training_loss": 3.7822646544529843,
  "training_cpu_memory_MB": 5865.828,
  "training_gpu_0_memory_MB": 21435,
  "training_gpu_1_memory_MB": 20139,
  "training_gpu_2_memory_MB": 20139,
  "training_gpu_3_memory_MB": 20139,
  "validation_accuracy": 0.34826883910386963,
  "validation_disc_loss": 2.310086465650989,
  "validation_gen_loss": 7.011737977304766,
  "validation_loss": 4.66339325135754,
  "best_validation_accuracy": 0.3696537678207739,
  "best_validation_disc_loss": 2.2316327364214006,
  "best_validation_gen_loss": 7.052794464172855,
  "best_validation_loss": 4.645078489857335
}