{
  "best_epoch": 4,
  "peak_cpu_memory_MB": 5865.828,
  "peak_gpu_0_memory_MB": 21435,
  "peak_gpu_1_memory_MB": 20139,
  "peak_gpu_2_memory_MB": 20139,
  "peak_gpu_3_memory_MB": 20139,
  "training_duration": "0:04:29.996262",
  "training_start_epoch": 0,
  "training_epochs": 9,
  "epoch": 9,
  "training_accuracy": 0.5012722646310432,
  "training_disc_loss": 1.3379467463493346,
  "training_gen_loss": 6.862931632995606,
  "training_loss": 4.092971086502075,
  "training_cpu_memory_MB": 5865.828,
  "training_gpu_0_memory_MB": 21435,
  "training_gpu_1_memory_MB": 20139,
  "training_gpu_2_memory_MB": 20139,
  "training_gpu_3_memory_MB": 20139,
  "validation_accuracy": 0.3380855397148676,
  "validation_disc_loss": 3.843970787140631,
  "validation_gen_loss": 7.274114416491601,
  "validation_loss": 5.565370544310539,
  "best_validation_accuracy": 0.3574338085539715,
  "best_validation_disc_loss": 2.539829469496204,
  "best_validation_gen_loss": 7.634810870693576,
  "best_validation_loss": 5.091611431490991
}