{
  "best_epoch": 0,
  "peak_cpu_memory_MB": 5865.828,
  "peak_gpu_0_memory_MB": 21435,
  "peak_gpu_1_memory_MB": 20139,
  "peak_gpu_2_memory_MB": 20139,
  "peak_gpu_3_memory_MB": 20139,
  "training_duration": "0:00:48.896063",
  "training_start_epoch": 0,
  "training_epochs": 1,
  "epoch": 1,
  "training_accuracy": 0.3511450381679389,
  "training_disc_loss": 9.597165317535401,
  "training_gen_loss": 10.794492759704589,
  "training_loss": 10.074776356036846,
  "training_cpu_memory_MB": 5865.828,
  "training_gpu_0_memory_MB": 21435,
  "training_gpu_1_memory_MB": 20139,
  "training_gpu_2_memory_MB": 20139,
  "training_gpu_3_memory_MB": 20139,
  "validation_accuracy": 0.3329938900203666,
  "validation_disc_loss": 22.966713136242284,
  "validation_gen_loss": 16.301252180530177,
  "validation_loss": 19.63798756753245,
  "best_validation_accuracy": 0.34928716904276985,
  "best_validation_disc_loss": 17.182993535072573,
  "best_validation_gen_loss": 13.93076306004678,
  "best_validation_loss": 15.53008734795355
}