{
  "best_epoch": 13,
  "peak_cpu_memory_MB": 5865.828,
  "peak_gpu_0_memory_MB": 21435,
  "peak_gpu_1_memory_MB": 20139,
  "peak_gpu_2_memory_MB": 20139,
  "peak_gpu_3_memory_MB": 20139,
  "training_duration": "0:12:11.596628",
  "training_start_epoch": 0,
  "training_epochs": 26,
  "epoch": 26,
  "training_accuracy": 0.6055979643765903,
  "training_disc_loss": 0.8192922127246857,
  "training_gen_loss": 6.567037982940674,
  "training_loss": 3.6946585911970873,
  "training_cpu_memory_MB": 5865.828,
  "training_gpu_0_memory_MB": 21435,
  "training_gpu_1_memory_MB": 20139,
  "training_gpu_2_memory_MB": 20139,
  "training_gpu_3_memory_MB": 20139,
  "validation_accuracy": 0.34725050916496947,
  "validation_disc_loss": 2.230426903693907,
  "validation_gen_loss": 6.986565859087052,
  "validation_loss": 4.610658830212008,
  "best_validation_accuracy": 0.3696537678207739,
  "best_validation_disc_loss": 2.2316327364214006,
  "best_validation_gen_loss": 7.052794464172855,
  "best_validation_loss": 4.645078489857335
}