{
  "best_epoch": 0,
  "peak_cpu_memory_MB": 5866.184,
  "peak_gpu_0_memory_MB": 21435,
  "peak_gpu_1_memory_MB": 20139,
  "peak_gpu_2_memory_MB": 20139,
  "peak_gpu_3_memory_MB": 20139,
  "training_duration": "0:02:08.172192",
  "training_start_epoch": 0,
  "training_epochs": 4,
  "epoch": 4,
  "training_accuracy": 0.37150127226463103,
  "training_disc_loss": 3.444998459815979,
  "training_gen_loss": 8.83210262298584,
  "training_loss": 4.555150765639085,
  "training_cpu_memory_MB": 5866.184,
  "training_gpu_0_memory_MB": 21435,
  "training_gpu_1_memory_MB": 20139,
  "training_gpu_2_memory_MB": 20139,
  "training_gpu_3_memory_MB": 20139,
  "validation_accuracy": 0.32077393075356414,
  "validation_disc_loss": 6.790921274692781,
  "validation_gen_loss": 9.54034649941229,
  "validation_loss": 7.397777111299576,
  "best_validation_accuracy": 0.37678207739307534,
  "best_validation_disc_loss": 11.74769889539288,
  "best_validation_gen_loss": 14.033281572403446,
  "best_validation_loss": 12.218769227304767
}