{
  "best_epoch": 0,
  "peak_cpu_memory_MB": 5866.184,
  "peak_gpu_0_memory_MB": 21435,
  "peak_gpu_1_memory_MB": 20139,
  "peak_gpu_2_memory_MB": 20139,
  "peak_gpu_3_memory_MB": 20139,
  "training_duration": "0:03:29.431883",
  "training_start_epoch": 0,
  "training_epochs": 7,
  "epoch": 7,
  "training_accuracy": 0.366412213740458,
  "training_disc_loss": 3.439068121910095,
  "training_gen_loss": 8.575443954467774,
  "training_loss": 4.412675252327552,
  "training_cpu_memory_MB": 5866.184,
  "training_gpu_0_memory_MB": 21435,
  "training_gpu_1_memory_MB": 20139,
  "training_gpu_2_memory_MB": 20139,
  "training_gpu_3_memory_MB": 20139,
  "validation_accuracy": 0.31873727087576376,
  "validation_disc_loss": 8.724095855989765,
  "validation_gen_loss": 9.707225430396296,
  "validation_loss": 8.980189861789826,
  "best_validation_accuracy": 0.37678207739307534,
  "best_validation_disc_loss": 11.74769889539288,
  "best_validation_gen_loss": 14.033281572403446,
  "best_validation_loss": 12.218769227304767
}