{
  "best_epoch": 0,
  "peak_cpu_memory_MB": 5866.184,
  "peak_gpu_0_memory_MB": 21435,
  "peak_gpu_1_memory_MB": 20139,
  "peak_gpu_2_memory_MB": 20139,
  "peak_gpu_3_memory_MB": 20139,
  "training_duration": "0:01:14.862804",
  "training_start_epoch": 0,
  "training_epochs": 2,
  "epoch": 2,
  "training_accuracy": 0.3231552162849873,
  "training_disc_loss": 5.380561056137085,
  "training_gen_loss": 10.293906631469726,
  "training_loss": 6.323675889235276,
  "training_cpu_memory_MB": 5866.184,
  "training_gpu_0_memory_MB": 21435,
  "training_gpu_1_memory_MB": 20139,
  "training_gpu_2_memory_MB": 20139,
  "training_gpu_3_memory_MB": 20139,
  "validation_accuracy": 0.32790224032586557,
  "validation_disc_loss": 7.299036118292039,
  "validation_gen_loss": 11.456433557694957,
  "validation_loss": 8.168632368887625,
  "best_validation_accuracy": 0.37678207739307534,
  "best_validation_disc_loss": 11.74769889539288,
  "best_validation_gen_loss": 14.033281572403446,
  "best_validation_loss": 12.218769227304767
}