{
  "best_epoch": 5,
  "peak_cpu_memory_MB": 5496.2,
  "peak_gpu_0_memory_MB": 12693,
  "peak_gpu_1_memory_MB": 21435,
  "peak_gpu_2_memory_MB": 0,
  "peak_gpu_3_memory_MB": 12805,
  "training_duration": "0:03:32.588072",
  "training_start_epoch": 0,
  "training_epochs": 5,
  "epoch": 5,
  "training_accuracy": 0.8371501272264631,
  "training_loss": 0.4534207353225121,
  "training_cpu_memory_MB": 5496.2,
  "training_gpu_0_memory_MB": 12693,
  "training_gpu_1_memory_MB": 21435,
  "training_gpu_2_memory_MB": 0,
  "training_gpu_3_memory_MB": 12805,
  "validation_accuracy": 0.6502292409577177,
  "validation_loss": 0.8647717820899106,
  "best_validation_accuracy": 0.6502292409577177,
  "best_validation_loss": 0.8647717820899106
}