{
  "best_epoch": 7,
  "peak_cpu_memory_MB": 5496.2,
  "peak_gpu_0_memory_MB": 12693,
  "peak_gpu_1_memory_MB": 21435,
  "peak_gpu_2_memory_MB": 0,
  "peak_gpu_3_memory_MB": 12805,
  "training_duration": "0:04:48.821918",
  "training_start_epoch": 0,
  "training_epochs": 7,
  "epoch": 7,
  "training_accuracy": 0.9796437659033079,
  "training_loss": 0.09555307546487221,
  "training_cpu_memory_MB": 5496.2,
  "training_gpu_0_memory_MB": 12693,
  "training_gpu_1_memory_MB": 21435,
  "training_gpu_2_memory_MB": 0,
  "training_gpu_3_memory_MB": 12805,
  "validation_accuracy": 0.7055527254202751,
  "validation_loss": 0.881251065564078,
  "best_validation_accuracy": 0.7055527254202751,
  "best_validation_loss": 0.881251065564078
}