{
  "best_epoch": 13,
  "peak_cpu_memory_MB": 5496.2,
  "peak_gpu_0_memory_MB": 12693,
  "peak_gpu_1_memory_MB": 21435,
  "peak_gpu_2_memory_MB": 0,
  "peak_gpu_3_memory_MB": 12805,
  "training_duration": "0:08:29.703552",
  "training_start_epoch": 0,
  "training_epochs": 13,
  "epoch": 13,
  "training_accuracy": 0.9923664122137404,
  "training_loss": 0.016304143131352387,
  "training_cpu_memory_MB": 5496.2,
  "training_gpu_0_memory_MB": 12693,
  "training_gpu_1_memory_MB": 21435,
  "training_gpu_2_memory_MB": 0,
  "training_gpu_3_memory_MB": 12805,
  "validation_accuracy": 0.7272542027508915,
  "validation_loss": 1.0147698467251531,
  "best_validation_accuracy": 0.7272542027508915,
  "best_validation_loss": 1.0147698467251531
}