{
  "best_epoch": 6,
  "peak_cpu_memory_MB": 5496.2,
  "peak_gpu_0_memory_MB": 12693,
  "peak_gpu_1_memory_MB": 21435,
  "peak_gpu_2_memory_MB": 0,
  "peak_gpu_3_memory_MB": 12805,
  "training_duration": "0:04:11.068603",
  "training_start_epoch": 0,
  "training_epochs": 6,
  "epoch": 6,
  "training_accuracy": 0.9312977099236641,
  "training_loss": 0.237779717032726,
  "training_cpu_memory_MB": 5496.2,
  "training_gpu_0_memory_MB": 12693,
  "training_gpu_1_memory_MB": 21435,
  "training_gpu_2_memory_MB": 0,
  "training_gpu_3_memory_MB": 12805,
  "validation_accuracy": 0.6900662251655629,
  "validation_loss": 0.8487450556180376,
  "best_validation_accuracy": 0.6900662251655629,
  "best_validation_loss": 0.8487450556180376
}