{
  "best_epoch": 2,
  "peak_cpu_memory_MB": 5867.16,
  "peak_gpu_0_memory_MB": 13845,
  "peak_gpu_1_memory_MB": 13845,
  "peak_gpu_2_memory_MB": 13845,
  "peak_gpu_3_memory_MB": 12,
  "training_duration": "0:03:03.114732",
  "training_start_epoch": 0,
  "training_epochs": 5,
  "epoch": 5,
  "training_accuracy": 0.5801526717557252,
  "training_disc_loss": 1.0758111225813627,
  "training_gen_loss": 5.823477001190185,
  "training_loss": 5.823477001190185,
  "training_cpu_memory_MB": 5867.16,
  "training_gpu_0_memory_MB": 13845,
  "training_gpu_1_memory_MB": 13845,
  "training_gpu_2_memory_MB": 13845,
  "training_gpu_3_memory_MB": 12,
  "validation_accuracy": 0.34826883910386963,
  "validation_disc_loss": 2.4436834701677648,
  "validation_gen_loss": 7.3605252010066335,
  "validation_loss": 7.3605252010066335,
  "best_validation_accuracy": 0.3645621181262729,
  "best_validation_disc_loss": 1.2869220700690416,
  "best_validation_gen_loss": 6.998771609329596,
  "best_validation_loss": 6.998771609329596
}