{
  "best_epoch": 9,
  "peak_cpu_memory_MB": 5867.16,
  "peak_gpu_0_memory_MB": 13845,
  "peak_gpu_1_memory_MB": 13845,
  "peak_gpu_2_memory_MB": 13845,
  "peak_gpu_3_memory_MB": 12,
  "training_duration": "0:06:09.535100",
  "training_start_epoch": 0,
  "training_epochs": 11,
  "epoch": 11,
  "training_accuracy": 0.7379134860050891,
  "training_disc_loss": 0.7768959131836891,
  "training_gen_loss": 5.705272827148438,
  "training_loss": 5.705272827148438,
  "training_cpu_memory_MB": 5867.16,
  "training_gpu_0_memory_MB": 13845,
  "training_gpu_1_memory_MB": 13845,
  "training_gpu_2_memory_MB": 13845,
  "training_gpu_3_memory_MB": 12,
  "validation_accuracy": 0.3513238289205703,
  "validation_disc_loss": 4.4283272716088025,
  "validation_gen_loss": 8.325824594110008,
  "validation_loss": 8.325824594110008,
  "best_validation_accuracy": 0.3869653767820774,
  "best_validation_disc_loss": 1.8317346032557449,
  "best_validation_gen_loss": 9.082241434391921,
  "best_validation_loss": 9.082241434391921
}