{
  "best_epoch": 0,
  "peak_cpu_memory_MB": 5867.16,
  "peak_gpu_0_memory_MB": 13845,
  "peak_gpu_1_memory_MB": 2617,
  "peak_gpu_2_memory_MB": 13845,
  "peak_gpu_3_memory_MB": 12,
  "training_duration": "0:00:24.722279",
  "training_start_epoch": 0,
  "training_epochs": 0,
  "epoch": 0,
  "training_accuracy": 0.366412213740458,
  "training_disc_loss": 5.623686413764954,
  "training_gen_loss": 8.396335573196412,
  "training_loss": 8.396335573196412,
  "training_cpu_memory_MB": 5867.16,
  "training_gpu_0_memory_MB": 13845,
  "training_gpu_1_memory_MB": 2617,
  "training_gpu_2_memory_MB": 13845,
  "training_gpu_3_memory_MB": 12,
  "validation_accuracy": 0.3411405295315682,
  "validation_disc_loss": 1.646780903746442,
  "validation_gen_loss": 7.41646189030593,
  "validation_loss": 7.41646189030593,
  "best_validation_accuracy": 0.3411405295315682,
  "best_validation_disc_loss": 1.646780903746442,
  "best_validation_gen_loss": 7.41646189030593,
  "best_validation_loss": 7.41646189030593
}