{
  "best_epoch": 2,
  "peak_cpu_memory_MB": 5867.16,
  "peak_gpu_0_memory_MB": 13845,
  "peak_gpu_1_memory_MB": 13845,
  "peak_gpu_2_memory_MB": 13845,
  "peak_gpu_3_memory_MB": 12,
  "training_duration": "0:04:34.153270",
  "training_start_epoch": 0,
  "training_epochs": 8,
  "epoch": 8,
  "training_accuracy": 0.5954198473282443,
  "training_disc_loss": 1.0653432393074036,
  "training_gen_loss": 5.807076110839843,
  "training_loss": 5.807076110839843,
  "training_cpu_memory_MB": 5867.16,
  "training_gpu_0_memory_MB": 13845,
  "training_gpu_1_memory_MB": 13845,
  "training_gpu_2_memory_MB": 13845,
  "training_gpu_3_memory_MB": 12,
  "validation_accuracy": 0.3594704684317719,
  "validation_disc_loss": 2.0005898170354888,
  "validation_gen_loss": 8.351392249750898,
  "validation_loss": 8.351392249750898,
  "best_validation_accuracy": 0.3645621181262729,
  "best_validation_disc_loss": 1.2869220700690416,
  "best_validation_gen_loss": 6.998771609329596,
  "best_validation_loss": 6.998771609329596
}