{
  "best_epoch": 9,
  "peak_cpu_memory_MB": 5867.16,
  "peak_gpu_0_memory_MB": 13845,
  "peak_gpu_1_memory_MB": 13845,
  "peak_gpu_2_memory_MB": 13845,
  "peak_gpu_3_memory_MB": 12,
  "training_duration": "0:05:39.303850",
  "training_start_epoch": 0,
  "training_epochs": 10,
  "epoch": 10,
  "training_accuracy": 0.7022900763358778,
  "training_disc_loss": 0.7886255626380444,
  "training_gen_loss": 5.693057804107666,
  "training_loss": 5.693057804107666,
  "training_cpu_memory_MB": 5867.16,
  "training_gpu_0_memory_MB": 13845,
  "training_gpu_1_memory_MB": 13845,
  "training_gpu_2_memory_MB": 13845,
  "training_gpu_3_memory_MB": 12,
  "validation_accuracy": 0.3513238289205703,
  "validation_disc_loss": 7.775226263495965,
  "validation_gen_loss": 8.68384468264696,
  "validation_loss": 8.68384468264696,
  "best_validation_accuracy": 0.3869653767820774,
  "best_validation_disc_loss": 1.8317346032557449,
  "best_validation_gen_loss": 9.082241434391921,
  "best_validation_loss": 9.082241434391921
}