{
  "best_epoch": 9,
  "peak_cpu_memory_MB": 5867.16,
  "peak_gpu_0_memory_MB": 13845,
  "peak_gpu_1_memory_MB": 13845,
  "peak_gpu_2_memory_MB": 13845,
  "peak_gpu_3_memory_MB": 12,
  "training_duration": "0:06:39.489134",
  "training_start_epoch": 0,
  "training_epochs": 12,
  "epoch": 12,
  "training_accuracy": 0.7404580152671756,
  "training_disc_loss": 0.6774365671724081,
  "training_gen_loss": 5.629170007705689,
  "training_loss": 5.629170007705689,
  "training_cpu_memory_MB": 5867.16,
  "training_gpu_0_memory_MB": 13845,
  "training_gpu_1_memory_MB": 13845,
  "training_gpu_2_memory_MB": 13845,
  "training_gpu_3_memory_MB": 12,
  "validation_accuracy": 0.3696537678207739,
  "validation_disc_loss": 7.052416413780151,
  "validation_gen_loss": 8.95484351724144,
  "validation_loss": 8.95484351724144,
  "best_validation_accuracy": 0.3869653767820774,
  "best_validation_disc_loss": 1.8317346032557449,
  "best_validation_gen_loss": 9.082241434391921,
  "best_validation_loss": 9.082241434391921
}