{
  "best_epoch": 9,
  "peak_cpu_memory_MB": 5867.16,
  "peak_gpu_0_memory_MB": 13845,
  "peak_gpu_1_memory_MB": 13845,
  "peak_gpu_2_memory_MB": 13845,
  "peak_gpu_3_memory_MB": 12,
  "training_duration": "0:08:10.454686",
  "training_start_epoch": 0,
  "training_epochs": 15,
  "epoch": 15,
  "training_accuracy": 0.8269720101781171,
  "training_disc_loss": 0.5096606140211225,
  "training_gen_loss": 5.545200672149658,
  "training_loss": 5.545200672149658,
  "training_cpu_memory_MB": 5867.16,
  "training_gpu_0_memory_MB": 13845,
  "training_gpu_1_memory_MB": 13845,
  "training_gpu_2_memory_MB": 13845,
  "training_gpu_3_memory_MB": 12,
  "validation_accuracy": 0.38391038696537677,
  "validation_disc_loss": 2.521641670688381,
  "validation_gen_loss": 7.993416177548044,
  "validation_loss": 7.993416177548044,
  "best_validation_accuracy": 0.3869653767820774,
  "best_validation_disc_loss": 1.8317346032557449,
  "best_validation_gen_loss": 9.082241434391921,
  "best_validation_loss": 9.082241434391921
}