{
  "best_epoch": 2,
  "peak_cpu_memory_MB": 5867.16,
  "peak_gpu_0_memory_MB": 13845,
  "peak_gpu_1_memory_MB": 13845,
  "peak_gpu_2_memory_MB": 13845,
  "peak_gpu_3_memory_MB": 12,
  "training_duration": "0:04:03.570212",
  "training_start_epoch": 0,
  "training_epochs": 7,
  "epoch": 7,
  "training_accuracy": 0.48854961832061067,
  "training_disc_loss": 1.5752141362428664,
  "training_gen_loss": 5.980313777923584,
  "training_loss": 5.980313777923584,
  "training_cpu_memory_MB": 5867.16,
  "training_gpu_0_memory_MB": 13845,
  "training_gpu_1_memory_MB": 13845,
  "training_gpu_2_memory_MB": 13845,
  "training_gpu_3_memory_MB": 12,
  "validation_accuracy": 0.35234215885947046,
  "validation_disc_loss": 2.5231858433746712,
  "validation_gen_loss": 7.7220112676542945,
  "validation_loss": 7.7220112676542945,
  "best_validation_accuracy": 0.3645621181262729,
  "best_validation_disc_loss": 1.2869220700690416,
  "best_validation_gen_loss": 6.998771609329596,
  "best_validation_loss": 6.998771609329596
}