{
  "best_epoch": 21,
  "peak_cpu_memory_MB": 5865.856,
  "peak_gpu_0_memory_MB": 21435,
  "peak_gpu_1_memory_MB": 20139,
  "peak_gpu_2_memory_MB": 20139,
  "peak_gpu_3_memory_MB": 20139,
  "training_duration": "0:10:33.253537",
  "training_start_epoch": 0,
  "training_epochs": 22,
  "epoch": 22,
  "training_accuracy": 0.5419847328244275,
  "training_disc_loss": 0.9142780184745789,
  "training_gen_loss": 6.849979972839355,
  "training_loss": 2.09565007686615,
  "training_cpu_memory_MB": 5865.856,
  "training_gpu_0_memory_MB": 21435,
  "training_gpu_1_memory_MB": 20139,
  "training_gpu_2_memory_MB": 20139,
  "training_gpu_3_memory_MB": 20139,
  "validation_accuracy": 0.3625254582484725,
  "validation_disc_loss": 1.7874649061310677,
  "validation_gen_loss": 7.210088260712162,
  "validation_loss": 2.876979189534341,
  "best_validation_accuracy": 0.37474541751527496,
  "best_validation_disc_loss": 1.8148681473347448,
  "best_validation_gen_loss": 7.288811360636065,
  "best_validation_loss": 2.914190976850448
}