{
  "best_epoch": 0,
  "peak_cpu_memory_MB": 5865.856,
  "peak_gpu_0_memory_MB": 21435,
  "peak_gpu_1_memory_MB": 20139,
  "peak_gpu_2_memory_MB": 20139,
  "peak_gpu_3_memory_MB": 20139,
  "training_duration": "0:01:41.038587",
  "training_start_epoch": 0,
  "training_epochs": 3,
  "epoch": 3,
  "training_accuracy": 0.39185750636132316,
  "training_disc_loss": 2.7120809745788574,
  "training_gen_loss": 8.681426696777343,
  "training_loss": 3.9309619756845326,
  "training_cpu_memory_MB": 5865.856,
  "training_gpu_0_memory_MB": 21435,
  "training_gpu_1_memory_MB": 20139,
  "training_gpu_2_memory_MB": 20139,
  "training_gpu_3_memory_MB": 20139,
  "validation_accuracy": 0.33095723014256617,
  "validation_disc_loss": 11.631607678628736,
  "validation_gen_loss": 9.61617911246515,
  "validation_loss": 11.237743531503986,
  "best_validation_accuracy": 0.33706720977596744,
  "best_validation_disc_loss": 20.93557566981162,
  "best_validation_gen_loss": 16.394920103011593,
  "best_validation_loss": 20.032096247519217
}