{
  "best_epoch": 0,
  "peak_cpu_memory_MB": 5865.856,
  "peak_gpu_0_memory_MB": 21435,
  "peak_gpu_1_memory_MB": 20139,
  "peak_gpu_2_memory_MB": 20139,
  "peak_gpu_3_memory_MB": 20139,
  "training_duration": "0:01:14.841058",
  "training_start_epoch": 0,
  "training_epochs": 2,
  "epoch": 2,
  "training_accuracy": 0.35368956743002544,
  "training_disc_loss": 3.9930792617797852,
  "training_gen_loss": 9.383959197998047,
  "training_loss": 5.044308038858267,
  "training_cpu_memory_MB": 5865.856,
  "training_gpu_0_memory_MB": 21435,
  "training_gpu_1_memory_MB": 20139,
  "training_gpu_2_memory_MB": 20139,
  "training_gpu_3_memory_MB": 20139,
  "validation_accuracy": 0.3289205702647658,
  "validation_disc_loss": 16.853994492561586,
  "validation_gen_loss": 10.518162696592269,
  "validation_loss": 15.590693350761168,
  "best_validation_accuracy": 0.33706720977596744,
  "best_validation_disc_loss": 20.93557566981162,
  "best_validation_gen_loss": 16.394920103011593,
  "best_validation_loss": 20.032096247519217
}