{
  "best_epoch": 10,
  "peak_cpu_memory_MB": 5865.856,
  "peak_gpu_0_memory_MB": 21435,
  "peak_gpu_1_memory_MB": 20139,
  "peak_gpu_2_memory_MB": 20139,
  "peak_gpu_3_memory_MB": 20139,
  "training_duration": "0:07:49.538476",
  "training_start_epoch": 0,
  "training_epochs": 16,
  "epoch": 16,
  "training_accuracy": 0.55470737913486,
  "training_disc_loss": 1.027755765914917,
  "training_gen_loss": 7.01141019821167,
  "training_loss": 2.214696847475492,
  "training_cpu_memory_MB": 5865.856,
  "training_gpu_0_memory_MB": 21435,
  "training_gpu_1_memory_MB": 20139,
  "training_gpu_2_memory_MB": 20139,
  "training_gpu_3_memory_MB": 20139,
  "validation_accuracy": 0.34521384928716903,
  "validation_disc_loss": 1.8373290723369968,
  "validation_gen_loss": 7.330048561096191,
  "validation_loss": 2.938858816700597,
  "best_validation_accuracy": 0.36761710794297353,
  "best_validation_disc_loss": 1.878849305452839,
  "best_validation_gen_loss": 7.836840121976791,
  "best_validation_loss": 3.0785746343674196
}