{
  "best_epoch": 21,
  "peak_cpu_memory_MB": 5865.856,
  "peak_gpu_0_memory_MB": 21435,
  "peak_gpu_1_memory_MB": 20139,
  "peak_gpu_2_memory_MB": 20139,
  "peak_gpu_3_memory_MB": 20139,
  "training_duration": "0:11:00.214024",
  "training_start_epoch": 0,
  "training_epochs": 23,
  "epoch": 23,
  "training_accuracy": 0.6106870229007634,
  "training_disc_loss": 0.8690369296073913,
  "training_gen_loss": 6.846142311096191,
  "training_loss": 2.0734403958687415,
  "training_cpu_memory_MB": 5865.856,
  "training_gpu_0_memory_MB": 21435,
  "training_gpu_1_memory_MB": 20139,
  "training_gpu_2_memory_MB": 20139,
  "training_gpu_3_memory_MB": 20139,
  "validation_accuracy": 0.36761710794297353,
  "validation_disc_loss": 1.8297515713399457,
  "validation_gen_loss": 7.196523351054037,
  "validation_loss": 2.9082980386672483,
  "best_validation_accuracy": 0.37474541751527496,
  "best_validation_disc_loss": 1.8148681473347448,
  "best_validation_gen_loss": 7.288811360636065,
  "best_validation_loss": 2.914190976850448
}