{
  "best_epoch": 21,
  "peak_cpu_memory_MB": 5865.856,
  "peak_gpu_0_memory_MB": 21435,
  "peak_gpu_1_memory_MB": 20139,
  "peak_gpu_2_memory_MB": 20139,
  "peak_gpu_3_memory_MB": 20139,
  "training_duration": "0:11:53.278543",
  "training_start_epoch": 0,
  "training_epochs": 25,
  "epoch": 25,
  "training_accuracy": 0.5979643765903307,
  "training_disc_loss": 0.8899007701873779,
  "training_gen_loss": 6.826051330566406,
  "training_loss": 2.0924218617952786,
  "training_cpu_memory_MB": 5865.856,
  "training_gpu_0_memory_MB": 21435,
  "training_gpu_1_memory_MB": 20139,
  "training_gpu_2_memory_MB": 20139,
  "training_gpu_3_memory_MB": 20139,
  "validation_accuracy": 0.3625254582484725,
  "validation_disc_loss": 1.8324521318558724,
  "validation_gen_loss": 7.193715456993349,
  "validation_loss": 2.9102930099733415,
  "best_validation_accuracy": 0.37474541751527496,
  "best_validation_disc_loss": 1.8148681473347448,
  "best_validation_gen_loss": 7.288811360636065,
  "best_validation_loss": 2.914190976850448
}