{
  "best_epoch": 21,
  "peak_cpu_memory_MB": 5865.856,
  "peak_gpu_0_memory_MB": 21435,
  "peak_gpu_1_memory_MB": 20139,
  "peak_gpu_2_memory_MB": 20139,
  "peak_gpu_3_memory_MB": 20139,
  "training_duration": "0:12:46.415797",
  "training_start_epoch": 0,
  "training_epochs": 27,
  "epoch": 27,
  "training_accuracy": 0.6183206106870229,
  "training_disc_loss": 0.8490803205966949,
  "training_gen_loss": 6.793710174560547,
  "training_loss": 2.051364696942843,
  "training_cpu_memory_MB": 5865.856,
  "training_gpu_0_memory_MB": 21435,
  "training_gpu_1_memory_MB": 20139,
  "training_gpu_2_memory_MB": 20139,
  "training_gpu_3_memory_MB": 20139,
  "validation_accuracy": 0.3635437881873727,
  "validation_disc_loss": 1.8113780040894785,
  "validation_gen_loss": 7.191903452719411,
  "validation_loss": 2.8922949683281685,
  "best_validation_accuracy": 0.37474541751527496,
  "best_validation_disc_loss": 1.8148681473347448,
  "best_validation_gen_loss": 7.288811360636065,
  "best_validation_loss": 2.914190976850448
}