{
  "best_epoch": 3,
  "peak_cpu_memory_MB": 5866.188,
  "peak_gpu_0_memory_MB": 21435,
  "peak_gpu_1_memory_MB": 20139,
  "peak_gpu_2_memory_MB": 20139,
  "peak_gpu_3_memory_MB": 20139,
  "training_duration": "0:03:33.292156",
  "training_start_epoch": 0,
  "training_epochs": 7,
  "epoch": 7,
  "training_accuracy": 0.46564885496183206,
  "training_disc_loss": 1.5255494809150696,
  "training_gen_loss": 6.7652392578125,
  "training_loss": 5.469884799076961,
  "training_cpu_memory_MB": 5866.188,
  "training_gpu_0_memory_MB": 21435,
  "training_gpu_1_memory_MB": 20139,
  "training_gpu_2_memory_MB": 20139,
  "training_gpu_3_memory_MB": 20139,
  "validation_accuracy": 0.34521384928716903,
  "validation_disc_loss": 4.762498286462599,
  "validation_gen_loss": 7.271826374915339,
  "validation_loss": 6.651784081612864,
  "best_validation_accuracy": 0.34623217922606925,
  "best_validation_disc_loss": 2.3734768936710973,
  "best_validation_gen_loss": 7.24746068831413,
  "best_validation_loss": 6.033900706998764
}