{
  "best_epoch": 3,
  "peak_cpu_memory_MB": 5866.188,
  "peak_gpu_0_memory_MB": 21435,
  "peak_gpu_1_memory_MB": 20139,
  "peak_gpu_2_memory_MB": 20139,
  "peak_gpu_3_memory_MB": 20139,
  "training_duration": "0:02:13.940209",
  "training_start_epoch": 0,
  "training_epochs": 4,
  "epoch": 4,
  "training_accuracy": 0.4071246819338422,
  "training_disc_loss": 2.2151543426513673,
  "training_gen_loss": 7.0014755821228025,
  "training_loss": 5.8011388045090895,
  "training_cpu_memory_MB": 5866.188,
  "training_gpu_0_memory_MB": 21435,
  "training_gpu_1_memory_MB": 20139,
  "training_gpu_2_memory_MB": 20139,
  "training_gpu_3_memory_MB": 20139,
  "validation_accuracy": 0.3380855397148676,
  "validation_disc_loss": 6.4308467180498186,
  "validation_gen_loss": 7.507110288066249,
  "validation_loss": 7.245833658402966,
  "best_validation_accuracy": 0.34623217922606925,
  "best_validation_disc_loss": 2.3734768936710973,
  "best_validation_gen_loss": 7.24746068831413,
  "best_validation_loss": 6.033900706998764
}