{
  "best_epoch": 14,
  "peak_cpu_memory_MB": 5866.188,
  "peak_gpu_0_memory_MB": 21435,
  "peak_gpu_1_memory_MB": 20139,
  "peak_gpu_2_memory_MB": 20139,
  "peak_gpu_3_memory_MB": 20139,
  "training_duration": "0:06:43.022427",
  "training_start_epoch": 0,
  "training_epochs": 14,
  "epoch": 14,
  "training_accuracy": 0.5012722646310432,
  "training_disc_loss": 1.2982897353172302,
  "training_gen_loss": 6.548291091918945,
  "training_loss": 5.2264849956219015,
  "training_cpu_memory_MB": 5866.188,
  "training_gpu_0_memory_MB": 21435,
  "training_gpu_1_memory_MB": 20139,
  "training_gpu_2_memory_MB": 20139,
  "training_gpu_3_memory_MB": 20139,
  "validation_accuracy": 0.3615071283095723,
  "validation_disc_loss": 2.0245073380008822,
  "validation_gen_loss": 6.947781747387301,
  "validation_loss": 5.721131432440973,
  "best_validation_accuracy": 0.3615071283095723,
  "best_validation_disc_loss": 2.0245073380008822,
  "best_validation_gen_loss": 6.947781747387301,
  "best_validation_loss": 5.721131432440973
}