{
  "best_epoch": 1,
  "peak_cpu_memory_MB": 5866.188,
  "peak_gpu_0_memory_MB": 21435,
  "peak_gpu_1_memory_MB": 20139,
  "peak_gpu_2_memory_MB": 20139,
  "peak_gpu_3_memory_MB": 20139,
  "training_duration": "0:00:48.388144",
  "training_start_epoch": 0,
  "training_epochs": 1,
  "epoch": 1,
  "training_accuracy": 0.37150127226463103,
  "training_disc_loss": 7.705879726409912,
  "training_gen_loss": 9.842758827209472,
  "training_loss": 9.217404622298021,
  "training_cpu_memory_MB": 5866.188,
  "training_gpu_0_memory_MB": 21435,
  "training_gpu_1_memory_MB": 20139,
  "training_gpu_2_memory_MB": 20139,
  "training_gpu_3_memory_MB": 20139,
  "validation_accuracy": 0.3329938900203666,
  "validation_disc_loss": 23.03238662596672,
  "validation_gen_loss": 14.158367526146673,
  "validation_loss": 16.38216160189721,
  "best_validation_accuracy": 0.3329938900203666,
  "best_validation_disc_loss": 23.03238662596672,
  "best_validation_gen_loss": 14.158367526146673,
  "best_validation_loss": 16.38216160189721
}