{
  "best_epoch": 18,
  "peak_cpu_memory_MB": 5866.188,
  "peak_gpu_0_memory_MB": 21435,
  "peak_gpu_1_memory_MB": 20139,
  "peak_gpu_2_memory_MB": 20139,
  "peak_gpu_3_memory_MB": 20139,
  "training_duration": "0:09:06.573022",
  "training_start_epoch": 0,
  "training_epochs": 19,
  "epoch": 19,
  "training_accuracy": 0.5012722646310432,
  "training_disc_loss": 1.219849956035614,
  "training_gen_loss": 6.515349063873291,
  "training_loss": 5.176882413717417,
  "training_cpu_memory_MB": 5866.188,
  "training_gpu_0_memory_MB": 21435,
  "training_gpu_1_memory_MB": 20139,
  "training_gpu_2_memory_MB": 20139,
  "training_gpu_3_memory_MB": 20139,
  "validation_accuracy": 0.36761710794297353,
  "validation_disc_loss": 2.139725838938067,
  "validation_gen_loss": 6.959567616062779,
  "validation_loss": 5.758705262214907,
  "best_validation_accuracy": 0.36761710794297353,
  "best_validation_disc_loss": 2.139725838938067,
  "best_validation_gen_loss": 6.959567616062779,
  "best_validation_loss": 5.758705262214907
}