{
  "best_epoch": 1,
  "peak_cpu_memory_MB": 5866.852,
  "peak_gpu_0_memory_MB": 13845,
  "peak_gpu_1_memory_MB": 13845,
  "peak_gpu_2_memory_MB": 13845,
  "peak_gpu_3_memory_MB": 12,
  "training_duration": "0:02:02.539813",
  "training_start_epoch": 0,
  "training_epochs": 3,
  "epoch": 3,
  "training_accuracy": 0.3893129770992366,
  "training_disc_loss": 1.3387091028690339,
  "training_gen_loss": 6.092778663635254,
  "training_loss": 6.092778663635254,
  "training_cpu_memory_MB": 5866.852,
  "training_gpu_0_memory_MB": 13845,
  "training_gpu_1_memory_MB": 13845,
  "training_gpu_2_memory_MB": 13845,
  "training_gpu_3_memory_MB": 12,
  "validation_accuracy": 0.3421588594704684,
  "validation_disc_loss": 1.6959790456585768,
  "validation_gen_loss": 7.514732515908839,
  "validation_loss": 7.514732515908839,
  "best_validation_accuracy": 0.3645621181262729,
  "best_validation_disc_loss": 1.1085222707531317,
  "best_validation_gen_loss": 6.884934801396316,
  "best_validation_loss": 6.884934801396316
}