{
  "best_epoch": 4,
  "peak_cpu_memory_MB": 5866.852,
  "peak_gpu_0_memory_MB": 13845,
  "peak_gpu_1_memory_MB": 13845,
  "peak_gpu_2_memory_MB": 13845,
  "peak_gpu_3_memory_MB": 12,
  "training_duration": "0:02:32.927030",
  "training_start_epoch": 0,
  "training_epochs": 4,
  "epoch": 4,
  "training_accuracy": 0.40966921119592875,
  "training_disc_loss": 1.6271202516555787,
  "training_gen_loss": 6.027702445983887,
  "training_loss": 6.027702445983887,
  "training_cpu_memory_MB": 5866.852,
  "training_gpu_0_memory_MB": 13845,
  "training_gpu_1_memory_MB": 13845,
  "training_gpu_2_memory_MB": 13845,
  "training_gpu_3_memory_MB": 12,
  "validation_accuracy": 0.3655804480651731,
  "validation_disc_loss": 1.1242665624230859,
  "validation_gen_loss": 7.260063380729862,
  "validation_loss": 7.260063380729862,
  "best_validation_accuracy": 0.3655804480651731,
  "best_validation_disc_loss": 1.1242665624230859,
  "best_validation_gen_loss": 7.260063380729862,
  "best_validation_loss": 7.260063380729862
}