{
  "best_epoch": 5,
  "peak_cpu_memory_MB": 5866.852,
  "peak_gpu_0_memory_MB": 13845,
  "peak_gpu_1_memory_MB": 13845,
  "peak_gpu_2_memory_MB": 13845,
  "peak_gpu_3_memory_MB": 12,
  "training_duration": "0:06:50.985724",
  "training_start_epoch": 0,
  "training_epochs": 12,
  "epoch": 12,
  "training_accuracy": 0.6768447837150128,
  "training_disc_loss": 0.8786514110863208,
  "training_gen_loss": 5.579141263961792,
  "training_loss": 5.579141263961792,
  "training_cpu_memory_MB": 5866.852,
  "training_gpu_0_memory_MB": 13845,
  "training_gpu_1_memory_MB": 13845,
  "training_gpu_2_memory_MB": 13845,
  "training_gpu_3_memory_MB": 12,
  "validation_accuracy": 0.37983706720977595,
  "validation_disc_loss": 2.2703263381632364,
  "validation_gen_loss": 7.763655910647012,
  "validation_loss": 7.763655910647012,
  "best_validation_accuracy": 0.38289205702647655,
  "best_validation_disc_loss": 1.1485831708442875,
  "best_validation_gen_loss": 7.239086356589465,
  "best_validation_loss": 7.239086356589465
}