{
  "best_epoch": 14,
  "peak_cpu_memory_MB": 5866.852,
  "peak_gpu_0_memory_MB": 13845,
  "peak_gpu_1_memory_MB": 13845,
  "peak_gpu_2_memory_MB": 13845,
  "peak_gpu_3_memory_MB": 12,
  "training_duration": "0:08:27.807177",
  "training_start_epoch": 0,
  "training_epochs": 15,
  "epoch": 15,
  "training_accuracy": 0.7888040712468194,
  "training_disc_loss": 0.5760984978824853,
  "training_gen_loss": 5.504826908111572,
  "training_loss": 5.504826908111572,
  "training_cpu_memory_MB": 5866.852,
  "training_gpu_0_memory_MB": 13845,
  "training_gpu_1_memory_MB": 13845,
  "training_gpu_2_memory_MB": 13845,
  "training_gpu_3_memory_MB": 12,
  "validation_accuracy": 0.3981670061099796,
  "validation_disc_loss": 1.859752397711684,
  "validation_gen_loss": 7.846064738141812,
  "validation_loss": 7.846064738141812,
  "best_validation_accuracy": 0.39918533604887985,
  "best_validation_disc_loss": 1.9333246270330942,
  "best_validation_gen_loss": 7.833185021470233,
  "best_validation_loss": 7.833185021470233
}