{
  "best_epoch": 5,
  "peak_cpu_memory_MB": 5866.852,
  "peak_gpu_0_memory_MB": 13845,
  "peak_gpu_1_memory_MB": 13845,
  "peak_gpu_2_memory_MB": 13845,
  "peak_gpu_3_memory_MB": 12,
  "training_duration": "0:03:11.344330",
  "training_start_epoch": 0,
  "training_epochs": 5,
  "epoch": 5,
  "training_accuracy": 0.3944020356234097,
  "training_disc_loss": 1.4682281997799873,
  "training_gen_loss": 5.849362010955811,
  "training_loss": 5.849362010955811,
  "training_cpu_memory_MB": 5866.852,
  "training_gpu_0_memory_MB": 13845,
  "training_gpu_1_memory_MB": 13845,
  "training_gpu_2_memory_MB": 13845,
  "training_gpu_3_memory_MB": 12,
  "validation_accuracy": 0.38289205702647655,
  "validation_disc_loss": 1.1485831708442875,
  "validation_gen_loss": 7.239086356589465,
  "validation_loss": 7.239086356589465,
  "best_validation_accuracy": 0.38289205702647655,
  "best_validation_disc_loss": 1.1485831708442875,
  "best_validation_gen_loss": 7.239086356589465,
  "best_validation_loss": 7.239086356589465
}