{
  "best_epoch": 16,
  "peak_cpu_memory_MB": 5865.904,
  "peak_gpu_0_memory_MB": 21435,
  "peak_gpu_1_memory_MB": 20139,
  "peak_gpu_2_memory_MB": 20139,
  "peak_gpu_3_memory_MB": 20139,
  "training_duration": "0:13:36.068233",
  "training_start_epoch": 0,
  "training_epochs": 29,
  "epoch": 29,
  "training_accuracy": 0.6055979643765903,
  "training_disc_loss": 0.9236822628974914,
  "training_gen_loss": 6.2855423736572265,
  "training_loss": 4.946697051708515,
  "training_cpu_memory_MB": 5865.904,
  "training_gpu_0_memory_MB": 21435,
  "training_gpu_1_memory_MB": 20139,
  "training_gpu_2_memory_MB": 20139,
  "training_gpu_3_memory_MB": 20139,
  "validation_accuracy": 0.3665987780040733,
  "validation_disc_loss": 1.6698852239116546,
  "validation_gen_loss": 6.872034134403352,
  "validation_loss": 5.572779640074699,
  "best_validation_accuracy": 0.37169042769857435,
  "best_validation_disc_loss": 1.650579184293747,
  "best_validation_gen_loss": 6.867700292218116,
  "best_validation_loss": 5.564132921157345
}