{
  "best_epoch": 16,
  "peak_cpu_memory_MB": 5865.904,
  "peak_gpu_0_memory_MB": 21435,
  "peak_gpu_1_memory_MB": 20139,
  "peak_gpu_2_memory_MB": 20139,
  "peak_gpu_3_memory_MB": 20139,
  "training_duration": "0:12:16.989103",
  "training_start_epoch": 0,
  "training_epochs": 26,
  "epoch": 26,
  "training_accuracy": 0.6030534351145038,
  "training_disc_loss": 0.9091688907146454,
  "training_gen_loss": 6.294662952423096,
  "training_loss": 4.958430253542387,
  "training_cpu_memory_MB": 5865.904,
  "training_gpu_0_memory_MB": 21435,
  "training_gpu_1_memory_MB": 20139,
  "training_gpu_2_memory_MB": 20139,
  "training_gpu_3_memory_MB": 20139,
  "validation_accuracy": 0.3655804480651731,
  "validation_disc_loss": 1.665620727885154,
  "validation_gen_loss": 6.871668631030667,
  "validation_loss": 5.571443465448195,
  "best_validation_accuracy": 0.37169042769857435,
  "best_validation_disc_loss": 1.650579184293747,
  "best_validation_gen_loss": 6.867700292218116,
  "best_validation_loss": 5.564132921157345
}