{
  "best_epoch": 5,
  "peak_cpu_memory_MB": 5865.904,
  "peak_gpu_0_memory_MB": 21435,
  "peak_gpu_1_memory_MB": 20139,
  "peak_gpu_2_memory_MB": 20139,
  "peak_gpu_3_memory_MB": 20139,
  "training_duration": "0:04:01.655745",
  "training_start_epoch": 0,
  "training_epochs": 8,
  "epoch": 8,
  "training_accuracy": 0.37659033078880405,
  "training_disc_loss": 1.4245509696006775,
  "training_gen_loss": 6.470091781616211,
  "training_loss": 5.199938443990854,
  "training_cpu_memory_MB": 5865.904,
  "training_gpu_0_memory_MB": 21435,
  "training_gpu_1_memory_MB": 20139,
  "training_gpu_2_memory_MB": 20139,
  "training_gpu_3_memory_MB": 20139,
  "validation_accuracy": 0.3564154786150713,
  "validation_disc_loss": 1.7024928831285047,
  "validation_gen_loss": 6.9125860737216085,
  "validation_loss": 5.6102801907447075,
  "best_validation_accuracy": 0.35845213849287166,
  "best_validation_disc_loss": 2.1934849485274284,
  "best_validation_gen_loss": 7.013756605886644,
  "best_validation_loss": 5.809037946885632
}