{
  "best_epoch": 1,
  "peak_cpu_memory_MB": 5865.904,
  "peak_gpu_0_memory_MB": 21435,
  "peak_gpu_1_memory_MB": 20139,
  "peak_gpu_2_memory_MB": 20139,
  "peak_gpu_3_memory_MB": 20139,
  "training_duration": "0:00:48.181040",
  "training_start_epoch": 0,
  "training_epochs": 1,
  "epoch": 1,
  "training_accuracy": 0.3638676844783715,
  "training_disc_loss": 5.211704511642456,
  "training_gen_loss": 9.170617561340332,
  "training_loss": 8.11893576842088,
  "training_cpu_memory_MB": 5865.904,
  "training_gpu_0_memory_MB": 21435,
  "training_gpu_1_memory_MB": 20139,
  "training_gpu_2_memory_MB": 20139,
  "training_gpu_3_memory_MB": 20139,
  "validation_accuracy": 0.35539714867617106,
  "validation_disc_loss": 11.496102348450691,
  "validation_gen_loss": 11.757184613135554,
  "validation_loss": 11.690336381235431,
  "best_validation_accuracy": 0.35539714867617106,
  "best_validation_disc_loss": 11.496102348450691,
  "best_validation_gen_loss": 11.757184613135554,
  "best_validation_loss": 11.690336381235431
}