{
  "best_epoch": 1,
  "peak_cpu_memory_MB": 5865.904,
  "peak_gpu_0_memory_MB": 21435,
  "peak_gpu_1_memory_MB": 20139,
  "peak_gpu_2_memory_MB": 20139,
  "peak_gpu_3_memory_MB": 20139,
  "training_duration": "0:01:45.007491",
  "training_start_epoch": 0,
  "training_epochs": 3,
  "epoch": 3,
  "training_accuracy": 0.4122137404580153,
  "training_disc_loss": 2.2784410572052,
  "training_gen_loss": 6.836839790344238,
  "training_loss": 5.69200167289147,
  "training_cpu_memory_MB": 5865.904,
  "training_gpu_0_memory_MB": 21435,
  "training_gpu_1_memory_MB": 20139,
  "training_gpu_2_memory_MB": 20139,
  "training_gpu_3_memory_MB": 20139,
  "validation_accuracy": 0.34521384928716903,
  "validation_disc_loss": 5.21036494931867,
  "validation_gen_loss": 7.371870056275399,
  "validation_loss": 6.831027261672482,
  "best_validation_accuracy": 0.35539714867617106,
  "best_validation_disc_loss": 11.496102348450691,
  "best_validation_gen_loss": 11.757184613135554,
  "best_validation_loss": 11.690336381235431
}