{
  "best_epoch": 12,
  "peak_cpu_memory_MB": 5865.904,
  "peak_gpu_0_memory_MB": 21435,
  "peak_gpu_1_memory_MB": 20139,
  "peak_gpu_2_memory_MB": 20139,
  "peak_gpu_3_memory_MB": 20139,
  "training_duration": "0:07:21.065639",
  "training_start_epoch": 0,
  "training_epochs": 15,
  "epoch": 15,
  "training_accuracy": 0.44274809160305345,
  "training_disc_loss": 1.3462311077117919,
  "training_gen_loss": 6.383096313476562,
  "training_loss": 5.1279647900508,
  "training_cpu_memory_MB": 5865.904,
  "training_gpu_0_memory_MB": 21435,
  "training_gpu_1_memory_MB": 20139,
  "training_gpu_2_memory_MB": 20139,
  "training_gpu_3_memory_MB": 20139,
  "validation_accuracy": 0.3533604887983707,
  "validation_disc_loss": 1.5846989423997941,
  "validation_gen_loss": 6.868354412817186,
  "validation_loss": 5.548362762697281,
  "best_validation_accuracy": 0.3655804480651731,
  "best_validation_disc_loss": 1.368320337226314,
  "best_validation_gen_loss": 6.878501661362186,
  "best_validation_loss": 5.501159821787188
}