{
  "best_epoch": 16,
  "peak_cpu_memory_MB": 5865.904,
  "peak_gpu_0_memory_MB": 21435,
  "peak_gpu_1_memory_MB": 20139,
  "peak_gpu_2_memory_MB": 20139,
  "peak_gpu_3_memory_MB": 20139,
  "training_duration": "0:10:04.756118",
  "training_start_epoch": 0,
  "training_epochs": 21,
  "epoch": 21,
  "training_accuracy": 0.5368956743002544,
  "training_disc_loss": 1.0704938387870788,
  "training_gen_loss": 6.325380554199219,
  "training_loss": 5.0206529177152195,
  "training_cpu_memory_MB": 5865.904,
  "training_gpu_0_memory_MB": 21435,
  "training_gpu_1_memory_MB": 20139,
  "training_gpu_2_memory_MB": 20139,
  "training_gpu_3_memory_MB": 20139,
  "validation_accuracy": 0.35539714867617106,
  "validation_disc_loss": 1.4300419524792702,
  "validation_gen_loss": 6.868706557058519,
  "validation_loss": 5.510556636318084,
  "best_validation_accuracy": 0.37169042769857435,
  "best_validation_disc_loss": 1.650579184293747,
  "best_validation_gen_loss": 6.867700292218116,
  "best_validation_loss": 5.564132921157345
}