{
  "best_epoch": 2,
  "peak_cpu_memory_MB": 5866.924,
  "peak_gpu_0_memory_MB": 13845,
  "peak_gpu_1_memory_MB": 12805,
  "peak_gpu_2_memory_MB": 13845,
  "peak_gpu_3_memory_MB": 21435,
  "training_duration": "0:01:28.730620",
  "training_start_epoch": 0,
  "training_epochs": 2,
  "epoch": 2,
  "training_accuracy": 0.33078880407124683,
  "training_disc_loss": 2.2229557716846466,
  "training_gen_loss": 6.394054880142212,
  "training_loss": 6.394054880142212,
  "training_cpu_memory_MB": 5866.924,
  "training_gpu_0_memory_MB": 13845,
  "training_gpu_1_memory_MB": 12805,
  "training_gpu_2_memory_MB": 13845,
  "training_gpu_3_memory_MB": 21435,
  "validation_accuracy": 0.34623217922606925,
  "validation_disc_loss": 1.241015752641166,
  "validation_gen_loss": 6.913000440209862,
  "validation_loss": 6.913000440209862,
  "best_validation_accuracy": 0.34623217922606925,
  "best_validation_disc_loss": 1.241015752641166,
  "best_validation_gen_loss": 6.913000440209862,
  "best_validation_loss": 6.913000440209862
}