{
  "best_epoch": 6,
  "peak_cpu_memory_MB": 5866.924,
  "peak_gpu_0_memory_MB": 13845,
  "peak_gpu_1_memory_MB": 12805,
  "peak_gpu_2_memory_MB": 13845,
  "peak_gpu_3_memory_MB": 21435,
  "training_duration": "0:06:18.848787",
  "training_start_epoch": 0,
  "training_epochs": 11,
  "epoch": 11,
  "training_accuracy": 0.5725190839694656,
  "training_disc_loss": 0.9536238104104996,
  "training_gen_loss": 5.699833269119263,
  "training_loss": 5.699833269119263,
  "training_cpu_memory_MB": 5866.924,
  "training_gpu_0_memory_MB": 13845,
  "training_gpu_1_memory_MB": 12805,
  "training_gpu_2_memory_MB": 13845,
  "training_gpu_3_memory_MB": 21435,
  "validation_accuracy": 0.3574338085539715,
  "validation_disc_loss": 2.69876469683841,
  "validation_gen_loss": 7.521329569622753,
  "validation_loss": 7.521329569622753,
  "best_validation_accuracy": 0.3879837067209776,
  "best_validation_disc_loss": 1.2918197972987726,
  "best_validation_gen_loss": 7.141325035715491,
  "best_validation_loss": 7.141325035715491
}