{
  "best_epoch": 18,
  "peak_cpu_memory_MB": 5866.924,
  "peak_gpu_0_memory_MB": 13845,
  "peak_gpu_1_memory_MB": 12805,
  "peak_gpu_2_memory_MB": 13845,
  "peak_gpu_3_memory_MB": 21435,
  "training_duration": "0:11:49.415997",
  "training_start_epoch": 0,
  "training_epochs": 21,
  "epoch": 21,
  "training_accuracy": 0.8371501272264631,
  "training_disc_loss": 0.41868354558944704,
  "training_gen_loss": 5.478714504241943,
  "training_loss": 5.478714504241943,
  "training_cpu_memory_MB": 5866.924,
  "training_gpu_0_memory_MB": 13845,
  "training_gpu_1_memory_MB": 12805,
  "training_gpu_2_memory_MB": 13845,
  "training_gpu_3_memory_MB": 21435,
  "validation_accuracy": 0.3981670061099796,
  "validation_disc_loss": 2.0231603958257813,
  "validation_gen_loss": 7.90153908535717,
  "validation_loss": 7.90153908535717,
  "best_validation_accuracy": 0.3981670061099796,
  "best_validation_disc_loss": 2.0022762786082136,
  "best_validation_gen_loss": 7.7927779918763695,
  "best_validation_loss": 7.7927779918763695
}