{
  "best_epoch": 6,
  "peak_cpu_memory_MB": 5866.924,
  "peak_gpu_0_memory_MB": 13845,
  "peak_gpu_1_memory_MB": 12805,
  "peak_gpu_2_memory_MB": 13845,
  "peak_gpu_3_memory_MB": 21435,
  "training_duration": "0:05:47.437712",
  "training_start_epoch": 0,
  "training_epochs": 10,
  "epoch": 10,
  "training_accuracy": 0.5470737913486005,
  "training_disc_loss": 1.1158569264411926,
  "training_gen_loss": 5.727879819869995,
  "training_loss": 5.727879819869995,
  "training_cpu_memory_MB": 5866.924,
  "training_gpu_0_memory_MB": 13845,
  "training_gpu_1_memory_MB": 12805,
  "training_gpu_2_memory_MB": 13845,
  "training_gpu_3_memory_MB": 21435,
  "validation_accuracy": 0.3340122199592668,
  "validation_disc_loss": 4.374163284534362,
  "validation_gen_loss": 7.626130049790794,
  "validation_loss": 7.626130049790794,
  "best_validation_accuracy": 0.3879837067209776,
  "best_validation_disc_loss": 1.2918197972987726,
  "best_validation_gen_loss": 7.141325035715491,
  "best_validation_loss": 7.141325035715491
}