{
  "best_epoch": 2,
  "peak_cpu_memory_MB": 5866.924,
  "peak_gpu_0_memory_MB": 13845,
  "peak_gpu_1_memory_MB": 12805,
  "peak_gpu_2_memory_MB": 13845,
  "peak_gpu_3_memory_MB": 21435,
  "training_duration": "0:02:04.111882",
  "training_start_epoch": 0,
  "training_epochs": 3,
  "epoch": 3,
  "training_accuracy": 0.3791348600508906,
  "training_disc_loss": 1.4290691125392914,
  "training_gen_loss": 6.24040358543396,
  "training_loss": 6.24040358543396,
  "training_cpu_memory_MB": 5866.924,
  "training_gpu_0_memory_MB": 13845,
  "training_gpu_1_memory_MB": 12805,
  "training_gpu_2_memory_MB": 13845,
  "training_gpu_3_memory_MB": 21435,
  "validation_accuracy": 0.3258655804480652,
  "validation_disc_loss": 1.4292300740877788,
  "validation_gen_loss": 6.921841125178143,
  "validation_loss": 6.921841125178143,
  "best_validation_accuracy": 0.34623217922606925,
  "best_validation_disc_loss": 1.241015752641166,
  "best_validation_gen_loss": 6.913000440209862,
  "best_validation_loss": 6.913000440209862
}