{
  "best_epoch": 6,
  "peak_cpu_memory_MB": 5866.924,
  "peak_gpu_0_memory_MB": 13845,
  "peak_gpu_1_memory_MB": 12805,
  "peak_gpu_2_memory_MB": 13845,
  "peak_gpu_3_memory_MB": 21435,
  "training_duration": "0:06:49.588460",
  "training_start_epoch": 0,
  "training_epochs": 12,
  "epoch": 12,
  "training_accuracy": 0.638676844783715,
  "training_disc_loss": 0.9512410645186901,
  "training_gen_loss": 5.654916553497315,
  "training_loss": 5.654916553497315,
  "training_cpu_memory_MB": 5866.924,
  "training_gpu_0_memory_MB": 13845,
  "training_gpu_1_memory_MB": 12805,
  "training_gpu_2_memory_MB": 13845,
  "training_gpu_3_memory_MB": 21435,
  "validation_accuracy": 0.38289205702647655,
  "validation_disc_loss": 1.4855518733582846,
  "validation_gen_loss": 7.458491216830121,
  "validation_loss": 7.458491216830121,
  "best_validation_accuracy": 0.3879837067209776,
  "best_validation_disc_loss": 1.2918197972987726,
  "best_validation_gen_loss": 7.141325035715491,
  "best_validation_loss": 7.141325035715491
}