{
  "best_epoch": 6,
  "peak_cpu_memory_MB": 5866.924,
  "peak_gpu_0_memory_MB": 13845,
  "peak_gpu_1_memory_MB": 12805,
  "peak_gpu_2_memory_MB": 13845,
  "peak_gpu_3_memory_MB": 21435,
  "training_duration": "0:07:51.498250",
  "training_start_epoch": 0,
  "training_epochs": 14,
  "epoch": 14,
  "training_accuracy": 0.6895674300254453,
  "training_disc_loss": 0.7791483068466186,
  "training_gen_loss": 5.590478496551514,
  "training_loss": 5.590478496551514,
  "training_cpu_memory_MB": 5866.924,
  "training_gpu_0_memory_MB": 13845,
  "training_gpu_1_memory_MB": 12805,
  "training_gpu_2_memory_MB": 13845,
  "training_gpu_3_memory_MB": 21435,
  "validation_accuracy": 0.37780040733197556,
  "validation_disc_loss": 1.9199389442195738,
  "validation_gen_loss": 7.65565810164785,
  "validation_loss": 7.65565810164785,
  "best_validation_accuracy": 0.3879837067209776,
  "best_validation_disc_loss": 1.2918197972987726,
  "best_validation_gen_loss": 7.141325035715491,
  "best_validation_loss": 7.141325035715491
}