{
  "best_epoch": 2,
  "peak_cpu_memory_MB": 5866.924,
  "peak_gpu_0_memory_MB": 13845,
  "peak_gpu_1_memory_MB": 12805,
  "peak_gpu_2_memory_MB": 13845,
  "peak_gpu_3_memory_MB": 21435,
  "training_duration": "0:03:06.722360",
  "training_start_epoch": 0,
  "training_epochs": 5,
  "epoch": 5,
  "training_accuracy": 0.4122137404580153,
  "training_disc_loss": 1.3097408998012543,
  "training_gen_loss": 5.98557767868042,
  "training_loss": 5.98557767868042,
  "training_cpu_memory_MB": 5866.924,
  "training_gpu_0_memory_MB": 13845,
  "training_gpu_1_memory_MB": 12805,
  "training_gpu_2_memory_MB": 13845,
  "training_gpu_3_memory_MB": 21435,
  "validation_accuracy": 0.34623217922606925,
  "validation_disc_loss": 1.466874864043259,
  "validation_gen_loss": 7.060510840842395,
  "validation_loss": 7.060510840842395,
  "best_validation_accuracy": 0.34623217922606925,
  "best_validation_disc_loss": 1.241015752641166,
  "best_validation_gen_loss": 6.913000440209862,
  "best_validation_loss": 6.913000440209862
}