{
  "best_epoch": 23,
  "peak_cpu_memory_MB": 5866.924,
  "peak_gpu_0_memory_MB": 13845,
  "peak_gpu_1_memory_MB": 12805,
  "peak_gpu_2_memory_MB": 13845,
  "peak_gpu_3_memory_MB": 21435,
  "training_duration": "0:15:31.710224",
  "training_start_epoch": 0,
  "training_epochs": 28,
  "epoch": 28,
  "training_accuracy": 0.8676844783715013,
  "training_disc_loss": 0.296451751004206,
  "training_gen_loss": 5.411509284973144,
  "training_loss": 5.411509284973144,
  "training_cpu_memory_MB": 5866.924,
  "training_gpu_0_memory_MB": 13845,
  "training_gpu_1_memory_MB": 12805,
  "training_gpu_2_memory_MB": 13845,
  "training_gpu_3_memory_MB": 21435,
  "validation_accuracy": 0.39307535641547864,
  "validation_disc_loss": 2.3399743992623274,
  "validation_gen_loss": 8.031035675265924,
  "validation_loss": 8.031035675265924,
  "best_validation_accuracy": 0.40835030549898166,
  "best_validation_disc_loss": 2.181090329720722,
  "best_validation_gen_loss": 7.953222697343284,
  "best_validation_loss": 7.953222697343284
}