{
  "best_epoch": 2,
  "peak_cpu_memory_MB": 5866.924,
  "peak_gpu_0_memory_MB": 13845,
  "peak_gpu_1_memory_MB": 12805,
  "peak_gpu_2_memory_MB": 13845,
  "peak_gpu_3_memory_MB": 21435,
  "training_duration": "0:02:35.379997",
  "training_start_epoch": 0,
  "training_epochs": 4,
  "epoch": 4,
  "training_accuracy": 0.46055979643765904,
  "training_disc_loss": 1.3578022265434264,
  "training_gen_loss": 6.1246536827087406,
  "training_loss": 6.1246536827087406,
  "training_cpu_memory_MB": 5866.924,
  "training_gpu_0_memory_MB": 13845,
  "training_gpu_1_memory_MB": 12805,
  "training_gpu_2_memory_MB": 13845,
  "training_gpu_3_memory_MB": 21435,
  "validation_accuracy": 0.3319755600814664,
  "validation_disc_loss": 2.78517725409531,
  "validation_gen_loss": 7.201688526122551,
  "validation_loss": 7.201688526122551,
  "best_validation_accuracy": 0.34623217922606925,
  "best_validation_disc_loss": 1.241015752641166,
  "best_validation_gen_loss": 6.913000440209862,
  "best_validation_loss": 6.913000440209862
}