{
  "best_epoch": 17,
  "peak_cpu_memory_MB": 5866.924,
  "peak_gpu_0_memory_MB": 13845,
  "peak_gpu_1_memory_MB": 12805,
  "peak_gpu_2_memory_MB": 13845,
  "peak_gpu_3_memory_MB": 21435,
  "training_duration": "0:09:34.735812",
  "training_start_epoch": 0,
  "training_epochs": 17,
  "epoch": 17,
  "training_accuracy": 0.7379134860050891,
  "training_disc_loss": 0.6984955623745919,
  "training_gen_loss": 5.52952974319458,
  "training_loss": 5.52952974319458,
  "training_cpu_memory_MB": 5866.924,
  "training_gpu_0_memory_MB": 13845,
  "training_gpu_1_memory_MB": 12805,
  "training_gpu_2_memory_MB": 13845,
  "training_gpu_3_memory_MB": 21435,
  "validation_accuracy": 0.39307535641547864,
  "validation_disc_loss": 1.887001737346494,
  "validation_gen_loss": 7.832322485078641,
  "validation_loss": 7.832322485078641,
  "best_validation_accuracy": 0.39307535641547864,
  "best_validation_disc_loss": 1.887001737346494,
  "best_validation_gen_loss": 7.832322485078641,
  "best_validation_loss": 7.832322485078641
}