{
  "best_epoch": 0,
  "peak_cpu_memory_MB": 5866.924,
  "peak_gpu_0_memory_MB": 13845,
  "peak_gpu_1_memory_MB": 12805,
  "peak_gpu_2_memory_MB": 13845,
  "peak_gpu_3_memory_MB": 21435,
  "training_duration": "0:00:58.126205",
  "training_start_epoch": 0,
  "training_epochs": 1,
  "epoch": 1,
  "training_accuracy": 0.3256997455470738,
  "training_disc_loss": 2.2308550226688384,
  "training_gen_loss": 6.559169912338257,
  "training_loss": 6.559169912338257,
  "training_cpu_memory_MB": 5866.924,
  "training_gpu_0_memory_MB": 13845,
  "training_gpu_1_memory_MB": 12805,
  "training_gpu_2_memory_MB": 13845,
  "training_gpu_3_memory_MB": 21435,
  "validation_accuracy": 0.3268839103869654,
  "validation_disc_loss": 2.738605402834047,
  "validation_gen_loss": 6.963146023634003,
  "validation_loss": 6.963146023634003,
  "best_validation_accuracy": 0.3421588594704684,
  "best_validation_disc_loss": 3.2880505420328157,
  "best_validation_gen_loss": 7.1785872544699565,
  "best_validation_loss": 7.1785872544699565
}