{
  "best_epoch": 16,
  "peak_cpu_memory_MB": 5866.924,
  "peak_gpu_0_memory_MB": 13845,
  "peak_gpu_1_memory_MB": 12805,
  "peak_gpu_2_memory_MB": 13845,
  "peak_gpu_3_memory_MB": 21435,
  "training_duration": "0:08:57.919525",
  "training_start_epoch": 0,
  "training_epochs": 16,
  "epoch": 16,
  "training_accuracy": 0.7353689567430025,
  "training_disc_loss": 0.6468672992289066,
  "training_gen_loss": 5.566411571502686,
  "training_loss": 5.566411571502686,
  "training_cpu_memory_MB": 5866.924,
  "training_gpu_0_memory_MB": 13845,
  "training_gpu_1_memory_MB": 12805,
  "training_gpu_2_memory_MB": 13845,
  "training_gpu_3_memory_MB": 21435,
  "validation_accuracy": 0.3920570264765784,
  "validation_disc_loss": 1.725779720438205,
  "validation_gen_loss": 7.705013814011241,
  "validation_loss": 7.705013814011241,
  "best_validation_accuracy": 0.3920570264765784,
  "best_validation_disc_loss": 1.725779720438205,
  "best_validation_gen_loss": 7.705013814011241,
  "best_validation_loss": 7.705013814011241
}