{
  "best_epoch": 6,
  "peak_cpu_memory_MB": 5866.924,
  "peak_gpu_0_memory_MB": 13845,
  "peak_gpu_1_memory_MB": 12805,
  "peak_gpu_2_memory_MB": 13845,
  "peak_gpu_3_memory_MB": 21435,
  "training_duration": "0:05:16.193137",
  "training_start_epoch": 0,
  "training_epochs": 9,
  "epoch": 9,
  "training_accuracy": 0.5241730279898219,
  "training_disc_loss": 1.161945452094078,
  "training_gen_loss": 5.770101261138916,
  "training_loss": 5.770101261138916,
  "training_cpu_memory_MB": 5866.924,
  "training_gpu_0_memory_MB": 13845,
  "training_gpu_1_memory_MB": 12805,
  "training_gpu_2_memory_MB": 13845,
  "training_gpu_3_memory_MB": 21435,
  "validation_accuracy": 0.3360488798370672,
  "validation_disc_loss": 2.5955857445554034,
  "validation_gen_loss": 7.44077914323264,
  "validation_loss": 7.44077914323264,
  "best_validation_accuracy": 0.3879837067209776,
  "best_validation_disc_loss": 1.2918197972987726,
  "best_validation_gen_loss": 7.141325035715491,
  "best_validation_loss": 7.141325035715491
}