{
  "best_epoch": 1,
  "peak_cpu_memory_MB": 5343.796,
  "peak_gpu_0_memory_MB": 12693,
  "peak_gpu_1_memory_MB": 21437,
  "peak_gpu_2_memory_MB": 0,
  "peak_gpu_3_memory_MB": 12821,
  "training_duration": "0:01:05.233956",
  "training_start_epoch": 0,
  "training_epochs": 1,
  "epoch": 1,
  "training_accuracy": 0.6539440203562341,
  "training_loss": 0.8557762778722323,
  "training_cpu_memory_MB": 5343.796,
  "training_gpu_0_memory_MB": 12693,
  "training_gpu_1_memory_MB": 21437,
  "training_gpu_2_memory_MB": 0,
  "training_gpu_3_memory_MB": 12,
  "validation_accuracy": 0.5175751400916964,
  "validation_loss": 1.018362252836507,
  "best_validation_accuracy": 0.5175751400916964,
  "best_validation_loss": 1.018362252836507
}