{
  "best_epoch": 1,
  "peak_cpu_memory_MB": 5866.288,
  "peak_gpu_0_memory_MB": 13845,
  "peak_gpu_1_memory_MB": 13845,
  "peak_gpu_2_memory_MB": 13845,
  "peak_gpu_3_memory_MB": 21435,
  "training_duration": "0:02:31.908044",
  "training_start_epoch": 0,
  "training_epochs": 4,
  "epoch": 4,
  "training_accuracy": 0.4631043256997455,
  "training_disc_loss": 1.413389176428318,
  "training_gen_loss": 6.156285276412964,
  "training_loss": 6.156285276412964,
  "training_cpu_memory_MB": 5866.288,
  "training_gpu_0_memory_MB": 13845,
  "training_gpu_1_memory_MB": 13845,
  "training_gpu_2_memory_MB": 13845,
  "training_gpu_3_memory_MB": 21435,
  "validation_accuracy": 0.3380855397148676,
  "validation_disc_loss": 1.6096970385652247,
  "validation_gen_loss": 6.999102813441579,
  "validation_loss": 6.999102813441579,
  "best_validation_accuracy": 0.34928716904276985,
  "best_validation_disc_loss": 9.036790506626533,
  "best_validation_gen_loss": 7.514425770054019,
  "best_validation_loss": 7.514425770054019
}