{
  "best_epoch": 14,
  "peak_cpu_memory_MB": 5866.288,
  "peak_gpu_0_memory_MB": 13845,
  "peak_gpu_1_memory_MB": 13845,
  "peak_gpu_2_memory_MB": 13845,
  "peak_gpu_3_memory_MB": 21435,
  "training_duration": "0:11:01.628817",
  "training_start_epoch": 0,
  "training_epochs": 20,
  "epoch": 20,
  "training_accuracy": 0.8600508905852418,
  "training_disc_loss": 0.4027311734482646,
  "training_gen_loss": 5.476418170928955,
  "training_loss": 5.476418170928955,
  "training_cpu_memory_MB": 5866.288,
  "training_gpu_0_memory_MB": 13845,
  "training_gpu_1_memory_MB": 12,
  "training_gpu_2_memory_MB": 13845,
  "training_gpu_3_memory_MB": 21435,
  "validation_accuracy": 0.384928716904277,
  "validation_disc_loss": 2.639130852571348,
  "validation_gen_loss": 7.963346927146602,
  "validation_loss": 7.963346927146602,
  "best_validation_accuracy": 0.4093686354378819,
  "best_validation_disc_loss": 1.770493559963335,
  "best_validation_gen_loss": 7.618181166610097,
  "best_validation_loss": 7.618181166610097
}