{
  "best_epoch": 5,
  "peak_cpu_memory_MB": 5866.288,
  "peak_gpu_0_memory_MB": 13845,
  "peak_gpu_1_memory_MB": 13845,
  "peak_gpu_2_memory_MB": 13845,
  "peak_gpu_3_memory_MB": 21435,
  "training_duration": "0:03:37.318882",
  "training_start_epoch": 0,
  "training_epochs": 6,
  "epoch": 6,
  "training_accuracy": 0.5089058524173028,
  "training_disc_loss": 1.3123953104019166,
  "training_gen_loss": 5.939498996734619,
  "training_loss": 5.939498996734619,
  "training_cpu_memory_MB": 5866.288,
  "training_gpu_0_memory_MB": 13845,
  "training_gpu_1_memory_MB": 13591,
  "training_gpu_2_memory_MB": 13845,
  "training_gpu_3_memory_MB": 21435,
  "validation_accuracy": 0.34623217922606925,
  "validation_disc_loss": 1.9098542599174064,
  "validation_gen_loss": 7.235931284059354,
  "validation_loss": 7.235931284059354,
  "best_validation_accuracy": 0.3574338085539715,
  "best_validation_disc_loss": 1.30737366860475,
  "best_validation_gen_loss": 7.0255975413128615,
  "best_validation_loss": 7.0255975413128615
}