{
  "best_epoch": 9,
  "peak_cpu_memory_MB": 5866.288,
  "peak_gpu_0_memory_MB": 13845,
  "peak_gpu_1_memory_MB": 13845,
  "peak_gpu_2_memory_MB": 13845,
  "peak_gpu_3_memory_MB": 21435,
  "training_duration": "0:05:44.736150",
  "training_start_epoch": 0,
  "training_epochs": 10,
  "epoch": 10,
  "training_accuracy": 0.6463104325699746,
  "training_disc_loss": 0.9309287363290787,
  "training_gen_loss": 5.734653158187866,
  "training_loss": 5.734653158187866,
  "training_cpu_memory_MB": 5866.288,
  "training_gpu_0_memory_MB": 13845,
  "training_gpu_1_memory_MB": 13845,
  "training_gpu_2_memory_MB": 13845,
  "training_gpu_3_memory_MB": 21435,
  "validation_accuracy": 0.3594704684317719,
  "validation_disc_loss": 1.568228542804718,
  "validation_gen_loss": 7.4352773301969695,
  "validation_loss": 7.4352773301969695,
  "best_validation_accuracy": 0.3645621181262729,
  "best_validation_disc_loss": 2.422258074690656,
  "best_validation_gen_loss": 7.4729348934762845,
  "best_validation_loss": 7.4729348934762845
}