{
  "best_epoch": 7,
  "peak_cpu_memory_MB": 5866.656,
  "peak_gpu_0_memory_MB": 21435,
  "peak_gpu_1_memory_MB": 20139,
  "peak_gpu_2_memory_MB": 20139,
  "peak_gpu_3_memory_MB": 20139,
  "training_duration": "0:03:41.556096",
  "training_start_epoch": 0,
  "training_epochs": 7,
  "epoch": 7,
  "training_accuracy": 0.46055979643765904,
  "training_disc_loss": 1.883209776878357,
  "training_gen_loss": 6.715593376159668,
  "training_loss": 6.251079119168795,
  "training_cpu_memory_MB": 5866.656,
  "training_gpu_0_memory_MB": 21435,
  "training_gpu_1_memory_MB": 20139,
  "training_gpu_2_memory_MB": 20139,
  "training_gpu_3_memory_MB": 20139,
  "validation_accuracy": 0.35234215885947046,
  "validation_disc_loss": 6.046011378688197,
  "validation_gen_loss": 7.337426808572585,
  "validation_loss": 7.2132068141814205,
  "best_validation_accuracy": 0.35234215885947046,
  "best_validation_disc_loss": 6.046011378688197,
  "best_validation_gen_loss": 7.337426808572585,
  "best_validation_loss": 7.2132068141814205
}