{
  "best_epoch": 5,
  "peak_cpu_memory_MB": 5866.656,
  "peak_gpu_0_memory_MB": 21435,
  "peak_gpu_1_memory_MB": 20139,
  "peak_gpu_2_memory_MB": 20139,
  "peak_gpu_3_memory_MB": 20139,
  "training_duration": "0:03:14.726965",
  "training_start_epoch": 0,
  "training_epochs": 6,
  "epoch": 6,
  "training_accuracy": 0.45038167938931295,
  "training_disc_loss": 2.1830236387252806,
  "training_gen_loss": 6.7497053146362305,
  "training_loss": 6.283584668086125,
  "training_cpu_memory_MB": 5866.656,
  "training_gpu_0_memory_MB": 21435,
  "training_gpu_1_memory_MB": 20139,
  "training_gpu_2_memory_MB": 20139,
  "training_gpu_3_memory_MB": 20139,
  "validation_accuracy": 0.34419551934826886,
  "validation_disc_loss": 7.90556219316298,
  "validation_gen_loss": 7.502717987183602,
  "validation_loss": 7.548973883351972,
  "best_validation_accuracy": 0.34521384928716903,
  "best_validation_disc_loss": 8.48262127753227,
  "best_validation_gen_loss": 7.558239421536846,
  "best_validation_loss": 7.656980468380835
}