{
  "best_epoch": 4,
  "peak_cpu_memory_MB": 5347.08,
  "peak_gpu_0_memory_MB": 12693,
  "peak_gpu_1_memory_MB": 21435,
  "peak_gpu_2_memory_MB": 0,
  "peak_gpu_3_memory_MB": 12821,
  "training_duration": "0:02:56.571077",
  "training_start_epoch": 0,
  "training_epochs": 4,
  "epoch": 4,
  "training_accuracy": 0.9974554707379135,
  "training_loss": 0.023483655558755763,
  "training_cpu_memory_MB": 5347.08,
  "training_gpu_0_memory_MB": 12693,
  "training_gpu_1_memory_MB": 21435,
  "training_gpu_2_memory_MB": 0,
  "training_gpu_3_memory_MB": 12821,
  "validation_accuracy": 0.587366276107998,
  "validation_loss": 1.626659647649585,
  "best_validation_accuracy": 0.587366276107998,
  "best_validation_loss": 1.626659647649585
}