{
  "best_epoch": 0,
  "peak_cpu_memory_MB": 5347.08,
  "peak_gpu_0_memory_MB": 12693,
  "peak_gpu_1_memory_MB": 21435,
  "peak_gpu_2_memory_MB": 0,
  "peak_gpu_3_memory_MB": 12821,
  "training_duration": "0:01:05.387110",
  "training_start_epoch": 0,
  "training_epochs": 1,
  "epoch": 1,
  "training_accuracy": 0.5012722646310432,
  "training_loss": 1.0097125676962047,
  "training_cpu_memory_MB": 5347.08,
  "training_gpu_0_memory_MB": 12693,
  "training_gpu_1_memory_MB": 21435,
  "training_gpu_2_memory_MB": 0,
  "training_gpu_3_memory_MB": 12821,
  "validation_accuracy": 0.4078451349974529,
  "validation_loss": 1.1445623836222223,
  "best_validation_accuracy": 0.40794701986754967,
  "best_validation_loss": 1.0893863257057115
}