{
  "best_epoch": 4,
  "peak_cpu_memory_MB": 5497.668,
  "peak_gpu_0_memory_MB": 12645,
  "peak_gpu_1_memory_MB": 21435,
  "peak_gpu_2_memory_MB": 0,
  "peak_gpu_3_memory_MB": 12821,
  "training_duration": "0:02:56.340970",
  "training_start_epoch": 0,
  "training_epochs": 4,
  "epoch": 4,
  "training_accuracy": 0.3460559796437659,
  "training_loss": 1.1316945140178387,
  "training_cpu_memory_MB": 5497.668,
  "training_gpu_0_memory_MB": 12,
  "training_gpu_1_memory_MB": 21435,
  "training_gpu_2_memory_MB": 0,
  "training_gpu_3_memory_MB": 12821,
  "validation_accuracy": 0.35557819663779927,
  "validation_loss": 1.1179322227592965,
  "best_validation_accuracy": 0.35557819663779927,
  "best_validation_loss": 1.1179322227592965
}