{
  "best_epoch": 1,
  "peak_cpu_memory_MB": 5497.668,
  "peak_gpu_0_memory_MB": 12645,
  "peak_gpu_1_memory_MB": 21435,
  "peak_gpu_2_memory_MB": 0,
  "peak_gpu_3_memory_MB": 12821,
  "training_duration": "0:01:05.385315",
  "training_start_epoch": 0,
  "training_epochs": 1,
  "epoch": 1,
  "training_accuracy": 0.366412213740458,
  "training_loss": 1.1574158255870526,
  "training_cpu_memory_MB": 5497.668,
  "training_gpu_0_memory_MB": 12645,
  "training_gpu_1_memory_MB": 21435,
  "training_gpu_2_memory_MB": 0,
  "training_gpu_3_memory_MB": 12821,
  "validation_accuracy": 0.3543555781966378,
  "validation_loss": 1.1234622483144754,
  "best_validation_accuracy": 0.3543555781966378,
  "best_validation_loss": 1.1234622483144754
}