{
  "best_epoch": 2,
  "peak_cpu_memory_MB": 5866.288,
  "peak_gpu_0_memory_MB": 21435,
  "peak_gpu_1_memory_MB": 20139,
  "peak_gpu_2_memory_MB": 20139,
  "peak_gpu_3_memory_MB": 20139,
  "training_duration": "0:01:20.429012",
  "training_start_epoch": 0,
  "training_epochs": 2,
  "epoch": 2,
  "training_accuracy": 0.33078880407124683,
  "training_disc_loss": 5.07929648399353,
  "training_gen_loss": 7.9136937141418455,
  "training_loss": 7.225617225353535,
  "training_cpu_memory_MB": 5866.288,
  "training_gpu_0_memory_MB": 21435,
  "training_gpu_1_memory_MB": 20139,
  "training_gpu_2_memory_MB": 20139,
  "training_gpu_3_memory_MB": 20139,
  "validation_accuracy": 0.3513238289205703,
  "validation_disc_loss": 17.081697971590103,
  "validation_gen_loss": 10.272170251415622,
  "validation_loss": 11.962308729848553,
  "best_validation_accuracy": 0.3513238289205703,
  "best_validation_disc_loss": 17.081697971590103,
  "best_validation_gen_loss": 10.272170251415622,
  "best_validation_loss": 11.962308729848553
}