{
  "best_epoch": 1,
  "peak_cpu_memory_MB": 5866.288,
  "peak_gpu_0_memory_MB": 21435,
  "peak_gpu_1_memory_MB": 20139,
  "peak_gpu_2_memory_MB": 20139,
  "peak_gpu_3_memory_MB": 20139,
  "training_duration": "0:00:49.358005",
  "training_start_epoch": 0,
  "training_epochs": 1,
  "epoch": 1,
  "training_accuracy": 0.35368956743002544,
  "training_disc_loss": 7.207531747817993,
  "training_gen_loss": 9.056071701049804,
  "training_loss": 8.54589689694918,
  "training_cpu_memory_MB": 5866.288,
  "training_gpu_0_memory_MB": 21435,
  "training_gpu_1_memory_MB": 20139,
  "training_gpu_2_memory_MB": 20139,
  "training_gpu_3_memory_MB": 20139,
  "validation_accuracy": 0.3329938900203666,
  "validation_disc_loss": 17.920935538507276,
  "validation_gen_loss": 11.843320185138333,
  "validation_loss": 13.363771623180758,
  "best_validation_accuracy": 0.3329938900203666,
  "best_validation_disc_loss": 17.920935538507276,
  "best_validation_gen_loss": 11.843320185138333,
  "best_validation_loss": 13.363771623180758
}