{
  "best_epoch": 2,
  "peak_cpu_memory_MB": 5866.288,
  "peak_gpu_0_memory_MB": 21435,
  "peak_gpu_1_memory_MB": 20139,
  "peak_gpu_2_memory_MB": 20139,
  "peak_gpu_3_memory_MB": 20139,
  "training_duration": "0:04:03.018633",
  "training_start_epoch": 0,
  "training_epochs": 8,
  "epoch": 8,
  "training_accuracy": 0.40458015267175573,
  "training_disc_loss": 2.219982137680054,
  "training_gen_loss": 6.753404006958008,
  "training_loss": 5.6103644737830525,
  "training_cpu_memory_MB": 5866.288,
  "training_gpu_0_memory_MB": 21435,
  "training_gpu_1_memory_MB": 20139,
  "training_gpu_2_memory_MB": 20139,
  "training_gpu_3_memory_MB": 20139,
  "validation_accuracy": 0.3391038696537678,
  "validation_disc_loss": 3.3279871517612087,
  "validation_gen_loss": 7.220473843236124,
  "validation_loss": 6.251385258090112,
  "best_validation_accuracy": 0.3513238289205703,
  "best_validation_disc_loss": 17.081697971590103,
  "best_validation_gen_loss": 10.272170251415622,
  "best_validation_loss": 11.962308729848553
}