{
  "best_epoch": 2,
  "peak_cpu_memory_MB": 5866.288,
  "peak_gpu_0_memory_MB": 21435,
  "peak_gpu_1_memory_MB": 20139,
  "peak_gpu_2_memory_MB": 20139,
  "peak_gpu_3_memory_MB": 20139,
  "training_duration": "0:03:08.505795",
  "training_start_epoch": 0,
  "training_epochs": 6,
  "epoch": 6,
  "training_accuracy": 0.3638676844783715,
  "training_disc_loss": 2.319303970336914,
  "training_gen_loss": 6.829439582824707,
  "training_loss": 5.6898991878216085,
  "training_cpu_memory_MB": 5866.288,
  "training_gpu_0_memory_MB": 21435,
  "training_gpu_1_memory_MB": 20139,
  "training_gpu_2_memory_MB": 20139,
  "training_gpu_3_memory_MB": 20139,
  "validation_accuracy": 0.335030549898167,
  "validation_disc_loss": 3.8683527208143667,
  "validation_gen_loss": 7.320426840935984,
  "validation_loss": 6.460709879475255,
  "best_validation_accuracy": 0.3513238289205703,
  "best_validation_disc_loss": 17.081697971590103,
  "best_validation_gen_loss": 10.272170251415622,
  "best_validation_loss": 11.962308729848553
}