{
  "best_epoch": 1,
  "peak_cpu_memory_MB": 5585.492,
  "peak_gpu_0_memory_MB": 12677,
  "peak_gpu_1_memory_MB": 21435,
  "peak_gpu_2_memory_MB": 0,
  "peak_gpu_3_memory_MB": 13013,
  "training_duration": "0:01:04.823208",
  "training_start_epoch": 0,
  "training_epochs": 1,
  "epoch": 1,
  "training_accuracy": 0.3460559796437659,
  "training_loss": 1.1121842081730182,
  "training_cpu_memory_MB": 5585.492,
  "training_gpu_0_memory_MB": 12677,
  "training_gpu_1_memory_MB": 21435,
  "training_gpu_2_memory_MB": 0,
  "training_gpu_3_memory_MB": 13013,
  "validation_accuracy": 0.35272542027508913,
  "validation_loss": 1.0985653850853638,
  "best_validation_accuracy": 0.35272542027508913,
  "best_validation_loss": 1.0985653850853638
}