{
  "best_epoch": 9,
  "peak_cpu_memory_MB": 5585.492,
  "peak_gpu_0_memory_MB": 12677,
  "peak_gpu_1_memory_MB": 21435,
  "peak_gpu_2_memory_MB": 0,
  "peak_gpu_3_memory_MB": 13013,
  "training_duration": "0:05:58.751130",
  "training_start_epoch": 0,
  "training_epochs": 9,
  "epoch": 9,
  "training_accuracy": 0.9440203562340967,
  "training_loss": 0.19342598376365808,
  "training_cpu_memory_MB": 5585.492,
  "training_gpu_0_memory_MB": 12677,
  "training_gpu_1_memory_MB": 21435,
  "training_gpu_2_memory_MB": 0,
  "training_gpu_3_memory_MB": 13013,
  "validation_accuracy": 0.6466632705043301,
  "validation_loss": 0.9015070978515699,
  "best_validation_accuracy": 0.6466632705043301,
  "best_validation_loss": 0.9015070978515699
}