{
  "best_epoch": 12,
  "peak_cpu_memory_MB": 5585.492,
  "peak_gpu_0_memory_MB": 12693,
  "peak_gpu_1_memory_MB": 21435,
  "peak_gpu_2_memory_MB": 0,
  "peak_gpu_3_memory_MB": 13013,
  "training_duration": "0:09:03.495619",
  "training_start_epoch": 0,
  "training_epochs": 14,
  "epoch": 14,
  "training_accuracy": 0.9796437659033079,
  "training_loss": 0.09957665090377514,
  "training_cpu_memory_MB": 5585.492,
  "training_gpu_0_memory_MB": 12693,
  "training_gpu_1_memory_MB": 21435,
  "training_gpu_2_memory_MB": 0,
  "training_gpu_3_memory_MB": 13013,
  "validation_accuracy": 0.6526744778400407,
  "validation_loss": 0.9448699641499535,
  "best_validation_accuracy": 0.6534895568008151,
  "best_validation_loss": 0.9446219298078493
}