{
  "best_epoch": 11,
  "peak_cpu_memory_MB": 5585.492,
  "peak_gpu_0_memory_MB": 12693,
  "peak_gpu_1_memory_MB": 21435,
  "peak_gpu_2_memory_MB": 0,
  "peak_gpu_3_memory_MB": 13013,
  "training_duration": "0:07:12.290776",
  "training_start_epoch": 0,
  "training_epochs": 11,
  "epoch": 11,
  "training_accuracy": 0.9720101781170484,
  "training_loss": 0.12606084805268508,
  "training_cpu_memory_MB": 5585.492,
  "training_gpu_0_memory_MB": 12693,
  "training_gpu_1_memory_MB": 21435,
  "training_gpu_2_memory_MB": 0,
  "training_gpu_3_memory_MB": 13013,
  "validation_accuracy": 0.6526744778400407,
  "validation_loss": 0.9388648089057848,
  "best_validation_accuracy": 0.6526744778400407,
  "best_validation_loss": 0.9388648089057848
}