{
  "best_epoch": 3,
  "peak_cpu_memory_MB": 5585.492,
  "peak_gpu_0_memory_MB": 12677,
  "peak_gpu_1_memory_MB": 21435,
  "peak_gpu_2_memory_MB": 0,
  "peak_gpu_3_memory_MB": 13013,
  "training_duration": "0:02:17.109947",
  "training_start_epoch": 0,
  "training_epochs": 3,
  "epoch": 3,
  "training_accuracy": 0.40458015267175573,
  "training_loss": 1.0878889377300556,
  "training_cpu_memory_MB": 5585.492,
  "training_gpu_0_memory_MB": 12677,
  "training_gpu_1_memory_MB": 21435,
  "training_gpu_2_memory_MB": 0,
  "training_gpu_3_memory_MB": 13013,
  "validation_accuracy": 0.37116658176260825,
  "validation_loss": 1.0929587407686812,
  "best_validation_accuracy": 0.37116658176260825,
  "best_validation_loss": 1.0929587407686812
}