{
  "best_epoch": 0,
  "peak_cpu_memory_MB": 6234.268,
  "peak_gpu_0_memory_MB": 5289,
  "peak_gpu_1_memory_MB": 21577,
  "peak_gpu_2_memory_MB": 20715,
  "peak_gpu_3_memory_MB": 1561,
  "training_duration": "0:25:46.002878",
  "training_start_epoch": 0,
  "training_epochs": 0,
  "epoch": 0,
  "training_accuracy": 0.8022215318485773,
  "training_loss": 0.4829540879719416,
  "training_cpu_memory_MB": 6234.268,
  "training_gpu_0_memory_MB": 5289,
  "training_gpu_1_memory_MB": 21577,
  "training_gpu_2_memory_MB": 20715,
  "training_gpu_3_memory_MB": 1561,
  "validation_accuracy": 0.8665308201732043,
  "validation_loss": 0.3471421192397124,
  "best_validation_accuracy": 0.8665308201732043,
  "best_validation_loss": 0.3471421192397124
}