{
  "best_epoch": 3,
  "peak_cpu_memory_MB": 5866.024,
  "peak_gpu_0_memory_MB": 21435,
  "peak_gpu_1_memory_MB": 20139,
  "peak_gpu_2_memory_MB": 20139,
  "peak_gpu_3_memory_MB": 20139,
  "training_duration": "0:02:15.890924",
  "training_start_epoch": 0,
  "training_epochs": 4,
  "epoch": 4,
  "training_accuracy": 0.38676844783715014,
  "training_disc_loss": 2.0416352224349974,
  "training_gen_loss": 6.767426166534424,
  "training_loss": 5.579078087439904,
  "training_cpu_memory_MB": 5866.024,
  "training_gpu_0_memory_MB": 21435,
  "training_gpu_1_memory_MB": 20139,
  "training_gpu_2_memory_MB": 20139,
  "training_gpu_3_memory_MB": 20139,
  "validation_accuracy": 0.3380855397148676,
  "validation_disc_loss": 3.6429054352544967,
  "validation_gen_loss": 7.240199027522918,
  "validation_loss": 6.3429463140426146,
  "best_validation_accuracy": 0.3411405295315682,
  "best_validation_disc_loss": 3.184387837686846,
  "best_validation_gen_loss": 7.296329398309031,
  "best_validation_loss": 6.270239368561776
}