{
  "best_epoch": 5,
  "peak_cpu_memory_MB": 5866.024,
  "peak_gpu_0_memory_MB": 21435,
  "peak_gpu_1_memory_MB": 20139,
  "peak_gpu_2_memory_MB": 20139,
  "peak_gpu_3_memory_MB": 20139,
  "training_duration": "0:02:42.293153",
  "training_start_epoch": 0,
  "training_epochs": 5,
  "epoch": 5,
  "training_accuracy": 0.39185750636132316,
  "training_disc_loss": 2.11614483833313,
  "training_gen_loss": 6.708912410736084,
  "training_loss": 5.553944404308613,
  "training_cpu_memory_MB": 5866.024,
  "training_gpu_0_memory_MB": 21435,
  "training_gpu_1_memory_MB": 20139,
  "training_gpu_2_memory_MB": 20139,
  "training_gpu_3_memory_MB": 20139,
  "validation_accuracy": 0.3543788187372709,
  "validation_disc_loss": 2.592612070422019,
  "validation_gen_loss": 7.120615197766211,
  "validation_loss": 5.989938659052695,
  "best_validation_accuracy": 0.3543788187372709,
  "best_validation_disc_loss": 2.592612070422019,
  "best_validation_gen_loss": 7.120615197766211,
  "best_validation_loss": 5.989938659052695
}