{
  "best_epoch": 5,
  "peak_cpu_memory_MB": 5866.024,
  "peak_gpu_0_memory_MB": 21435,
  "peak_gpu_1_memory_MB": 20139,
  "peak_gpu_2_memory_MB": 20139,
  "peak_gpu_3_memory_MB": 20139,
  "training_duration": "0:03:13.416066",
  "training_start_epoch": 0,
  "training_epochs": 6,
  "epoch": 6,
  "training_accuracy": 0.37659033078880405,
  "training_disc_loss": 1.8283672332763672,
  "training_gen_loss": 6.643349857330322,
  "training_loss": 5.429427587068998,
  "training_cpu_memory_MB": 5866.024,
  "training_gpu_0_memory_MB": 21435,
  "training_gpu_1_memory_MB": 20139,
  "training_gpu_2_memory_MB": 20139,
  "training_gpu_3_memory_MB": 20139,
  "validation_accuracy": 0.34012219959266804,
  "validation_disc_loss": 2.9455640950510578,
  "validation_gen_loss": 7.136383794969128,
  "validation_loss": 6.089905185084189,
  "best_validation_accuracy": 0.3543788187372709,
  "best_validation_disc_loss": 2.592612070422019,
  "best_validation_gen_loss": 7.120615197766211,
  "best_validation_loss": 5.989938659052695
}