{
  "best_epoch": 5,
  "peak_cpu_memory_MB": 5866.024,
  "peak_gpu_0_memory_MB": 21435,
  "peak_gpu_1_memory_MB": 20139,
  "peak_gpu_2_memory_MB": 20139,
  "peak_gpu_3_memory_MB": 20139,
  "training_duration": "0:03:40.336735",
  "training_start_epoch": 0,
  "training_epochs": 7,
  "epoch": 7,
  "training_accuracy": 0.3994910941475827,
  "training_disc_loss": 1.6811737036705017,
  "training_gen_loss": 6.625658359527588,
  "training_loss": 5.394374480614295,
  "training_cpu_memory_MB": 5866.024,
  "training_gpu_0_memory_MB": 21435,
  "training_gpu_1_memory_MB": 20139,
  "training_gpu_2_memory_MB": 20139,
  "training_gpu_3_memory_MB": 20139,
  "validation_accuracy": 0.33706720977596744,
  "validation_disc_loss": 2.2047865140822624,
  "validation_gen_loss": 7.045886278152466,
  "validation_loss": 5.836180979205716,
  "best_validation_accuracy": 0.3543788187372709,
  "best_validation_disc_loss": 2.592612070422019,
  "best_validation_gen_loss": 7.120615197766211,
  "best_validation_loss": 5.989938659052695
}