{
  "best_epoch": 3,
  "peak_cpu_memory_MB": 5866.024,
  "peak_gpu_0_memory_MB": 21435,
  "peak_gpu_1_memory_MB": 20139,
  "peak_gpu_2_memory_MB": 20139,
  "peak_gpu_3_memory_MB": 20139,
  "training_duration": "0:01:45.049479",
  "training_start_epoch": 0,
  "training_epochs": 3,
  "epoch": 3,
  "training_accuracy": 0.35877862595419846,
  "training_disc_loss": 2.515450234413147,
  "training_gen_loss": 6.910608272552491,
  "training_loss": 5.812058302072378,
  "training_cpu_memory_MB": 5866.024,
  "training_gpu_0_memory_MB": 21435,
  "training_gpu_1_memory_MB": 20139,
  "training_gpu_2_memory_MB": 20139,
  "training_gpu_3_memory_MB": 20139,
  "validation_accuracy": 0.3411405295315682,
  "validation_disc_loss": 3.184387837686846,
  "validation_gen_loss": 7.296329398309031,
  "validation_loss": 6.270239368561776,
  "best_validation_accuracy": 0.3411405295315682,
  "best_validation_disc_loss": 3.184387837686846,
  "best_validation_gen_loss": 7.296329398309031,
  "best_validation_loss": 6.270239368561776
}