{
  "best_epoch": 0,
  "peak_cpu_memory_MB": 5866.692,
  "peak_gpu_0_memory_MB": 22297,
  "peak_gpu_1_memory_MB": 20139,
  "peak_gpu_2_memory_MB": 20139,
  "peak_gpu_3_memory_MB": 20139,
  "training_duration": "0:00:47.917377",
  "training_start_epoch": 0,
  "training_epochs": 1,
  "epoch": 1,
  "training_accuracy": 0.39185750636132316,
  "training_disc_loss": 5.285161347389221,
  "training_gen_loss": 7.762792167663574,
  "training_loss": 7.748498769906851,
  "training_cpu_memory_MB": 5866.692,
  "training_gpu_0_memory_MB": 22297,
  "training_gpu_1_memory_MB": 20139,
  "training_gpu_2_memory_MB": 20139,
  "training_gpu_3_memory_MB": 20139,
  "validation_accuracy": 0.3329938900203666,
  "validation_disc_loss": 22.610909800375662,
  "validation_gen_loss": 10.63706664116152,
  "validation_loss": 10.641526499102193,
  "best_validation_accuracy": 0.3329938900203666,
  "best_validation_disc_loss": 22.99965919986848,
  "best_validation_gen_loss": 13.495228213648643,
  "best_validation_loss": 13.499766042155604
}