{
  "best_epoch": 5,
  "peak_cpu_memory_MB": 5866.692,
  "peak_gpu_0_memory_MB": 22543,
  "peak_gpu_1_memory_MB": 20139,
  "peak_gpu_2_memory_MB": 20139,
  "peak_gpu_3_memory_MB": 20139,
  "training_duration": "0:02:36.035272",
  "training_start_epoch": 0,
  "training_epochs": 5,
  "epoch": 5,
  "training_accuracy": 0.35877862595419846,
  "training_disc_loss": 2.3056904458999634,
  "training_gen_loss": 6.560199222564697,
  "training_loss": 6.561648955711951,
  "training_cpu_memory_MB": 5866.692,
  "training_gpu_0_memory_MB": 22543,
  "training_gpu_1_memory_MB": 20139,
  "training_gpu_2_memory_MB": 20139,
  "training_gpu_3_memory_MB": 20139,
  "validation_accuracy": 0.35539714867617106,
  "validation_disc_loss": 2.677426715050974,
  "validation_gen_loss": 7.04386176601533,
  "validation_loss": 7.046755360018823,
  "best_validation_accuracy": 0.35539714867617106,
  "best_validation_disc_loss": 2.677426715050974,
  "best_validation_gen_loss": 7.04386176601533,
  "best_validation_loss": 7.046755360018823
}