{
  "best_epoch": 26,
  "peak_cpu_memory_MB": 5866.692,
  "peak_gpu_0_memory_MB": 22543,
  "peak_gpu_1_memory_MB": 20139,
  "peak_gpu_2_memory_MB": 20139,
  "peak_gpu_3_memory_MB": 20139,
  "training_duration": "0:12:45.626229",
  "training_start_epoch": 0,
  "training_epochs": 27,
  "epoch": 27,
  "training_accuracy": 0.5521628498727735,
  "training_disc_loss": 1.1773899650573731,
  "training_gen_loss": 6.198188209533692,
  "training_loss": 6.201756440676176,
  "training_cpu_memory_MB": 5866.692,
  "training_gpu_0_memory_MB": 22543,
  "training_gpu_1_memory_MB": 20139,
  "training_gpu_2_memory_MB": 20139,
  "training_gpu_3_memory_MB": 20139,
  "validation_accuracy": 0.37067209775967414,
  "validation_disc_loss": 1.7395824078590638,
  "validation_gen_loss": 6.921810450092439,
  "validation_loss": 6.924847572080551,
  "best_validation_accuracy": 0.37678207739307534,
  "best_validation_disc_loss": 1.7388612964460928,
  "best_validation_gen_loss": 6.921864624946348,
  "best_validation_loss": 6.924903454319123
}