{
  "best_epoch": 3,
  "peak_cpu_memory_MB": 5866.456,
  "peak_gpu_0_memory_MB": 21435,
  "peak_gpu_1_memory_MB": 20139,
  "peak_gpu_2_memory_MB": 20139,
  "peak_gpu_3_memory_MB": 20139,
  "training_duration": "0:03:10.166094",
  "training_start_epoch": 0,
  "training_epochs": 6,
  "epoch": 6,
  "training_accuracy": 0.37404580152671757,
  "training_disc_loss": 1.5159167289733886,
  "training_gen_loss": 7.818090839385986,
  "training_loss": 2.773555663915781,
  "training_cpu_memory_MB": 5866.456,
  "training_gpu_0_memory_MB": 21435,
  "training_gpu_1_memory_MB": 20139,
  "training_gpu_2_memory_MB": 20139,
  "training_gpu_3_memory_MB": 20139,
  "validation_accuracy": 0.31568228105906315,
  "validation_disc_loss": 1.516102212090646,
  "validation_gen_loss": 7.904708685413484,
  "validation_loss": 2.7931458334768973,
  "best_validation_accuracy": 0.34317718940936864,
  "best_validation_disc_loss": 2.4558036865726596,
  "best_validation_gen_loss": 9.120292663574219,
  "best_validation_loss": 3.7874544205204135
}