{
  "best_epoch": 13,
  "peak_cpu_memory_MB": 5866.456,
  "peak_gpu_0_memory_MB": 21435,
  "peak_gpu_1_memory_MB": 20139,
  "peak_gpu_2_memory_MB": 20139,
  "peak_gpu_3_memory_MB": 20139,
  "training_duration": "0:06:23.971860",
  "training_start_epoch": 0,
  "training_epochs": 13,
  "epoch": 13,
  "training_accuracy": 0.44529262086513993,
  "training_disc_loss": 1.2486996293067931,
  "training_gen_loss": 6.934161281585693,
  "training_loss": 2.3744765428396373,
  "training_cpu_memory_MB": 5866.456,
  "training_gpu_0_memory_MB": 21435,
  "training_gpu_1_memory_MB": 20139,
  "training_gpu_2_memory_MB": 20139,
  "training_gpu_3_memory_MB": 20139,
  "validation_accuracy": 0.3696537678207739,
  "validation_disc_loss": 1.2685472503785165,
  "validation_gen_loss": 7.226346246657833,
  "validation_loss": 2.458232625838249,
  "best_validation_accuracy": 0.3696537678207739,
  "best_validation_disc_loss": 1.2685472503785165,
  "best_validation_gen_loss": 7.226346246657833,
  "best_validation_loss": 2.458232625838249
}