{
  "best_epoch": 0,
  "peak_cpu_memory_MB": 5866.456,
  "peak_gpu_0_memory_MB": 2617,
  "peak_gpu_1_memory_MB": 20139,
  "peak_gpu_2_memory_MB": 20139,
  "peak_gpu_3_memory_MB": 20139,
  "training_duration": "0:00:21.329155",
  "training_start_epoch": 0,
  "training_epochs": 0,
  "epoch": 0,
  "training_accuracy": 0.39185750636132316,
  "training_disc_loss": 13.082452507019044,
  "training_gen_loss": 12.77923755645752,
  "training_loss": 12.936454552870531,
  "training_cpu_memory_MB": 5866.456,
  "training_gpu_0_memory_MB": 2617,
  "training_gpu_1_memory_MB": 20139,
  "training_gpu_2_memory_MB": 20139,
  "training_gpu_3_memory_MB": 20139,
  "validation_accuracy": 0.3380855397148676,
  "validation_disc_loss": 15.337591986502371,
  "validation_gen_loss": 19.647857604488248,
  "validation_loss": 16.181895594443045,
  "best_validation_accuracy": 0.3380855397148676,
  "best_validation_disc_loss": 15.337591986502371,
  "best_validation_gen_loss": 19.647857604488248,
  "best_validation_loss": 16.181895594443045
}