{
  "best_epoch": 3,
  "peak_cpu_memory_MB": 5866.456,
  "peak_gpu_0_memory_MB": 21435,
  "peak_gpu_1_memory_MB": 20139,
  "peak_gpu_2_memory_MB": 20139,
  "peak_gpu_3_memory_MB": 20139,
  "training_duration": "0:04:04.442341",
  "training_start_epoch": 0,
  "training_epochs": 8,
  "epoch": 8,
  "training_accuracy": 0.3842239185750636,
  "training_disc_loss": 1.4895331811904908,
  "training_gen_loss": 7.354580554962158,
  "training_loss": 2.6795208087334266,
  "training_cpu_memory_MB": 5866.456,
  "training_gpu_0_memory_MB": 21435,
  "training_gpu_1_memory_MB": 20139,
  "training_gpu_2_memory_MB": 20139,
  "training_gpu_3_memory_MB": 20139,
  "validation_accuracy": 0.3319755600814664,
  "validation_disc_loss": 1.2738251464982187,
  "validation_gen_loss": 7.511319237370645,
  "validation_loss": 2.51932018803012,
  "best_validation_accuracy": 0.34317718940936864,
  "best_validation_disc_loss": 2.4558036865726596,
  "best_validation_gen_loss": 9.120292663574219,
  "best_validation_loss": 3.7874544205204135
}