{
  "best_epoch": 13,
  "peak_cpu_memory_MB": 5866.456,
  "peak_gpu_0_memory_MB": 21435,
  "peak_gpu_1_memory_MB": 20139,
  "peak_gpu_2_memory_MB": 20139,
  "peak_gpu_3_memory_MB": 20139,
  "training_duration": "0:09:11.952483",
  "training_start_epoch": 0,
  "training_epochs": 19,
  "epoch": 19,
  "training_accuracy": 0.4351145038167939,
  "training_disc_loss": 1.2955464315414429,
  "training_gen_loss": 6.863927593231201,
  "training_loss": 2.403709943477924,
  "training_cpu_memory_MB": 5866.456,
  "training_gpu_0_memory_MB": 21435,
  "training_gpu_1_memory_MB": 20139,
  "training_gpu_2_memory_MB": 20139,
  "training_gpu_3_memory_MB": 20139,
  "validation_accuracy": 0.3645621181262729,
  "validation_disc_loss": 1.3247364297989876,
  "validation_gen_loss": 7.206880630985383,
  "validation_loss": 2.4993105780693794,
  "best_validation_accuracy": 0.3696537678207739,
  "best_validation_disc_loss": 1.2685472503785165,
  "best_validation_gen_loss": 7.226346246657833,
  "best_validation_loss": 2.458232625838249
}