{
  "best_epoch": 4,
  "peak_cpu_memory_MB": 5866.788,
  "peak_gpu_0_memory_MB": 21435,
  "peak_gpu_1_memory_MB": 20139,
  "peak_gpu_2_memory_MB": 20139,
  "peak_gpu_3_memory_MB": 20139,
  "training_duration": "0:08:05.510919",
  "training_start_epoch": 0,
  "training_epochs": 17,
  "epoch": 17,
  "training_accuracy": 0.3816793893129771,
  "training_disc_loss": 1.4212345862388611,
  "training_gen_loss": 6.289251041412354,
  "training_loss": 5.783931842217078,
  "training_cpu_memory_MB": 5866.788,
  "training_gpu_0_memory_MB": 21435,
  "training_gpu_1_memory_MB": 20139,
  "training_gpu_2_memory_MB": 20139,
  "training_gpu_3_memory_MB": 20139,
  "validation_accuracy": 0.3329938900203666,
  "validation_disc_loss": 1.101688729178521,
  "validation_gen_loss": 6.827673696702527,
  "validation_loss": 6.257323911113124,
  "best_validation_accuracy": 0.3533604887983707,
  "best_validation_disc_loss": 3.9305412769317627,
  "best_validation_gen_loss": 7.132022057810137,
  "best_validation_loss": 6.815012993351106
}