{
  "best_epoch": 4,
  "peak_cpu_memory_MB": 5866.788,
  "peak_gpu_0_memory_MB": 21435,
  "peak_gpu_1_memory_MB": 20139,
  "peak_gpu_2_memory_MB": 20139,
  "peak_gpu_3_memory_MB": 20139,
  "training_duration": "0:08:58.323802",
  "training_start_epoch": 0,
  "training_epochs": 19,
  "epoch": 19,
  "training_accuracy": 0.3435114503816794,
  "training_disc_loss": 1.5300558280944825,
  "training_gen_loss": 6.278721866607666,
  "training_loss": 5.7920606686518745,
  "training_cpu_memory_MB": 5866.788,
  "training_gpu_0_memory_MB": 21435,
  "training_gpu_1_memory_MB": 20139,
  "training_gpu_2_memory_MB": 20139,
  "training_gpu_3_memory_MB": 20139,
  "validation_accuracy": 0.3340122199592668,
  "validation_disc_loss": 1.100090867088687,
  "validation_gen_loss": 6.810939004344325,
  "validation_loss": 6.2422622403790875,
  "best_validation_accuracy": 0.3533604887983707,
  "best_validation_disc_loss": 3.9305412769317627,
  "best_validation_gen_loss": 7.132022057810137,
  "best_validation_loss": 6.815012993351106
}