{
  "best_epoch": 4,
  "peak_cpu_memory_MB": 5866.788,
  "peak_gpu_0_memory_MB": 21435,
  "peak_gpu_1_memory_MB": 20139,
  "peak_gpu_2_memory_MB": 20139,
  "peak_gpu_3_memory_MB": 20139,
  "training_duration": "0:05:53.529113",
  "training_start_epoch": 0,
  "training_epochs": 12,
  "epoch": 12,
  "training_accuracy": 0.3104325699745547,
  "training_disc_loss": 1.5590896964073182,
  "training_gen_loss": 6.35767520904541,
  "training_loss": 5.883315893319937,
  "training_cpu_memory_MB": 5866.788,
  "training_gpu_0_memory_MB": 21435,
  "training_gpu_1_memory_MB": 20139,
  "training_gpu_2_memory_MB": 20139,
  "training_gpu_3_memory_MB": 20139,
  "validation_accuracy": 0.32790224032586557,
  "validation_disc_loss": 1.1014130307782082,
  "validation_gen_loss": 6.829657600771997,
  "validation_loss": 6.259003562311972,
  "best_validation_accuracy": 0.3533604887983707,
  "best_validation_disc_loss": 3.9305412769317627,
  "best_validation_gen_loss": 7.132022057810137,
  "best_validation_loss": 6.815012993351106
}