{
  "best_epoch": 0,
  "peak_cpu_memory_MB": 9765.492,
  "peak_gpu_0_memory_MB": 36,
  "peak_gpu_1_memory_MB": 2600,
  "training_duration": "6:22:23.064112",
  "training_start_epoch": 0,
  "training_epochs": 0,
  "epoch": 0,
  "training_accuracy": 0.757307067445544,
  "training_gen_loss": 5.177514020135921,
  "training_disc_loss": 0.8423840978318102,
  "training_loss": 0.8423801143769044,
  "training_cpu_memory_MB": 9765.492,
  "training_gpu_0_memory_MB": 36,
  "training_gpu_1_memory_MB": 2600,
  "validation_accuracy": 0.8673458991339786,
  "validation_gen_loss": 5.754943671611236,
  "validation_disc_loss": 0.36412824382344683,
  "validation_loss": 0.3641511655445984,
  "best_validation_accuracy": 0.8673458991339786,
  "best_validation_gen_loss": 5.754943671611236,
  "best_validation_disc_loss": 0.36412824382344683,
  "best_validation_loss": 0.3641511655445984
}