{
  "best_epoch": 1,
  "peak_cpu_memory_MB": 9765.492,
  "peak_gpu_0_memory_MB": 36,
  "peak_gpu_1_memory_MB": 10808,
  "training_duration": "12:47:45.352171",
  "training_start_epoch": 0,
  "training_epochs": 1,
  "epoch": 1,
  "training_accuracy": 0.8782384607157591,
  "training_gen_loss": 5.585333180628752,
  "training_disc_loss": 0.3276681292874979,
  "training_loss": 0.32766874895140896,
  "training_cpu_memory_MB": 9765.492,
  "training_gpu_0_memory_MB": 36,
  "training_gpu_1_memory_MB": 10808,
  "validation_accuracy": 0.882730514518594,
  "validation_gen_loss": 5.674949967919469,
  "validation_disc_loss": 0.3354828569867966,
  "validation_loss": 0.33546806431408815,
  "best_validation_accuracy": 0.882730514518594,
  "best_validation_gen_loss": 5.674949967919469,
  "best_validation_disc_loss": 0.3354828569867966,
  "best_validation_loss": 0.33546806431408815
}