{
  "best_epoch": 5,
  "peak_cpu_memory_MB": 5488.42,
  "peak_gpu_0_memory_MB": 12593,
  "peak_gpu_1_memory_MB": 21435,
  "peak_gpu_2_memory_MB": 0,
  "peak_gpu_3_memory_MB": 12805,
  "training_duration": "0:03:24.739098",
  "training_start_epoch": 0,
  "training_epochs": 5,
  "epoch": 5,
  "training_accuracy": 0.5318066157760815,
  "training_loss": 1.0200232817576482,
  "training_cpu_memory_MB": 5488.42,
  "training_gpu_0_memory_MB": 12593,
  "training_gpu_1_memory_MB": 21435,
  "training_gpu_2_memory_MB": 0,
  "training_gpu_3_memory_MB": 12805,
  "validation_accuracy": 0.4123280692817117,
  "validation_loss": 1.0758419137824242,
  "best_validation_accuracy": 0.4123280692817117,
  "best_validation_loss": 1.0758419137824242
}