{
  "best_epoch": 7,
  "peak_cpu_memory_MB": 5488.42,
  "peak_gpu_0_memory_MB": 12593,
  "peak_gpu_1_memory_MB": 21435,
  "peak_gpu_2_memory_MB": 0,
  "peak_gpu_3_memory_MB": 12805,
  "training_duration": "0:04:41.341722",
  "training_start_epoch": 0,
  "training_epochs": 7,
  "epoch": 7,
  "training_accuracy": 0.7938931297709924,
  "training_loss": 0.5812462637057672,
  "training_cpu_memory_MB": 5488.42,
  "training_gpu_0_memory_MB": 12593,
  "training_gpu_1_memory_MB": 21435,
  "training_gpu_2_memory_MB": 0,
  "training_gpu_3_memory_MB": 12805,
  "validation_accuracy": 0.540193581253184,
  "validation_loss": 0.958904390032206,
  "best_validation_accuracy": 0.540193581253184,
  "best_validation_loss": 0.958904390032206
}