{
  "best_epoch": 1,
  "peak_cpu_memory_MB": 5488.42,
  "peak_gpu_0_memory_MB": 12593,
  "peak_gpu_1_memory_MB": 21435,
  "peak_gpu_2_memory_MB": 0,
  "peak_gpu_3_memory_MB": 12805,
  "training_duration": "0:02:16.171142",
  "training_start_epoch": 0,
  "training_epochs": 3,
  "epoch": 3,
  "training_accuracy": 0.40966921119592875,
  "training_loss": 1.0988017412332387,
  "training_cpu_memory_MB": 5488.42,
  "training_gpu_0_memory_MB": 12593,
  "training_gpu_1_memory_MB": 21435,
  "training_gpu_2_memory_MB": 0,
  "training_gpu_3_memory_MB": 12805,
  "validation_accuracy": 0.3449821701477331,
  "validation_loss": 1.099668568042668,
  "best_validation_accuracy": 0.34610290371879776,
  "best_validation_loss": 1.09978501455015
}