{
  "best_epoch": 6,
  "peak_cpu_memory_MB": 5488.42,
  "peak_gpu_0_memory_MB": 12593,
  "peak_gpu_1_memory_MB": 21435,
  "peak_gpu_2_memory_MB": 0,
  "peak_gpu_3_memory_MB": 12805,
  "training_duration": "0:04:03.355721",
  "training_start_epoch": 0,
  "training_epochs": 6,
  "epoch": 6,
  "training_accuracy": 0.7302798982188295,
  "training_loss": 0.8851643984134381,
  "training_cpu_memory_MB": 5488.42,
  "training_gpu_0_memory_MB": 12593,
  "training_gpu_1_memory_MB": 21435,
  "training_gpu_2_memory_MB": 0,
  "training_gpu_3_memory_MB": 12805,
  "validation_accuracy": 0.46479877738155884,
  "validation_loss": 1.041312835698019,
  "best_validation_accuracy": 0.46479877738155884,
  "best_validation_loss": 1.041312835698019
}