{
  "best_epoch": 0,
  "peak_cpu_memory_MB": 5488.42,
  "peak_gpu_0_memory_MB": 12593,
  "peak_gpu_1_memory_MB": 21435,
  "peak_gpu_2_memory_MB": 0,
  "peak_gpu_3_memory_MB": 2425,
  "training_duration": "0:00:29.950496",
  "training_start_epoch": 0,
  "training_epochs": 0,
  "epoch": 0,
  "training_accuracy": 0.3486005089058524,
  "training_loss": 1.1018606882828932,
  "training_cpu_memory_MB": 5488.42,
  "training_gpu_0_memory_MB": 12593,
  "training_gpu_1_memory_MB": 21435,
  "training_gpu_2_memory_MB": 0,
  "training_gpu_3_memory_MB": 2425,
  "validation_accuracy": 0.327967396841569,
  "validation_loss": 1.1148759480019734,
  "best_validation_accuracy": 0.327967396841569,
  "best_validation_loss": 1.1148759480019734
}