{
  "best_epoch": 2,
  "peak_cpu_memory_MB": 5865.712,
  "peak_gpu_0_memory_MB": 14587,
  "peak_gpu_1_memory_MB": 13029,
  "peak_gpu_2_memory_MB": 14587,
  "peak_gpu_3_memory_MB": 21435,
  "training_duration": "0:01:29.757303",
  "training_start_epoch": 0,
  "training_epochs": 2,
  "epoch": 2,
  "training_accuracy": 0.37150127226463103,
  "training_disc_loss": 1.6332505333423615,
  "training_gen_loss": 6.525250339508057,
  "training_loss": 5.30225040435791,
  "training_cpu_memory_MB": 5865.712,
  "training_gpu_0_memory_MB": 14587,
  "training_gpu_1_memory_MB": 13029,
  "training_gpu_2_memory_MB": 14587,
  "training_gpu_3_memory_MB": 21435,
  "validation_accuracy": 0.3574338085539715,
  "validation_disc_loss": 3.2191781270794753,
  "validation_gen_loss": 7.02796644893119,
  "validation_loss": 6.0757693352738045,
  "best_validation_accuracy": 0.3574338085539715,
  "best_validation_disc_loss": 3.2191781270794753,
  "best_validation_gen_loss": 7.02796644893119,
  "best_validation_loss": 6.0757693352738045
}