{
  "best_epoch": 17,
  "peak_cpu_memory_MB": 5865.712,
  "peak_gpu_0_memory_MB": 14587,
  "peak_gpu_1_memory_MB": 13029,
  "peak_gpu_2_memory_MB": 14587,
  "peak_gpu_3_memory_MB": 21435,
  "training_duration": "0:11:57.718441",
  "training_start_epoch": 0,
  "training_epochs": 20,
  "epoch": 20,
  "training_accuracy": 0.905852417302799,
  "training_disc_loss": 0.21621371003100648,
  "training_gen_loss": 5.655229120254517,
  "training_loss": 4.29547523021698,
  "training_cpu_memory_MB": 5865.712,
  "training_gpu_0_memory_MB": 14587,
  "training_gpu_1_memory_MB": 13029,
  "training_gpu_2_memory_MB": 14587,
  "training_gpu_3_memory_MB": 21435,
  "validation_accuracy": 0.3757637474541752,
  "validation_disc_loss": 2.9000218961297013,
  "validation_gen_loss": 7.685750406932056,
  "validation_loss": 6.489318301038044,
  "best_validation_accuracy": 0.40020366598778007,
  "best_validation_disc_loss": 2.3119508498083285,
  "best_validation_gen_loss": 7.459282072578988,
  "best_validation_loss": 6.1724492670074715
}