{
  "best_epoch": 52,
  "peak_cpu_memory_MB": 5865.712,
  "peak_gpu_0_memory_MB": 14587,
  "peak_gpu_1_memory_MB": 13029,
  "peak_gpu_2_memory_MB": 14587,
  "peak_gpu_3_memory_MB": 21435,
  "training_duration": "0:30:52.082902",
  "training_start_epoch": 0,
  "training_epochs": 53,
  "epoch": 53,
  "training_accuracy": 0.9949109414758269,
  "training_disc_loss": 0.02151919560257738,
  "training_gen_loss": 5.241213483810425,
  "training_loss": 3.9362899398803712,
  "training_cpu_memory_MB": 5865.712,
  "training_gpu_0_memory_MB": 14587,
  "training_gpu_1_memory_MB": 13029,
  "training_gpu_2_memory_MB": 14587,
  "training_gpu_3_memory_MB": 21435,
  "validation_accuracy": 0.39613034623217924,
  "validation_disc_loss": 2.9162331901914706,
  "validation_gen_loss": 8.621391637538506,
  "validation_loss": 7.195102055867513,
  "best_validation_accuracy": 0.4073319755600815,
  "best_validation_disc_loss": 3.1769325708955285,
  "best_validation_gen_loss": 8.689479002138464,
  "best_validation_loss": 7.311342382818703
}