{
  "best_epoch": 45,
  "peak_cpu_memory_MB": 5865.712,
  "peak_gpu_0_memory_MB": 14587,
  "peak_gpu_1_memory_MB": 13029,
  "peak_gpu_2_memory_MB": 14587,
  "peak_gpu_3_memory_MB": 21435,
  "training_duration": "0:26:50.073282",
  "training_start_epoch": 0,
  "training_epochs": 46,
  "epoch": 46,
  "training_accuracy": 0.989821882951654,
  "training_disc_loss": 0.02466475307461451,
  "training_gen_loss": 5.288859548568726,
  "training_loss": 3.972810835838318,
  "training_cpu_memory_MB": 5865.712,
  "training_gpu_0_memory_MB": 14587,
  "training_gpu_1_memory_MB": 13029,
  "training_gpu_2_memory_MB": 14587,
  "training_gpu_3_memory_MB": 21435,
  "validation_accuracy": 0.40224032586558045,
  "validation_disc_loss": 2.717892811065767,
  "validation_gen_loss": 8.463531513524249,
  "validation_loss": 7.027121846268817,
  "best_validation_accuracy": 0.4063136456211813,
  "best_validation_disc_loss": 2.732525302384927,
  "best_validation_gen_loss": 8.433721681920494,
  "best_validation_loss": 7.008422576315034
}