{
  "best_epoch": 31,
  "peak_cpu_memory_MB": 5865.712,
  "peak_gpu_0_memory_MB": 14587,
  "peak_gpu_1_memory_MB": 13029,
  "peak_gpu_2_memory_MB": 14587,
  "peak_gpu_3_memory_MB": 21435,
  "training_duration": "0:23:24.060406",
  "training_start_epoch": 0,
  "training_epochs": 40,
  "epoch": 40,
  "training_accuracy": 0.989821882951654,
  "training_disc_loss": 0.0272120249105501,
  "training_gen_loss": 5.3313545227050785,
  "training_loss": 4.005318880081177,
  "training_cpu_memory_MB": 5865.712,
  "training_gpu_0_memory_MB": 14587,
  "training_gpu_1_memory_MB": 13029,
  "training_gpu_2_memory_MB": 14587,
  "training_gpu_3_memory_MB": 21435,
  "validation_accuracy": 0.40020366598778007,
  "validation_disc_loss": 2.7117390351566844,
  "validation_gen_loss": 8.347919499001852,
  "validation_loss": 6.938874372621862,
  "best_validation_accuracy": 0.40529531568228105,
  "best_validation_disc_loss": 2.7251569405803835,
  "best_validation_gen_loss": 8.010264346270057,
  "best_validation_loss": 6.688987479946477
}