{
  "best_epoch": 22,
  "peak_cpu_memory_MB": 5865.712,
  "peak_gpu_0_memory_MB": 14587,
  "peak_gpu_1_memory_MB": 13029,
  "peak_gpu_2_memory_MB": 14587,
  "peak_gpu_3_memory_MB": 21435,
  "training_duration": "0:13:44.026470",
  "training_start_epoch": 0,
  "training_epochs": 23,
  "epoch": 23,
  "training_accuracy": 0.9567430025445293,
  "training_disc_loss": 0.1397684381250292,
  "training_gen_loss": 5.5770347309112545,
  "training_loss": 4.217718148231507,
  "training_cpu_memory_MB": 5865.712,
  "training_gpu_0_memory_MB": 14587,
  "training_gpu_1_memory_MB": 13029,
  "training_gpu_2_memory_MB": 14587,
  "training_gpu_3_memory_MB": 21435,
  "validation_accuracy": 0.34012219959266804,
  "validation_disc_loss": 5.950759353676463,
  "validation_gen_loss": 8.241524266033638,
  "validation_loss": 7.668833011534156,
  "best_validation_accuracy": 0.40224032586558045,
  "best_validation_disc_loss": 2.7169789216382716,
  "best_validation_gen_loss": 7.789059491661506,
  "best_validation_loss": 6.521039323108952
}