{
  "best_epoch": 31,
  "peak_cpu_memory_MB": 5865.712,
  "peak_gpu_0_memory_MB": 14587,
  "peak_gpu_1_memory_MB": 13029,
  "peak_gpu_2_memory_MB": 14587,
  "peak_gpu_3_memory_MB": 21435,
  "training_duration": "0:24:31.865911",
  "training_start_epoch": 0,
  "training_epochs": 42,
  "epoch": 42,
  "training_accuracy": 0.9923664122137404,
  "training_disc_loss": 0.03209260275092674,
  "training_gen_loss": 5.316807107925415,
  "training_loss": 3.9956284856796263,
  "training_cpu_memory_MB": 5865.712,
  "training_gpu_0_memory_MB": 14587,
  "training_gpu_1_memory_MB": 13029,
  "training_gpu_2_memory_MB": 14587,
  "training_gpu_3_memory_MB": 21435,
  "validation_accuracy": 0.37780040733197556,
  "validation_disc_loss": 3.3052270354294198,
  "validation_gen_loss": 8.530540912131952,
  "validation_loss": 7.224212464278306,
  "best_validation_accuracy": 0.40529531568228105,
  "best_validation_disc_loss": 2.7251569405803835,
  "best_validation_gen_loss": 8.010264346270057,
  "best_validation_loss": 6.688987479946477
}