{
  "best_epoch": 22,
  "peak_cpu_memory_MB": 5865.712,
  "peak_gpu_0_memory_MB": 14587,
  "peak_gpu_1_memory_MB": 13029,
  "peak_gpu_2_memory_MB": 14587,
  "peak_gpu_3_memory_MB": 21435,
  "training_duration": "0:16:34.239734",
  "training_start_epoch": 0,
  "training_epochs": 28,
  "epoch": 28,
  "training_accuracy": 0.9821882951653944,
  "training_disc_loss": 0.05058929632883519,
  "training_gen_loss": 5.501146068572998,
  "training_loss": 4.1385068559646605,
  "training_cpu_memory_MB": 5865.712,
  "training_gpu_0_memory_MB": 14587,
  "training_gpu_1_memory_MB": 13029,
  "training_gpu_2_memory_MB": 14587,
  "training_gpu_3_memory_MB": 21435,
  "validation_accuracy": 0.3920570264765784,
  "validation_disc_loss": 2.807784049491572,
  "validation_gen_loss": 7.9531100901161755,
  "validation_loss": 6.66677856832985,
  "best_validation_accuracy": 0.40224032586558045,
  "best_validation_disc_loss": 2.7169789216382716,
  "best_validation_gen_loss": 7.789059491661506,
  "best_validation_loss": 6.521039323108952
}