{
  "best_epoch": 45,
  "peak_cpu_memory_MB": 5865.712,
  "peak_gpu_0_memory_MB": 14587,
  "peak_gpu_1_memory_MB": 13029,
  "peak_gpu_2_memory_MB": 14587,
  "peak_gpu_3_memory_MB": 21435,
  "training_duration": "0:26:12.857122",
  "training_start_epoch": 0,
  "training_epochs": 45,
  "epoch": 45,
  "training_accuracy": 0.9949109414758269,
  "training_disc_loss": 0.0237358158416464,
  "training_gen_loss": 5.307036561965942,
  "training_loss": 3.986211352348328,
  "training_cpu_memory_MB": 5865.712,
  "training_gpu_0_memory_MB": 14587,
  "training_gpu_1_memory_MB": 13029,
  "training_gpu_2_memory_MB": 14587,
  "training_gpu_3_memory_MB": 21435,
  "validation_accuracy": 0.4063136456211813,
  "validation_disc_loss": 2.732525302384927,
  "validation_gen_loss": 8.433721681920494,
  "validation_loss": 7.008422576315034,
  "best_validation_accuracy": 0.4063136456211813,
  "best_validation_disc_loss": 2.732525302384927,
  "best_validation_gen_loss": 8.433721681920494,
  "best_validation_loss": 7.008422576315034
}