{
  "best_epoch": 12,
  "peak_cpu_memory_MB": 5865.712,
  "peak_gpu_0_memory_MB": 14587,
  "peak_gpu_1_memory_MB": 13029,
  "peak_gpu_2_memory_MB": 14587,
  "peak_gpu_3_memory_MB": 21435,
  "training_duration": "0:08:28.891985",
  "training_start_epoch": 0,
  "training_epochs": 14,
  "epoch": 14,
  "training_accuracy": 0.8447837150127226,
  "training_disc_loss": 0.4707393915578723,
  "training_gen_loss": 5.81422568321228,
  "training_loss": 4.4783541774749756,
  "training_cpu_memory_MB": 5865.712,
  "training_gpu_0_memory_MB": 14333,
  "training_gpu_1_memory_MB": 13029,
  "training_gpu_2_memory_MB": 14587,
  "training_gpu_3_memory_MB": 21435,
  "validation_accuracy": 0.37983706720977595,
  "validation_disc_loss": 2.2954791047708776,
  "validation_gen_loss": 7.328161026404156,
  "validation_loss": 6.0699905496302655,
  "best_validation_accuracy": 0.3971486761710794,
  "best_validation_disc_loss": 1.8842516890386256,
  "best_validation_gen_loss": 7.206348345531681,
  "best_validation_loss": 5.875824207212867
}