{
  "best_epoch": 17,
  "peak_cpu_memory_MB": 5865.712,
  "peak_gpu_0_memory_MB": 14587,
  "peak_gpu_1_memory_MB": 13029,
  "peak_gpu_2_memory_MB": 14587,
  "peak_gpu_3_memory_MB": 21435,
  "training_duration": "0:11:23.959099",
  "training_start_epoch": 0,
  "training_epochs": 19,
  "epoch": 19,
  "training_accuracy": 0.9618320610687023,
  "training_disc_loss": 0.14265699110226707,
  "training_gen_loss": 5.629838094711304,
  "training_loss": 4.258042821884155,
  "training_cpu_memory_MB": 5865.712,
  "training_gpu_0_memory_MB": 14587,
  "training_gpu_1_memory_MB": 13029,
  "training_gpu_2_memory_MB": 14587,
  "training_gpu_3_memory_MB": 21435,
  "validation_accuracy": 0.335030549898167,
  "validation_disc_loss": 9.003145043442888,
  "validation_gen_loss": 8.52719090236881,
  "validation_loss": 8.646179400808442,
  "best_validation_accuracy": 0.40020366598778007,
  "best_validation_disc_loss": 2.3119508498083285,
  "best_validation_gen_loss": 7.459282072578988,
  "best_validation_loss": 6.1724492670074715
}