{
  "best_epoch": 12,
  "peak_cpu_memory_MB": 5865.712,
  "peak_gpu_0_memory_MB": 14587,
  "peak_gpu_1_memory_MB": 13029,
  "peak_gpu_2_memory_MB": 14587,
  "peak_gpu_3_memory_MB": 21435,
  "training_duration": "0:07:55.004009",
  "training_start_epoch": 0,
  "training_epochs": 13,
  "epoch": 13,
  "training_accuracy": 0.7684478371501272,
  "training_disc_loss": 0.6207905852794647,
  "training_gen_loss": 5.867373657226563,
  "training_loss": 4.555727882385254,
  "training_cpu_memory_MB": 5865.712,
  "training_gpu_0_memory_MB": 14587,
  "training_gpu_1_memory_MB": 13029,
  "training_gpu_2_memory_MB": 14587,
  "training_gpu_3_memory_MB": 21435,
  "validation_accuracy": 0.38289205702647655,
  "validation_disc_loss": 2.137313487083931,
  "validation_gen_loss": 7.238159032371955,
  "validation_loss": 5.962947643869292,
  "best_validation_accuracy": 0.3971486761710794,
  "best_validation_disc_loss": 1.8842516890386256,
  "best_validation_gen_loss": 7.206348345531681,
  "best_validation_loss": 5.875824207212867
}