{
  "best_epoch": 7,
  "peak_cpu_memory_MB": 5865.712,
  "peak_gpu_0_memory_MB": 14587,
  "peak_gpu_1_memory_MB": 13029,
  "peak_gpu_2_memory_MB": 14587,
  "peak_gpu_3_memory_MB": 21435,
  "training_duration": "0:04:56.220716",
  "training_start_epoch": 0,
  "training_epochs": 8,
  "epoch": 8,
  "training_accuracy": 0.549618320610687,
  "training_disc_loss": 1.220458979010582,
  "training_gen_loss": 6.131574983596802,
  "training_loss": 4.90379599571228,
  "training_cpu_memory_MB": 5865.712,
  "training_gpu_0_memory_MB": 14587,
  "training_gpu_1_memory_MB": 13029,
  "training_gpu_2_memory_MB": 14587,
  "training_gpu_3_memory_MB": 21435,
  "validation_accuracy": 0.37474541751527496,
  "validation_disc_loss": 1.4663428853197795,
  "validation_gen_loss": 6.973018173279801,
  "validation_loss": 5.596349347897662,
  "best_validation_accuracy": 0.3757637474541752,
  "best_validation_disc_loss": 1.498947406202797,
  "best_validation_gen_loss": 6.932243413072292,
  "best_validation_loss": 5.57391937767587
}