{
  "best_epoch": 7,
  "peak_cpu_memory_MB": 5865.712,
  "peak_gpu_0_memory_MB": 14587,
  "peak_gpu_1_memory_MB": 13029,
  "peak_gpu_2_memory_MB": 14587,
  "peak_gpu_3_memory_MB": 21435,
  "training_duration": "0:05:30.510952",
  "training_start_epoch": 0,
  "training_epochs": 9,
  "epoch": 9,
  "training_accuracy": 0.5928753180661578,
  "training_disc_loss": 1.1904617244005202,
  "training_gen_loss": 6.077141771316528,
  "training_loss": 4.855471820831299,
  "training_cpu_memory_MB": 5865.712,
  "training_gpu_0_memory_MB": 14587,
  "training_gpu_1_memory_MB": 13029,
  "training_gpu_2_memory_MB": 14587,
  "training_gpu_3_memory_MB": 21435,
  "validation_accuracy": 0.3625254582484725,
  "validation_disc_loss": 1.7230336239667443,
  "validation_gen_loss": 6.998552934910224,
  "validation_loss": 5.679673128980931,
  "best_validation_accuracy": 0.3757637474541752,
  "best_validation_disc_loss": 1.498947406202797,
  "best_validation_gen_loss": 6.932243413072292,
  "best_validation_loss": 5.57391937767587
}