{
  "best_epoch": 2,
  "peak_cpu_memory_MB": 5865.712,
  "peak_gpu_0_memory_MB": 14587,
  "peak_gpu_1_memory_MB": 13029,
  "peak_gpu_2_memory_MB": 14587,
  "peak_gpu_3_memory_MB": 21435,
  "training_duration": "0:02:37.030521",
  "training_start_epoch": 0,
  "training_epochs": 4,
  "epoch": 4,
  "training_accuracy": 0.361323155216285,
  "training_disc_loss": 1.8899323182180523,
  "training_gen_loss": 6.5074614238739015,
  "training_loss": 5.353079099655151,
  "training_cpu_memory_MB": 5865.712,
  "training_gpu_0_memory_MB": 14587,
  "training_gpu_1_memory_MB": 13029,
  "training_gpu_2_memory_MB": 14587,
  "training_gpu_3_memory_MB": 21435,
  "validation_accuracy": 0.34317718940936864,
  "validation_disc_loss": 1.291323561978534,
  "validation_gen_loss": 7.09897047135888,
  "validation_loss": 5.647058719541969,
  "best_validation_accuracy": 0.3574338085539715,
  "best_validation_disc_loss": 3.2191781270794753,
  "best_validation_gen_loss": 7.02796644893119,
  "best_validation_loss": 6.0757693352738045
}