{
  "best_epoch": 0,
  "peak_cpu_memory_MB": 5865.712,
  "peak_gpu_0_memory_MB": 14587,
  "peak_gpu_1_memory_MB": 13029,
  "peak_gpu_2_memory_MB": 14587,
  "peak_gpu_3_memory_MB": 21435,
  "training_duration": "0:00:58.679944",
  "training_start_epoch": 0,
  "training_epochs": 1,
  "epoch": 1,
  "training_accuracy": 0.3282442748091603,
  "training_disc_loss": 2.2368991923332215,
  "training_gen_loss": 6.998580322265625,
  "training_loss": 5.808159990310669,
  "training_cpu_memory_MB": 5865.712,
  "training_gpu_0_memory_MB": 14587,
  "training_gpu_1_memory_MB": 13029,
  "training_gpu_2_memory_MB": 14587,
  "training_gpu_3_memory_MB": 21435,
  "validation_accuracy": 0.3319755600814664,
  "validation_disc_loss": 1.2605332916345053,
  "validation_gen_loss": 7.019343701804557,
  "validation_loss": 5.579641078545795,
  "best_validation_accuracy": 0.3319755600814664,
  "best_validation_disc_loss": 9.85675146133919,
  "best_validation_gen_loss": 9.86251727933806,
  "best_validation_loss": 9.861075851006236
}