{
  "best_epoch": 22,
  "peak_cpu_memory_MB": 5865.712,
  "peak_gpu_0_memory_MB": 14587,
  "peak_gpu_1_memory_MB": 13029,
  "peak_gpu_2_memory_MB": 14587,
  "peak_gpu_3_memory_MB": 21435,
  "training_duration": "0:17:41.882886",
  "training_start_epoch": 0,
  "training_epochs": 30,
  "epoch": 30,
  "training_accuracy": 0.9821882951653944,
  "training_disc_loss": 0.05240197515580803,
  "training_gen_loss": 5.46526517868042,
  "training_loss": 4.112049384117126,
  "training_cpu_memory_MB": 5865.712,
  "training_gpu_0_memory_MB": 14587,
  "training_gpu_1_memory_MB": 13029,
  "training_gpu_2_memory_MB": 14587,
  "training_gpu_3_memory_MB": 21435,
  "validation_accuracy": 0.39307535641547864,
  "validation_disc_loss": 2.757294236644497,
  "validation_gen_loss": 7.993899484960044,
  "validation_loss": 6.684748207650533,
  "best_validation_accuracy": 0.40224032586558045,
  "best_validation_disc_loss": 2.7169789216382716,
  "best_validation_gen_loss": 7.789059491661506,
  "best_validation_loss": 6.521039323108952
}