{
  "best_epoch": 17,
  "peak_cpu_memory_MB": 5865.712,
  "peak_gpu_0_memory_MB": 14587,
  "peak_gpu_1_memory_MB": 13029,
  "peak_gpu_2_memory_MB": 14587,
  "peak_gpu_3_memory_MB": 21435,
  "training_duration": "0:10:11.644686",
  "training_start_epoch": 0,
  "training_epochs": 17,
  "epoch": 17,
  "training_accuracy": 0.8956743002544529,
  "training_disc_loss": 0.293095072247088,
  "training_gen_loss": 5.718249750137329,
  "training_loss": 4.361961088180542,
  "training_cpu_memory_MB": 5865.712,
  "training_gpu_0_memory_MB": 14587,
  "training_gpu_1_memory_MB": 13029,
  "training_gpu_2_memory_MB": 14587,
  "training_gpu_3_memory_MB": 21435,
  "validation_accuracy": 0.40020366598778007,
  "validation_disc_loss": 2.3119508498083285,
  "validation_gen_loss": 7.459282072578988,
  "validation_loss": 6.1724492670074715,
  "best_validation_accuracy": 0.40020366598778007,
  "best_validation_disc_loss": 2.3119508498083285,
  "best_validation_gen_loss": 7.459282072578988,
  "best_validation_loss": 6.1724492670074715
}