{
  "best_epoch": 52,
  "peak_cpu_memory_MB": 5865.712,
  "peak_gpu_0_memory_MB": 14587,
  "peak_gpu_1_memory_MB": 13029,
  "peak_gpu_2_memory_MB": 14587,
  "peak_gpu_3_memory_MB": 21435,
  "training_duration": "0:32:33.588067",
  "training_start_epoch": 0,
  "training_epochs": 56,
  "epoch": 56,
  "training_accuracy": 0.9974554707379135,
  "training_disc_loss": 0.009357749244372826,
  "training_gen_loss": 5.248472766876221,
  "training_loss": 3.9386939907073977,
  "training_cpu_memory_MB": 5865.712,
  "training_gpu_0_memory_MB": 14587,
  "training_gpu_1_memory_MB": 13029,
  "training_gpu_2_memory_MB": 14587,
  "training_gpu_3_memory_MB": 21435,
  "validation_accuracy": 0.39613034623217924,
  "validation_disc_loss": 2.9141743173444175,
  "validation_gen_loss": 8.637527427053064,
  "validation_loss": 7.206689105770452,
  "best_validation_accuracy": 0.4073319755600815,
  "best_validation_disc_loss": 3.1769325708955285,
  "best_validation_gen_loss": 8.689479002138464,
  "best_validation_loss": 7.311342382818703
}