{
  "best_epoch": 22,
  "peak_cpu_memory_MB": 5865.712,
  "peak_gpu_0_memory_MB": 14587,
  "peak_gpu_1_memory_MB": 13029,
  "peak_gpu_2_memory_MB": 14587,
  "peak_gpu_3_memory_MB": 21435,
  "training_duration": "0:17:08.197177",
  "training_start_epoch": 0,
  "training_epochs": 29,
  "epoch": 29,
  "training_accuracy": 0.9821882951653944,
  "training_disc_loss": 0.06314944757323246,
  "training_gen_loss": 5.488382968902588,
  "training_loss": 4.132074618339539,
  "training_cpu_memory_MB": 5865.712,
  "training_gpu_0_memory_MB": 14587,
  "training_gpu_1_memory_MB": 13029,
  "training_gpu_2_memory_MB": 14587,
  "training_gpu_3_memory_MB": 21435,
  "validation_accuracy": 0.37067209775967414,
  "validation_disc_loss": 4.100121779170463,
  "validation_gen_loss": 8.094671319170695,
  "validation_loss": 7.096033902672248,
  "best_validation_accuracy": 0.40224032586558045,
  "best_validation_disc_loss": 2.7169789216382716,
  "best_validation_gen_loss": 7.789059491661506,
  "best_validation_loss": 6.521039323108952
}