{
  "best_epoch": 22,
  "peak_cpu_memory_MB": 5865.712,
  "peak_gpu_0_memory_MB": 14587,
  "peak_gpu_1_memory_MB": 13029,
  "peak_gpu_2_memory_MB": 14587,
  "peak_gpu_3_memory_MB": 21435,
  "training_duration": "0:14:18.056434",
  "training_start_epoch": 0,
  "training_epochs": 24,
  "epoch": 24,
  "training_accuracy": 0.9720101781170484,
  "training_disc_loss": 0.08885959482635371,
  "training_gen_loss": 5.543104972839355,
  "training_loss": 4.179543633460998,
  "training_cpu_memory_MB": 5865.712,
  "training_gpu_0_memory_MB": 14587,
  "training_gpu_1_memory_MB": 13029,
  "training_gpu_2_memory_MB": 14587,
  "training_gpu_3_memory_MB": 21435,
  "validation_accuracy": 0.3879837067209776,
  "validation_disc_loss": 2.523905399853621,
  "validation_gen_loss": 7.755238916815781,
  "validation_loss": 6.447405501109798,
  "best_validation_accuracy": 0.40224032586558045,
  "best_validation_disc_loss": 2.7169789216382716,
  "best_validation_gen_loss": 7.789059491661506,
  "best_validation_loss": 6.521039323108952
}