{
  "best_epoch": 31,
  "peak_cpu_memory_MB": 5865.712,
  "peak_gpu_0_memory_MB": 14587,
  "peak_gpu_1_memory_MB": 13029,
  "peak_gpu_2_memory_MB": 14587,
  "peak_gpu_3_memory_MB": 21435,
  "training_duration": "0:20:01.376310",
  "training_start_epoch": 0,
  "training_epochs": 34,
  "epoch": 34,
  "training_accuracy": 0.9923664122137404,
  "training_disc_loss": 0.03169333670288324,
  "training_gen_loss": 5.435122909545899,
  "training_loss": 4.084265522956848,
  "training_cpu_memory_MB": 5865.712,
  "training_gpu_0_memory_MB": 14587,
  "training_gpu_1_memory_MB": 13029,
  "training_gpu_2_memory_MB": 14587,
  "training_gpu_3_memory_MB": 21435,
  "validation_accuracy": 0.3981670061099796,
  "validation_disc_loss": 2.7670090736412423,
  "validation_gen_loss": 8.137046829471743,
  "validation_loss": 6.794537389181493,
  "best_validation_accuracy": 0.40529531568228105,
  "best_validation_disc_loss": 2.7251569405803835,
  "best_validation_gen_loss": 8.010264346270057,
  "best_validation_loss": 6.688987479946477
}