{
  "best_epoch": 0,
  "peak_cpu_memory_MB": 5865.712,
  "peak_gpu_0_memory_MB": 14587,
  "peak_gpu_1_memory_MB": 13029,
  "peak_gpu_2_memory_MB": 2617,
  "peak_gpu_3_memory_MB": 21435,
  "training_duration": "0:00:25.464787",
  "training_start_epoch": 0,
  "training_epochs": 0,
  "epoch": 0,
  "training_accuracy": 0.3816793893129771,
  "training_disc_loss": 9.395184296369553,
  "training_gen_loss": 11.164998588562012,
  "training_loss": 10.722545022964477,
  "training_cpu_memory_MB": 5865.712,
  "training_gpu_0_memory_MB": 14587,
  "training_gpu_1_memory_MB": 13029,
  "training_gpu_2_memory_MB": 2617,
  "training_gpu_3_memory_MB": 21435,
  "validation_accuracy": 0.3319755600814664,
  "validation_disc_loss": 9.85675146133919,
  "validation_gen_loss": 9.86251727933806,
  "validation_loss": 9.861075851006236,
  "best_validation_accuracy": 0.3319755600814664,
  "best_validation_disc_loss": 9.85675146133919,
  "best_validation_gen_loss": 9.86251727933806,
  "best_validation_loss": 9.861075851006236
}