{
  "best_epoch": 31,
  "peak_cpu_memory_MB": 5865.712,
  "peak_gpu_0_memory_MB": 14587,
  "peak_gpu_1_memory_MB": 13029,
  "peak_gpu_2_memory_MB": 14587,
  "peak_gpu_3_memory_MB": 21435,
  "training_duration": "0:21:09.151077",
  "training_start_epoch": 0,
  "training_epochs": 36,
  "epoch": 36,
  "training_accuracy": 0.9872773536895675,
  "training_disc_loss": 0.03534459098998923,
  "training_gen_loss": 5.370612411499024,
  "training_loss": 4.036795468330383,
  "training_cpu_memory_MB": 5865.712,
  "training_gpu_0_memory_MB": 14587,
  "training_gpu_1_memory_MB": 13029,
  "training_gpu_2_memory_MB": 14587,
  "training_gpu_3_memory_MB": 21435,
  "validation_accuracy": 0.3859470468431772,
  "validation_disc_loss": 2.7766251195737017,
  "validation_gen_loss": 8.285200560965189,
  "validation_loss": 6.908056716608807,
  "best_validation_accuracy": 0.40529531568228105,
  "best_validation_disc_loss": 2.7251569405803835,
  "best_validation_gen_loss": 8.010264346270057,
  "best_validation_loss": 6.688987479946477
}