{
  "best_epoch": 52,
  "peak_cpu_memory_MB": 5865.712,
  "peak_gpu_0_memory_MB": 14587,
  "peak_gpu_1_memory_MB": 13029,
  "peak_gpu_2_memory_MB": 14587,
  "peak_gpu_3_memory_MB": 21435,
  "training_duration": "0:34:16.020557",
  "training_start_epoch": 0,
  "training_epochs": 59,
  "epoch": 59,
  "training_accuracy": 1.0,
  "training_disc_loss": 0.006698648281744681,
  "training_gen_loss": 5.224539632797241,
  "training_loss": 3.920079383850098,
  "training_cpu_memory_MB": 5865.712,
  "training_gpu_0_memory_MB": 14587,
  "training_gpu_1_memory_MB": 13029,
  "training_gpu_2_memory_MB": 14587,
  "training_gpu_3_memory_MB": 21435,
  "validation_accuracy": 0.39613034623217924,
  "validation_disc_loss": 2.917223692909489,
  "validation_gen_loss": 8.638641803245234,
  "validation_loss": 7.208287262335056,
  "best_validation_accuracy": 0.4073319755600815,
  "best_validation_disc_loss": 3.1769325708955285,
  "best_validation_gen_loss": 8.689479002138464,
  "best_validation_loss": 7.311342382818703
}