{
  "best_epoch": 52,
  "peak_cpu_memory_MB": 5865.712,
  "peak_gpu_0_memory_MB": 14587,
  "peak_gpu_1_memory_MB": 13029,
  "peak_gpu_2_memory_MB": 14587,
  "peak_gpu_3_memory_MB": 21435,
  "training_duration": "0:31:25.973112",
  "training_start_epoch": 0,
  "training_epochs": 54,
  "epoch": 54,
  "training_accuracy": 0.9949109414758269,
  "training_disc_loss": 0.026194727507136122,
  "training_gen_loss": 5.232571964263916,
  "training_loss": 3.9309776544570925,
  "training_cpu_memory_MB": 5865.712,
  "training_gpu_0_memory_MB": 14587,
  "training_gpu_1_memory_MB": 13029,
  "training_gpu_2_memory_MB": 14587,
  "training_gpu_3_memory_MB": 21435,
  "validation_accuracy": 0.39613034623217924,
  "validation_disc_loss": 2.871624133935789,
  "validation_gen_loss": 8.540586149789453,
  "validation_loss": 7.123345611541252,
  "best_validation_accuracy": 0.4073319755600815,
  "best_validation_disc_loss": 3.1769325708955285,
  "best_validation_gen_loss": 8.689479002138464,
  "best_validation_loss": 7.311342382818703
}