{
  "best_epoch": 5,
  "peak_cpu_memory_MB": 5865.712,
  "peak_gpu_0_memory_MB": 14587,
  "peak_gpu_1_memory_MB": 13029,
  "peak_gpu_2_memory_MB": 14587,
  "peak_gpu_3_memory_MB": 21435,
  "training_duration": "0:03:45.726307",
  "training_start_epoch": 0,
  "training_epochs": 6,
  "epoch": 6,
  "training_accuracy": 0.34096692111959287,
  "training_disc_loss": 1.6479083824157714,
  "training_gen_loss": 6.274209232330322,
  "training_loss": 5.117634057998657,
  "training_cpu_memory_MB": 5865.712,
  "training_gpu_0_memory_MB": 14587,
  "training_gpu_1_memory_MB": 13029,
  "training_gpu_2_memory_MB": 14587,
  "training_gpu_3_memory_MB": 21435,
  "validation_accuracy": 0.3564154786150713,
  "validation_disc_loss": 2.9506247741420095,
  "validation_gen_loss": 7.544796327265297,
  "validation_loss": 6.396253477267133,
  "best_validation_accuracy": 0.37067209775967414,
  "best_validation_disc_loss": 1.136302657243682,
  "best_validation_gen_loss": 6.861222538521619,
  "best_validation_loss": 5.429992594370028
}