{
  "best_epoch": 1,
  "peak_cpu_memory_MB": 6823.988,
  "peak_gpu_0_memory_MB": 5289,
  "peak_gpu_1_memory_MB": 21577,
  "peak_gpu_2_memory_MB": 20715,
  "peak_gpu_3_memory_MB": 5417,
  "training_duration": "1:00:38.946100",
  "training_start_epoch": 0,
  "training_epochs": 1,
  "epoch": 1,
  "training_accuracy": 0.8675331421790569,
  "training_loss": 0.35064897494089475,
  "training_cpu_memory_MB": 6823.988,
  "training_gpu_0_memory_MB": 5289,
  "training_gpu_1_memory_MB": 21577,
  "training_gpu_2_memory_MB": 20715,
  "training_gpu_3_memory_MB": 5417,
  "validation_accuracy": 0.8439123790117168,
  "validation_loss": 0.42722567202408074,
  "best_validation_accuracy": 0.8439123790117168,
  "best_validation_loss": 0.42722567202408074
}