{
  "best_epoch": 0,
  "peak_cpu_memory_MB": 6823.988,
  "peak_gpu_0_memory_MB": 1475,
  "peak_gpu_1_memory_MB": 21577,
  "peak_gpu_2_memory_MB": 20715,
  "peak_gpu_3_memory_MB": 12,
  "training_duration": "0:30:18.083160",
  "training_start_epoch": 0,
  "training_epochs": 0,
  "epoch": 0,
  "training_accuracy": 0.7731740607381679,
  "training_loss": 0.5507677101458495,
  "training_cpu_memory_MB": 6823.988,
  "training_gpu_0_memory_MB": 1475,
  "training_gpu_1_memory_MB": 21577,
  "training_gpu_2_memory_MB": 20715,
  "training_gpu_3_memory_MB": 12,
  "validation_accuracy": 0.8229240957717779,
  "validation_loss": 0.45702464766921747,
  "best_validation_accuracy": 0.8229240957717779,
  "best_validation_loss": 0.45702464766921747
}