{
  "best_epoch": 2,
  "peak_cpu_memory_MB": 8041.144,
  "peak_gpu_0_memory_MB": 14587,
  "peak_gpu_1_memory_MB": 13029,
  "peak_gpu_2_memory_MB": 14587,
  "peak_gpu_3_memory_MB": 21435,
  "training_duration": "3:18:25.072192",
  "training_start_epoch": 0,
  "training_epochs": 2,
  "epoch": 2,
  "training_accuracy": 0.9188264892972279,
  "training_loss": 0.22253741741980604,
  "training_cpu_memory_MB": 8041.144,
  "training_gpu_0_memory_MB": 14587,
  "training_gpu_1_memory_MB": 13029,
  "training_gpu_2_memory_MB": 14587,
  "training_gpu_3_memory_MB": 21435,
  "validation_accuracy": 0.9074885379521141,
  "validation_loss": 0.26994690678843847,
  "best_validation_accuracy": 0.9074885379521141,
  "best_validation_loss": 0.26994690678843847
}