{
  "best_epoch": 21,
  "peak_cpu_memory_MB": 5866.576,
  "peak_gpu_0_memory_MB": 14587,
  "peak_gpu_1_memory_MB": 13029,
  "peak_gpu_2_memory_MB": 14587,
  "peak_gpu_3_memory_MB": 21435,
  "training_duration": "0:13:26.346428",
  "training_start_epoch": 0,
  "training_epochs": 24,
  "epoch": 24,
  "training_accuracy": 0.9847328244274809,
  "training_disc_loss": 0.05756646993299,
  "training_gen_loss": 5.462927904129028,
  "training_loss": 4.111587548255921,
  "training_cpu_memory_MB": 5866.576,
  "training_gpu_0_memory_MB": 14587,
  "training_gpu_1_memory_MB": 13029,
  "training_gpu_2_memory_MB": 14587,
  "training_gpu_3_memory_MB": 21435,
  "validation_accuracy": 0.3971486761710794,
  "validation_disc_loss": 2.295149612717512,
  "validation_gen_loss": 8.664856402854609,
  "validation_loss": 7.072429684119496,
  "best_validation_accuracy": 0.40325865580448067,
  "best_validation_disc_loss": 2.0936128591618886,
  "best_validation_gen_loss": 8.195393011821963,
  "best_validation_loss": 6.669947984741955
}