{
  "best_epoch": 0,
  "peak_cpu_memory_MB": 5866.576,
  "peak_gpu_0_memory_MB": 2617,
  "peak_gpu_1_memory_MB": 13029,
  "peak_gpu_2_memory_MB": 14587,
  "peak_gpu_3_memory_MB": 21435,
  "training_duration": "0:00:25.297949",
  "training_start_epoch": 0,
  "training_epochs": 0,
  "epoch": 0,
  "training_accuracy": 0.3994910941475827,
  "training_disc_loss": 8.609348042011261,
  "training_gen_loss": 9.396907758712768,
  "training_loss": 9.200017738342286,
  "training_cpu_memory_MB": 5866.576,
  "training_gpu_0_memory_MB": 2617,
  "training_gpu_1_memory_MB": 13029,
  "training_gpu_2_memory_MB": 14587,
  "training_gpu_3_memory_MB": 21435,
  "validation_accuracy": 0.31466395112016293,
  "validation_disc_loss": 5.9530593709247865,
  "validation_gen_loss": 7.556989103797974,
  "validation_loss": 7.156006646350147,
  "best_validation_accuracy": 0.31466395112016293,
  "best_validation_disc_loss": 5.9530593709247865,
  "best_validation_gen_loss": 7.556989103797974,
  "best_validation_loss": 7.156006646350147
}