{
  "best_epoch": 21,
  "peak_cpu_memory_MB": 5866.576,
  "peak_gpu_0_memory_MB": 14587,
  "peak_gpu_1_memory_MB": 13029,
  "peak_gpu_2_memory_MB": 14587,
  "peak_gpu_3_memory_MB": 21435,
  "training_duration": "0:13:57.233847",
  "training_start_epoch": 0,
  "training_epochs": 25,
  "epoch": 25,
  "training_accuracy": 0.9872773536895675,
  "training_disc_loss": 0.05850654482725076,
  "training_gen_loss": 5.446356267929077,
  "training_loss": 4.099393787384034,
  "training_cpu_memory_MB": 5866.576,
  "training_gpu_0_memory_MB": 14587,
  "training_gpu_1_memory_MB": 13029,
  "training_gpu_2_memory_MB": 14587,
  "training_gpu_3_memory_MB": 21435,
  "validation_accuracy": 0.3818737270875764,
  "validation_disc_loss": 3.0219951974667185,
  "validation_gen_loss": 8.58829458748422,
  "validation_loss": 7.1967197356185295,
  "best_validation_accuracy": 0.40325865580448067,
  "best_validation_disc_loss": 2.0936128591618886,
  "best_validation_gen_loss": 8.195393011821963,
  "best_validation_loss": 6.669947984741955
}