{
  "best_epoch": 13,
  "peak_cpu_memory_MB": 5866.576,
  "peak_gpu_0_memory_MB": 14587,
  "peak_gpu_1_memory_MB": 13029,
  "peak_gpu_2_memory_MB": 14587,
  "peak_gpu_3_memory_MB": 21435,
  "training_duration": "0:08:44.228477",
  "training_start_epoch": 0,
  "training_epochs": 15,
  "epoch": 15,
  "training_accuracy": 0.6870229007633588,
  "training_disc_loss": 0.8021537837386131,
  "training_gen_loss": 5.8338477993011475,
  "training_loss": 4.575924263000489,
  "training_cpu_memory_MB": 5866.576,
  "training_gpu_0_memory_MB": 14587,
  "training_gpu_1_memory_MB": 13029,
  "training_gpu_2_memory_MB": 14587,
  "training_gpu_3_memory_MB": 21435,
  "validation_accuracy": 0.38289205702647655,
  "validation_disc_loss": 1.7107650603705304,
  "validation_gen_loss": 7.78975730601365,
  "validation_loss": 6.270009215285138,
  "best_validation_accuracy": 0.395112016293279,
  "best_validation_disc_loss": 1.405345230567746,
  "best_validation_gen_loss": 7.73779608563679,
  "best_validation_loss": 6.154683384468885
}