{
  "best_epoch": 21,
  "peak_cpu_memory_MB": 5866.576,
  "peak_gpu_0_memory_MB": 14587,
  "peak_gpu_1_memory_MB": 13029,
  "peak_gpu_2_memory_MB": 14587,
  "peak_gpu_3_memory_MB": 21435,
  "training_duration": "0:16:00.403983",
  "training_start_epoch": 0,
  "training_epochs": 29,
  "epoch": 29,
  "training_accuracy": 0.9872773536895675,
  "training_disc_loss": 0.046835217652842404,
  "training_gen_loss": 5.39588963508606,
  "training_loss": 4.05862606048584,
  "training_cpu_memory_MB": 5866.576,
  "training_gpu_0_memory_MB": 14587,
  "training_gpu_1_memory_MB": 13029,
  "training_gpu_2_memory_MB": 14587,
  "training_gpu_3_memory_MB": 21435,
  "validation_accuracy": 0.3757637474541752,
  "validation_disc_loss": 2.775411556406719,
  "validation_gen_loss": 8.81073892407301,
  "validation_loss": 7.301907054777068,
  "best_validation_accuracy": 0.40325865580448067,
  "best_validation_disc_loss": 2.0936128591618886,
  "best_validation_gen_loss": 8.195393011821963,
  "best_validation_loss": 6.669947984741955
}