{
  "best_epoch": 13,
  "peak_cpu_memory_MB": 5866.576,
  "peak_gpu_0_memory_MB": 14587,
  "peak_gpu_1_memory_MB": 13029,
  "peak_gpu_2_memory_MB": 14587,
  "peak_gpu_3_memory_MB": 21435,
  "training_duration": "0:10:17.024102",
  "training_start_epoch": 0,
  "training_epochs": 18,
  "epoch": 18,
  "training_accuracy": 0.8702290076335878,
  "training_disc_loss": 0.32648159002885224,
  "training_gen_loss": 5.694482851028442,
  "training_loss": 4.352482500076294,
  "training_cpu_memory_MB": 5866.576,
  "training_gpu_0_memory_MB": 14587,
  "training_gpu_1_memory_MB": 13029,
  "training_gpu_2_memory_MB": 14587,
  "training_gpu_3_memory_MB": 21435,
  "validation_accuracy": 0.3788187372708758,
  "validation_disc_loss": 2.129100173469481,
  "validation_gen_loss": 7.980668428467541,
  "validation_loss": 6.517776376832791,
  "best_validation_accuracy": 0.395112016293279,
  "best_validation_disc_loss": 1.405345230567746,
  "best_validation_gen_loss": 7.73779608563679,
  "best_validation_loss": 6.154683384468885
}