{
  "best_epoch": 2,
  "peak_cpu_memory_MB": 5866.576,
  "peak_gpu_0_memory_MB": 14587,
  "peak_gpu_1_memory_MB": 13029,
  "peak_gpu_2_memory_MB": 14587,
  "peak_gpu_3_memory_MB": 21435,
  "training_duration": "0:01:27.646283",
  "training_start_epoch": 0,
  "training_epochs": 2,
  "epoch": 2,
  "training_accuracy": 0.2900763358778626,
  "training_disc_loss": 2.096861870288849,
  "training_gen_loss": 6.5374487686157225,
  "training_loss": 5.427302026748658,
  "training_cpu_memory_MB": 5866.576,
  "training_gpu_0_memory_MB": 14587,
  "training_gpu_1_memory_MB": 13029,
  "training_gpu_2_memory_MB": 14587,
  "training_gpu_3_memory_MB": 21435,
  "validation_accuracy": 0.329938900203666,
  "validation_disc_loss": 1.290129387766365,
  "validation_gen_loss": 7.037619203086791,
  "validation_loss": 5.600746767307685,
  "best_validation_accuracy": 0.329938900203666,
  "best_validation_disc_loss": 1.290129387766365,
  "best_validation_gen_loss": 7.037619203086791,
  "best_validation_loss": 5.600746767307685
}