{
  "best_epoch": 0,
  "peak_cpu_memory_MB": 5866.576,
  "peak_gpu_0_memory_MB": 14587,
  "peak_gpu_1_memory_MB": 13029,
  "peak_gpu_2_memory_MB": 14587,
  "peak_gpu_3_memory_MB": 21435,
  "training_duration": "0:00:57.251602",
  "training_start_epoch": 0,
  "training_epochs": 1,
  "epoch": 1,
  "training_accuracy": 0.3384223918575064,
  "training_disc_loss": 3.096707603931427,
  "training_gen_loss": 6.92192756652832,
  "training_loss": 5.96562255859375,
  "training_cpu_memory_MB": 5866.576,
  "training_gpu_0_memory_MB": 14587,
  "training_gpu_1_memory_MB": 13029,
  "training_gpu_2_memory_MB": 14587,
  "training_gpu_3_memory_MB": 21435,
  "validation_accuracy": 0.3136456211812627,
  "validation_disc_loss": 1.0989996349908473,
  "validation_gen_loss": 7.186223584461987,
  "validation_loss": 5.664417604120766,
  "best_validation_accuracy": 0.31466395112016293,
  "best_validation_disc_loss": 5.9530593709247865,
  "best_validation_gen_loss": 7.556989103797974,
  "best_validation_loss": 7.156006646350147
}