{
  "best_epoch": 3,
  "peak_cpu_memory_MB": 5866.576,
  "peak_gpu_0_memory_MB": 14587,
  "peak_gpu_1_memory_MB": 13029,
  "peak_gpu_2_memory_MB": 14587,
  "peak_gpu_3_memory_MB": 21435,
  "training_duration": "0:02:41.672575",
  "training_start_epoch": 0,
  "training_epochs": 4,
  "epoch": 4,
  "training_accuracy": 0.3333333333333333,
  "training_disc_loss": 1.9556296849250794,
  "training_gen_loss": 6.301410427093506,
  "training_loss": 5.214965219497681,
  "training_cpu_memory_MB": 5866.576,
  "training_gpu_0_memory_MB": 14587,
  "training_gpu_1_memory_MB": 13029,
  "training_gpu_2_memory_MB": 14587,
  "training_gpu_3_memory_MB": 21435,
  "validation_accuracy": 0.3411405295315682,
  "validation_disc_loss": 1.0985379577652226,
  "validation_gen_loss": 6.991242780918029,
  "validation_loss": 5.518066588456069,
  "best_validation_accuracy": 0.34419551934826886,
  "best_validation_disc_loss": 1.0986870798638197,
  "best_validation_gen_loss": 6.894381612296996,
  "best_validation_loss": 5.445457970223775
}