{
  "best_epoch": 21,
  "peak_cpu_memory_MB": 5866.576,
  "peak_gpu_0_memory_MB": 14587,
  "peak_gpu_1_memory_MB": 13029,
  "peak_gpu_2_memory_MB": 14587,
  "peak_gpu_3_memory_MB": 21435,
  "training_duration": "0:14:27.797415",
  "training_start_epoch": 0,
  "training_epochs": 26,
  "epoch": 26,
  "training_accuracy": 0.9796437659033079,
  "training_disc_loss": 0.06070254459686111,
  "training_gen_loss": 5.427518615722656,
  "training_loss": 4.085814580917359,
  "training_cpu_memory_MB": 5866.576,
  "training_gpu_0_memory_MB": 14587,
  "training_gpu_1_memory_MB": 13029,
  "training_gpu_2_memory_MB": 14587,
  "training_gpu_3_memory_MB": 21435,
  "validation_accuracy": 0.37372708757637474,
  "validation_disc_loss": 2.95852162537536,
  "validation_gen_loss": 8.57027576803192,
  "validation_loss": 7.167337247026645,
  "best_validation_accuracy": 0.40325865580448067,
  "best_validation_disc_loss": 2.0936128591618886,
  "best_validation_gen_loss": 8.195393011821963,
  "best_validation_loss": 6.669947984741955
}