{
  "best_epoch": 13,
  "peak_cpu_memory_MB": 5866.576,
  "peak_gpu_0_memory_MB": 14587,
  "peak_gpu_1_memory_MB": 13029,
  "peak_gpu_2_memory_MB": 14587,
  "peak_gpu_3_memory_MB": 21435,
  "training_duration": "0:11:18.794499",
  "training_start_epoch": 0,
  "training_epochs": 20,
  "epoch": 20,
  "training_accuracy": 0.9312977099236641,
  "training_disc_loss": 0.1692415052652359,
  "training_gen_loss": 5.611672973632812,
  "training_loss": 4.251065082550049,
  "training_cpu_memory_MB": 5866.576,
  "training_gpu_0_memory_MB": 14587,
  "training_gpu_1_memory_MB": 13029,
  "training_gpu_2_memory_MB": 14587,
  "training_gpu_3_memory_MB": 21435,
  "validation_accuracy": 0.37067209775967414,
  "validation_disc_loss": 2.4907465262141653,
  "validation_gen_loss": 8.138772906326667,
  "validation_loss": 6.726766311056245,
  "best_validation_accuracy": 0.395112016293279,
  "best_validation_disc_loss": 1.405345230567746,
  "best_validation_gen_loss": 7.73779608563679,
  "best_validation_loss": 6.154683384468885
}