{
  "best_epoch": 7,
  "peak_cpu_memory_MB": 5866.576,
  "peak_gpu_0_memory_MB": 14587,
  "peak_gpu_1_memory_MB": 13029,
  "peak_gpu_2_memory_MB": 14587,
  "peak_gpu_3_memory_MB": 21435,
  "training_duration": "0:06:04.477272",
  "training_start_epoch": 0,
  "training_epochs": 10,
  "epoch": 10,
  "training_accuracy": 0.5114503816793893,
  "training_disc_loss": 1.1939866313338279,
  "training_gen_loss": 5.957317838668823,
  "training_loss": 4.766485004425049,
  "training_cpu_memory_MB": 5866.576,
  "training_gpu_0_memory_MB": 14587,
  "training_gpu_1_memory_MB": 13029,
  "training_gpu_2_memory_MB": 14587,
  "training_gpu_3_memory_MB": 21435,
  "validation_accuracy": 0.3788187372708758,
  "validation_disc_loss": 1.2781289917666738,
  "validation_gen_loss": 7.492015524608333,
  "validation_loss": 5.938543901210878,
  "best_validation_accuracy": 0.37983706720977595,
  "best_validation_disc_loss": 1.153437722989214,
  "best_validation_gen_loss": 7.265007910689687,
  "best_validation_loss": 5.737115363764569
}