{
  "best_epoch": 21,
  "peak_cpu_memory_MB": 5866.576,
  "peak_gpu_0_memory_MB": 14587,
  "peak_gpu_1_memory_MB": 13029,
  "peak_gpu_2_memory_MB": 14587,
  "peak_gpu_3_memory_MB": 21435,
  "training_duration": "0:11:49.872157",
  "training_start_epoch": 0,
  "training_epochs": 21,
  "epoch": 21,
  "training_accuracy": 0.9465648854961832,
  "training_disc_loss": 0.15419344045454636,
  "training_gen_loss": 5.599418897628784,
  "training_loss": 4.238112502098083,
  "training_cpu_memory_MB": 5866.576,
  "training_gpu_0_memory_MB": 14587,
  "training_gpu_1_memory_MB": 13029,
  "training_gpu_2_memory_MB": 14587,
  "training_gpu_3_memory_MB": 21435,
  "validation_accuracy": 0.40325865580448067,
  "validation_disc_loss": 2.0936128591618886,
  "validation_gen_loss": 8.195393011821963,
  "validation_loss": 6.669947984741955,
  "best_validation_accuracy": 0.40325865580448067,
  "best_validation_disc_loss": 2.0936128591618886,
  "best_validation_gen_loss": 8.195393011821963,
  "best_validation_loss": 6.669947984741955
}