{
  "best_epoch": 13,
  "peak_cpu_memory_MB": 5866.576,
  "peak_gpu_0_memory_MB": 14587,
  "peak_gpu_1_memory_MB": 13029,
  "peak_gpu_2_memory_MB": 14587,
  "peak_gpu_3_memory_MB": 21435,
  "training_duration": "0:09:15.001018",
  "training_start_epoch": 0,
  "training_epochs": 16,
  "epoch": 16,
  "training_accuracy": 0.7989821882951654,
  "training_disc_loss": 0.5306392122805118,
  "training_gen_loss": 5.7794114685058595,
  "training_loss": 4.467218399047852,
  "training_cpu_memory_MB": 5866.576,
  "training_gpu_0_memory_MB": 14587,
  "training_gpu_1_memory_MB": 13029,
  "training_gpu_2_memory_MB": 14587,
  "training_gpu_3_memory_MB": 21435,
  "validation_accuracy": 0.37169042769857435,
  "validation_disc_loss": 1.8719542462651322,
  "validation_gen_loss": 7.8769800721145256,
  "validation_loss": 6.375723594572486,
  "best_validation_accuracy": 0.395112016293279,
  "best_validation_disc_loss": 1.405345230567746,
  "best_validation_gen_loss": 7.73779608563679,
  "best_validation_loss": 6.154683384468885
}