{
  "best_epoch": 3,
  "peak_cpu_memory_MB": 5866.576,
  "peak_gpu_0_memory_MB": 14587,
  "peak_gpu_1_memory_MB": 13029,
  "peak_gpu_2_memory_MB": 14587,
  "peak_gpu_3_memory_MB": 21435,
  "training_duration": "0:02:06.208683",
  "training_start_epoch": 0,
  "training_epochs": 3,
  "epoch": 3,
  "training_accuracy": 0.37404580152671757,
  "training_disc_loss": 2.066866592168808,
  "training_gen_loss": 6.4577222919464115,
  "training_loss": 5.3600083923339845,
  "training_cpu_memory_MB": 5866.576,
  "training_gpu_0_memory_MB": 14587,
  "training_gpu_1_memory_MB": 13029,
  "training_gpu_2_memory_MB": 14587,
  "training_gpu_3_memory_MB": 21435,
  "validation_accuracy": 0.34419551934826886,
  "validation_disc_loss": 1.0986870798638197,
  "validation_gen_loss": 6.894381612296996,
  "validation_loss": 5.445457970223775,
  "best_validation_accuracy": 0.34419551934826886,
  "best_validation_disc_loss": 1.0986870798638197,
  "best_validation_gen_loss": 6.894381612296996,
  "best_validation_loss": 5.445457970223775
}