{
  "best_epoch": 11,
  "peak_cpu_memory_MB": 5866.992,
  "peak_gpu_0_memory_MB": 14587,
  "peak_gpu_1_memory_MB": 13029,
  "peak_gpu_2_memory_MB": 14583,
  "peak_gpu_3_memory_MB": 21435,
  "training_duration": "0:11:27.582544",
  "training_start_epoch": 0,
  "training_epochs": 19,
  "epoch": 19,
  "training_accuracy": 0.8753180661577609,
  "training_disc_loss": 0.31544399946928026,
  "training_gen_loss": 6.18319224357605,
  "training_loss": 3.2493181133270266,
  "training_cpu_memory_MB": 5866.992,
  "training_gpu_0_memory_MB": 14587,
  "training_gpu_1_memory_MB": 13029,
  "training_gpu_2_memory_MB": 14583,
  "training_gpu_3_memory_MB": 21435,
  "validation_accuracy": 0.3788187372708758,
  "validation_disc_loss": 2.4122565803004474,
  "validation_gen_loss": 6.991401602582234,
  "validation_loss": 4.701829113611361,
  "best_validation_accuracy": 0.3971486761710794,
  "best_validation_disc_loss": 1.803204073169367,
  "best_validation_gen_loss": 6.904478053736493,
  "best_validation_loss": 4.353841064422111
}