{
  "best_epoch": 0,
  "peak_cpu_memory_MB": 5866.992,
  "peak_gpu_0_memory_MB": 14587,
  "peak_gpu_1_memory_MB": 13029,
  "peak_gpu_2_memory_MB": 2617,
  "peak_gpu_3_memory_MB": 21435,
  "training_duration": "0:00:25.337816",
  "training_start_epoch": 0,
  "training_epochs": 0,
  "epoch": 0,
  "training_accuracy": 0.36895674300254455,
  "training_disc_loss": 13.924681901931763,
  "training_gen_loss": 12.232053031921387,
  "training_loss": 13.07836742401123,
  "training_cpu_memory_MB": 5866.992,
  "training_gpu_0_memory_MB": 14587,
  "training_gpu_1_memory_MB": 13029,
  "training_gpu_2_memory_MB": 2617,
  "training_gpu_3_memory_MB": 21435,
  "validation_accuracy": 0.3360488798370672,
  "validation_disc_loss": 11.302832456139045,
  "validation_gen_loss": 11.462232147775046,
  "validation_loss": 11.382532325217394,
  "best_validation_accuracy": 0.3360488798370672,
  "best_validation_disc_loss": 11.302832456139045,
  "best_validation_gen_loss": 11.462232147775046,
  "best_validation_loss": 11.382532325217394
}