{
  "best_epoch": 11,
  "peak_cpu_memory_MB": 5866.992,
  "peak_gpu_0_memory_MB": 14587,
  "peak_gpu_1_memory_MB": 13029,
  "peak_gpu_2_memory_MB": 14583,
  "peak_gpu_3_memory_MB": 21435,
  "training_duration": "0:14:49.829890",
  "training_start_epoch": 0,
  "training_epochs": 25,
  "epoch": 25,
  "training_accuracy": 0.9338422391857506,
  "training_disc_loss": 0.1956669345125556,
  "training_gen_loss": 6.06732497215271,
  "training_loss": 3.1314959383010863,
  "training_cpu_memory_MB": 5866.992,
  "training_gpu_0_memory_MB": 14587,
  "training_gpu_1_memory_MB": 13029,
  "training_gpu_2_memory_MB": 14583,
  "training_gpu_3_memory_MB": 21435,
  "validation_accuracy": 0.38391038696537677,
  "validation_disc_loss": 2.583413997316748,
  "validation_gen_loss": 7.250616531061932,
  "validation_loss": 4.917015275334924,
  "best_validation_accuracy": 0.3971486761710794,
  "best_validation_disc_loss": 1.803204073169367,
  "best_validation_gen_loss": 6.904478053736493,
  "best_validation_loss": 4.353841064422111
}