{
  "best_epoch": 11,
  "peak_cpu_memory_MB": 5866.992,
  "peak_gpu_0_memory_MB": 14587,
  "peak_gpu_1_memory_MB": 13029,
  "peak_gpu_2_memory_MB": 14583,
  "peak_gpu_3_memory_MB": 21435,
  "training_duration": "0:13:08.879211",
  "training_start_epoch": 0,
  "training_epochs": 22,
  "epoch": 22,
  "training_accuracy": 0.9134860050890585,
  "training_disc_loss": 0.2168965953186853,
  "training_gen_loss": 6.131876296997071,
  "training_loss": 3.174386429786682,
  "training_cpu_memory_MB": 5866.992,
  "training_gpu_0_memory_MB": 14587,
  "training_gpu_1_memory_MB": 13029,
  "training_gpu_2_memory_MB": 14583,
  "training_gpu_3_memory_MB": 21435,
  "validation_accuracy": 0.3869653767820774,
  "validation_disc_loss": 2.7319622289359087,
  "validation_gen_loss": 7.084608035358956,
  "validation_loss": 4.908285142929573,
  "best_validation_accuracy": 0.3971486761710794,
  "best_validation_disc_loss": 1.803204073169367,
  "best_validation_gen_loss": 6.904478053736493,
  "best_validation_loss": 4.353841064422111
}