{
  "best_epoch": 4,
  "peak_cpu_memory_MB": 5866.992,
  "peak_gpu_0_memory_MB": 14587,
  "peak_gpu_1_memory_MB": 13029,
  "peak_gpu_2_memory_MB": 14583,
  "peak_gpu_3_memory_MB": 21435,
  "training_duration": "0:02:39.723577",
  "training_start_epoch": 0,
  "training_epochs": 4,
  "epoch": 4,
  "training_accuracy": 0.43256997455470736,
  "training_disc_loss": 1.6711441318690776,
  "training_gen_loss": 6.756411743164063,
  "training_loss": 4.213777947425842,
  "training_cpu_memory_MB": 5866.992,
  "training_gpu_0_memory_MB": 14587,
  "training_gpu_1_memory_MB": 13029,
  "training_gpu_2_memory_MB": 14583,
  "training_gpu_3_memory_MB": 21435,
  "validation_accuracy": 0.36863543788187375,
  "validation_disc_loss": 1.6162830610585406,
  "validation_gen_loss": 7.050345843400413,
  "validation_loss": 4.333314465313423,
  "best_validation_accuracy": 0.36863543788187375,
  "best_validation_disc_loss": 1.6162830610585406,
  "best_validation_gen_loss": 7.050345843400413,
  "best_validation_loss": 4.333314465313423
}