{
  "best_epoch": 11,
  "peak_cpu_memory_MB": 5866.992,
  "peak_gpu_0_memory_MB": 14587,
  "peak_gpu_1_memory_MB": 13029,
  "peak_gpu_2_memory_MB": 14583,
  "peak_gpu_3_memory_MB": 21435,
  "training_duration": "0:12:01.584452",
  "training_start_epoch": 0,
  "training_epochs": 20,
  "epoch": 20,
  "training_accuracy": 0.9007633587786259,
  "training_disc_loss": 0.26468422885984183,
  "training_gen_loss": 6.170507402420044,
  "training_loss": 3.2175958013534545,
  "training_cpu_memory_MB": 5866.992,
  "training_gpu_0_memory_MB": 14587,
  "training_gpu_1_memory_MB": 13029,
  "training_gpu_2_memory_MB": 14583,
  "training_gpu_3_memory_MB": 21435,
  "validation_accuracy": 0.38289205702647655,
  "validation_disc_loss": 2.6759364457149815,
  "validation_gen_loss": 7.047165870666504,
  "validation_loss": 4.861551145227944,
  "best_validation_accuracy": 0.3971486761710794,
  "best_validation_disc_loss": 1.803204073169367,
  "best_validation_gen_loss": 6.904478053736493,
  "best_validation_loss": 4.353841064422111
}