{
  "best_epoch": 9,
  "peak_cpu_memory_MB": 5866.992,
  "peak_gpu_0_memory_MB": 14587,
  "peak_gpu_1_memory_MB": 13029,
  "peak_gpu_2_memory_MB": 14583,
  "peak_gpu_3_memory_MB": 21435,
  "training_duration": "0:05:32.623686",
  "training_start_epoch": 0,
  "training_epochs": 9,
  "epoch": 9,
  "training_accuracy": 0.549618320610687,
  "training_disc_loss": 1.1260739535093307,
  "training_gen_loss": 6.4567399501800535,
  "training_loss": 3.791406955718994,
  "training_cpu_memory_MB": 5866.992,
  "training_gpu_0_memory_MB": 14587,
  "training_gpu_1_memory_MB": 13029,
  "training_gpu_2_memory_MB": 14583,
  "training_gpu_3_memory_MB": 21435,
  "validation_accuracy": 0.384928716904277,
  "validation_disc_loss": 1.8258609398593748,
  "validation_gen_loss": 7.113499459212388,
  "validation_loss": 4.46968021043917,
  "best_validation_accuracy": 0.384928716904277,
  "best_validation_disc_loss": 1.8258609398593748,
  "best_validation_gen_loss": 7.113499459212388,
  "best_validation_loss": 4.46968021043917
}