{
  "best_epoch": 11,
  "peak_cpu_memory_MB": 5866.992,
  "peak_gpu_0_memory_MB": 14587,
  "peak_gpu_1_memory_MB": 13029,
  "peak_gpu_2_memory_MB": 14583,
  "peak_gpu_3_memory_MB": 21435,
  "training_duration": "0:12:35.559226",
  "training_start_epoch": 0,
  "training_epochs": 21,
  "epoch": 21,
  "training_accuracy": 0.9083969465648855,
  "training_disc_loss": 0.26324649623595175,
  "training_gen_loss": 6.18250433921814,
  "training_loss": 3.222875409126282,
  "training_cpu_memory_MB": 5866.992,
  "training_gpu_0_memory_MB": 14587,
  "training_gpu_1_memory_MB": 13029,
  "training_gpu_2_memory_MB": 14583,
  "training_gpu_3_memory_MB": 21435,
  "validation_accuracy": 0.37678207739307534,
  "validation_disc_loss": 2.66323121970262,
  "validation_gen_loss": 7.053241152104324,
  "validation_loss": 4.858236194626103,
  "best_validation_accuracy": 0.3971486761710794,
  "best_validation_disc_loss": 1.803204073169367,
  "best_validation_gen_loss": 6.904478053736493,
  "best_validation_loss": 4.353841064422111
}