{
  "best_epoch": 2,
  "peak_cpu_memory_MB": 5866.992,
  "peak_gpu_0_memory_MB": 14587,
  "peak_gpu_1_memory_MB": 13029,
  "peak_gpu_2_memory_MB": 14583,
  "peak_gpu_3_memory_MB": 21435,
  "training_duration": "0:01:28.115562",
  "training_start_epoch": 0,
  "training_epochs": 2,
  "epoch": 2,
  "training_accuracy": 0.33587786259541985,
  "training_disc_loss": 4.268036959171295,
  "training_gen_loss": 8.012598915100098,
  "training_loss": 6.140317935943603,
  "training_cpu_memory_MB": 5866.992,
  "training_gpu_0_memory_MB": 14587,
  "training_gpu_1_memory_MB": 13029,
  "training_gpu_2_memory_MB": 14583,
  "training_gpu_3_memory_MB": 21435,
  "validation_accuracy": 0.34826883910386963,
  "validation_disc_loss": 11.967045977832825,
  "validation_gen_loss": 8.903760875143655,
  "validation_loss": 10.435403455563677,
  "best_validation_accuracy": 0.34826883910386963,
  "best_validation_disc_loss": 11.967045977832825,
  "best_validation_gen_loss": 8.903760875143655,
  "best_validation_loss": 10.435403455563677
}