{
  "best_epoch": 5,
  "peak_cpu_memory_MB": 5394.324,
  "peak_gpu_0_memory_MB": 12693,
  "peak_gpu_1_memory_MB": 21435,
  "peak_gpu_2_memory_MB": 0,
  "peak_gpu_3_memory_MB": 13013,
  "training_duration": "0:05:57.319599",
  "training_start_epoch": 0,
  "training_epochs": 9,
  "epoch": 9,
  "training_accuracy": 0.9974554707379135,
  "training_loss": 0.015130978507491259,
  "training_cpu_memory_MB": 5394.324,
  "training_gpu_0_memory_MB": 12693,
  "training_gpu_1_memory_MB": 21435,
  "training_gpu_2_memory_MB": 0,
  "training_gpu_3_memory_MB": 12805,
  "validation_accuracy": 0.6009169638308711,
  "validation_loss": 1.5033271669953188,
  "best_validation_accuracy": 0.6055017829852267,
  "best_validation_loss": 1.3534462370391
}