{
  "best_epoch": 2,
  "peak_cpu_memory_MB": 5394.324,
  "peak_gpu_0_memory_MB": 12693,
  "peak_gpu_1_memory_MB": 21435,
  "peak_gpu_2_memory_MB": 0,
  "peak_gpu_3_memory_MB": 13013,
  "training_duration": "0:01:43.104174",
  "training_start_epoch": 0,
  "training_epochs": 2,
  "epoch": 2,
  "training_accuracy": 0.816793893129771,
  "training_loss": 0.47622694877477795,
  "training_cpu_memory_MB": 5394.324,
  "training_gpu_0_memory_MB": 12693,
  "training_gpu_1_memory_MB": 21435,
  "training_gpu_2_memory_MB": 0,
  "training_gpu_3_memory_MB": 12,
  "validation_accuracy": 0.5878757004584819,
  "validation_loss": 0.9660386773196417,
  "best_validation_accuracy": 0.5878757004584819,
  "best_validation_loss": 0.9660386773196417
}