{
  "best_epoch": 1,
  "peak_cpu_memory_MB": 5394.324,
  "peak_gpu_0_memory_MB": 12693,
  "peak_gpu_1_memory_MB": 21435,
  "peak_gpu_2_memory_MB": 0,
  "peak_gpu_3_memory_MB": 13013,
  "training_duration": "0:01:05.705774",
  "training_start_epoch": 0,
  "training_epochs": 1,
  "epoch": 1,
  "training_accuracy": 0.6106870229007634,
  "training_loss": 0.916132812316601,
  "training_cpu_memory_MB": 5394.324,
  "training_gpu_0_memory_MB": 12693,
  "training_gpu_1_memory_MB": 21435,
  "training_gpu_2_memory_MB": 0,
  "training_gpu_3_memory_MB": 13013,
  "validation_accuracy": 0.44666327050433013,
  "validation_loss": 1.0729810523676173,
  "best_validation_accuracy": 0.44666327050433013,
  "best_validation_loss": 1.0729810523676173
}