{
  "best_epoch": 6,
  "peak_cpu_memory_MB": 5866.744,
  "peak_gpu_0_memory_MB": 13845,
  "peak_gpu_1_memory_MB": 13845,
  "peak_gpu_2_memory_MB": 13845,
  "peak_gpu_3_memory_MB": 21435,
  "training_duration": "0:03:35.439527",
  "training_start_epoch": 0,
  "training_epochs": 6,
  "epoch": 6,
  "training_accuracy": 0.37150127226463103,
  "training_disc_loss": 1.7655121064186097,
  "training_gen_loss": 5.73230936050415,
  "training_loss": 5.73230936050415,
  "training_cpu_memory_MB": 5866.744,
  "training_gpu_0_memory_MB": 13845,
  "training_gpu_1_memory_MB": 13845,
  "training_gpu_2_memory_MB": 13845,
  "training_gpu_3_memory_MB": 21435,
  "validation_accuracy": 0.3727087576374745,
  "validation_disc_loss": 1.236635184384943,
  "validation_gen_loss": 7.814406836905131,
  "validation_loss": 7.814406836905131,
  "best_validation_accuracy": 0.3727087576374745,
  "best_validation_disc_loss": 1.236635184384943,
  "best_validation_gen_loss": 7.814406836905131,
  "best_validation_loss": 7.814406836905131
}