{
  "best_epoch": 8,
  "peak_cpu_memory_MB": 5866.744,
  "peak_gpu_0_memory_MB": 13845,
  "peak_gpu_1_memory_MB": 13845,
  "peak_gpu_2_memory_MB": 13845,
  "peak_gpu_3_memory_MB": 21435,
  "training_duration": "0:08:22.957936",
  "training_start_epoch": 0,
  "training_epochs": 15,
  "epoch": 15,
  "training_accuracy": 0.8498727735368957,
  "training_disc_loss": 0.4812548024207354,
  "training_gen_loss": 5.385428733825684,
  "training_loss": 5.385428733825684,
  "training_cpu_memory_MB": 5866.744,
  "training_gpu_0_memory_MB": 13845,
  "training_gpu_1_memory_MB": 13845,
  "training_gpu_2_memory_MB": 13845,
  "training_gpu_3_memory_MB": 21435,
  "validation_accuracy": 0.33706720977596744,
  "validation_disc_loss": 7.00494285133796,
  "validation_gen_loss": 9.930426597595215,
  "validation_loss": 9.930426597595215,
  "best_validation_accuracy": 0.37372708757637474,
  "best_validation_disc_loss": 1.4009437614340123,
  "best_validation_gen_loss": 7.949195020567111,
  "best_validation_loss": 7.949195020567111
}