{
  "best_epoch": 1,
  "peak_cpu_memory_MB": 9767.416,
  "peak_gpu_0_memory_MB": 36,
  "peak_gpu_1_memory_MB": 10920,
  "training_duration": "12:57:00.303806",
  "training_start_epoch": 0,
  "training_epochs": 1,
  "epoch": 1,
  "training_accuracy": 0.8578464077086442,
  "training_gen_loss": 1.9448934677079142,
  "training_disc_loss": 0.40146082175110703,
  "training_loss": 0.7101466178073216,
  "training_cpu_memory_MB": 9767.416,
  "training_gpu_0_memory_MB": 36,
  "training_gpu_1_memory_MB": 10920,
  "validation_accuracy": 0.8631686194600102,
  "validation_gen_loss": 2.0445959892885996,
  "validation_disc_loss": 0.40216600649539924,
  "validation_loss": 0.730679111391403,
  "best_validation_accuracy": 0.8631686194600102,
  "best_validation_gen_loss": 2.0445959892885996,
  "best_validation_disc_loss": 0.40216600649539924,
  "best_validation_loss": 0.730679111391403
}