{
  "best_epoch": 0,
  "peak_cpu_memory_MB": 9767.416,
  "peak_gpu_0_memory_MB": 36,
  "peak_gpu_1_memory_MB": 2600,
  "training_duration": "6:28:17.013572",
  "training_start_epoch": 0,
  "training_epochs": 0,
  "epoch": 0,
  "training_accuracy": 0.728504056511044,
  "training_gen_loss": 2.2428921555529735,
  "training_disc_loss": 0.8911758653386765,
  "training_loss": 1.1615161828458738,
  "training_cpu_memory_MB": 9767.416,
  "training_gpu_0_memory_MB": 36,
  "training_gpu_1_memory_MB": 2600,
  "validation_accuracy": 0.8552215995924605,
  "validation_gen_loss": 2.0825315509492435,
  "validation_disc_loss": 0.397185598058282,
  "validation_loss": 0.7341298843439705,
  "best_validation_accuracy": 0.8552215995924605,
  "best_validation_gen_loss": 2.0825315509492435,
  "best_validation_disc_loss": 0.397185598058282,
  "best_validation_loss": 0.7341298843439705
}