{
  "best_epoch": 1,
  "peak_cpu_memory_MB": 7659.584,
  "peak_gpu_0_memory_MB": 5427,
  "peak_gpu_1_memory_MB": 5164,
  "training_duration": "1:19:14.937720",
  "training_start_epoch": 0,
  "training_epochs": 1,
  "epoch": 1,
  "training_accuracy": 0.8674261908520965,
  "training_loss": 0.3508150402609516,
  "training_cpu_memory_MB": 7659.584,
  "training_gpu_0_memory_MB": 5427,
  "training_gpu_1_memory_MB": 5164,
  "validation_accuracy": 0.8403464085583291,
  "validation_loss": 0.4248636624129665,
  "best_validation_accuracy": 0.8403464085583291,
  "best_validation_loss": 0.4248636624129665
}