{
  "best_epoch": 0,
  "peak_cpu_memory_MB": 5346.788,
  "peak_gpu_0_memory_MB": 2309,
  "peak_gpu_1_memory_MB": 21435,
  "peak_gpu_2_memory_MB": 0,
  "peak_gpu_3_memory_MB": 12821,
  "training_duration": "0:00:30.955817",
  "training_start_epoch": 0,
  "training_epochs": 0,
  "epoch": 0,
  "training_accuracy": 0.37659033078880405,
  "training_loss": 1.1296873734547541,
  "training_cpu_memory_MB": 5346.788,
  "training_gpu_0_memory_MB": 2309,
  "training_gpu_1_memory_MB": 21435,
  "training_gpu_2_memory_MB": 0,
  "training_gpu_3_memory_MB": 12821,
  "validation_accuracy": 0.4017320427916454,
  "validation_loss": 1.070914728633744,
  "best_validation_accuracy": 0.4017320427916454,
  "best_validation_loss": 1.070914728633744
}