{
  "best_epoch": 3,
  "peak_cpu_memory_MB": 5346.788,
  "peak_gpu_0_memory_MB": 12677,
  "peak_gpu_1_memory_MB": 21435,
  "peak_gpu_2_memory_MB": 0,
  "peak_gpu_3_memory_MB": 12821,
  "training_duration": "0:02:22.256102",
  "training_start_epoch": 0,
  "training_epochs": 3,
  "epoch": 3,
  "training_accuracy": 0.9236641221374046,
  "training_loss": 0.21441104950813147,
  "training_cpu_memory_MB": 5346.788,
  "training_gpu_0_memory_MB": 12677,
  "training_gpu_1_memory_MB": 21435,
  "training_gpu_2_memory_MB": 0,
  "training_gpu_3_memory_MB": 12821,
  "validation_accuracy": 0.5815588385124809,
  "validation_loss": 1.2522801407385338,
  "best_validation_accuracy": 0.5815588385124809,
  "best_validation_loss": 1.2522801407385338
}