{
  "best_epoch": 6,
  "peak_cpu_memory_MB": 5346.788,
  "peak_gpu_0_memory_MB": 12677,
  "peak_gpu_1_memory_MB": 21435,
  "peak_gpu_2_memory_MB": 0,
  "peak_gpu_3_memory_MB": 12821,
  "training_duration": "0:08:21.734027",
  "training_start_epoch": 0,
  "training_epochs": 13,
  "epoch": 13,
  "training_accuracy": 1.0,
  "training_loss": 0.0023121955410505715,
  "training_cpu_memory_MB": 5346.788,
  "training_gpu_0_memory_MB": 12677,
  "training_gpu_1_memory_MB": 21435,
  "training_gpu_2_memory_MB": 0,
  "training_gpu_3_memory_MB": 12821,
  "validation_accuracy": 0.5867549668874172,
  "validation_loss": 1.8870805593189277,
  "best_validation_accuracy": 0.5884870096790626,
  "best_validation_loss": 1.7055407919790535
}