{
  "best_epoch": 1,
  "peak_cpu_memory_MB": 5346.788,
  "peak_gpu_0_memory_MB": 12677,
  "peak_gpu_1_memory_MB": 21435,
  "peak_gpu_2_memory_MB": 0,
  "peak_gpu_3_memory_MB": 12821,
  "training_duration": "0:01:06.416316",
  "training_start_epoch": 0,
  "training_epochs": 1,
  "epoch": 1,
  "training_accuracy": 0.539440203562341,
  "training_loss": 0.9661901226410499,
  "training_cpu_memory_MB": 5346.788,
  "training_gpu_0_memory_MB": 12677,
  "training_gpu_1_memory_MB": 21435,
  "training_gpu_2_memory_MB": 0,
  "training_gpu_3_memory_MB": 12821,
  "validation_accuracy": 0.48996434029546615,
  "validation_loss": 1.0582170016602508,
  "best_validation_accuracy": 0.48996434029546615,
  "best_validation_loss": 1.0582170016602508
}