{
  "best_epoch": 7,
  "peak_cpu_memory_MB": 5866.984,
  "peak_gpu_0_memory_MB": 13845,
  "peak_gpu_1_memory_MB": 12805,
  "peak_gpu_2_memory_MB": 14587,
  "peak_gpu_3_memory_MB": 21435,
  "training_duration": "0:05:50.308443",
  "training_start_epoch": 0,
  "training_epochs": 10,
  "epoch": 10,
  "training_accuracy": 0.6666666666666666,
  "training_disc_loss": 0.9693509124219417,
  "training_gen_loss": 5.6412892913818355,
  "training_loss": 5.6412892913818355,
  "training_cpu_memory_MB": 5866.984,
  "training_gpu_0_memory_MB": 13845,
  "training_gpu_1_memory_MB": 12805,
  "training_gpu_2_memory_MB": 14587,
  "training_gpu_3_memory_MB": 21435,
  "validation_accuracy": 0.3594704684317719,
  "validation_disc_loss": 2.619122975240878,
  "validation_gen_loss": 8.02854428640226,
  "validation_loss": 8.02854428640226,
  "best_validation_accuracy": 0.3859470468431772,
  "best_validation_disc_loss": 1.395246899709469,
  "best_validation_gen_loss": 8.079413836564475,
  "best_validation_loss": 8.079413836564475
}