{
  "best_epoch": 7,
  "peak_cpu_memory_MB": 5866.984,
  "peak_gpu_0_memory_MB": 13845,
  "peak_gpu_1_memory_MB": 12805,
  "peak_gpu_2_memory_MB": 13845,
  "peak_gpu_3_memory_MB": 21435,
  "training_duration": "0:04:47.976868",
  "training_start_epoch": 0,
  "training_epochs": 8,
  "epoch": 8,
  "training_accuracy": 0.6055979643765903,
  "training_disc_loss": 1.152327023744583,
  "training_gen_loss": 5.72089002609253,
  "training_loss": 5.72089002609253,
  "training_cpu_memory_MB": 5866.984,
  "training_gpu_0_memory_MB": 13845,
  "training_gpu_1_memory_MB": 12805,
  "training_gpu_2_memory_MB": 12,
  "training_gpu_3_memory_MB": 21435,
  "validation_accuracy": 0.3329938900203666,
  "validation_disc_loss": 3.2420599799815233,
  "validation_gen_loss": 7.668884665016236,
  "validation_loss": 7.668884665016236,
  "best_validation_accuracy": 0.3859470468431772,
  "best_validation_disc_loss": 1.395246899709469,
  "best_validation_gen_loss": 8.079413836564475,
  "best_validation_loss": 8.079413836564475
}