{
  "best_epoch": 14,
  "peak_cpu_memory_MB": 5866.984,
  "peak_gpu_0_memory_MB": 13845,
  "peak_gpu_1_memory_MB": 12805,
  "peak_gpu_2_memory_MB": 14587,
  "peak_gpu_3_memory_MB": 21435,
  "training_duration": "0:13:12.187287",
  "training_start_epoch": 0,
  "training_epochs": 24,
  "epoch": 24,
  "training_accuracy": 0.9414758269720102,
  "training_disc_loss": 0.1642180010298034,
  "training_gen_loss": 5.258195161819458,
  "training_loss": 5.258195161819458,
  "training_cpu_memory_MB": 5866.984,
  "training_gpu_0_memory_MB": 13845,
  "training_gpu_1_memory_MB": 12805,
  "training_gpu_2_memory_MB": 14587,
  "training_gpu_3_memory_MB": 21435,
  "validation_accuracy": 0.34928716904276985,
  "validation_disc_loss": 8.421057474322435,
  "validation_gen_loss": 9.753518848884397,
  "validation_loss": 9.753518848884397,
  "best_validation_accuracy": 0.40529531568228105,
  "best_validation_disc_loss": 2.0877220034599304,
  "best_validation_gen_loss": 8.090826046176073,
  "best_validation_loss": 8.090826046176073
}