{
  "best_epoch": 1,
  "peak_cpu_memory_MB": 5866.984,
  "peak_gpu_0_memory_MB": 13845,
  "peak_gpu_1_memory_MB": 12805,
  "peak_gpu_2_memory_MB": 13845,
  "peak_gpu_3_memory_MB": 21435,
  "training_duration": "0:00:56.641645",
  "training_start_epoch": 0,
  "training_epochs": 1,
  "epoch": 1,
  "training_accuracy": 0.3256997455470738,
  "training_disc_loss": 1.7221671438217163,
  "training_gen_loss": 6.486675357818603,
  "training_loss": 6.486675357818603,
  "training_cpu_memory_MB": 5866.984,
  "training_gpu_0_memory_MB": 13845,
  "training_gpu_1_memory_MB": 12805,
  "training_gpu_2_memory_MB": 13845,
  "training_gpu_3_memory_MB": 21435,
  "validation_accuracy": 0.3421588594704684,
  "validation_disc_loss": 1.1140486787005168,
  "validation_gen_loss": 6.863719254005246,
  "validation_loss": 6.863719254005246,
  "best_validation_accuracy": 0.3421588594704684,
  "best_validation_disc_loss": 1.1140486787005168,
  "best_validation_gen_loss": 6.863719254005246,
  "best_validation_loss": 6.863719254005246
}