{
  "best_epoch": 14,
  "peak_cpu_memory_MB": 5866.984,
  "peak_gpu_0_memory_MB": 13845,
  "peak_gpu_1_memory_MB": 12805,
  "peak_gpu_2_memory_MB": 14587,
  "peak_gpu_3_memory_MB": 21435,
  "training_duration": "0:14:13.889701",
  "training_start_epoch": 0,
  "training_epochs": 26,
  "epoch": 26,
  "training_accuracy": 0.9465648854961832,
  "training_disc_loss": 0.16027553521096707,
  "training_gen_loss": 5.235741004943848,
  "training_loss": 5.235741004943848,
  "training_cpu_memory_MB": 5866.984,
  "training_gpu_0_memory_MB": 13845,
  "training_gpu_1_memory_MB": 12805,
  "training_gpu_2_memory_MB": 14587,
  "training_gpu_3_memory_MB": 21435,
  "validation_accuracy": 0.3513238289205703,
  "validation_disc_loss": 5.547951678919598,
  "validation_gen_loss": 9.08149495938929,
  "validation_loss": 9.08149495938929,
  "best_validation_accuracy": 0.40529531568228105,
  "best_validation_disc_loss": 2.0877220034599304,
  "best_validation_gen_loss": 8.090826046176073,
  "best_validation_loss": 8.090826046176073
}