{
  "best_epoch": 11,
  "peak_cpu_memory_MB": 5866.984,
  "peak_gpu_0_memory_MB": 13845,
  "peak_gpu_1_memory_MB": 12805,
  "peak_gpu_2_memory_MB": 14587,
  "peak_gpu_3_memory_MB": 21435,
  "training_duration": "0:07:27.935141",
  "training_start_epoch": 0,
  "training_epochs": 13,
  "epoch": 13,
  "training_accuracy": 0.7531806615776081,
  "training_disc_loss": 0.7252613884210587,
  "training_gen_loss": 5.54759877204895,
  "training_loss": 5.54759877204895,
  "training_cpu_memory_MB": 5866.984,
  "training_gpu_0_memory_MB": 13845,
  "training_gpu_1_memory_MB": 12805,
  "training_gpu_2_memory_MB": 14587,
  "training_gpu_3_memory_MB": 21435,
  "validation_accuracy": 0.37169042769857435,
  "validation_disc_loss": 2.9814358513529706,
  "validation_gen_loss": 8.452841119068426,
  "validation_loss": 8.452841119068426,
  "best_validation_accuracy": 0.395112016293279,
  "best_validation_disc_loss": 1.9666445841634177,
  "best_validation_gen_loss": 8.189426608201934,
  "best_validation_loss": 8.189426608201934
}