{
  "best_epoch": 14,
  "peak_cpu_memory_MB": 5866.984,
  "peak_gpu_0_memory_MB": 13845,
  "peak_gpu_1_memory_MB": 12805,
  "peak_gpu_2_memory_MB": 14587,
  "peak_gpu_3_memory_MB": 21435,
  "training_duration": "0:12:41.576922",
  "training_start_epoch": 0,
  "training_epochs": 23,
  "epoch": 23,
  "training_accuracy": 0.926208651399491,
  "training_disc_loss": 0.1711283142771572,
  "training_gen_loss": 5.285541133880615,
  "training_loss": 5.285541133880615,
  "training_cpu_memory_MB": 5866.984,
  "training_gpu_0_memory_MB": 13845,
  "training_gpu_1_memory_MB": 12805,
  "training_gpu_2_memory_MB": 14587,
  "training_gpu_3_memory_MB": 21435,
  "validation_accuracy": 0.3788187372708758,
  "validation_disc_loss": 3.6853532030330443,
  "validation_gen_loss": 8.966905702420366,
  "validation_loss": 8.966905702420366,
  "best_validation_accuracy": 0.40529531568228105,
  "best_validation_disc_loss": 2.0877220034599304,
  "best_validation_gen_loss": 8.090826046176073,
  "best_validation_loss": 8.090826046176073
}