{
  "best_epoch": 14,
  "peak_cpu_memory_MB": 5866.984,
  "peak_gpu_0_memory_MB": 13845,
  "peak_gpu_1_memory_MB": 12805,
  "peak_gpu_2_memory_MB": 14587,
  "peak_gpu_3_memory_MB": 21435,
  "training_duration": "0:09:05.094485",
  "training_start_epoch": 0,
  "training_epochs": 16,
  "epoch": 16,
  "training_accuracy": 0.8727735368956743,
  "training_disc_loss": 0.3624980989843607,
  "training_gen_loss": 5.445109825134278,
  "training_loss": 5.445109825134278,
  "training_cpu_memory_MB": 5866.984,
  "training_gpu_0_memory_MB": 13845,
  "training_gpu_1_memory_MB": 12805,
  "training_gpu_2_memory_MB": 14587,
  "training_gpu_3_memory_MB": 21435,
  "validation_accuracy": 0.3615071283095723,
  "validation_disc_loss": 7.561466761720859,
  "validation_gen_loss": 8.688002423542303,
  "validation_loss": 8.688002423542303,
  "best_validation_accuracy": 0.40529531568228105,
  "best_validation_disc_loss": 2.0877220034599304,
  "best_validation_gen_loss": 8.090826046176073,
  "best_validation_loss": 8.090826046176073
}