{
  "best_epoch": 14,
  "peak_cpu_memory_MB": 5866.984,
  "peak_gpu_0_memory_MB": 13845,
  "peak_gpu_1_memory_MB": 12805,
  "peak_gpu_2_memory_MB": 14587,
  "peak_gpu_3_memory_MB": 21435,
  "training_duration": "0:09:36.084020",
  "training_start_epoch": 0,
  "training_epochs": 17,
  "epoch": 17,
  "training_accuracy": 0.8676844783715013,
  "training_disc_loss": 0.43811616249382496,
  "training_gen_loss": 5.410093841552734,
  "training_loss": 5.410093841552734,
  "training_cpu_memory_MB": 5866.984,
  "training_gpu_0_memory_MB": 13845,
  "training_gpu_1_memory_MB": 12805,
  "training_gpu_2_memory_MB": 14587,
  "training_gpu_3_memory_MB": 21435,
  "validation_accuracy": 0.3329938900203666,
  "validation_disc_loss": 6.178283309548851,
  "validation_gen_loss": 8.668327114446376,
  "validation_loss": 8.668327114446376,
  "best_validation_accuracy": 0.40529531568228105,
  "best_validation_disc_loss": 2.0877220034599304,
  "best_validation_gen_loss": 8.090826046176073,
  "best_validation_loss": 8.090826046176073
}