{
  "best_epoch": 4,
  "peak_cpu_memory_MB": 5866.984,
  "peak_gpu_0_memory_MB": 13845,
  "peak_gpu_1_memory_MB": 12805,
  "peak_gpu_2_memory_MB": 13845,
  "peak_gpu_3_memory_MB": 21435,
  "training_duration": "0:02:36.742037",
  "training_start_epoch": 0,
  "training_epochs": 4,
  "epoch": 4,
  "training_accuracy": 0.44783715012722647,
  "training_disc_loss": 1.4616038694046438,
  "training_gen_loss": 6.029926528930664,
  "training_loss": 6.029926528930664,
  "training_cpu_memory_MB": 5866.984,
  "training_gpu_0_memory_MB": 13845,
  "training_gpu_1_memory_MB": 12805,
  "training_gpu_2_memory_MB": 13845,
  "training_gpu_3_memory_MB": 21435,
  "validation_accuracy": 0.3818737270875764,
  "validation_disc_loss": 1.4222072726342736,
  "validation_gen_loss": 7.114742608574348,
  "validation_loss": 7.114742608574348,
  "best_validation_accuracy": 0.3818737270875764,
  "best_validation_disc_loss": 1.4222072726342736,
  "best_validation_gen_loss": 7.114742608574348,
  "best_validation_loss": 7.114742608574348
}