{
  "best_epoch": 1,
  "peak_cpu_memory_MB": 5866.652,
  "peak_gpu_0_memory_MB": 21435,
  "peak_gpu_1_memory_MB": 20139,
  "peak_gpu_2_memory_MB": 20139,
  "peak_gpu_3_memory_MB": 20139,
  "training_duration": "0:00:48.916831",
  "training_start_epoch": 0,
  "training_epochs": 1,
  "epoch": 1,
  "training_accuracy": 0.366412213740458,
  "training_disc_loss": 5.734881381988526,
  "training_gen_loss": 11.546750831604005,
  "training_loss": 6.805255266336294,
  "training_cpu_memory_MB": 5866.652,
  "training_gpu_0_memory_MB": 21435,
  "training_gpu_1_memory_MB": 20139,
  "training_gpu_2_memory_MB": 20139,
  "training_gpu_3_memory_MB": 20139,
  "validation_accuracy": 0.3340122199592668,
  "validation_disc_loss": 19.186380278679632,
  "validation_gen_loss": 16.062837554562478,
  "validation_loss": 18.565921968029393,
  "best_validation_accuracy": 0.3340122199592668,
  "best_validation_disc_loss": 19.186380278679632,
  "best_validation_gen_loss": 16.062837554562478,
  "best_validation_loss": 18.565921968029393
}