{
  "best_epoch": 6,
  "peak_cpu_memory_MB": 5866.232,
  "peak_gpu_0_memory_MB": 21435,
  "peak_gpu_1_memory_MB": 20139,
  "peak_gpu_2_memory_MB": 20139,
  "peak_gpu_3_memory_MB": 20139,
  "training_duration": "0:03:32.582417",
  "training_start_epoch": 0,
  "training_epochs": 7,
  "epoch": 7,
  "training_accuracy": 0.3486005089058524,
  "training_disc_loss": 1.4651269316673279,
  "training_gen_loss": 7.275112342834473,
  "training_loss": 2.6032179318941555,
  "training_cpu_memory_MB": 5866.232,
  "training_gpu_0_memory_MB": 21435,
  "training_gpu_1_memory_MB": 20139,
  "training_gpu_2_memory_MB": 20139,
  "training_gpu_3_memory_MB": 20139,
  "validation_accuracy": 0.3564154786150713,
  "validation_disc_loss": 1.131509086778087,
  "validation_gen_loss": 7.473024683613931,
  "validation_loss": 2.4008787831952496,
  "best_validation_accuracy": 0.3625254582484725,
  "best_validation_disc_loss": 1.130412051754613,
  "best_validation_gen_loss": 7.576620794111682,
  "best_validation_loss": 2.4206525279629614
}