{
  "best_epoch": 0,
  "peak_cpu_memory_MB": 5866.232,
  "peak_gpu_0_memory_MB": 21435,
  "peak_gpu_1_memory_MB": 20139,
  "peak_gpu_2_memory_MB": 20139,
  "peak_gpu_3_memory_MB": 20139,
  "training_duration": "0:02:33.947719",
  "training_start_epoch": 0,
  "training_epochs": 5,
  "epoch": 5,
  "training_accuracy": 0.3511450381679389,
  "training_disc_loss": 1.6955454921722413,
  "training_gen_loss": 7.600023021697998,
  "training_loss": 2.8911298421713023,
  "training_cpu_memory_MB": 5866.232,
  "training_gpu_0_memory_MB": 21435,
  "training_gpu_1_memory_MB": 20139,
  "training_gpu_2_memory_MB": 20139,
  "training_gpu_3_memory_MB": 20139,
  "validation_accuracy": 0.33706720977596744,
  "validation_disc_loss": 1.1358542461549082,
  "validation_gen_loss": 7.827979887685468,
  "validation_loss": 2.475158776006391,
  "best_validation_accuracy": 0.34928716904276985,
  "best_validation_disc_loss": 12.512302690936673,
  "best_validation_gen_loss": 12.458740311284219,
  "best_validation_loss": 12.537724710279896
}