{
  "best_epoch": 17,
  "peak_cpu_memory_MB": 5866.232,
  "peak_gpu_0_memory_MB": 21435,
  "peak_gpu_1_memory_MB": 20139,
  "peak_gpu_2_memory_MB": 20139,
  "peak_gpu_3_memory_MB": 20139,
  "training_duration": "0:08:40.469154",
  "training_start_epoch": 0,
  "training_epochs": 18,
  "epoch": 18,
  "training_accuracy": 0.40966921119592875,
  "training_disc_loss": 1.3333054423332213,
  "training_gen_loss": 6.828424739837646,
  "training_loss": 2.412498804239126,
  "training_cpu_memory_MB": 5866.232,
  "training_gpu_0_memory_MB": 21435,
  "training_gpu_1_memory_MB": 20139,
  "training_gpu_2_memory_MB": 20139,
  "training_gpu_3_memory_MB": 20139,
  "validation_accuracy": 0.3696537678207739,
  "validation_disc_loss": 1.1207590843400648,
  "validation_gen_loss": 7.1475418921439875,
  "validation_loss": 2.327156489895236,
  "best_validation_accuracy": 0.37067209775967414,
  "best_validation_disc_loss": 1.12157301460543,
  "best_validation_gen_loss": 7.145791776718632,
  "best_validation_loss": 2.327502058398339
}