{
  "best_epoch": 1,
  "peak_cpu_memory_MB": 5342.228,
  "peak_gpu_0_memory_MB": 12645,
  "peak_gpu_1_memory_MB": 21435,
  "peak_gpu_2_memory_MB": 0,
  "peak_gpu_3_memory_MB": 12821,
  "training_duration": "0:01:05.923011",
  "training_start_epoch": 0,
  "training_epochs": 1,
  "epoch": 1,
  "training_accuracy": 0.6743002544529262,
  "training_loss": 0.8614795620624836,
  "training_cpu_memory_MB": 5342.228,
  "training_gpu_0_memory_MB": 12645,
  "training_gpu_1_memory_MB": 21435,
  "training_gpu_2_memory_MB": 0,
  "training_gpu_3_memory_MB": 12821,
  "validation_accuracy": 0.4684666327050433,
  "validation_loss": 1.1896265096695493,
  "best_validation_accuracy": 0.4684666327050433,
  "best_validation_loss": 1.1896265096695493
}