{
  "best_epoch": 2,
  "peak_cpu_memory_MB": 5342.228,
  "peak_gpu_0_memory_MB": 12645,
  "peak_gpu_1_memory_MB": 21435,
  "peak_gpu_2_memory_MB": 0,
  "peak_gpu_3_memory_MB": 12821,
  "training_duration": "0:02:21.511960",
  "training_start_epoch": 0,
  "training_epochs": 3,
  "epoch": 3,
  "training_accuracy": 0.9720101781170484,
  "training_loss": 0.0839191977507793,
  "training_cpu_memory_MB": 5342.228,
  "training_gpu_0_memory_MB": 12645,
  "training_gpu_1_memory_MB": 21435,
  "training_gpu_2_memory_MB": 0,
  "training_gpu_3_memory_MB": 12821,
  "validation_accuracy": 0.5644421803362201,
  "validation_loss": 1.6308138191894133,
  "best_validation_accuracy": 0.573713703515028,
  "best_validation_loss": 1.2027173475256183
}