{
  "best_epoch": 2,
  "peak_cpu_memory_MB": 5342.228,
  "peak_gpu_0_memory_MB": 12645,
  "peak_gpu_1_memory_MB": 21435,
  "peak_gpu_2_memory_MB": 0,
  "peak_gpu_3_memory_MB": 12821,
  "training_duration": "0:01:43.711820",
  "training_start_epoch": 0,
  "training_epochs": 2,
  "epoch": 2,
  "training_accuracy": 0.8142493638676844,
  "training_loss": 0.45044732552308303,
  "training_cpu_memory_MB": 5342.228,
  "training_gpu_0_memory_MB": 12645,
  "training_gpu_1_memory_MB": 21435,
  "training_gpu_2_memory_MB": 0,
  "training_gpu_3_memory_MB": 12821,
  "validation_accuracy": 0.573713703515028,
  "validation_loss": 1.2027173475256183,
  "best_validation_accuracy": 0.573713703515028,
  "best_validation_loss": 1.2027173475256183
}