{
  "best_epoch": 5,
  "peak_cpu_memory_MB": 5342.228,
  "peak_gpu_0_memory_MB": 12645,
  "peak_gpu_1_memory_MB": 21435,
  "peak_gpu_2_memory_MB": 0,
  "peak_gpu_3_memory_MB": 12821,
  "training_duration": "0:03:34.707303",
  "training_start_epoch": 0,
  "training_epochs": 5,
  "epoch": 5,
  "training_accuracy": 0.9949109414758269,
  "training_loss": 0.013029112677591352,
  "training_cpu_memory_MB": 5342.228,
  "training_gpu_0_memory_MB": 12645,
  "training_gpu_1_memory_MB": 21435,
  "training_gpu_2_memory_MB": 0,
  "training_gpu_3_memory_MB": 12821,
  "validation_accuracy": 0.5813550687722873,
  "validation_loss": 1.998234466349263,
  "best_validation_accuracy": 0.5813550687722873,
  "best_validation_loss": 1.998234466349263
}