{
  "best_epoch": 9,
  "peak_cpu_memory_MB": 5534.036,
  "peak_gpu_0_memory_MB": 12645,
  "peak_gpu_1_memory_MB": 21435,
  "peak_gpu_2_memory_MB": 0,
  "peak_gpu_3_memory_MB": 12821,
  "training_duration": "0:06:19.466338",
  "training_start_epoch": 0,
  "training_epochs": 9,
  "epoch": 9,
  "training_accuracy": 0.9007633587786259,
  "training_loss": 0.3340730151304832,
  "training_cpu_memory_MB": 5534.036,
  "training_gpu_0_memory_MB": 12645,
  "training_gpu_1_memory_MB": 21435,
  "training_gpu_2_memory_MB": 0,
  "training_gpu_3_memory_MB": 12821,
  "validation_accuracy": 0.6602139582272033,
  "validation_loss": 0.8186974398282141,
  "best_validation_accuracy": 0.6602139582272033,
  "best_validation_loss": 0.8186974398282141
}