{
  "best_epoch": 10,
  "peak_cpu_memory_MB": 5534.036,
  "peak_gpu_0_memory_MB": 12645,
  "peak_gpu_1_memory_MB": 21435,
  "peak_gpu_2_memory_MB": 0,
  "peak_gpu_3_memory_MB": 12821,
  "training_duration": "0:06:58.546464",
  "training_start_epoch": 0,
  "training_epochs": 10,
  "epoch": 10,
  "training_accuracy": 0.9083969465648855,
  "training_loss": 0.28116275599369633,
  "training_cpu_memory_MB": 5534.036,
  "training_gpu_0_memory_MB": 12645,
  "training_gpu_1_memory_MB": 21435,
  "training_gpu_2_memory_MB": 0,
  "training_gpu_3_memory_MB": 12821,
  "validation_accuracy": 0.6634742740703006,
  "validation_loss": 0.8260574607779226,
  "best_validation_accuracy": 0.6634742740703006,
  "best_validation_loss": 0.8260574607779226
}