{
  "best_epoch": 12,
  "peak_cpu_memory_MB": 5534.036,
  "peak_gpu_0_memory_MB": 12645,
  "peak_gpu_1_memory_MB": 21435,
  "peak_gpu_2_memory_MB": 0,
  "peak_gpu_3_memory_MB": 12821,
  "training_duration": "0:09:28.447658",
  "training_start_epoch": 0,
  "training_epochs": 14,
  "epoch": 14,
  "training_accuracy": 0.9491094147582697,
  "training_loss": 0.19415075274614188,
  "training_cpu_memory_MB": 5534.036,
  "training_gpu_0_memory_MB": 12645,
  "training_gpu_1_memory_MB": 21435,
  "training_gpu_2_memory_MB": 0,
  "training_gpu_3_memory_MB": 12821,
  "validation_accuracy": 0.6749872643912379,
  "validation_loss": 0.8264171459775794,
  "best_validation_accuracy": 0.6755985736118186,
  "best_validation_loss": 0.8240539490788301
}