{
  "best_epoch": 11,
  "peak_cpu_memory_MB": 5534.036,
  "peak_gpu_0_memory_MB": 12645,
  "peak_gpu_1_memory_MB": 21435,
  "peak_gpu_2_memory_MB": 0,
  "peak_gpu_3_memory_MB": 12821,
  "training_duration": "0:07:37.137917",
  "training_start_epoch": 0,
  "training_epochs": 11,
  "epoch": 11,
  "training_accuracy": 0.9338422391857506,
  "training_loss": 0.22861780111606306,
  "training_cpu_memory_MB": 5534.036,
  "training_gpu_0_memory_MB": 12645,
  "training_gpu_1_memory_MB": 21435,
  "training_gpu_2_memory_MB": 0,
  "training_gpu_3_memory_MB": 12821,
  "validation_accuracy": 0.6708099847172695,
  "validation_loss": 0.8199348293414722,
  "best_validation_accuracy": 0.6708099847172695,
  "best_validation_loss": 0.8199348293414722
}