{
  "best_epoch": 1,
  "peak_cpu_memory_MB": 9764.464,
  "peak_gpu_0_memory_MB": 12677,
  "peak_gpu_1_memory_MB": 21435,
  "peak_gpu_2_memory_MB": 0,
  "peak_gpu_3_memory_MB": 12821,
  "training_duration": "9:53:39.650381",
  "training_start_epoch": 0,
  "training_epochs": 2,
  "epoch": 2,
  "training_accuracy": 0.9020071199026234,
  "training_gen_loss": 1.8646484105526002,
  "training_disc_loss": 0.2712794618016969,
  "training_loss": 0.5899537287050229,
  "training_cpu_memory_MB": 9764.464,
  "training_gpu_0_memory_MB": 12645,
  "training_gpu_1_memory_MB": 21435,
  "training_gpu_2_memory_MB": 0,
  "training_gpu_3_memory_MB": 12821,
  "validation_accuracy": 0.8645950076413652,
  "validation_gen_loss": 2.061527665740892,
  "validation_disc_loss": 0.4348656724962476,
  "validation_loss": 0.7603676846244825,
  "best_validation_accuracy": 0.8669383596535915,
  "best_validation_gen_loss": 2.0890772441699372,
  "best_validation_disc_loss": 0.3985460696996763,
  "best_validation_loss": 0.7368251437667138
}