{
  "best_epoch": 2,
  "peak_cpu_memory_MB": 5866.756,
  "peak_gpu_0_memory_MB": 22543,
  "peak_gpu_1_memory_MB": 20139,
  "peak_gpu_2_memory_MB": 20139,
  "peak_gpu_3_memory_MB": 20139,
  "training_duration": "0:10:07.013569",
  "training_start_epoch": 0,
  "training_epochs": 22,
  "epoch": 22,
  "training_accuracy": 0.42493638676844786,
  "training_disc_loss": 1.3447396564483642,
  "training_gen_loss": 6.207690601348877,
  "training_loss": 6.211138541881855,
  "training_cpu_memory_MB": 5866.756,
  "training_gpu_0_memory_MB": 22543,
  "training_gpu_1_memory_MB": 20139,
  "training_gpu_2_memory_MB": 20139,
  "training_gpu_3_memory_MB": 20139,
  "validation_accuracy": 0.34419551934826886,
  "validation_disc_loss": 1.3936769827719657,
  "validation_gen_loss": 6.894301406798824,
  "validation_loss": 6.896991360572077,
  "best_validation_accuracy": 0.3645621181262729,
  "best_validation_disc_loss": 1.4671745232997402,
  "best_validation_gen_loss": 6.992357846229307,
  "best_validation_loss": 6.9954423904418945
}