{
  "best_epoch": 25,
  "peak_cpu_memory_MB": 5866.756,
  "peak_gpu_0_memory_MB": 22543,
  "peak_gpu_1_memory_MB": 20139,
  "peak_gpu_2_memory_MB": 20139,
  "peak_gpu_3_memory_MB": 20139,
  "training_duration": "0:12:22.731491",
  "training_start_epoch": 0,
  "training_epochs": 27,
  "epoch": 27,
  "training_accuracy": 0.44274809160305345,
  "training_disc_loss": 1.2456981086730956,
  "training_gen_loss": 6.1811428642272945,
  "training_loss": 6.1844144601088304,
  "training_cpu_memory_MB": 5866.756,
  "training_gpu_0_memory_MB": 22543,
  "training_gpu_1_memory_MB": 20139,
  "training_gpu_2_memory_MB": 20139,
  "training_gpu_3_memory_MB": 20139,
  "validation_accuracy": 0.3594704684317719,
  "validation_disc_loss": 1.333734619040643,
  "validation_gen_loss": 6.882566590462962,
  "validation_loss": 6.885361302283503,
  "best_validation_accuracy": 0.37169042769857435,
  "best_validation_disc_loss": 1.3228966093832446,
  "best_validation_gen_loss": 6.879415788958149,
  "best_validation_loss": 6.882263168211906
}