{
  "best_epoch": 4,
  "peak_cpu_memory_MB": 5338.62,
  "peak_gpu_0_memory_MB": 12553,
  "peak_gpu_1_memory_MB": 21435,
  "peak_gpu_2_memory_MB": 0,
  "peak_gpu_3_memory_MB": 12821,
  "training_duration": "0:03:03.153892",
  "training_start_epoch": 0,
  "training_epochs": 4,
  "epoch": 4,
  "training_accuracy": 0.989821882951654,
  "training_loss": 0.05314479531863561,
  "training_cpu_memory_MB": 5338.62,
  "training_gpu_0_memory_MB": 12553,
  "training_gpu_1_memory_MB": 21435,
  "training_gpu_2_memory_MB": 0,
  "training_gpu_3_memory_MB": 12821,
  "validation_accuracy": 0.5941925624044829,
  "validation_loss": 1.4795151729537144,
  "best_validation_accuracy": 0.5941925624044829,
  "best_validation_loss": 1.4795151729537144
}