{
  "best_epoch": 0,
  "peak_cpu_memory_MB": 5338.62,
  "peak_gpu_0_memory_MB": 2309,
  "peak_gpu_1_memory_MB": 21435,
  "peak_gpu_2_memory_MB": 0,
  "peak_gpu_3_memory_MB": 10129,
  "training_duration": "0:00:30.490341",
  "training_start_epoch": 0,
  "training_epochs": 0,
  "epoch": 0,
  "training_accuracy": 0.3842239185750636,
  "training_loss": 1.12932288646698,
  "training_cpu_memory_MB": 5338.62,
  "training_gpu_0_memory_MB": 2309,
  "training_gpu_1_memory_MB": 21435,
  "training_gpu_2_memory_MB": 0,
  "training_gpu_3_memory_MB": 10129,
  "validation_accuracy": 0.40254712175241975,
  "validation_loss": 1.0705586149560513,
  "best_validation_accuracy": 0.40254712175241975,
  "best_validation_loss": 1.0705586149560513
}