{
  "best_epoch": 15,
  "peak_cpu_memory_MB": 5867.024,
  "peak_gpu_0_memory_MB": 22543,
  "peak_gpu_1_memory_MB": 20139,
  "peak_gpu_2_memory_MB": 20139,
  "peak_gpu_3_memory_MB": 20139,
  "training_duration": "0:08:40.348549",
  "training_start_epoch": 0,
  "training_epochs": 18,
  "epoch": 18,
  "training_accuracy": 0.4173027989821883,
  "training_disc_loss": 1.4030676794052124,
  "training_gen_loss": 6.315648975372315,
  "training_loss": 6.326384727771465,
  "training_cpu_memory_MB": 5867.024,
  "training_gpu_0_memory_MB": 22543,
  "training_gpu_1_memory_MB": 20139,
  "training_gpu_2_memory_MB": 20139,
  "training_gpu_3_memory_MB": 20139,
  "validation_accuracy": 0.34521384928716903,
  "validation_disc_loss": 1.6026444377437714,
  "validation_gen_loss": 6.876376328929778,
  "validation_loss": 6.878785748635569,
  "best_validation_accuracy": 0.34623217922606925,
  "best_validation_disc_loss": 1.539953819205684,
  "best_validation_gen_loss": 6.868703711417414,
  "best_validation_loss": 6.87114804790866
}