{
  "best_epoch": 7,
  "peak_cpu_memory_MB": 5867.024,
  "peak_gpu_0_memory_MB": 22543,
  "peak_gpu_1_memory_MB": 20139,
  "peak_gpu_2_memory_MB": 20139,
  "peak_gpu_3_memory_MB": 20139,
  "training_duration": "0:05:27.471100",
  "training_start_epoch": 0,
  "training_epochs": 11,
  "epoch": 11,
  "training_accuracy": 0.4198473282442748,
  "training_disc_loss": 1.5181106328964233,
  "training_gen_loss": 6.36584394454956,
  "training_loss": 6.360987553229699,
  "training_cpu_memory_MB": 5867.024,
  "training_gpu_0_memory_MB": 22543,
  "training_gpu_1_memory_MB": 20139,
  "training_gpu_2_memory_MB": 20139,
  "training_gpu_3_memory_MB": 20139,
  "validation_accuracy": 0.3411405295315682,
  "validation_disc_loss": 1.5610471771609398,
  "validation_gen_loss": 6.879203450295233,
  "validation_loss": 6.881592242948471,
  "best_validation_accuracy": 0.3421588594704684,
  "best_validation_disc_loss": 1.9206920304606039,
  "best_validation_gen_loss": 6.919048716945033,
  "best_validation_loss": 6.921297580965104
}