{
  "best_epoch": 7,
  "peak_cpu_memory_MB": 5867.024,
  "peak_gpu_0_memory_MB": 22543,
  "peak_gpu_1_memory_MB": 20139,
  "peak_gpu_2_memory_MB": 20139,
  "peak_gpu_3_memory_MB": 20139,
  "training_duration": "0:03:37.285422",
  "training_start_epoch": 0,
  "training_epochs": 7,
  "epoch": 7,
  "training_accuracy": 0.3994910941475827,
  "training_disc_loss": 1.7758439779281616,
  "training_gen_loss": 6.474939823150635,
  "training_loss": 6.485755810370812,
  "training_cpu_memory_MB": 5867.024,
  "training_gpu_0_memory_MB": 22543,
  "training_gpu_1_memory_MB": 20139,
  "training_gpu_2_memory_MB": 20139,
  "training_gpu_3_memory_MB": 20139,
  "validation_accuracy": 0.3421588594704684,
  "validation_disc_loss": 1.9206920304606039,
  "validation_gen_loss": 6.919048716945033,
  "validation_loss": 6.921297580965104,
  "best_validation_accuracy": 0.3421588594704684,
  "best_validation_disc_loss": 1.9206920304606039,
  "best_validation_gen_loss": 6.919048716945033,
  "best_validation_loss": 6.921297580965104
}