{
  "best_epoch": 1,
  "peak_cpu_memory_MB": 5505.476,
  "peak_gpu_0_memory_MB": 12693,
  "peak_gpu_1_memory_MB": 21435,
  "peak_gpu_2_memory_MB": 0,
  "peak_gpu_3_memory_MB": 12805,
  "training_duration": "0:01:04.977355",
  "training_start_epoch": 0,
  "training_epochs": 1,
  "epoch": 1,
  "training_accuracy": 0.37150127226463103,
  "training_loss": 1.1231797566780677,
  "training_cpu_memory_MB": 5505.476,
  "training_gpu_0_memory_MB": 12693,
  "training_gpu_1_memory_MB": 21435,
  "training_gpu_2_memory_MB": 0,
  "training_gpu_3_memory_MB": 12805,
  "validation_accuracy": 0.35303107488537955,
  "validation_loss": 1.1028885476363988,
  "best_validation_accuracy": 0.35303107488537955,
  "best_validation_loss": 1.1028885476363988
}