{
  "best_epoch": 7,
  "peak_cpu_memory_MB": 5505.476,
  "peak_gpu_0_memory_MB": 12693,
  "peak_gpu_1_memory_MB": 21435,
  "peak_gpu_2_memory_MB": 0,
  "peak_gpu_3_memory_MB": 12805,
  "training_duration": "0:04:51.622360",
  "training_start_epoch": 0,
  "training_epochs": 7,
  "epoch": 7,
  "training_accuracy": 0.7430025445292621,
  "training_loss": 0.7017169503065256,
  "training_cpu_memory_MB": 5505.476,
  "training_gpu_0_memory_MB": 12645,
  "training_gpu_1_memory_MB": 21435,
  "training_gpu_2_memory_MB": 0,
  "training_gpu_3_memory_MB": 12805,
  "validation_accuracy": 0.5596535914416709,
  "validation_loss": 0.9620270942632072,
  "best_validation_accuracy": 0.5596535914416709,
  "best_validation_loss": 0.9620270942632072
}