{
  "best_epoch": 1,
  "peak_cpu_memory_MB": 5505.476,
  "peak_gpu_0_memory_MB": 12693,
  "peak_gpu_1_memory_MB": 21435,
  "peak_gpu_2_memory_MB": 0,
  "peak_gpu_3_memory_MB": 12805,
  "training_duration": "0:01:42.922467",
  "training_start_epoch": 0,
  "training_epochs": 2,
  "epoch": 2,
  "training_accuracy": 0.3969465648854962,
  "training_loss": 1.117112737435561,
  "training_cpu_memory_MB": 5505.476,
  "training_gpu_0_memory_MB": 12693,
  "training_gpu_1_memory_MB": 21435,
  "training_gpu_2_memory_MB": 0,
  "training_gpu_3_memory_MB": 12805,
  "validation_accuracy": 0.3515028018339277,
  "validation_loss": 1.1238783163045827,
  "best_validation_accuracy": 0.35303107488537955,
  "best_validation_loss": 1.1028885476363988
}