{
  "best_epoch": 4,
  "peak_cpu_memory_MB": 5505.476,
  "peak_gpu_0_memory_MB": 12693,
  "peak_gpu_1_memory_MB": 21435,
  "peak_gpu_2_memory_MB": 0,
  "peak_gpu_3_memory_MB": 12805,
  "training_duration": "0:02:55.605908",
  "training_start_epoch": 0,
  "training_epochs": 4,
  "epoch": 4,
  "training_accuracy": 0.48091603053435117,
  "training_loss": 1.029772244966947,
  "training_cpu_memory_MB": 5505.476,
  "training_gpu_0_memory_MB": 12693,
  "training_gpu_1_memory_MB": 21435,
  "training_gpu_2_memory_MB": 0,
  "training_gpu_3_memory_MB": 12805,
  "validation_accuracy": 0.38960774325012737,
  "validation_loss": 1.2063062917137768,
  "best_validation_accuracy": 0.38960774325012737,
  "best_validation_loss": 1.2063062917137768
}