{
  "best_epoch": 10,
  "peak_cpu_memory_MB": 5505.476,
  "peak_gpu_0_memory_MB": 12693,
  "peak_gpu_1_memory_MB": 21435,
  "peak_gpu_2_memory_MB": 0,
  "peak_gpu_3_memory_MB": 12805,
  "training_duration": "0:06:46.322958",
  "training_start_epoch": 0,
  "training_epochs": 10,
  "epoch": 10,
  "training_accuracy": 0.8982188295165394,
  "training_loss": 0.3376735139351625,
  "training_cpu_memory_MB": 5505.476,
  "training_gpu_0_memory_MB": 12645,
  "training_gpu_1_memory_MB": 21435,
  "training_gpu_2_memory_MB": 0,
  "training_gpu_3_memory_MB": 12805,
  "validation_accuracy": 0.6576668364747835,
  "validation_loss": 0.8203408382226279,
  "best_validation_accuracy": 0.6576668364747835,
  "best_validation_loss": 0.8203408382226279
}