{
  "best_epoch": 12,
  "peak_cpu_memory_MB": 5505.476,
  "peak_gpu_0_memory_MB": 12693,
  "peak_gpu_1_memory_MB": 21435,
  "peak_gpu_2_memory_MB": 0,
  "peak_gpu_3_memory_MB": 12805,
  "training_duration": "0:08:03.272471",
  "training_start_epoch": 0,
  "training_epochs": 12,
  "epoch": 12,
  "training_accuracy": 0.9236641221374046,
  "training_loss": 0.2422668314897097,
  "training_cpu_memory_MB": 5505.476,
  "training_gpu_0_memory_MB": 12645,
  "training_gpu_1_memory_MB": 21435,
  "training_gpu_2_memory_MB": 0,
  "training_gpu_3_memory_MB": 12805,
  "validation_accuracy": 0.6672440142638818,
  "validation_loss": 0.8165143471004909,
  "best_validation_accuracy": 0.6672440142638818,
  "best_validation_loss": 0.8165143471004909
}