{
  "best_epoch": 8,
  "peak_cpu_memory_MB": 5622.064,
  "peak_gpu_0_memory_MB": 12645,
  "peak_gpu_1_memory_MB": 21435,
  "peak_gpu_2_memory_MB": 0,
  "peak_gpu_3_memory_MB": 12805,
  "training_duration": "0:06:07.714682",
  "training_start_epoch": 0,
  "training_epochs": 9,
  "epoch": 9,
  "training_accuracy": 0.9923664122137404,
  "training_loss": 0.06313876714557409,
  "training_cpu_memory_MB": 5622.064,
  "training_gpu_0_memory_MB": 12645,
  "training_gpu_1_memory_MB": 21435,
  "training_gpu_2_memory_MB": 0,
  "training_gpu_3_memory_MB": 12805,
  "validation_accuracy": 0.6853795211411106,
  "validation_loss": 0.9452577699279164,
  "best_validation_accuracy": 0.6853795211411106,
  "best_validation_loss": 0.9450906915074451
}