{
  "best_epoch": 4,
  "peak_cpu_memory_MB": 5622.064,
  "peak_gpu_0_memory_MB": 12645,
  "peak_gpu_1_memory_MB": 21435,
  "peak_gpu_2_memory_MB": 0,
  "peak_gpu_3_memory_MB": 12805,
  "training_duration": "0:02:54.831698",
  "training_start_epoch": 0,
  "training_epochs": 4,
  "epoch": 4,
  "training_accuracy": 0.8371501272264631,
  "training_loss": 0.4667562429721539,
  "training_cpu_memory_MB": 5622.064,
  "training_gpu_0_memory_MB": 12645,
  "training_gpu_1_memory_MB": 21435,
  "training_gpu_2_memory_MB": 0,
  "training_gpu_3_memory_MB": 12805,
  "validation_accuracy": 0.612633723892002,
  "validation_loss": 0.8950569305435454,
  "best_validation_accuracy": 0.612633723892002,
  "best_validation_loss": 0.8950569305435454
}