{
  "best_epoch": 5,
  "peak_cpu_memory_MB": 5622.064,
  "peak_gpu_0_memory_MB": 12645,
  "peak_gpu_1_memory_MB": 21435,
  "peak_gpu_2_memory_MB": 0,
  "peak_gpu_3_memory_MB": 12805,
  "training_duration": "0:03:32.811974",
  "training_start_epoch": 0,
  "training_epochs": 5,
  "epoch": 5,
  "training_accuracy": 0.926208651399491,
  "training_loss": 0.24338827683375433,
  "training_cpu_memory_MB": 5622.064,
  "training_gpu_0_memory_MB": 12645,
  "training_gpu_1_memory_MB": 21435,
  "training_gpu_2_memory_MB": 0,
  "training_gpu_3_memory_MB": 12805,
  "validation_accuracy": 0.6622516556291391,
  "validation_loss": 0.9195698171562792,
  "best_validation_accuracy": 0.6622516556291391,
  "best_validation_loss": 0.9195698171562792
}