{
  "best_epoch": 6,
  "peak_cpu_memory_MB": 5622.064,
  "peak_gpu_0_memory_MB": 12645,
  "peak_gpu_1_memory_MB": 21435,
  "peak_gpu_2_memory_MB": 0,
  "peak_gpu_3_memory_MB": 12805,
  "training_duration": "0:04:10.742941",
  "training_start_epoch": 0,
  "training_epochs": 6,
  "epoch": 6,
  "training_accuracy": 0.9541984732824428,
  "training_loss": 0.1644687337371019,
  "training_cpu_memory_MB": 5622.064,
  "training_gpu_0_memory_MB": 12645,
  "training_gpu_1_memory_MB": 21435,
  "training_gpu_2_memory_MB": 0,
  "training_gpu_3_memory_MB": 12805,
  "validation_accuracy": 0.6774325012735609,
  "validation_loss": 0.9810711014348443,
  "best_validation_accuracy": 0.6774325012735609,
  "best_validation_loss": 0.9810711014348443
}