{
  "best_epoch": 10,
  "peak_cpu_memory_MB": 5867.056,
  "peak_gpu_0_memory_MB": 14587,
  "peak_gpu_1_memory_MB": 13029,
  "peak_gpu_2_memory_MB": 14587,
  "peak_gpu_3_memory_MB": 21435,
  "training_duration": "0:08:45.560237",
  "training_start_epoch": 0,
  "training_epochs": 15,
  "epoch": 15,
  "training_accuracy": 0.9618320610687023,
  "training_disc_loss": 0.11789361136034131,
  "training_gen_loss": 5.72640323638916,
  "training_loss": 4.324275808334351,
  "training_cpu_memory_MB": 5867.056,
  "training_gpu_0_memory_MB": 14587,
  "training_gpu_1_memory_MB": 13029,
  "training_gpu_2_memory_MB": 14587,
  "training_gpu_3_memory_MB": 21435,
  "validation_accuracy": 0.3920570264765784,
  "validation_disc_loss": 2.4111572940175128,
  "validation_gen_loss": 7.324223545508656,
  "validation_loss": 6.095956961313884,
  "best_validation_accuracy": 0.4103869653767821,
  "best_validation_disc_loss": 2.212571954097205,
  "best_validation_gen_loss": 7.1743127194846545,
  "best_validation_loss": 5.933877541766903
}