{
  "best_epoch": 5,
  "peak_cpu_memory_MB": 5867.056,
  "peak_gpu_0_memory_MB": 14587,
  "peak_gpu_1_memory_MB": 13029,
  "peak_gpu_2_memory_MB": 14587,
  "peak_gpu_3_memory_MB": 21435,
  "training_duration": "0:04:23.656704",
  "training_start_epoch": 0,
  "training_epochs": 7,
  "epoch": 7,
  "training_accuracy": 0.6310432569974554,
  "training_disc_loss": 0.8932608982920647,
  "training_gen_loss": 6.052253284454346,
  "training_loss": 4.762505145072937,
  "training_cpu_memory_MB": 5867.056,
  "training_gpu_0_memory_MB": 14587,
  "training_gpu_1_memory_MB": 13029,
  "training_gpu_2_memory_MB": 14587,
  "training_gpu_3_memory_MB": 21435,
  "validation_accuracy": 0.37678207739307534,
  "validation_disc_loss": 2.0190432951217745,
  "validation_gen_loss": 7.1288112818710205,
  "validation_loss": 5.851369291786256,
  "best_validation_accuracy": 0.39613034623217924,
  "best_validation_disc_loss": 1.474574814482433,
  "best_validation_gen_loss": 6.926581351737666,
  "best_validation_loss": 5.563579710518441
}