{
  "best_epoch": 10,
  "peak_cpu_memory_MB": 5867.056,
  "peak_gpu_0_memory_MB": 14587,
  "peak_gpu_1_memory_MB": 13029,
  "peak_gpu_2_memory_MB": 14587,
  "peak_gpu_3_memory_MB": 21435,
  "training_duration": "0:07:42.210127",
  "training_start_epoch": 0,
  "training_epochs": 13,
  "epoch": 13,
  "training_accuracy": 0.916030534351145,
  "training_disc_loss": 0.2445003841072321,
  "training_gen_loss": 5.800070056915283,
  "training_loss": 4.411177644729614,
  "training_cpu_memory_MB": 5867.056,
  "training_gpu_0_memory_MB": 14587,
  "training_gpu_1_memory_MB": 13029,
  "training_gpu_2_memory_MB": 12,
  "training_gpu_3_memory_MB": 21435,
  "validation_accuracy": 0.40835030549898166,
  "validation_disc_loss": 2.223834990122454,
  "validation_gen_loss": 7.204916577998215,
  "validation_loss": 5.959646174578163,
  "best_validation_accuracy": 0.4103869653767821,
  "best_validation_disc_loss": 2.212571954097205,
  "best_validation_gen_loss": 7.1743127194846545,
  "best_validation_loss": 5.933877541766903
}