{
  "best_epoch": 10,
  "peak_cpu_memory_MB": 5867.056,
  "peak_gpu_0_memory_MB": 14587,
  "peak_gpu_1_memory_MB": 13029,
  "peak_gpu_2_memory_MB": 14587,
  "peak_gpu_3_memory_MB": 21435,
  "training_duration": "0:06:03.301456",
  "training_start_epoch": 0,
  "training_epochs": 10,
  "epoch": 10,
  "training_accuracy": 0.7989821882951654,
  "training_disc_loss": 0.4777051053568721,
  "training_gen_loss": 5.905234394073486,
  "training_loss": 4.5483520889282225,
  "training_cpu_memory_MB": 5867.056,
  "training_gpu_0_memory_MB": 14587,
  "training_gpu_1_memory_MB": 13029,
  "training_gpu_2_memory_MB": 14587,
  "training_gpu_3_memory_MB": 21435,
  "validation_accuracy": 0.4103869653767821,
  "validation_disc_loss": 2.212571954097205,
  "validation_gen_loss": 7.1743127194846545,
  "validation_loss": 5.933877541766903,
  "best_validation_accuracy": 0.4103869653767821,
  "best_validation_disc_loss": 2.212571954097205,
  "best_validation_gen_loss": 7.1743127194846545,
  "best_validation_loss": 5.933877541766903
}