{
  "best_epoch": 5,
  "peak_cpu_memory_MB": 5867.056,
  "peak_gpu_0_memory_MB": 14587,
  "peak_gpu_1_memory_MB": 13029,
  "peak_gpu_2_memory_MB": 14587,
  "peak_gpu_3_memory_MB": 21435,
  "training_duration": "0:03:52.129966",
  "training_start_epoch": 0,
  "training_epochs": 6,
  "epoch": 6,
  "training_accuracy": 0.6132315521628499,
  "training_disc_loss": 0.938902345597744,
  "training_gen_loss": 6.11311819076538,
  "training_loss": 4.819564275741577,
  "training_cpu_memory_MB": 5867.056,
  "training_gpu_0_memory_MB": 14587,
  "training_gpu_1_memory_MB": 13029,
  "training_gpu_2_memory_MB": 14587,
  "training_gpu_3_memory_MB": 21435,
  "validation_accuracy": 0.39613034623217924,
  "validation_disc_loss": 1.6471618266125037,
  "validation_gen_loss": 7.022720670312401,
  "validation_loss": 5.6788309531483225,
  "best_validation_accuracy": 0.39613034623217924,
  "best_validation_disc_loss": 1.474574814482433,
  "best_validation_gen_loss": 6.926581351737666,
  "best_validation_loss": 5.563579710518441
}