{
  "best_epoch": 10,
  "peak_cpu_memory_MB": 5867.056,
  "peak_gpu_0_memory_MB": 14587,
  "peak_gpu_1_memory_MB": 13029,
  "peak_gpu_2_memory_MB": 14587,
  "peak_gpu_3_memory_MB": 21435,
  "training_duration": "0:10:52.079909",
  "training_start_epoch": 0,
  "training_epochs": 19,
  "epoch": 19,
  "training_accuracy": 0.9821882951653944,
  "training_disc_loss": 0.07968252629158087,
  "training_gen_loss": 5.644972772598266,
  "training_loss": 4.253650169372559,
  "training_cpu_memory_MB": 5867.056,
  "training_gpu_0_memory_MB": 14587,
  "training_gpu_1_memory_MB": 13029,
  "training_gpu_2_memory_MB": 14587,
  "training_gpu_3_memory_MB": 21435,
  "validation_accuracy": 0.39307535641547864,
  "validation_disc_loss": 2.4988873999535555,
  "validation_gen_loss": 7.364281863701053,
  "validation_loss": 6.1479332737806365,
  "best_validation_accuracy": 0.4103869653767821,
  "best_validation_disc_loss": 2.212571954097205,
  "best_validation_gen_loss": 7.1743127194846545,
  "best_validation_loss": 5.933877541766903
}