{
  "best_epoch": 5,
  "peak_cpu_memory_MB": 5867.056,
  "peak_gpu_0_memory_MB": 14587,
  "peak_gpu_1_memory_MB": 13029,
  "peak_gpu_2_memory_MB": 14587,
  "peak_gpu_3_memory_MB": 21435,
  "training_duration": "0:03:16.317451",
  "training_start_epoch": 0,
  "training_epochs": 5,
  "epoch": 5,
  "training_accuracy": 0.5139949109414759,
  "training_disc_loss": 1.107727825641632,
  "training_gen_loss": 6.1546219539642335,
  "training_loss": 4.892898416519165,
  "training_cpu_memory_MB": 5867.056,
  "training_gpu_0_memory_MB": 14587,
  "training_gpu_1_memory_MB": 13029,
  "training_gpu_2_memory_MB": 14587,
  "training_gpu_3_memory_MB": 21435,
  "validation_accuracy": 0.39613034623217924,
  "validation_disc_loss": 1.474574814482433,
  "validation_gen_loss": 6.926581351737666,
  "validation_loss": 5.563579710518441,
  "best_validation_accuracy": 0.39613034623217924,
  "best_validation_disc_loss": 1.474574814482433,
  "best_validation_gen_loss": 6.926581351737666,
  "best_validation_loss": 5.563579710518441
}