{
  "best_epoch": 10,
  "peak_cpu_memory_MB": 5867.056,
  "peak_gpu_0_memory_MB": 14587,
  "peak_gpu_1_memory_MB": 13029,
  "peak_gpu_2_memory_MB": 14587,
  "peak_gpu_3_memory_MB": 21435,
  "training_duration": "0:07:10.571386",
  "training_start_epoch": 0,
  "training_epochs": 12,
  "epoch": 12,
  "training_accuracy": 0.905852417302799,
  "training_disc_loss": 0.24867881383746862,
  "training_gen_loss": 5.8173293781280515,
  "training_loss": 4.42516674041748,
  "training_cpu_memory_MB": 5867.056,
  "training_gpu_0_memory_MB": 14587,
  "training_gpu_1_memory_MB": 13029,
  "training_gpu_2_memory_MB": 14587,
  "training_gpu_3_memory_MB": 21435,
  "validation_accuracy": 0.40427698574338083,
  "validation_disc_loss": 2.2491758274353617,
  "validation_gen_loss": 7.186061932788632,
  "validation_loss": 5.951840392942351,
  "best_validation_accuracy": 0.4103869653767821,
  "best_validation_disc_loss": 2.212571954097205,
  "best_validation_gen_loss": 7.1743127194846545,
  "best_validation_loss": 5.933877541766903
}