{
  "best_epoch": 4,
  "peak_cpu_memory_MB": 5867.056,
  "peak_gpu_0_memory_MB": 14587,
  "peak_gpu_1_memory_MB": 13029,
  "peak_gpu_2_memory_MB": 14587,
  "peak_gpu_3_memory_MB": 21435,
  "training_duration": "0:02:40.587270",
  "training_start_epoch": 0,
  "training_epochs": 4,
  "epoch": 4,
  "training_accuracy": 0.48091603053435117,
  "training_disc_loss": 1.308747954443097,
  "training_gen_loss": 6.294701728820801,
  "training_loss": 5.04821328163147,
  "training_cpu_memory_MB": 5867.056,
  "training_gpu_0_memory_MB": 14587,
  "training_gpu_1_memory_MB": 13029,
  "training_gpu_2_memory_MB": 14587,
  "training_gpu_3_memory_MB": 21435,
  "validation_accuracy": 0.3879837067209776,
  "validation_disc_loss": 1.3892076514600737,
  "validation_gen_loss": 6.859220497007293,
  "validation_loss": 5.491717284287864,
  "best_validation_accuracy": 0.3879837067209776,
  "best_validation_disc_loss": 1.3892076514600737,
  "best_validation_gen_loss": 6.859220497007293,
  "best_validation_loss": 5.491717284287864
}