{
  "best_epoch": 1,
  "peak_cpu_memory_MB": 5867.056,
  "peak_gpu_0_memory_MB": 14587,
  "peak_gpu_1_memory_MB": 13029,
  "peak_gpu_2_memory_MB": 14587,
  "peak_gpu_3_memory_MB": 21435,
  "training_duration": "0:01:33.659926",
  "training_start_epoch": 0,
  "training_epochs": 2,
  "epoch": 2,
  "training_accuracy": 0.34096692111959287,
  "training_disc_loss": 1.8064778578281402,
  "training_gen_loss": 6.4768517875671385,
  "training_loss": 5.309258260726929,
  "training_cpu_memory_MB": 5867.056,
  "training_gpu_0_memory_MB": 14587,
  "training_gpu_1_memory_MB": 13029,
  "training_gpu_2_memory_MB": 14587,
  "training_gpu_3_memory_MB": 21435,
  "validation_accuracy": 0.31568228105906315,
  "validation_disc_loss": 2.1351811701689307,
  "validation_gen_loss": 6.95752137269431,
  "validation_loss": 5.751936323274442,
  "best_validation_accuracy": 0.3645621181262729,
  "best_validation_disc_loss": 1.123586461796024,
  "best_validation_gen_loss": 6.891551413187167,
  "best_validation_loss": 5.449560173158723
}