{
  "best_epoch": 1,
  "peak_cpu_memory_MB": 5345.936,
  "peak_gpu_0_memory_MB": 12677,
  "peak_gpu_1_memory_MB": 23799,
  "peak_gpu_2_memory_MB": 0,
  "peak_gpu_3_memory_MB": 12805,
  "training_duration": "0:01:05.620529",
  "training_start_epoch": 0,
  "training_epochs": 1,
  "epoch": 1,
  "training_accuracy": 0.6743002544529262,
  "training_loss": 0.836902366234706,
  "training_cpu_memory_MB": 5345.936,
  "training_gpu_0_memory_MB": 12677,
  "training_gpu_1_memory_MB": 12,
  "training_gpu_2_memory_MB": 0,
  "training_gpu_3_memory_MB": 12805,
  "validation_accuracy": 0.493428425878757,
  "validation_loss": 1.029225784714913,
  "best_validation_accuracy": 0.493428425878757,
  "best_validation_loss": 1.029225784714913
}