{
  "best_epoch": 2,
  "peak_cpu_memory_MB": 5345.936,
  "peak_gpu_0_memory_MB": 12677,
  "peak_gpu_1_memory_MB": 23799,
  "peak_gpu_2_memory_MB": 0,
  "peak_gpu_3_memory_MB": 12805,
  "training_duration": "0:01:43.045887",
  "training_start_epoch": 0,
  "training_epochs": 2,
  "epoch": 2,
  "training_accuracy": 0.8320610687022901,
  "training_loss": 0.48216248475588286,
  "training_cpu_memory_MB": 5345.936,
  "training_gpu_0_memory_MB": 12677,
  "training_gpu_1_memory_MB": 12,
  "training_gpu_2_memory_MB": 0,
  "training_gpu_3_memory_MB": 12805,
  "validation_accuracy": 0.5577177789098319,
  "validation_loss": 1.1102499884192252,
  "best_validation_accuracy": 0.5577177789098319,
  "best_validation_loss": 1.1102499884192252
}