{
  "best_epoch": 2,
  "peak_cpu_memory_MB": 5867.032,
  "peak_gpu_0_memory_MB": 22543,
  "peak_gpu_1_memory_MB": 20139,
  "peak_gpu_2_memory_MB": 20139,
  "peak_gpu_3_memory_MB": 20139,
  "training_duration": "0:02:35.692480",
  "training_start_epoch": 0,
  "training_epochs": 5,
  "epoch": 5,
  "training_accuracy": 0.3816793893129771,
  "training_disc_loss": 2.7942130041122435,
  "training_gen_loss": 6.752788619995117,
  "training_loss": 6.753998573009785,
  "training_cpu_memory_MB": 5867.032,
  "training_gpu_0_memory_MB": 22543,
  "training_gpu_1_memory_MB": 20139,
  "training_gpu_2_memory_MB": 20139,
  "training_gpu_3_memory_MB": 20139,
  "validation_accuracy": 0.3136456211812627,
  "validation_disc_loss": 5.894876549320836,
  "validation_gen_loss": 7.30297077086664,
  "validation_loss": 7.30441964057184,
  "best_validation_accuracy": 0.34725050916496947,
  "best_validation_disc_loss": 11.938589649815713,
  "best_validation_gen_loss": 8.23618197441101,
  "best_validation_loss": 8.236233434369487
}