{
  "best_epoch": 2,
  "peak_cpu_memory_MB": 5867.032,
  "peak_gpu_0_memory_MB": 22543,
  "peak_gpu_1_memory_MB": 20139,
  "peak_gpu_2_memory_MB": 20139,
  "peak_gpu_3_memory_MB": 20139,
  "training_duration": "0:04:20.502976",
  "training_start_epoch": 0,
  "training_epochs": 9,
  "epoch": 9,
  "training_accuracy": 0.3944020356234097,
  "training_disc_loss": 2.4454679822921754,
  "training_gen_loss": 6.665540618896484,
  "training_loss": 6.669076589437632,
  "training_cpu_memory_MB": 5867.032,
  "training_gpu_0_memory_MB": 22543,
  "training_gpu_1_memory_MB": 20139,
  "training_gpu_2_memory_MB": 20139,
  "training_gpu_3_memory_MB": 20139,
  "validation_accuracy": 0.3167006109979633,
  "validation_disc_loss": 4.87553027752907,
  "validation_gen_loss": 7.1984921347710396,
  "validation_loss": 7.20011406560098,
  "best_validation_accuracy": 0.34725050916496947,
  "best_validation_disc_loss": 11.938589649815713,
  "best_validation_gen_loss": 8.23618197441101,
  "best_validation_loss": 8.236233434369487
}