{
  "best_epoch": 5,
  "peak_cpu_memory_MB": 5866.696,
  "peak_gpu_0_memory_MB": 13845,
  "peak_gpu_1_memory_MB": 12805,
  "peak_gpu_2_memory_MB": 14587,
  "peak_gpu_3_memory_MB": 21435,
  "training_duration": "0:05:19.215768",
  "training_start_epoch": 0,
  "training_epochs": 9,
  "epoch": 9,
  "training_accuracy": 0.6234096692111959,
  "training_disc_loss": 1.165229670405388,
  "training_gen_loss": 5.58400032043457,
  "training_loss": 5.58400032043457,
  "training_cpu_memory_MB": 5866.696,
  "training_gpu_0_memory_MB": 13845,
  "training_gpu_1_memory_MB": 12805,
  "training_gpu_2_memory_MB": 14587,
  "training_gpu_3_memory_MB": 21435,
  "validation_accuracy": 0.3329938900203666,
  "validation_disc_loss": 9.56479052799504,
  "validation_gen_loss": 9.190713514157427,
  "validation_loss": 9.190713514157427,
  "best_validation_accuracy": 0.3645621181262729,
  "best_validation_disc_loss": 1.3862132565761969,
  "best_validation_gen_loss": 7.568333699451229,
  "best_validation_loss": 7.568333699451229
}