{
  "best_epoch": 10,
  "peak_cpu_memory_MB": 5866.696,
  "peak_gpu_0_memory_MB": 13845,
  "peak_gpu_1_memory_MB": 12805,
  "peak_gpu_2_memory_MB": 14587,
  "peak_gpu_3_memory_MB": 21435,
  "training_duration": "0:05:49.910483",
  "training_start_epoch": 0,
  "training_epochs": 10,
  "epoch": 10,
  "training_accuracy": 0.6793893129770993,
  "training_disc_loss": 0.943372150361538,
  "training_gen_loss": 5.533961315155029,
  "training_loss": 5.533961315155029,
  "training_cpu_memory_MB": 5866.696,
  "training_gpu_0_memory_MB": 13845,
  "training_gpu_1_memory_MB": 12805,
  "training_gpu_2_memory_MB": 14587,
  "training_gpu_3_memory_MB": 21435,
  "validation_accuracy": 0.3665987780040733,
  "validation_disc_loss": 3.216558032888707,
  "validation_gen_loss": 9.108347850117257,
  "validation_loss": 9.108347850117257,
  "best_validation_accuracy": 0.3665987780040733,
  "best_validation_disc_loss": 3.216558032888707,
  "best_validation_gen_loss": 9.108347850117257,
  "best_validation_loss": 9.108347850117257
}