{
  "best_epoch": 5,
  "peak_cpu_memory_MB": 5866.696,
  "peak_gpu_0_memory_MB": 13845,
  "peak_gpu_1_memory_MB": 12805,
  "peak_gpu_2_memory_MB": 14587,
  "peak_gpu_3_memory_MB": 21435,
  "training_duration": "0:03:45.477445",
  "training_start_epoch": 0,
  "training_epochs": 6,
  "epoch": 6,
  "training_accuracy": 0.4732824427480916,
  "training_disc_loss": 1.588096388578415,
  "training_gen_loss": 5.715900993347168,
  "training_loss": 5.715900993347168,
  "training_cpu_memory_MB": 5866.696,
  "training_gpu_0_memory_MB": 13845,
  "training_gpu_1_memory_MB": 12805,
  "training_gpu_2_memory_MB": 14587,
  "training_gpu_3_memory_MB": 21435,
  "validation_accuracy": 0.3340122199592668,
  "validation_disc_loss": 10.650544294496862,
  "validation_gen_loss": 9.158299302667137,
  "validation_loss": 9.158299302667137,
  "best_validation_accuracy": 0.3645621181262729,
  "best_validation_disc_loss": 1.3862132565761969,
  "best_validation_gen_loss": 7.568333699451229,
  "best_validation_loss": 7.568333699451229
}