{
  "best_epoch": 11,
  "peak_cpu_memory_MB": 5866.696,
  "peak_gpu_0_memory_MB": 13845,
  "peak_gpu_1_memory_MB": 13029,
  "peak_gpu_2_memory_MB": 14587,
  "peak_gpu_3_memory_MB": 21435,
  "training_duration": "0:12:41.301004",
  "training_start_epoch": 0,
  "training_epochs": 23,
  "epoch": 23,
  "training_accuracy": 0.35368956743002544,
  "training_disc_loss": 1.9012173330783844,
  "training_gen_loss": 5.470241756439209,
  "training_loss": 5.470241756439209,
  "training_cpu_memory_MB": 5866.696,
  "training_gpu_0_memory_MB": 13845,
  "training_gpu_1_memory_MB": 13029,
  "training_gpu_2_memory_MB": 14587,
  "training_gpu_3_memory_MB": 21435,
  "validation_accuracy": 0.3085539714867617,
  "validation_disc_loss": 1.1007377548915585,
  "validation_gen_loss": 10.694433189019925,
  "validation_loss": 10.694433189019925,
  "best_validation_accuracy": 0.3920570264765784,
  "best_validation_disc_loss": 1.80254505586818,
  "best_validation_gen_loss": 8.916484522625682,
  "best_validation_loss": 8.916484522625682
}