{
  "best_epoch": 1,
  "peak_cpu_memory_MB": 5866.696,
  "peak_gpu_0_memory_MB": 13845,
  "peak_gpu_1_memory_MB": 12805,
  "peak_gpu_2_memory_MB": 14587,
  "peak_gpu_3_memory_MB": 21435,
  "training_duration": "0:00:57.279749",
  "training_start_epoch": 0,
  "training_epochs": 1,
  "epoch": 1,
  "training_accuracy": 0.3155216284987277,
  "training_disc_loss": 1.5932548689842223,
  "training_gen_loss": 6.445640306472779,
  "training_loss": 6.445640306472779,
  "training_cpu_memory_MB": 5866.696,
  "training_gpu_0_memory_MB": 13845,
  "training_gpu_1_memory_MB": 12805,
  "training_gpu_2_memory_MB": 14587,
  "training_gpu_3_memory_MB": 21435,
  "validation_accuracy": 0.3319755600814664,
  "validation_disc_loss": 2.90533568413277,
  "validation_gen_loss": 8.055566058895453,
  "validation_loss": 8.055566058895453,
  "best_validation_accuracy": 0.3319755600814664,
  "best_validation_disc_loss": 2.90533568413277,
  "best_validation_gen_loss": 8.055566058895453,
  "best_validation_loss": 8.055566058895453
}