{
  "best_epoch": 11,
  "peak_cpu_memory_MB": 5866.696,
  "peak_gpu_0_memory_MB": 13845,
  "peak_gpu_1_memory_MB": 12805,
  "peak_gpu_2_memory_MB": 14587,
  "peak_gpu_3_memory_MB": 21435,
  "training_duration": "0:12:09.816309",
  "training_start_epoch": 0,
  "training_epochs": 22,
  "epoch": 22,
  "training_accuracy": 0.3638676844783715,
  "training_disc_loss": 1.718012033700943,
  "training_gen_loss": 5.492217769622803,
  "training_loss": 5.492217769622803,
  "training_cpu_memory_MB": 5866.696,
  "training_gpu_0_memory_MB": 13845,
  "training_gpu_1_memory_MB": 12805,
  "training_gpu_2_memory_MB": 14587,
  "training_gpu_3_memory_MB": 21435,
  "validation_accuracy": 0.3533604887983707,
  "validation_disc_loss": 1.0973688160500876,
  "validation_gen_loss": 14.138454274433416,
  "validation_loss": 14.138454274433416,
  "best_validation_accuracy": 0.3920570264765784,
  "best_validation_disc_loss": 1.80254505586818,
  "best_validation_gen_loss": 8.916484522625682,
  "best_validation_loss": 8.916484522625682
}