{
  "best_epoch": 11,
  "peak_cpu_memory_MB": 5866.696,
  "peak_gpu_0_memory_MB": 13845,
  "peak_gpu_1_memory_MB": 12805,
  "peak_gpu_2_memory_MB": 14587,
  "peak_gpu_3_memory_MB": 21435,
  "training_duration": "0:11:39.301159",
  "training_start_epoch": 0,
  "training_epochs": 21,
  "epoch": 21,
  "training_accuracy": 0.356234096692112,
  "training_disc_loss": 1.9075140307843685,
  "training_gen_loss": 5.5487980556488035,
  "training_loss": 5.5487980556488035,
  "training_cpu_memory_MB": 5866.696,
  "training_gpu_0_memory_MB": 13845,
  "training_gpu_1_memory_MB": 12805,
  "training_gpu_2_memory_MB": 14587,
  "training_gpu_3_memory_MB": 21435,
  "validation_accuracy": 0.3014256619144603,
  "validation_disc_loss": 1.1005841222235826,
  "validation_gen_loss": 11.551194253006601,
  "validation_loss": 11.551194253006601,
  "best_validation_accuracy": 0.3920570264765784,
  "best_validation_disc_loss": 1.80254505586818,
  "best_validation_gen_loss": 8.916484522625682,
  "best_validation_loss": 8.916484522625682
}