{
  "best_epoch": 11,
  "peak_cpu_memory_MB": 5866.696,
  "peak_gpu_0_memory_MB": 13845,
  "peak_gpu_1_memory_MB": 12805,
  "peak_gpu_2_memory_MB": 14587,
  "peak_gpu_3_memory_MB": 21435,
  "training_duration": "0:09:03.582324",
  "training_start_epoch": 0,
  "training_epochs": 16,
  "epoch": 16,
  "training_accuracy": 0.3791348600508906,
  "training_disc_loss": 1.7254452359676362,
  "training_gen_loss": 5.607149686813354,
  "training_loss": 5.607149686813354,
  "training_cpu_memory_MB": 5866.696,
  "training_gpu_0_memory_MB": 13845,
  "training_gpu_1_memory_MB": 12805,
  "training_gpu_2_memory_MB": 14587,
  "training_gpu_3_memory_MB": 21435,
  "validation_accuracy": 0.335030549898167,
  "validation_disc_loss": 1.1046816507975261,
  "validation_gen_loss": 9.991808007403117,
  "validation_loss": 9.991808007403117,
  "best_validation_accuracy": 0.3920570264765784,
  "best_validation_disc_loss": 1.80254505586818,
  "best_validation_gen_loss": 8.916484522625682,
  "best_validation_loss": 8.916484522625682
}