{
  "best_epoch": 5,
  "peak_cpu_memory_MB": 5866.696,
  "peak_gpu_0_memory_MB": 13845,
  "peak_gpu_1_memory_MB": 12805,
  "peak_gpu_2_memory_MB": 14587,
  "peak_gpu_3_memory_MB": 21435,
  "training_duration": "0:04:16.986442",
  "training_start_epoch": 0,
  "training_epochs": 7,
  "epoch": 7,
  "training_accuracy": 0.4707379134860051,
  "training_disc_loss": 1.983023729324341,
  "training_gen_loss": 5.711119585037231,
  "training_loss": 5.711119585037231,
  "training_cpu_memory_MB": 5866.696,
  "training_gpu_0_memory_MB": 13845,
  "training_gpu_1_memory_MB": 12805,
  "training_gpu_2_memory_MB": 14587,
  "training_gpu_3_memory_MB": 21435,
  "validation_accuracy": 0.3340122199592668,
  "validation_disc_loss": 19.440057599447606,
  "validation_gen_loss": 11.775261266444756,
  "validation_loss": 11.775261266444756,
  "best_validation_accuracy": 0.3645621181262729,
  "best_validation_disc_loss": 1.3862132565761969,
  "best_validation_gen_loss": 7.568333699451229,
  "best_validation_loss": 7.568333699451229
}