{
  "best_epoch": 11,
  "peak_cpu_memory_MB": 5866.696,
  "peak_gpu_0_memory_MB": 13845,
  "peak_gpu_1_memory_MB": 12805,
  "peak_gpu_2_memory_MB": 14587,
  "peak_gpu_3_memory_MB": 21435,
  "training_duration": "0:08:01.914165",
  "training_start_epoch": 0,
  "training_epochs": 14,
  "epoch": 14,
  "training_accuracy": 0.8244274809160306,
  "training_disc_loss": 0.7859442673996091,
  "training_gen_loss": 5.426583395004273,
  "training_loss": 5.426583395004273,
  "training_cpu_memory_MB": 5866.696,
  "training_gpu_0_memory_MB": 13845,
  "training_gpu_1_memory_MB": 12805,
  "training_gpu_2_memory_MB": 14587,
  "training_gpu_3_memory_MB": 21435,
  "validation_accuracy": 0.37474541751527496,
  "validation_disc_loss": 4.622585595138674,
  "validation_gen_loss": 8.958139970050595,
  "validation_loss": 8.958139970050595,
  "best_validation_accuracy": 0.3920570264765784,
  "best_validation_disc_loss": 1.80254505586818,
  "best_validation_gen_loss": 8.916484522625682,
  "best_validation_loss": 8.916484522625682
}