{
  "best_epoch": 2,
  "peak_cpu_memory_MB": 5346.468,
  "peak_gpu_0_memory_MB": 12553,
  "peak_gpu_1_memory_MB": 21435,
  "peak_gpu_2_memory_MB": 0,
  "peak_gpu_3_memory_MB": 12805,
  "training_duration": "0:04:04.855428",
  "training_start_epoch": 0,
  "training_epochs": 6,
  "epoch": 6,
  "training_accuracy": 0.9974554707379135,
  "training_loss": 0.0054701278254819605,
  "training_cpu_memory_MB": 5346.468,
  "training_gpu_0_memory_MB": 12553,
  "training_gpu_1_memory_MB": 21435,
  "training_gpu_2_memory_MB": 0,
  "training_gpu_3_memory_MB": 12805,
  "validation_accuracy": 0.6022414671421293,
  "validation_loss": 2.2041198824826593,
  "best_validation_accuracy": 0.6172185430463576,
  "best_validation_loss": 1.1382522782984308
}