{
  "best_epoch": 2,
  "peak_cpu_memory_MB": 5346.468,
  "peak_gpu_0_memory_MB": 12553,
  "peak_gpu_1_memory_MB": 21435,
  "peak_gpu_2_memory_MB": 0,
  "peak_gpu_3_memory_MB": 12805,
  "training_duration": "0:02:20.169359",
  "training_start_epoch": 0,
  "training_epochs": 3,
  "epoch": 3,
  "training_accuracy": 0.9567430025445293,
  "training_loss": 0.12523961769273648,
  "training_cpu_memory_MB": 5346.468,
  "training_gpu_0_memory_MB": 12553,
  "training_gpu_1_memory_MB": 21435,
  "training_gpu_2_memory_MB": 0,
  "training_gpu_3_memory_MB": 12805,
  "validation_accuracy": 0.5851248089658686,
  "validation_loss": 1.713566094733993,
  "best_validation_accuracy": 0.6172185430463576,
  "best_validation_loss": 1.1382522782984308
}