{
  "best_epoch": 2,
  "peak_cpu_memory_MB": 5346.468,
  "peak_gpu_0_memory_MB": 12553,
  "peak_gpu_1_memory_MB": 21435,
  "peak_gpu_2_memory_MB": 0,
  "peak_gpu_3_memory_MB": 12805,
  "training_duration": "0:02:54.990590",
  "training_start_epoch": 0,
  "training_epochs": 4,
  "epoch": 4,
  "training_accuracy": 0.989821882951654,
  "training_loss": 0.029912828252865717,
  "training_cpu_memory_MB": 5346.468,
  "training_gpu_0_memory_MB": 12553,
  "training_gpu_1_memory_MB": 21435,
  "training_gpu_2_memory_MB": 0,
  "training_gpu_3_memory_MB": 12805,
  "validation_accuracy": 0.5915435557819664,
  "validation_loss": 1.9157957663753522,
  "best_validation_accuracy": 0.6172185430463576,
  "best_validation_loss": 1.1382522782984308
}