{
  "best_epoch": 3,
  "peak_cpu_memory_MB": 5361.632,
  "peak_gpu_0_memory_MB": 12645,
  "peak_gpu_1_memory_MB": 21435,
  "peak_gpu_2_memory_MB": 0,
  "peak_gpu_3_memory_MB": 12805,
  "training_duration": "0:02:21.671459",
  "training_start_epoch": 0,
  "training_epochs": 3,
  "epoch": 3,
  "training_accuracy": 0.9083969465648855,
  "training_loss": 0.280294921535712,
  "training_cpu_memory_MB": 5361.632,
  "training_gpu_0_memory_MB": 12645,
  "training_gpu_1_memory_MB": 21435,
  "training_gpu_2_memory_MB": 0,
  "training_gpu_3_memory_MB": 12805,
  "validation_accuracy": 0.5661742231278655,
  "validation_loss": 1.1859441288907675,
  "best_validation_accuracy": 0.5661742231278655,
  "best_validation_loss": 1.1859441288907675
}