{
  "best_epoch": 2,
  "peak_cpu_memory_MB": 5361.632,
  "peak_gpu_0_memory_MB": 12645,
  "peak_gpu_1_memory_MB": 21435,
  "peak_gpu_2_memory_MB": 0,
  "peak_gpu_3_memory_MB": 12805,
  "training_duration": "0:01:42.863387",
  "training_start_epoch": 0,
  "training_epochs": 2,
  "epoch": 2,
  "training_accuracy": 0.7404580152671756,
  "training_loss": 0.6357775605641879,
  "training_cpu_memory_MB": 5361.632,
  "training_gpu_0_memory_MB": 12645,
  "training_gpu_1_memory_MB": 21435,
  "training_gpu_2_memory_MB": 0,
  "training_gpu_3_memory_MB": 12,
  "validation_accuracy": 0.5231788079470199,
  "validation_loss": 1.1065560016259308,
  "best_validation_accuracy": 0.5231788079470199,
  "best_validation_loss": 1.1065560016259308
}