{
  "best_epoch": 0,
  "peak_cpu_memory_MB": 8029.056,
  "peak_gpu_0_memory_MB": 13845,
  "peak_gpu_1_memory_MB": 2425,
  "peak_gpu_2_memory_MB": 13845,
  "peak_gpu_3_memory_MB": 21435,
  "training_duration": "1:05:35.249892",
  "training_start_epoch": 0,
  "training_epochs": 0,
  "epoch": 0,
  "training_accuracy": 0.8313275715427983,
  "training_loss": 0.4092341985093913,
  "training_cpu_memory_MB": 8029.056,
  "training_gpu_0_memory_MB": 13845,
  "training_gpu_1_memory_MB": 2425,
  "training_gpu_2_memory_MB": 13845,
  "training_gpu_3_memory_MB": 21435,
  "validation_accuracy": 0.9008660213958227,
  "validation_loss": 0.27087048111113354,
  "best_validation_accuracy": 0.9008660213958227,
  "best_validation_loss": 0.27087048111113354
}