{
  "best_epoch": 2,
  "peak_cpu_memory_MB": 5488.104,
  "peak_gpu_0_memory_MB": 12553,
  "peak_gpu_1_memory_MB": 0,
  "peak_gpu_2_memory_MB": 10225,
  "peak_gpu_3_memory_MB": 12805,
  "training_duration": "0:01:51.891397",
  "training_start_epoch": 0,
  "training_epochs": 2,
  "epoch": 2,
  "training_accuracy": 0.366412213740458,
  "training_loss": 1.142357812477992,
  "training_cpu_memory_MB": 5488.104,
  "training_gpu_0_memory_MB": 12553,
  "training_gpu_1_memory_MB": 0,
  "training_gpu_2_memory_MB": 10225,
  "training_gpu_3_memory_MB": 12805,
  "validation_accuracy": 0.35394803871625063,
  "validation_loss": 1.099163374605707,
  "best_validation_accuracy": 0.35394803871625063,
  "best_validation_loss": 1.099163374605707
}