{
  "best_epoch": 1,
  "peak_cpu_memory_MB": 5488.104,
  "peak_gpu_0_memory_MB": 12553,
  "peak_gpu_1_memory_MB": 0,
  "peak_gpu_2_memory_MB": 10225,
  "peak_gpu_3_memory_MB": 12805,
  "training_duration": "0:01:05.209717",
  "training_start_epoch": 0,
  "training_epochs": 1,
  "epoch": 1,
  "training_accuracy": 0.3816793893129771,
  "training_loss": 1.137980763728802,
  "training_cpu_memory_MB": 5488.104,
  "training_gpu_0_memory_MB": 12553,
  "training_gpu_1_memory_MB": 0,
  "training_gpu_2_memory_MB": 10225,
  "training_gpu_3_memory_MB": 12805,
  "validation_accuracy": 0.35140091696383086,
  "validation_loss": 1.1015130933798873,
  "best_validation_accuracy": 0.35140091696383086,
  "best_validation_loss": 1.1015130933798873
}