{
  "best_epoch": 4,
  "peak_cpu_memory_MB": 5567.036,
  "peak_gpu_0_memory_MB": 12677,
  "peak_gpu_1_memory_MB": 21435,
  "peak_gpu_2_memory_MB": 0,
  "peak_gpu_3_memory_MB": 12805,
  "training_duration": "0:02:58.703505",
  "training_start_epoch": 0,
  "training_epochs": 4,
  "epoch": 4,
  "training_accuracy": 0.366412213740458,
  "training_loss": 1.1276970505714417,
  "training_cpu_memory_MB": 5567.036,
  "training_gpu_0_memory_MB": 12677,
  "training_gpu_1_memory_MB": 21435,
  "training_gpu_2_memory_MB": 0,
  "training_gpu_3_memory_MB": 12805,
  "validation_accuracy": 0.35792154865002546,
  "validation_loss": 1.1175034783950457,
  "best_validation_accuracy": 0.35792154865002546,
  "best_validation_loss": 1.1175034783950457
}