{
  "best_epoch": 2,
  "peak_cpu_memory_MB": 5567.036,
  "peak_gpu_0_memory_MB": 12677,
  "peak_gpu_1_memory_MB": 21435,
  "peak_gpu_2_memory_MB": 0,
  "peak_gpu_3_memory_MB": 12805,
  "training_duration": "0:01:42.907583",
  "training_start_epoch": 0,
  "training_epochs": 2,
  "epoch": 2,
  "training_accuracy": 0.3511450381679389,
  "training_loss": 1.1506672180615938,
  "training_cpu_memory_MB": 5567.036,
  "training_gpu_0_memory_MB": 12677,
  "training_gpu_1_memory_MB": 21435,
  "training_gpu_2_memory_MB": 0,
  "training_gpu_3_memory_MB": 12805,
  "validation_accuracy": 0.3546612328069282,
  "validation_loss": 1.1031363911271483,
  "best_validation_accuracy": 0.3546612328069282,
  "best_validation_loss": 1.1031363911271483
}