{
  "best_epoch": 1,
  "peak_cpu_memory_MB": 5567.036,
  "peak_gpu_0_memory_MB": 12677,
  "peak_gpu_1_memory_MB": 21435,
  "peak_gpu_2_memory_MB": 0,
  "peak_gpu_3_memory_MB": 12805,
  "training_duration": "0:01:05.443162",
  "training_start_epoch": 0,
  "training_epochs": 1,
  "epoch": 1,
  "training_accuracy": 0.361323155216285,
  "training_loss": 1.1537429231863756,
  "training_cpu_memory_MB": 5567.036,
  "training_gpu_0_memory_MB": 12677,
  "training_gpu_1_memory_MB": 21435,
  "training_gpu_2_memory_MB": 0,
  "training_gpu_3_memory_MB": 12805,
  "validation_accuracy": 0.35415180845644423,
  "validation_loss": 1.1189217600449677,
  "best_validation_accuracy": 0.35415180845644423,
  "best_validation_loss": 1.1189217600449677
}