{
  "best_epoch": 17,
  "peak_cpu_memory_MB": 5866.328,
  "peak_gpu_0_memory_MB": 14587,
  "peak_gpu_1_memory_MB": 13029,
  "peak_gpu_2_memory_MB": 14587,
  "peak_gpu_3_memory_MB": 21435,
  "training_duration": "0:12:27.377713",
  "training_start_epoch": 0,
  "training_epochs": 21,
  "epoch": 21,
  "training_accuracy": 0.8600508905852418,
  "training_disc_loss": 0.3022967167198658,
  "training_gen_loss": 5.757619705200195,
  "training_loss": 4.393789014816284,
  "training_cpu_memory_MB": 5866.328,
  "training_gpu_0_memory_MB": 14587,
  "training_gpu_1_memory_MB": 13029,
  "training_gpu_2_memory_MB": 14587,
  "training_gpu_3_memory_MB": 21435,
  "validation_accuracy": 0.3645621181262729,
  "validation_disc_loss": 2.049416748004231,
  "validation_gen_loss": 7.401766117995347,
  "validation_loss": 6.0636787879757765,
  "best_validation_accuracy": 0.39613034623217924,
  "best_validation_disc_loss": 2.13696071481317,
  "best_validation_gen_loss": 7.278953319642602,
  "best_validation_loss": 5.993455165769996
}