{
  "best_epoch": 33,
  "peak_cpu_memory_MB": 5866.328,
  "peak_gpu_0_memory_MB": 14587,
  "peak_gpu_1_memory_MB": 13029,
  "peak_gpu_2_memory_MB": 14587,
  "peak_gpu_3_memory_MB": 21435,
  "training_duration": "0:22:45.117700",
  "training_start_epoch": 0,
  "training_epochs": 39,
  "epoch": 39,
  "training_accuracy": 0.9949109414758269,
  "training_disc_loss": 0.030029610379133372,
  "training_gen_loss": 5.4802899837493895,
  "training_loss": 4.117724871635437,
  "training_cpu_memory_MB": 5866.328,
  "training_gpu_0_memory_MB": 14587,
  "training_gpu_1_memory_MB": 13029,
  "training_gpu_2_memory_MB": 14587,
  "training_gpu_3_memory_MB": 21435,
  "validation_accuracy": 0.40122199592668023,
  "validation_disc_loss": 2.5961035606337757,
  "validation_gen_loss": 7.72476110613443,
  "validation_loss": 6.442596722424515,
  "best_validation_accuracy": 0.40529531568228105,
  "best_validation_disc_loss": 2.4560452937110653,
  "best_validation_gen_loss": 7.63629236453917,
  "best_validation_loss": 6.341230586292298
}