{
  "best_epoch": 17,
  "peak_cpu_memory_MB": 5866.328,
  "peak_gpu_0_memory_MB": 14587,
  "peak_gpu_1_memory_MB": 13029,
  "peak_gpu_2_memory_MB": 14587,
  "peak_gpu_3_memory_MB": 21435,
  "training_duration": "0:13:34.668256",
  "training_start_epoch": 0,
  "training_epochs": 23,
  "epoch": 23,
  "training_accuracy": 0.9185750636132316,
  "training_disc_loss": 0.23738309111446143,
  "training_gen_loss": 5.702257833480835,
  "training_loss": 4.3360391616821286,
  "training_cpu_memory_MB": 5866.328,
  "training_gpu_0_memory_MB": 14587,
  "training_gpu_1_memory_MB": 13029,
  "training_gpu_2_memory_MB": 14587,
  "training_gpu_3_memory_MB": 21435,
  "validation_accuracy": 0.3757637474541752,
  "validation_disc_loss": 2.1611655625870556,
  "validation_gen_loss": 7.528521638575608,
  "validation_loss": 6.1866826274530675,
  "best_validation_accuracy": 0.39613034623217924,
  "best_validation_disc_loss": 2.13696071481317,
  "best_validation_gen_loss": 7.278953319642602,
  "best_validation_loss": 5.993455165769996
}