{
  "best_epoch": 17,
  "peak_cpu_memory_MB": 5866.328,
  "peak_gpu_0_memory_MB": 14587,
  "peak_gpu_1_memory_MB": 13029,
  "peak_gpu_2_memory_MB": 14587,
  "peak_gpu_3_memory_MB": 21435,
  "training_duration": "0:10:45.787173",
  "training_start_epoch": 0,
  "training_epochs": 18,
  "epoch": 18,
  "training_accuracy": 0.7073791348600509,
  "training_disc_loss": 0.7014751527365297,
  "training_gen_loss": 5.839386520385742,
  "training_loss": 4.554908704757691,
  "training_cpu_memory_MB": 5866.328,
  "training_gpu_0_memory_MB": 14587,
  "training_gpu_1_memory_MB": 13029,
  "training_gpu_2_memory_MB": 14587,
  "training_gpu_3_memory_MB": 21435,
  "validation_accuracy": 0.3615071283095723,
  "validation_disc_loss": 1.9220583375876512,
  "validation_gen_loss": 7.27876359660451,
  "validation_loss": 5.939587317831148,
  "best_validation_accuracy": 0.39613034623217924,
  "best_validation_disc_loss": 2.13696071481317,
  "best_validation_gen_loss": 7.278953319642602,
  "best_validation_loss": 5.993455165769996
}