{
  "best_epoch": 5,
  "peak_cpu_memory_MB": 5866.328,
  "peak_gpu_0_memory_MB": 13845,
  "peak_gpu_1_memory_MB": 13029,
  "peak_gpu_2_memory_MB": 14587,
  "peak_gpu_3_memory_MB": 21435,
  "training_duration": "0:06:45.375980",
  "training_start_epoch": 0,
  "training_epochs": 11,
  "epoch": 11,
  "training_accuracy": 0.5877862595419847,
  "training_disc_loss": 0.9832217758893966,
  "training_gen_loss": 6.1097727870941165,
  "training_loss": 4.828135042190552,
  "training_cpu_memory_MB": 5866.328,
  "training_gpu_0_memory_MB": 13845,
  "training_gpu_1_memory_MB": 13029,
  "training_gpu_2_memory_MB": 14587,
  "training_gpu_3_memory_MB": 21435,
  "validation_accuracy": 0.37780040733197556,
  "validation_disc_loss": 1.680411203120782,
  "validation_gen_loss": 7.378779837755653,
  "validation_loss": 5.954187687819566,
  "best_validation_accuracy": 0.390020366598778,
  "best_validation_disc_loss": 1.2529079739640399,
  "best_validation_gen_loss": 6.851097769853546,
  "best_validation_loss": 5.451550340264793
}