{
  "best_epoch": 2,
  "peak_cpu_memory_MB": 5866.328,
  "peak_gpu_0_memory_MB": 13845,
  "peak_gpu_1_memory_MB": 13029,
  "peak_gpu_2_memory_MB": 14587,
  "peak_gpu_3_memory_MB": 21435,
  "training_duration": "0:02:10.137423",
  "training_start_epoch": 0,
  "training_epochs": 3,
  "epoch": 3,
  "training_accuracy": 0.3511450381679389,
  "training_disc_loss": 2.13833323597908,
  "training_gen_loss": 6.686370048522949,
  "training_loss": 5.549360857009888,
  "training_cpu_memory_MB": 5866.328,
  "training_gpu_0_memory_MB": 13845,
  "training_gpu_1_memory_MB": 13029,
  "training_gpu_2_memory_MB": 14587,
  "training_gpu_3_memory_MB": 21435,
  "validation_accuracy": 0.34419551934826886,
  "validation_disc_loss": 4.004400992781166,
  "validation_gen_loss": 7.291237117798348,
  "validation_loss": 6.469528062556817,
  "best_validation_accuracy": 0.3533604887983707,
  "best_validation_disc_loss": 10.312106791550551,
  "best_validation_gen_loss": 7.8590688976815075,
  "best_validation_loss": 8.472328375994675
}