{
  "best_epoch": 17,
  "peak_cpu_memory_MB": 5866.328,
  "peak_gpu_0_memory_MB": 14587,
  "peak_gpu_1_memory_MB": 13029,
  "peak_gpu_2_memory_MB": 14587,
  "peak_gpu_3_memory_MB": 21435,
  "training_duration": "0:14:08.100776",
  "training_start_epoch": 0,
  "training_epochs": 24,
  "epoch": 24,
  "training_accuracy": 0.9541984732824428,
  "training_disc_loss": 0.12983630815520883,
  "training_gen_loss": 5.658776464462281,
  "training_loss": 4.276541447639465,
  "training_cpu_memory_MB": 5866.328,
  "training_gpu_0_memory_MB": 14587,
  "training_gpu_1_memory_MB": 13029,
  "training_gpu_2_memory_MB": 14587,
  "training_gpu_3_memory_MB": 21435,
  "validation_accuracy": 0.34826883910386963,
  "validation_disc_loss": 2.594181473177623,
  "validation_gen_loss": 7.50551841704826,
  "validation_loss": 6.277684211730957,
  "best_validation_accuracy": 0.39613034623217924,
  "best_validation_disc_loss": 2.13696071481317,
  "best_validation_gen_loss": 7.278953319642602,
  "best_validation_loss": 5.993455165769996
}