{
  "best_epoch": 0,
  "peak_cpu_memory_MB": 5866.328,
  "peak_gpu_0_memory_MB": 13845,
  "peak_gpu_1_memory_MB": 13029,
  "peak_gpu_2_memory_MB": 2617,
  "peak_gpu_3_memory_MB": 21435,
  "training_duration": "0:00:25.272829",
  "training_start_epoch": 0,
  "training_epochs": 0,
  "epoch": 0,
  "training_accuracy": 0.38676844783715014,
  "training_disc_loss": 12.958660968206823,
  "training_gen_loss": 11.302320642471313,
  "training_loss": 11.71640570640564,
  "training_cpu_memory_MB": 5866.328,
  "training_gpu_0_memory_MB": 13845,
  "training_gpu_1_memory_MB": 13029,
  "training_gpu_2_memory_MB": 2617,
  "training_gpu_3_memory_MB": 21435,
  "validation_accuracy": 0.3319755600814664,
  "validation_disc_loss": 17.805458386739094,
  "validation_gen_loss": 11.346904599569678,
  "validation_loss": 12.961543121958167,
  "best_validation_accuracy": 0.3319755600814664,
  "best_validation_disc_loss": 17.805458386739094,
  "best_validation_gen_loss": 11.346904599569678,
  "best_validation_loss": 12.961543121958167
}