{
  "best_epoch": 1,
  "peak_cpu_memory_MB": 5866.328,
  "peak_gpu_0_memory_MB": 13845,
  "peak_gpu_1_memory_MB": 13029,
  "peak_gpu_2_memory_MB": 14587,
  "peak_gpu_3_memory_MB": 21435,
  "training_duration": "0:00:57.582626",
  "training_start_epoch": 0,
  "training_epochs": 1,
  "epoch": 1,
  "training_accuracy": 0.30279898218829515,
  "training_disc_loss": 6.455197159051895,
  "training_gen_loss": 7.928765592575073,
  "training_loss": 7.56037353515625,
  "training_cpu_memory_MB": 5866.328,
  "training_gpu_0_memory_MB": 13845,
  "training_gpu_1_memory_MB": 13029,
  "training_gpu_2_memory_MB": 14587,
  "training_gpu_3_memory_MB": 21435,
  "validation_accuracy": 0.3391038696537678,
  "validation_disc_loss": 4.909669652217772,
  "validation_gen_loss": 7.840503805051974,
  "validation_loss": 7.107795296645746,
  "best_validation_accuracy": 0.3391038696537678,
  "best_validation_disc_loss": 4.909669652217772,
  "best_validation_gen_loss": 7.840503805051974,
  "best_validation_loss": 7.107795296645746
}