{
  "best_epoch": 27,
  "peak_cpu_memory_MB": 5866.328,
  "peak_gpu_0_memory_MB": 14587,
  "peak_gpu_1_memory_MB": 13029,
  "peak_gpu_2_memory_MB": 14587,
  "peak_gpu_3_memory_MB": 21435,
  "training_duration": "0:17:37.307807",
  "training_start_epoch": 0,
  "training_epochs": 30,
  "epoch": 30,
  "training_accuracy": 0.9643765903307888,
  "training_disc_loss": 0.0995653909817338,
  "training_gen_loss": 5.575051374435425,
  "training_loss": 4.2061798620224,
  "training_cpu_memory_MB": 5866.328,
  "training_gpu_0_memory_MB": 14587,
  "training_gpu_1_memory_MB": 13029,
  "training_gpu_2_memory_MB": 14587,
  "training_gpu_3_memory_MB": 21435,
  "validation_accuracy": 0.395112016293279,
  "validation_disc_loss": 3.2255399139916023,
  "validation_gen_loss": 7.779626334585795,
  "validation_loss": 6.641104702057877,
  "best_validation_accuracy": 0.40020366598778007,
  "best_validation_disc_loss": 2.696421304611656,
  "best_validation_gen_loss": 7.559032897639081,
  "best_validation_loss": 6.343379978241959
}