{
  "best_epoch": 5,
  "peak_cpu_memory_MB": 5866.328,
  "peak_gpu_0_memory_MB": 13845,
  "peak_gpu_1_memory_MB": 13029,
  "peak_gpu_2_memory_MB": 14587,
  "peak_gpu_3_memory_MB": 21435,
  "training_duration": "0:07:18.919522",
  "training_start_epoch": 0,
  "training_epochs": 12,
  "epoch": 12,
  "training_accuracy": 0.628498727735369,
  "training_disc_loss": 0.873290006518364,
  "training_gen_loss": 6.032013597488404,
  "training_loss": 4.74233268737793,
  "training_cpu_memory_MB": 5866.328,
  "training_gpu_0_memory_MB": 13845,
  "training_gpu_1_memory_MB": 13029,
  "training_gpu_2_memory_MB": 14587,
  "training_gpu_3_memory_MB": 21435,
  "validation_accuracy": 0.34623217922606925,
  "validation_disc_loss": 1.484553440799558,
  "validation_gen_loss": 6.937172742393928,
  "validation_loss": 5.574017951158973,
  "best_validation_accuracy": 0.390020366598778,
  "best_validation_disc_loss": 1.2529079739640399,
  "best_validation_gen_loss": 6.851097769853546,
  "best_validation_loss": 5.451550340264793
}