{
  "best_epoch": 2,
  "peak_cpu_memory_MB": 5866.328,
  "peak_gpu_0_memory_MB": 13845,
  "peak_gpu_1_memory_MB": 13029,
  "peak_gpu_2_memory_MB": 14587,
  "peak_gpu_3_memory_MB": 21435,
  "training_duration": "0:01:33.750310",
  "training_start_epoch": 0,
  "training_epochs": 2,
  "epoch": 2,
  "training_accuracy": 0.35368956743002544,
  "training_disc_loss": 3.736476149559021,
  "training_gen_loss": 7.111229743957519,
  "training_loss": 6.267541341781616,
  "training_cpu_memory_MB": 5866.328,
  "training_gpu_0_memory_MB": 13845,
  "training_gpu_1_memory_MB": 13029,
  "training_gpu_2_memory_MB": 14587,
  "training_gpu_3_memory_MB": 21435,
  "validation_accuracy": 0.3533604887983707,
  "validation_disc_loss": 10.312106791550551,
  "validation_gen_loss": 7.8590688976815075,
  "validation_loss": 8.472328375994675,
  "best_validation_accuracy": 0.3533604887983707,
  "best_validation_disc_loss": 10.312106791550551,
  "best_validation_gen_loss": 7.8590688976815075,
  "best_validation_loss": 8.472328375994675
}