{
  "best_epoch": 17,
  "peak_cpu_memory_MB": 5866.328,
  "peak_gpu_0_memory_MB": 14587,
  "peak_gpu_1_memory_MB": 13029,
  "peak_gpu_2_memory_MB": 14587,
  "peak_gpu_3_memory_MB": 21435,
  "training_duration": "0:11:53.279071",
  "training_start_epoch": 0,
  "training_epochs": 20,
  "epoch": 20,
  "training_accuracy": 0.8422391857506362,
  "training_disc_loss": 0.34750190559774635,
  "training_gen_loss": 5.745314970016479,
  "training_loss": 4.395861673355102,
  "training_cpu_memory_MB": 5866.328,
  "training_gpu_0_memory_MB": 14587,
  "training_gpu_1_memory_MB": 13029,
  "training_gpu_2_memory_MB": 14587,
  "training_gpu_3_memory_MB": 21435,
  "validation_accuracy": 0.3818737270875764,
  "validation_disc_loss": 1.8897306812487966,
  "validation_gen_loss": 7.326169207813294,
  "validation_loss": 5.967059577383647,
  "best_validation_accuracy": 0.39613034623217924,
  "best_validation_disc_loss": 2.13696071481317,
  "best_validation_gen_loss": 7.278953319642602,
  "best_validation_loss": 5.993455165769996
}