{
  "best_epoch": 5,
  "peak_cpu_memory_MB": 5866.328,
  "peak_gpu_0_memory_MB": 13845,
  "peak_gpu_1_memory_MB": 13029,
  "peak_gpu_2_memory_MB": 14587,
  "peak_gpu_3_memory_MB": 21435,
  "training_duration": "0:03:21.504419",
  "training_start_epoch": 0,
  "training_epochs": 5,
  "epoch": 5,
  "training_accuracy": 0.37404580152671757,
  "training_disc_loss": 1.5593898952007295,
  "training_gen_loss": 6.38346037864685,
  "training_loss": 5.177442779541016,
  "training_cpu_memory_MB": 5866.328,
  "training_gpu_0_memory_MB": 13845,
  "training_gpu_1_memory_MB": 13029,
  "training_gpu_2_memory_MB": 14587,
  "training_gpu_3_memory_MB": 21435,
  "validation_accuracy": 0.390020366598778,
  "validation_disc_loss": 1.2529079739640399,
  "validation_gen_loss": 6.851097769853546,
  "validation_loss": 5.451550340264793,
  "best_validation_accuracy": 0.390020366598778,
  "best_validation_disc_loss": 1.2529079739640399,
  "best_validation_gen_loss": 6.851097769853546,
  "best_validation_loss": 5.451550340264793
}