{
  "best_epoch": 5,
  "peak_cpu_memory_MB": 5866.328,
  "peak_gpu_0_memory_MB": 13845,
  "peak_gpu_1_memory_MB": 13029,
  "peak_gpu_2_memory_MB": 14587,
  "peak_gpu_3_memory_MB": 21435,
  "training_duration": "0:08:26.109443",
  "training_start_epoch": 0,
  "training_epochs": 14,
  "epoch": 14,
  "training_accuracy": 0.7455470737913485,
  "training_disc_loss": 0.6494724801182747,
  "training_gen_loss": 5.932236890792847,
  "training_loss": 4.61154580116272,
  "training_cpu_memory_MB": 5866.328,
  "training_gpu_0_memory_MB": 13845,
  "training_gpu_1_memory_MB": 13029,
  "training_gpu_2_memory_MB": 14587,
  "training_gpu_3_memory_MB": 21435,
  "validation_accuracy": 0.34725050916496947,
  "validation_disc_loss": 1.6548366604781732,
  "validation_gen_loss": 7.103104099025571,
  "validation_loss": 5.741037229212319,
  "best_validation_accuracy": 0.390020366598778,
  "best_validation_disc_loss": 1.2529079739640399,
  "best_validation_gen_loss": 6.851097769853546,
  "best_validation_loss": 5.451550340264793
}