{
  "best_epoch": 33,
  "peak_cpu_memory_MB": 5866.328,
  "peak_gpu_0_memory_MB": 14587,
  "peak_gpu_1_memory_MB": 13029,
  "peak_gpu_2_memory_MB": 14587,
  "peak_gpu_3_memory_MB": 21435,
  "training_duration": "0:19:57.122097",
  "training_start_epoch": 0,
  "training_epochs": 34,
  "epoch": 34,
  "training_accuracy": 0.989821882951654,
  "training_disc_loss": 0.050924926438601685,
  "training_gen_loss": 5.539058313369751,
  "training_loss": 4.167024965286255,
  "training_cpu_memory_MB": 5866.328,
  "training_gpu_0_memory_MB": 14587,
  "training_gpu_1_memory_MB": 13029,
  "training_gpu_2_memory_MB": 14587,
  "training_gpu_3_memory_MB": 21435,
  "validation_accuracy": 0.3920570264765784,
  "validation_disc_loss": 2.5493431289990744,
  "validation_gen_loss": 7.687269113897308,
  "validation_loss": 6.402787603983065,
  "best_validation_accuracy": 0.40529531568228105,
  "best_validation_disc_loss": 2.4560452937110653,
  "best_validation_gen_loss": 7.63629236453917,
  "best_validation_loss": 6.341230586292298
}