{
  "best_epoch": 0,
  "peak_cpu_memory_MB": 5339.916,
  "peak_gpu_0_memory_MB": 12553,
  "peak_gpu_1_memory_MB": 21435,
  "peak_gpu_2_memory_MB": 0,
  "peak_gpu_3_memory_MB": 12869,
  "training_duration": "0:01:06.209151",
  "training_start_epoch": 0,
  "training_epochs": 1,
  "epoch": 1,
  "training_accuracy": 0.6081424936386769,
  "training_loss": 0.9238286018371582,
  "training_cpu_memory_MB": 5339.916,
  "training_gpu_0_memory_MB": 12553,
  "training_gpu_1_memory_MB": 21435,
  "training_gpu_2_memory_MB": 0,
  "training_gpu_3_memory_MB": 12869,
  "validation_accuracy": 0.4360672440142639,
  "validation_loss": 1.0711060884721115,
  "best_validation_accuracy": 0.45481406011207337,
  "best_validation_loss": 1.064223717594768
}