{
  "best_epoch": 1,
  "peak_cpu_memory_MB": 5514.88,
  "peak_gpu_0_memory_MB": 12693,
  "peak_gpu_1_memory_MB": 21437,
  "peak_gpu_2_memory_MB": 0,
  "peak_gpu_3_memory_MB": 12821,
  "training_duration": "0:01:05.219660",
  "training_start_epoch": 0,
  "training_epochs": 1,
  "epoch": 1,
  "training_accuracy": 0.34096692111959287,
  "training_loss": 1.1300036356999323,
  "training_cpu_memory_MB": 5514.88,
  "training_gpu_0_memory_MB": 12693,
  "training_gpu_1_memory_MB": 21437,
  "training_gpu_2_memory_MB": 0,
  "training_gpu_3_memory_MB": 12821,
  "validation_accuracy": 0.3456953642384106,
  "validation_loss": 1.1110127310022857,
  "best_validation_accuracy": 0.3456953642384106,
  "best_validation_loss": 1.1110127310022857
}