{
  "best_epoch": 2,
  "peak_cpu_memory_MB": 5413.612,
  "peak_gpu_0_memory_MB": 12593,
  "peak_gpu_1_memory_MB": 21435,
  "peak_gpu_2_memory_MB": 0,
  "peak_gpu_3_memory_MB": 13015,
  "training_duration": "0:01:40.096226",
  "training_start_epoch": 0,
  "training_epochs": 2,
  "epoch": 2,
  "training_accuracy": 0.727735368956743,
  "training_loss": 0.6499161376402929,
  "training_cpu_memory_MB": 5413.612,
  "training_gpu_0_memory_MB": 12593,
  "training_gpu_1_memory_MB": 21435,
  "training_gpu_2_memory_MB": 0,
  "training_gpu_3_memory_MB": 13015,
  "validation_accuracy": 0.5080998471726949,
  "validation_loss": 1.3738491843888347,
  "best_validation_accuracy": 0.5080998471726949,
  "best_validation_loss": 1.3738491843888347
}