{
  "best_epoch": 3,
  "peak_cpu_memory_MB": 5413.612,
  "peak_gpu_0_memory_MB": 12593,
  "peak_gpu_1_memory_MB": 21435,
  "peak_gpu_2_memory_MB": 0,
  "peak_gpu_3_memory_MB": 13015,
  "training_duration": "0:02:18.226834",
  "training_start_epoch": 0,
  "training_epochs": 3,
  "epoch": 3,
  "training_accuracy": 0.9185750636132316,
  "training_loss": 0.27816656919626087,
  "training_cpu_memory_MB": 5413.612,
  "training_gpu_0_memory_MB": 12593,
  "training_gpu_1_memory_MB": 21435,
  "training_gpu_2_memory_MB": 0,
  "training_gpu_3_memory_MB": 13015,
  "validation_accuracy": 0.5628120224146714,
  "validation_loss": 1.26644153024164,
  "best_validation_accuracy": 0.5628120224146714,
  "best_validation_loss": 1.26644153024164
}