{
  "best_epoch": 5,
  "peak_cpu_memory_MB": 5867.052,
  "peak_gpu_0_memory_MB": 14587,
  "peak_gpu_1_memory_MB": 13029,
  "peak_gpu_2_memory_MB": 14587,
  "peak_gpu_3_memory_MB": 21435,
  "training_duration": "0:03:21.522740",
  "training_start_epoch": 0,
  "training_epochs": 5,
  "epoch": 5,
  "training_accuracy": 0.45038167938931295,
  "training_disc_loss": 1.2575866059958936,
  "training_gen_loss": 6.1673761749267575,
  "training_loss": 4.939928755760193,
  "training_cpu_memory_MB": 5867.052,
  "training_gpu_0_memory_MB": 14587,
  "training_gpu_1_memory_MB": 13029,
  "training_gpu_2_memory_MB": 14587,
  "training_gpu_3_memory_MB": 21435,
  "validation_accuracy": 0.3818737270875764,
  "validation_disc_loss": 1.4499024550120037,
  "validation_gen_loss": 6.895185544238827,
  "validation_loss": 5.533864757878994,
  "best_validation_accuracy": 0.3818737270875764,
  "best_validation_disc_loss": 1.4499024550120037,
  "best_validation_gen_loss": 6.895185544238827,
  "best_validation_loss": 5.533864757878994
}