{
  "best_epoch": 10,
  "peak_cpu_memory_MB": 5867.052,
  "peak_gpu_0_memory_MB": 14587,
  "peak_gpu_1_memory_MB": 13029,
  "peak_gpu_2_memory_MB": 14587,
  "peak_gpu_3_memory_MB": 21435,
  "training_duration": "0:06:13.943373",
  "training_start_epoch": 0,
  "training_epochs": 10,
  "epoch": 10,
  "training_accuracy": 0.6743002544529262,
  "training_disc_loss": 0.7770164065063,
  "training_gen_loss": 5.9280634784698485,
  "training_loss": 4.640301637649536,
  "training_cpu_memory_MB": 5867.052,
  "training_gpu_0_memory_MB": 14587,
  "training_gpu_1_memory_MB": 13029,
  "training_gpu_2_memory_MB": 14587,
  "training_gpu_3_memory_MB": 21435,
  "validation_accuracy": 0.3971486761710794,
  "validation_disc_loss": 1.8493673144801845,
  "validation_gen_loss": 7.092773999625106,
  "validation_loss": 5.781922324886167,
  "best_validation_accuracy": 0.3971486761710794,
  "best_validation_disc_loss": 1.8493673144801845,
  "best_validation_gen_loss": 7.092773999625106,
  "best_validation_loss": 5.781922324886167
}