{
  "best_epoch": 14,
  "peak_cpu_memory_MB": 5867.052,
  "peak_gpu_0_memory_MB": 14587,
  "peak_gpu_1_memory_MB": 13029,
  "peak_gpu_2_memory_MB": 14587,
  "peak_gpu_3_memory_MB": 21435,
  "training_duration": "0:11:07.148928",
  "training_start_epoch": 0,
  "training_epochs": 19,
  "epoch": 19,
  "training_accuracy": 0.9847328244274809,
  "training_disc_loss": 0.08232828917854931,
  "training_gen_loss": 5.648881559371948,
  "training_loss": 4.257243242263794,
  "training_cpu_memory_MB": 5867.052,
  "training_gpu_0_memory_MB": 14587,
  "training_gpu_1_memory_MB": 13029,
  "training_gpu_2_memory_MB": 14587,
  "training_gpu_3_memory_MB": 21435,
  "validation_accuracy": 0.38289205702647655,
  "validation_disc_loss": 2.663766629448751,
  "validation_gen_loss": 7.35360888737004,
  "validation_loss": 6.181148304202693,
  "best_validation_accuracy": 0.40122199592668023,
  "best_validation_disc_loss": 2.5134629922790257,
  "best_validation_gen_loss": 7.317747205253539,
  "best_validation_loss": 6.116676187127586
}