{
  "best_epoch": 14,
  "peak_cpu_memory_MB": 5867.052,
  "peak_gpu_0_memory_MB": 14587,
  "peak_gpu_1_memory_MB": 13029,
  "peak_gpu_2_memory_MB": 14587,
  "peak_gpu_3_memory_MB": 21435,
  "training_duration": "0:10:03.778395",
  "training_start_epoch": 0,
  "training_epochs": 17,
  "epoch": 17,
  "training_accuracy": 0.9694656488549618,
  "training_disc_loss": 0.11929030476137996,
  "training_gen_loss": 5.690259189605713,
  "training_loss": 4.297516994476318,
  "training_cpu_memory_MB": 5867.052,
  "training_gpu_0_memory_MB": 14587,
  "training_gpu_1_memory_MB": 13029,
  "training_gpu_2_memory_MB": 14587,
  "training_gpu_3_memory_MB": 21435,
  "validation_accuracy": 0.39307535641547864,
  "validation_disc_loss": 2.5796672390486166,
  "validation_gen_loss": 7.341844093508836,
  "validation_loss": 6.151299883679646,
  "best_validation_accuracy": 0.40122199592668023,
  "best_validation_disc_loss": 2.5134629922790257,
  "best_validation_gen_loss": 7.317747205253539,
  "best_validation_loss": 6.116676187127586
}