{
  "best_epoch": 0,
  "peak_cpu_memory_MB": 5867.052,
  "peak_gpu_0_memory_MB": 2617,
  "peak_gpu_1_memory_MB": 13029,
  "peak_gpu_2_memory_MB": 14587,
  "peak_gpu_3_memory_MB": 21435,
  "training_duration": "0:00:25.528769",
  "training_start_epoch": 0,
  "training_epochs": 0,
  "epoch": 0,
  "training_accuracy": 0.3460559796437659,
  "training_disc_loss": 7.5623090767860415,
  "training_gen_loss": 9.771354751586914,
  "training_loss": 9.219093313217163,
  "training_cpu_memory_MB": 5867.052,
  "training_gpu_0_memory_MB": 2617,
  "training_gpu_1_memory_MB": 13029,
  "training_gpu_2_memory_MB": 14587,
  "training_gpu_3_memory_MB": 21435,
  "validation_accuracy": 0.3289205702647658,
  "validation_disc_loss": 2.3951004951950012,
  "validation_gen_loss": 7.216861969087182,
  "validation_loss": 6.011421606792667,
  "best_validation_accuracy": 0.3289205702647658,
  "best_validation_disc_loss": 2.3951004951950012,
  "best_validation_gen_loss": 7.216861969087182,
  "best_validation_loss": 6.011421606792667
}