{
  "best_epoch": 7,
  "peak_cpu_memory_MB": 5867.052,
  "peak_gpu_0_memory_MB": 14587,
  "peak_gpu_1_memory_MB": 13029,
  "peak_gpu_2_memory_MB": 14587,
  "peak_gpu_3_memory_MB": 21435,
  "training_duration": "0:05:11.143614",
  "training_start_epoch": 0,
  "training_epochs": 8,
  "epoch": 8,
  "training_accuracy": 0.7099236641221374,
  "training_disc_loss": 0.7339099130034447,
  "training_gen_loss": 6.017344837188721,
  "training_loss": 4.6964860439300535,
  "training_cpu_memory_MB": 5867.052,
  "training_gpu_0_memory_MB": 14587,
  "training_gpu_1_memory_MB": 13029,
  "training_gpu_2_memory_MB": 14587,
  "training_gpu_3_memory_MB": 21435,
  "validation_accuracy": 0.37780040733197556,
  "validation_disc_loss": 1.4974357190170908,
  "validation_gen_loss": 6.984626390100495,
  "validation_loss": 5.612828723783416,
  "best_validation_accuracy": 0.3910386965376782,
  "best_validation_disc_loss": 1.5363273979202519,
  "best_validation_gen_loss": 6.974486878247765,
  "best_validation_loss": 5.614946977878974
}