{
  "best_epoch": 14,
  "peak_cpu_memory_MB": 5867.052,
  "peak_gpu_0_memory_MB": 14587,
  "peak_gpu_1_memory_MB": 13029,
  "peak_gpu_2_memory_MB": 14587,
  "peak_gpu_3_memory_MB": 21435,
  "training_duration": "0:08:24.775655",
  "training_start_epoch": 0,
  "training_epochs": 14,
  "epoch": 14,
  "training_accuracy": 0.9287531806615776,
  "training_disc_loss": 0.22414483945816754,
  "training_gen_loss": 5.746482067108154,
  "training_loss": 4.36589780330658,
  "training_cpu_memory_MB": 5867.052,
  "training_gpu_0_memory_MB": 14587,
  "training_gpu_1_memory_MB": 13029,
  "training_gpu_2_memory_MB": 14587,
  "training_gpu_3_memory_MB": 21435,
  "validation_accuracy": 0.40122199592668023,
  "validation_disc_loss": 2.5134629922790257,
  "validation_gen_loss": 7.317747205253539,
  "validation_loss": 6.116676187127586,
  "best_validation_accuracy": 0.40122199592668023,
  "best_validation_disc_loss": 2.5134629922790257,
  "best_validation_gen_loss": 7.317747205253539,
  "best_validation_loss": 6.116676187127586
}