{
  "best_epoch": 4,
  "peak_cpu_memory_MB": 5867.052,
  "peak_gpu_0_memory_MB": 14587,
  "peak_gpu_1_memory_MB": 13029,
  "peak_gpu_2_memory_MB": 14587,
  "peak_gpu_3_memory_MB": 21435,
  "training_duration": "0:02:44.993159",
  "training_start_epoch": 0,
  "training_epochs": 4,
  "epoch": 4,
  "training_accuracy": 0.43256997455470736,
  "training_disc_loss": 1.4491587189584971,
  "training_gen_loss": 6.304794273376465,
  "training_loss": 5.090885353088379,
  "training_cpu_memory_MB": 5867.052,
  "training_gpu_0_memory_MB": 14587,
  "training_gpu_1_memory_MB": 13029,
  "training_gpu_2_memory_MB": 14587,
  "training_gpu_3_memory_MB": 21435,
  "validation_accuracy": 0.37372708757637474,
  "validation_disc_loss": 1.3367388490738907,
  "validation_gen_loss": 6.95973453289125,
  "validation_loss": 5.5539856150867495,
  "best_validation_accuracy": 0.37372708757637474,
  "best_validation_disc_loss": 1.3367388490738907,
  "best_validation_gen_loss": 6.95973453289125,
  "best_validation_loss": 5.5539856150867495
}