{
  "best_epoch": 10,
  "peak_cpu_memory_MB": 5867.052,
  "peak_gpu_0_memory_MB": 14587,
  "peak_gpu_1_memory_MB": 13029,
  "peak_gpu_2_memory_MB": 14587,
  "peak_gpu_3_memory_MB": 21435,
  "training_duration": "0:07:53.563566",
  "training_start_epoch": 0,
  "training_epochs": 13,
  "epoch": 13,
  "training_accuracy": 0.8880407124681934,
  "training_disc_loss": 0.27491791535168886,
  "training_gen_loss": 5.809150629043579,
  "training_loss": 4.425592451095581,
  "training_cpu_memory_MB": 5867.052,
  "training_gpu_0_memory_MB": 14587,
  "training_gpu_1_memory_MB": 13029,
  "training_gpu_2_memory_MB": 14587,
  "training_gpu_3_memory_MB": 21435,
  "validation_accuracy": 0.3971486761710794,
  "validation_disc_loss": 2.3691892548789824,
  "validation_gen_loss": 7.243811998910051,
  "validation_loss": 6.025156276982005,
  "best_validation_accuracy": 0.3971486761710794,
  "best_validation_disc_loss": 1.8493673144801845,
  "best_validation_gen_loss": 7.092773999625106,
  "best_validation_loss": 5.781922324886167
}