{
  "best_epoch": 7,
  "peak_cpu_memory_MB": 5493.488,
  "peak_gpu_0_memory_MB": 12677,
  "peak_gpu_1_memory_MB": 21435,
  "peak_gpu_2_memory_MB": 0,
  "peak_gpu_3_memory_MB": 13013,
  "training_duration": "0:04:44.293649",
  "training_start_epoch": 0,
  "training_epochs": 7,
  "epoch": 7,
  "training_accuracy": 0.6564885496183206,
  "training_loss": 0.9171235698920029,
  "training_cpu_memory_MB": 5493.488,
  "training_gpu_0_memory_MB": 12677,
  "training_gpu_1_memory_MB": 21435,
  "training_gpu_2_memory_MB": 0,
  "training_gpu_3_memory_MB": 13013,
  "validation_accuracy": 0.45257259296994395,
  "validation_loss": 1.048864319969078,
  "best_validation_accuracy": 0.45257259296994395,
  "best_validation_loss": 1.048864319969078
}