{
  "best_epoch": 14,
  "peak_cpu_memory_MB": 5866.928,
  "peak_gpu_0_memory_MB": 22543,
  "peak_gpu_1_memory_MB": 20139,
  "peak_gpu_2_memory_MB": 20139,
  "peak_gpu_3_memory_MB": 20139,
  "training_duration": "0:07:06.696302",
  "training_start_epoch": 0,
  "training_epochs": 14,
  "epoch": 14,
  "training_accuracy": 0.5190839694656488,
  "training_disc_loss": 1.310712764263153,
  "training_gen_loss": 6.318133583068848,
  "training_loss": 6.303562384385329,
  "training_cpu_memory_MB": 5866.928,
  "training_gpu_0_memory_MB": 22543,
  "training_gpu_1_memory_MB": 20139,
  "training_gpu_2_memory_MB": 20139,
  "training_gpu_3_memory_MB": 20139,
  "validation_accuracy": 0.3727087576374745,
  "validation_disc_loss": 1.6653733061205955,
  "validation_gen_loss": 6.956627568890972,
  "validation_loss": 6.958920325002363,
  "best_validation_accuracy": 0.3727087576374745,
  "best_validation_disc_loss": 1.6653733061205955,
  "best_validation_gen_loss": 6.956627568890972,
  "best_validation_loss": 6.958920325002363
}