{
  "best_epoch": 0,
  "peak_cpu_memory_MB": 5866.928,
  "peak_gpu_0_memory_MB": 2617,
  "peak_gpu_1_memory_MB": 20139,
  "peak_gpu_2_memory_MB": 20139,
  "peak_gpu_3_memory_MB": 20139,
  "training_duration": "0:00:20.877270",
  "training_start_epoch": 0,
  "training_epochs": 0,
  "epoch": 0,
  "training_accuracy": 0.37659033078880405,
  "training_disc_loss": 14.365745353698731,
  "training_gen_loss": 12.109089317321777,
  "training_loss": 12.06531678713285,
  "training_cpu_memory_MB": 5866.928,
  "training_gpu_0_memory_MB": 2617,
  "training_gpu_1_memory_MB": 20139,
  "training_gpu_2_memory_MB": 20139,
  "training_gpu_3_memory_MB": 20139,
  "validation_accuracy": 0.3075356415478615,
  "validation_disc_loss": 4.859739324738903,
  "validation_gen_loss": 8.44107303311748,
  "validation_loss": 8.443146490281627,
  "best_validation_accuracy": 0.3075356415478615,
  "best_validation_disc_loss": 4.859739324738903,
  "best_validation_gen_loss": 8.44107303311748,
  "best_validation_loss": 8.443146490281627
}