{
  "best_epoch": 5,
  "peak_cpu_memory_MB": 5866.928,
  "peak_gpu_0_memory_MB": 22543,
  "peak_gpu_1_memory_MB": 20139,
  "peak_gpu_2_memory_MB": 20139,
  "peak_gpu_3_memory_MB": 20139,
  "training_duration": "0:03:16.340180",
  "training_start_epoch": 0,
  "training_epochs": 6,
  "epoch": 6,
  "training_accuracy": 0.4707379134860051,
  "training_disc_loss": 1.6072764945030213,
  "training_gen_loss": 6.485245132446289,
  "training_loss": 6.477413360889141,
  "training_cpu_memory_MB": 5866.928,
  "training_gpu_0_memory_MB": 22543,
  "training_gpu_1_memory_MB": 20139,
  "training_gpu_2_memory_MB": 20139,
  "training_gpu_3_memory_MB": 20139,
  "validation_accuracy": 0.3391038696537678,
  "validation_disc_loss": 2.692747231452696,
  "validation_gen_loss": 7.057690382003784,
  "validation_loss": 7.059884286695911,
  "best_validation_accuracy": 0.3411405295315682,
  "best_validation_disc_loss": 3.5585266044062953,
  "best_validation_gen_loss": 7.156911980721258,
  "best_validation_loss": 7.1588624677350445
}