{
  "best_epoch": 13,
  "peak_cpu_memory_MB": 5866.928,
  "peak_gpu_0_memory_MB": 22543,
  "peak_gpu_1_memory_MB": 20139,
  "peak_gpu_2_memory_MB": 20139,
  "peak_gpu_3_memory_MB": 20139,
  "training_duration": "0:06:35.952085",
  "training_start_epoch": 0,
  "training_epochs": 13,
  "epoch": 13,
  "training_accuracy": 0.5928753180661578,
  "training_disc_loss": 1.111387141942978,
  "training_gen_loss": 6.314148769378662,
  "training_loss": 6.313160089346079,
  "training_cpu_memory_MB": 5866.928,
  "training_gpu_0_memory_MB": 22543,
  "training_gpu_1_memory_MB": 20139,
  "training_gpu_2_memory_MB": 20139,
  "training_gpu_3_memory_MB": 20139,
  "validation_accuracy": 0.36761710794297353,
  "validation_disc_loss": 1.6595959701845724,
  "validation_gen_loss": 6.944925708155478,
  "validation_loss": 6.947236737897319,
  "best_validation_accuracy": 0.36761710794297353,
  "best_validation_disc_loss": 1.6595959701845724,
  "best_validation_gen_loss": 6.944925708155478,
  "best_validation_loss": 6.947236737897319
}