{
  "best_epoch": 1,
  "peak_cpu_memory_MB": 5489.476,
  "peak_gpu_0_memory_MB": 12693,
  "peak_gpu_1_memory_MB": 21435,
  "peak_gpu_2_memory_MB": 0,
  "peak_gpu_3_memory_MB": 12805,
  "training_duration": "0:01:45.756841",
  "training_start_epoch": 0,
  "training_epochs": 2,
  "epoch": 2,
  "training_accuracy": 0.44783715012722647,
  "training_loss": 1.1084642501977773,
  "training_cpu_memory_MB": 5489.476,
  "training_gpu_0_memory_MB": 12693,
  "training_gpu_1_memory_MB": 21435,
  "training_gpu_2_memory_MB": 0,
  "training_gpu_3_memory_MB": 12805,
  "validation_accuracy": 0.3475292919001528,
  "validation_loss": 1.1085827377797726,
  "best_validation_accuracy": 0.3475292919001528,
  "best_validation_loss": 1.1098889702694423
}