{
  "best_epoch": 0,
  "peak_cpu_memory_MB": 5353.656,
  "peak_gpu_0_memory_MB": 2309,
  "peak_gpu_1_memory_MB": 21435,
  "peak_gpu_2_memory_MB": 0,
  "peak_gpu_3_memory_MB": 12805,
  "training_duration": "0:00:30.569128",
  "training_start_epoch": 0,
  "training_epochs": 0,
  "epoch": 0,
  "training_accuracy": 0.3944020356234097,
  "training_loss": 1.0766693537051861,
  "training_cpu_memory_MB": 5353.656,
  "training_gpu_0_memory_MB": 2309,
  "training_gpu_1_memory_MB": 21435,
  "training_gpu_2_memory_MB": 0,
  "training_gpu_3_memory_MB": 12805,
  "validation_accuracy": 0.4031584309730005,
  "validation_loss": 1.1126990625058402,
  "best_validation_accuracy": 0.4031584309730005,
  "best_validation_loss": 1.1126990625058402
}