{
  "best_epoch": 1,
  "peak_cpu_memory_MB": 5353.656,
  "peak_gpu_0_memory_MB": 12693,
  "peak_gpu_1_memory_MB": 21435,
  "peak_gpu_2_memory_MB": 0,
  "peak_gpu_3_memory_MB": 12805,
  "training_duration": "0:01:06.265589",
  "training_start_epoch": 0,
  "training_epochs": 1,
  "epoch": 1,
  "training_accuracy": 0.6412213740458015,
  "training_loss": 0.8187796977850107,
  "training_cpu_memory_MB": 5353.656,
  "training_gpu_0_memory_MB": 12693,
  "training_gpu_1_memory_MB": 21435,
  "training_gpu_2_memory_MB": 0,
  "training_gpu_3_memory_MB": 12805,
  "validation_accuracy": 0.4576668364747835,
  "validation_loss": 1.1791983141961238,
  "best_validation_accuracy": 0.4576668364747835,
  "best_validation_loss": 1.1791983141961238
}