{
  "best_epoch": 2,
  "peak_cpu_memory_MB": 5353.656,
  "peak_gpu_0_memory_MB": 12693,
  "peak_gpu_1_memory_MB": 21435,
  "peak_gpu_2_memory_MB": 0,
  "peak_gpu_3_memory_MB": 12805,
  "training_duration": "0:01:43.805794",
  "training_start_epoch": 0,
  "training_epochs": 2,
  "epoch": 2,
  "training_accuracy": 0.8829516539440203,
  "training_loss": 0.382472235422868,
  "training_cpu_memory_MB": 5353.656,
  "training_gpu_0_memory_MB": 12693,
  "training_gpu_1_memory_MB": 21435,
  "training_gpu_2_memory_MB": 0,
  "training_gpu_3_memory_MB": 12805,
  "validation_accuracy": 0.5778909831889965,
  "validation_loss": 1.0665474893215814,
  "best_validation_accuracy": 0.5778909831889965,
  "best_validation_loss": 1.0665474893215814
}