{
  "best_epoch": 3,
  "peak_cpu_memory_MB": 5497.452,
  "peak_gpu_0_memory_MB": 12677,
  "peak_gpu_1_memory_MB": 21435,
  "peak_gpu_2_memory_MB": 0,
  "peak_gpu_3_memory_MB": 12805,
  "training_duration": "0:02:20.657611",
  "training_start_epoch": 0,
  "training_epochs": 3,
  "epoch": 3,
  "training_accuracy": 0.6717557251908397,
  "training_loss": 0.8328634317104633,
  "training_cpu_memory_MB": 5497.452,
  "training_gpu_0_memory_MB": 12677,
  "training_gpu_1_memory_MB": 21435,
  "training_gpu_2_memory_MB": 0,
  "training_gpu_3_memory_MB": 12805,
  "validation_accuracy": 0.49617931737137033,
  "validation_loss": 1.0263743080223033,
  "best_validation_accuracy": 0.49617931737137033,
  "best_validation_loss": 1.0263743080223033
}