{
  "best_epoch": 14,
  "peak_cpu_memory_MB": 5866.288,
  "peak_gpu_0_memory_MB": 13845,
  "peak_gpu_1_memory_MB": 13845,
  "peak_gpu_2_memory_MB": 13845,
  "peak_gpu_3_memory_MB": 21435,
  "training_duration": "0:07:53.341448",
  "training_start_epoch": 0,
  "training_epochs": 14,
  "epoch": 14,
  "training_accuracy": 0.7557251908396947,
  "training_disc_loss": 0.688778967410326,
  "training_gen_loss": 5.590410566329956,
  "training_loss": 5.590410566329956,
  "training_cpu_memory_MB": 5866.288,
  "training_gpu_0_memory_MB": 13845,
  "training_gpu_1_memory_MB": 13845,
  "training_gpu_2_memory_MB": 13845,
  "training_gpu_3_memory_MB": 21435,
  "validation_accuracy": 0.4093686354378819,
  "validation_disc_loss": 1.770493559963335,
  "validation_gen_loss": 7.618181166610097,
  "validation_loss": 7.618181166610097,
  "best_validation_accuracy": 0.4093686354378819,
  "best_validation_disc_loss": 1.770493559963335,
  "best_validation_gen_loss": 7.618181166610097,
  "best_validation_loss": 7.618181166610097
}