{
  "best_epoch": 14,
  "peak_cpu_memory_MB": 5866.288,
  "peak_gpu_0_memory_MB": 13845,
  "peak_gpu_1_memory_MB": 13845,
  "peak_gpu_2_memory_MB": 13845,
  "peak_gpu_3_memory_MB": 21435,
  "training_duration": "0:14:35.647740",
  "training_start_epoch": 0,
  "training_epochs": 27,
  "epoch": 27,
  "training_accuracy": 0.9083969465648855,
  "training_disc_loss": 0.21119494421815033,
  "training_gen_loss": 5.382643594741821,
  "training_loss": 5.382643594741821,
  "training_cpu_memory_MB": 5866.288,
  "training_gpu_0_memory_MB": 13845,
  "training_gpu_1_memory_MB": 12805,
  "training_gpu_2_memory_MB": 13845,
  "training_gpu_3_memory_MB": 21435,
  "validation_accuracy": 0.3910386965376782,
  "validation_disc_loss": 2.3725770864544846,
  "validation_gen_loss": 8.040502303984107,
  "validation_loss": 8.040502303984107,
  "best_validation_accuracy": 0.4093686354378819,
  "best_validation_disc_loss": 1.770493559963335,
  "best_validation_gen_loss": 7.618181166610097,
  "best_validation_loss": 7.618181166610097
}