{
  "best_epoch": 11,
  "peak_cpu_memory_MB": 5866.288,
  "peak_gpu_0_memory_MB": 13845,
  "peak_gpu_1_memory_MB": 13845,
  "peak_gpu_2_memory_MB": 13845,
  "peak_gpu_3_memory_MB": 21435,
  "training_duration": "0:06:15.477283",
  "training_start_epoch": 0,
  "training_epochs": 11,
  "epoch": 11,
  "training_accuracy": 0.6946564885496184,
  "training_disc_loss": 0.861787938773632,
  "training_gen_loss": 5.697409496307373,
  "training_loss": 5.697409496307373,
  "training_cpu_memory_MB": 5866.288,
  "training_gpu_0_memory_MB": 13845,
  "training_gpu_1_memory_MB": 13845,
  "training_gpu_2_memory_MB": 13845,
  "training_gpu_3_memory_MB": 21435,
  "validation_accuracy": 0.3890020366598778,
  "validation_disc_loss": 1.601882638485451,
  "validation_gen_loss": 7.419690244566135,
  "validation_loss": 7.419690244566135,
  "best_validation_accuracy": 0.3890020366598778,
  "best_validation_disc_loss": 1.601882638485451,
  "best_validation_gen_loss": 7.419690244566135,
  "best_validation_loss": 7.419690244566135
}