{
  "best_epoch": 0,
  "peak_cpu_memory_MB": 5866.288,
  "peak_gpu_0_memory_MB": 2617,
  "peak_gpu_1_memory_MB": 13845,
  "peak_gpu_2_memory_MB": 13845,
  "peak_gpu_3_memory_MB": 21435,
  "training_duration": "0:00:24.940632",
  "training_start_epoch": 0,
  "training_epochs": 0,
  "epoch": 0,
  "training_accuracy": 0.35877862595419846,
  "training_disc_loss": 9.750127820968627,
  "training_gen_loss": 9.346247568130494,
  "training_loss": 9.346247568130494,
  "training_cpu_memory_MB": 5866.288,
  "training_gpu_0_memory_MB": 2617,
  "training_gpu_1_memory_MB": 13845,
  "training_gpu_2_memory_MB": 13845,
  "training_gpu_3_memory_MB": 21435,
  "validation_accuracy": 0.3360488798370672,
  "validation_disc_loss": 8.231636047363281,
  "validation_gen_loss": 7.877483104302631,
  "validation_loss": 7.877483104302631,
  "best_validation_accuracy": 0.3360488798370672,
  "best_validation_disc_loss": 8.231636047363281,
  "best_validation_gen_loss": 7.877483104302631,
  "best_validation_loss": 7.877483104302631
}