{
  "best_epoch": 11,
  "peak_cpu_memory_MB": 5866.288,
  "peak_gpu_0_memory_MB": 13845,
  "peak_gpu_1_memory_MB": 13845,
  "peak_gpu_2_memory_MB": 13845,
  "peak_gpu_3_memory_MB": 21435,
  "training_duration": "0:06:52.827017",
  "training_start_epoch": 0,
  "training_epochs": 12,
  "epoch": 12,
  "training_accuracy": 0.6793893129770993,
  "training_disc_loss": 0.8283935658633709,
  "training_gen_loss": 5.657792873382569,
  "training_loss": 5.657792873382569,
  "training_cpu_memory_MB": 5866.288,
  "training_gpu_0_memory_MB": 13845,
  "training_gpu_1_memory_MB": 13845,
  "training_gpu_2_memory_MB": 13845,
  "training_gpu_3_memory_MB": 21435,
  "validation_accuracy": 0.3696537678207739,
  "validation_disc_loss": 1.5944337503212254,
  "validation_gen_loss": 7.486134257743029,
  "validation_loss": 7.486134257743029,
  "best_validation_accuracy": 0.3890020366598778,
  "best_validation_disc_loss": 1.601882638485451,
  "best_validation_gen_loss": 7.419690244566135,
  "best_validation_loss": 7.419690244566135
}