{
  "best_epoch": 1,
  "peak_cpu_memory_MB": 5866.288,
  "peak_gpu_0_memory_MB": 13845,
  "peak_gpu_1_memory_MB": 13845,
  "peak_gpu_2_memory_MB": 13845,
  "peak_gpu_3_memory_MB": 21435,
  "training_duration": "0:01:31.241251",
  "training_start_epoch": 0,
  "training_epochs": 2,
  "epoch": 2,
  "training_accuracy": 0.3486005089058524,
  "training_disc_loss": 4.224218503832817,
  "training_gen_loss": 6.574109973907471,
  "training_loss": 6.574109973907471,
  "training_cpu_memory_MB": 5866.288,
  "training_gpu_0_memory_MB": 13845,
  "training_gpu_1_memory_MB": 13845,
  "training_gpu_2_memory_MB": 13845,
  "training_gpu_3_memory_MB": 21435,
  "validation_accuracy": 0.34012219959266804,
  "validation_disc_loss": 1.5515707508335268,
  "validation_gen_loss": 6.92121951560664,
  "validation_loss": 6.92121951560664,
  "best_validation_accuracy": 0.34928716904276985,
  "best_validation_disc_loss": 9.036790506626533,
  "best_validation_gen_loss": 7.514425770054019,
  "best_validation_loss": 7.514425770054019
}