{
  "best_epoch": 14,
  "peak_cpu_memory_MB": 5866.288,
  "peak_gpu_0_memory_MB": 13845,
  "peak_gpu_1_memory_MB": 13845,
  "peak_gpu_2_memory_MB": 13845,
  "peak_gpu_3_memory_MB": 21435,
  "training_duration": "0:08:59.245685",
  "training_start_epoch": 0,
  "training_epochs": 16,
  "epoch": 16,
  "training_accuracy": 0.8091603053435115,
  "training_disc_loss": 0.4528964893333614,
  "training_gen_loss": 5.554646444320679,
  "training_loss": 5.554646444320679,
  "training_cpu_memory_MB": 5866.288,
  "training_gpu_0_memory_MB": 13845,
  "training_gpu_1_memory_MB": 13845,
  "training_gpu_2_memory_MB": 13845,
  "training_gpu_3_memory_MB": 21435,
  "validation_accuracy": 0.40224032586558045,
  "validation_disc_loss": 1.9604814471752663,
  "validation_gen_loss": 7.730689967550883,
  "validation_loss": 7.730689967550883,
  "best_validation_accuracy": 0.4093686354378819,
  "best_validation_disc_loss": 1.770493559963335,
  "best_validation_gen_loss": 7.618181166610097,
  "best_validation_loss": 7.618181166610097
}