{
  "best_epoch": 5,
  "peak_cpu_memory_MB": 5866.288,
  "peak_gpu_0_memory_MB": 13845,
  "peak_gpu_1_memory_MB": 13845,
  "peak_gpu_2_memory_MB": 13845,
  "peak_gpu_3_memory_MB": 21435,
  "training_duration": "0:04:38.818305",
  "training_start_epoch": 0,
  "training_epochs": 8,
  "epoch": 8,
  "training_accuracy": 0.5419847328244275,
  "training_disc_loss": 1.1178354519605636,
  "training_gen_loss": 5.82935170173645,
  "training_loss": 5.82935170173645,
  "training_cpu_memory_MB": 5866.288,
  "training_gpu_0_memory_MB": 13845,
  "training_gpu_1_memory_MB": 13845,
  "training_gpu_2_memory_MB": 13845,
  "training_gpu_3_memory_MB": 21435,
  "validation_accuracy": 0.3360488798370672,
  "validation_disc_loss": 2.572223819368254,
  "validation_gen_loss": 7.601876875249351,
  "validation_loss": 7.601876875249351,
  "best_validation_accuracy": 0.3574338085539715,
  "best_validation_disc_loss": 1.30737366860475,
  "best_validation_gen_loss": 7.0255975413128615,
  "best_validation_loss": 7.0255975413128615
}