{
  "best_epoch": 3,
  "peak_cpu_memory_MB": 5866.344,
  "peak_gpu_0_memory_MB": 13845,
  "peak_gpu_1_memory_MB": 12805,
  "peak_gpu_2_memory_MB": 14587,
  "peak_gpu_3_memory_MB": 21435,
  "training_duration": "0:03:43.295456",
  "training_start_epoch": 0,
  "training_epochs": 6,
  "epoch": 6,
  "training_accuracy": 0.3638676844783715,
  "training_disc_loss": 2.0101160764694215,
  "training_gen_loss": 5.786731824874878,
  "training_loss": 5.786731824874878,
  "training_cpu_memory_MB": 5866.344,
  "training_gpu_0_memory_MB": 13845,
  "training_gpu_1_memory_MB": 12805,
  "training_gpu_2_memory_MB": 14587,
  "training_gpu_3_memory_MB": 21435,
  "validation_accuracy": 0.3360488798370672,
  "validation_disc_loss": 1.0986161038158386,
  "validation_gen_loss": 7.6788123061017295,
  "validation_loss": 7.6788123061017295,
  "best_validation_accuracy": 0.38289205702647655,
  "best_validation_disc_loss": 1.4022315876270697,
  "best_validation_gen_loss": 7.215402808615832,
  "best_validation_loss": 7.215402808615832
}