{
  "best_epoch": 3,
  "peak_cpu_memory_MB": 5866.344,
  "peak_gpu_0_memory_MB": 13845,
  "peak_gpu_1_memory_MB": 12805,
  "peak_gpu_2_memory_MB": 14587,
  "peak_gpu_3_memory_MB": 21435,
  "training_duration": "0:08:22.110212",
  "training_start_epoch": 0,
  "training_epochs": 15,
  "epoch": 15,
  "training_accuracy": 0.33078880407124683,
  "training_disc_loss": 2.1326857054233552,
  "training_gen_loss": 5.575174436569214,
  "training_loss": 5.575174436569214,
  "training_cpu_memory_MB": 5866.344,
  "training_gpu_0_memory_MB": 13845,
  "training_gpu_1_memory_MB": 12805,
  "training_gpu_2_memory_MB": 14587,
  "training_gpu_3_memory_MB": 21435,
  "validation_accuracy": 0.319755600814664,
  "validation_disc_loss": 1.0983148561260565,
  "validation_gen_loss": 8.543258818184457,
  "validation_loss": 8.543258818184457,
  "best_validation_accuracy": 0.38289205702647655,
  "best_validation_disc_loss": 1.4022315876270697,
  "best_validation_gen_loss": 7.215402808615832,
  "best_validation_loss": 7.215402808615832
}