{
  "best_epoch": 1,
  "peak_cpu_memory_MB": 5866.344,
  "peak_gpu_0_memory_MB": 13845,
  "peak_gpu_1_memory_MB": 12805,
  "peak_gpu_2_memory_MB": 14587,
  "peak_gpu_3_memory_MB": 21435,
  "training_duration": "0:01:32.298681",
  "training_start_epoch": 0,
  "training_epochs": 2,
  "epoch": 2,
  "training_accuracy": 0.356234096692112,
  "training_disc_loss": 1.6473735964298248,
  "training_gen_loss": 6.223703565597535,
  "training_loss": 6.223703565597535,
  "training_cpu_memory_MB": 5866.344,
  "training_gpu_0_memory_MB": 13845,
  "training_gpu_1_memory_MB": 12805,
  "training_gpu_2_memory_MB": 14587,
  "training_gpu_3_memory_MB": 21435,
  "validation_accuracy": 0.34928716904276985,
  "validation_disc_loss": 1.6574658262051218,
  "validation_gen_loss": 7.212331120560809,
  "validation_loss": 7.212331120560809,
  "best_validation_accuracy": 0.3533604887983707,
  "best_validation_disc_loss": 1.4254155183226112,
  "best_validation_gen_loss": 7.13325621442097,
  "best_validation_loss": 7.13325621442097
}