{
  "best_epoch": 3,
  "peak_cpu_memory_MB": 5866.344,
  "peak_gpu_0_memory_MB": 13845,
  "peak_gpu_1_memory_MB": 12805,
  "peak_gpu_2_memory_MB": 14587,
  "peak_gpu_3_memory_MB": 21435,
  "training_duration": "0:09:23.686918",
  "training_start_epoch": 0,
  "training_epochs": 17,
  "epoch": 17,
  "training_accuracy": 0.30788804071246817,
  "training_disc_loss": 2.0203232049942015,
  "training_gen_loss": 5.518695049285888,
  "training_loss": 5.518695049285888,
  "training_cpu_memory_MB": 5866.344,
  "training_gpu_0_memory_MB": 13845,
  "training_gpu_1_memory_MB": 12805,
  "training_gpu_2_memory_MB": 14587,
  "training_gpu_3_memory_MB": 21435,
  "validation_accuracy": 0.3421588594704684,
  "validation_disc_loss": 1.0987592131141726,
  "validation_gen_loss": 8.709079308238456,
  "validation_loss": 8.709079308238456,
  "best_validation_accuracy": 0.38289205702647655,
  "best_validation_disc_loss": 1.4022315876270697,
  "best_validation_gen_loss": 7.215402808615832,
  "best_validation_loss": 7.215402808615832
}