{
  "best_epoch": 0,
  "peak_cpu_memory_MB": 5866.344,
  "peak_gpu_0_memory_MB": 2617,
  "peak_gpu_1_memory_MB": 12805,
  "peak_gpu_2_memory_MB": 14587,
  "peak_gpu_3_memory_MB": 21435,
  "training_duration": "0:00:25.307541",
  "training_start_epoch": 0,
  "training_epochs": 0,
  "epoch": 0,
  "training_accuracy": 0.3994910941475827,
  "training_disc_loss": 5.614402313828468,
  "training_gen_loss": 8.382084903717042,
  "training_loss": 8.382084903717042,
  "training_cpu_memory_MB": 5866.344,
  "training_gpu_0_memory_MB": 2617,
  "training_gpu_1_memory_MB": 12805,
  "training_gpu_2_memory_MB": 14587,
  "training_gpu_3_memory_MB": 21435,
  "validation_accuracy": 0.3319755600814664,
  "validation_disc_loss": 1.5345058349089893,
  "validation_gen_loss": 7.39743369963111,
  "validation_loss": 7.39743369963111,
  "best_validation_accuracy": 0.3319755600814664,
  "best_validation_disc_loss": 1.5345058349089893,
  "best_validation_gen_loss": 7.39743369963111,
  "best_validation_loss": 7.39743369963111
}