{
  "best_epoch": 2,
  "peak_cpu_memory_MB": 5342.464,
  "peak_gpu_0_memory_MB": 12553,
  "peak_gpu_1_memory_MB": 0,
  "peak_gpu_2_memory_MB": 10225,
  "peak_gpu_3_memory_MB": 12805,
  "training_duration": "0:01:42.793285",
  "training_start_epoch": 0,
  "training_epochs": 2,
  "epoch": 2,
  "training_accuracy": 0.6106870229007634,
  "training_loss": 0.90426838856477,
  "training_cpu_memory_MB": 5342.464,
  "training_gpu_0_memory_MB": 12553,
  "training_gpu_1_memory_MB": 0,
  "training_gpu_2_memory_MB": 10225,
  "training_gpu_3_memory_MB": 12805,
  "validation_accuracy": 0.4617422312786551,
  "validation_loss": 1.0662771857522597,
  "best_validation_accuracy": 0.4617422312786551,
  "best_validation_loss": 1.0662771857522597
}