{
  "best_epoch": 1,
  "peak_cpu_memory_MB": 5342.464,
  "peak_gpu_0_memory_MB": 12553,
  "peak_gpu_1_memory_MB": 0,
  "peak_gpu_2_memory_MB": 10225,
  "peak_gpu_3_memory_MB": 12805,
  "training_duration": "0:01:04.940514",
  "training_start_epoch": 0,
  "training_epochs": 1,
  "epoch": 1,
  "training_accuracy": 0.4961832061068702,
  "training_loss": 1.0370281017743623,
  "training_cpu_memory_MB": 5342.464,
  "training_gpu_0_memory_MB": 12553,
  "training_gpu_1_memory_MB": 0,
  "training_gpu_2_memory_MB": 10225,
  "training_gpu_3_memory_MB": 12805,
  "validation_accuracy": 0.43871625063678044,
  "validation_loss": 1.0991513331083986,
  "best_validation_accuracy": 0.43871625063678044,
  "best_validation_loss": 1.0991513331083986
}