{
  "best_epoch": 2,
  "peak_cpu_memory_MB": 5866.864,
  "peak_gpu_0_memory_MB": 13845,
  "peak_gpu_1_memory_MB": 13845,
  "peak_gpu_2_memory_MB": 12,
  "peak_gpu_3_memory_MB": 12,
  "training_duration": "0:01:30.705940",
  "training_start_epoch": 0,
  "training_epochs": 2,
  "epoch": 2,
  "training_accuracy": 0.35877862595419846,
  "training_disc_loss": 1.4817360186576842,
  "training_gen_loss": 6.291775064468384,
  "training_loss": 6.291775064468384,
  "training_cpu_memory_MB": 5866.864,
  "training_gpu_0_memory_MB": 13845,
  "training_gpu_1_memory_MB": 13845,
  "training_gpu_2_memory_MB": 12,
  "training_gpu_3_memory_MB": 12,
  "validation_accuracy": 0.3513238289205703,
  "validation_disc_loss": 1.1690583064304134,
  "validation_gen_loss": 6.900732393187236,
  "validation_loss": 6.900732393187236,
  "best_validation_accuracy": 0.3513238289205703,
  "best_validation_disc_loss": 1.1690583064304134,
  "best_validation_gen_loss": 6.900732393187236,
  "best_validation_loss": 6.900732393187236
}