{
  "best_epoch": 3,
  "peak_cpu_memory_MB": 5345.6,
  "peak_gpu_0_memory_MB": 12693,
  "peak_gpu_1_memory_MB": 21435,
  "peak_gpu_2_memory_MB": 0,
  "peak_gpu_3_memory_MB": 12805,
  "training_duration": "0:02:21.495276",
  "training_start_epoch": 0,
  "training_epochs": 3,
  "epoch": 3,
  "training_accuracy": 0.9516539440203562,
  "training_loss": 0.2202089807161918,
  "training_cpu_memory_MB": 5345.6,
  "training_gpu_0_memory_MB": 12693,
  "training_gpu_1_memory_MB": 21435,
  "training_gpu_2_memory_MB": 0,
  "training_gpu_3_memory_MB": 12805,
  "validation_accuracy": 0.5977585328578706,
  "validation_loss": 1.0323237042861964,
  "best_validation_accuracy": 0.5977585328578706,
  "best_validation_loss": 1.0323237042861964
}