{
  "best_epoch": 4,
  "peak_cpu_memory_MB": 5345.6,
  "peak_gpu_0_memory_MB": 12693,
  "peak_gpu_1_memory_MB": 21435,
  "peak_gpu_2_memory_MB": 0,
  "peak_gpu_3_memory_MB": 12805,
  "training_duration": "0:02:59.460176",
  "training_start_epoch": 0,
  "training_epochs": 4,
  "epoch": 4,
  "training_accuracy": 0.9923664122137404,
  "training_loss": 0.12492322291319187,
  "training_cpu_memory_MB": 5345.6,
  "training_gpu_0_memory_MB": 12693,
  "training_gpu_1_memory_MB": 21435,
  "training_gpu_2_memory_MB": 0,
  "training_gpu_3_memory_MB": 12805,
  "validation_accuracy": 0.5989811512990321,
  "validation_loss": 1.0488854619501469,
  "best_validation_accuracy": 0.5989811512990321,
  "best_validation_loss": 1.0488854619501469
}