{
  "best_epoch": 2,
  "peak_cpu_memory_MB": 5365.34,
  "peak_gpu_0_memory_MB": 12645,
  "peak_gpu_1_memory_MB": 15413,
  "peak_gpu_2_memory_MB": 0,
  "peak_gpu_3_memory_MB": 13013,
  "training_duration": "0:01:42.919288",
  "training_start_epoch": 0,
  "training_epochs": 2,
  "epoch": 2,
  "training_accuracy": 0.8422391857506362,
  "training_loss": 0.4827649639202998,
  "training_cpu_memory_MB": 5365.34,
  "training_gpu_0_memory_MB": 12645,
  "training_gpu_1_memory_MB": 15413,
  "training_gpu_2_memory_MB": 0,
  "training_gpu_3_memory_MB": 13013,
  "validation_accuracy": 0.5507896077432501,
  "validation_loss": 1.0253047189805717,
  "best_validation_accuracy": 0.5507896077432501,
  "best_validation_loss": 1.0253047189805717
}