{
  "best_epoch": 0,
  "peak_cpu_memory_MB": 5365.34,
  "peak_gpu_0_memory_MB": 2309,
  "peak_gpu_1_memory_MB": 15413,
  "peak_gpu_2_memory_MB": 0,
  "peak_gpu_3_memory_MB": 13013,
  "training_duration": "0:00:30.272972",
  "training_start_epoch": 0,
  "training_epochs": 0,
  "epoch": 0,
  "training_accuracy": 0.37659033078880405,
  "training_loss": 1.0908087675388043,
  "training_cpu_memory_MB": 5365.34,
  "training_gpu_0_memory_MB": 2309,
  "training_gpu_1_memory_MB": 15413,
  "training_gpu_2_memory_MB": 0,
  "training_gpu_3_memory_MB": 13013,
  "validation_accuracy": 0.4717269485481406,
  "validation_loss": 1.0477412599305764,
  "best_validation_accuracy": 0.4717269485481406,
  "best_validation_loss": 1.0477412599305764
}