{
  "best_epoch": 3,
  "peak_cpu_memory_MB": 5490.732,
  "peak_gpu_0_memory_MB": 12677,
  "peak_gpu_1_memory_MB": 21435,
  "peak_gpu_2_memory_MB": 0,
  "peak_gpu_3_memory_MB": 12805,
  "training_duration": "0:02:51.889588",
  "training_start_epoch": 0,
  "training_epochs": 4,
  "epoch": 4,
  "training_accuracy": 0.46055979643765904,
  "training_loss": 1.0639650913385243,
  "training_cpu_memory_MB": 5490.732,
  "training_gpu_0_memory_MB": 12593,
  "training_gpu_1_memory_MB": 21435,
  "training_gpu_2_memory_MB": 0,
  "training_gpu_3_memory_MB": 12805,
  "validation_accuracy": 0.34885379521141113,
  "validation_loss": 1.096901136034863,
  "best_validation_accuracy": 0.3666836474783495,
  "best_validation_loss": 1.0941746844530882
}