{
  "best_epoch": 11,
  "peak_cpu_memory_MB": 5490.732,
  "peak_gpu_0_memory_MB": 12713,
  "peak_gpu_1_memory_MB": 21435,
  "peak_gpu_2_memory_MB": 0,
  "peak_gpu_3_memory_MB": 12805,
  "training_duration": "0:08:17.450977",
  "training_start_epoch": 0,
  "training_epochs": 13,
  "epoch": 13,
  "training_accuracy": 0.9796437659033079,
  "training_loss": 0.11574924393342091,
  "training_cpu_memory_MB": 5490.732,
  "training_gpu_0_memory_MB": 12713,
  "training_gpu_1_memory_MB": 21435,
  "training_gpu_2_memory_MB": 0,
  "training_gpu_3_memory_MB": 12805,
  "validation_accuracy": 0.6469689251146205,
  "validation_loss": 0.9180374417320525,
  "best_validation_accuracy": 0.6503311258278146,
  "best_validation_loss": 0.9047373178921616
}