{
  "best_epoch": 7,
  "peak_cpu_memory_MB": 5490.732,
  "peak_gpu_0_memory_MB": 12677,
  "peak_gpu_1_memory_MB": 21435,
  "peak_gpu_2_memory_MB": 0,
  "peak_gpu_3_memory_MB": 12805,
  "training_duration": "0:04:41.378715",
  "training_start_epoch": 0,
  "training_epochs": 7,
  "epoch": 7,
  "training_accuracy": 0.8676844783715013,
  "training_loss": 0.4224180349936852,
  "training_cpu_memory_MB": 5490.732,
  "training_gpu_0_memory_MB": 12593,
  "training_gpu_1_memory_MB": 21435,
  "training_gpu_2_memory_MB": 0,
  "training_gpu_3_memory_MB": 12805,
  "validation_accuracy": 0.6060112073357107,
  "validation_loss": 0.8768279678658476,
  "best_validation_accuracy": 0.6060112073357107,
  "best_validation_loss": 0.8768279678658476
}