{
  "best_epoch": 1,
  "peak_cpu_memory_MB": 5488.796,
  "peak_gpu_0_memory_MB": 12553,
  "peak_gpu_1_memory_MB": 21435,
  "peak_gpu_2_memory_MB": 0,
  "peak_gpu_3_memory_MB": 12821,
  "training_duration": "0:01:42.719886",
  "training_start_epoch": 0,
  "training_epochs": 2,
  "epoch": 2,
  "training_accuracy": 0.3486005089058524,
  "training_loss": 1.1501827881886408,
  "training_cpu_memory_MB": 5488.796,
  "training_gpu_0_memory_MB": 12553,
  "training_gpu_1_memory_MB": 21435,
  "training_gpu_2_memory_MB": 0,
  "training_gpu_3_memory_MB": 12821,
  "validation_accuracy": 0.3534386143657667,
  "validation_loss": 1.104838384867491,
  "best_validation_accuracy": 0.3544574630667346,
  "best_validation_loss": 1.1211371487825623
}