{
  "best_epoch": 3,
  "peak_cpu_memory_MB": 5488.08,
  "peak_gpu_0_memory_MB": 12713,
  "peak_gpu_1_memory_MB": 21435,
  "peak_gpu_2_memory_MB": 0,
  "peak_gpu_3_memory_MB": 12821,
  "training_duration": "0:02:20.802304",
  "training_start_epoch": 0,
  "training_epochs": 3,
  "epoch": 3,
  "training_accuracy": 0.5597964376590331,
  "training_loss": 0.9414544564027053,
  "training_cpu_memory_MB": 5488.08,
  "training_gpu_0_memory_MB": 12713,
  "training_gpu_1_memory_MB": 21435,
  "training_gpu_2_memory_MB": 0,
  "training_gpu_3_memory_MB": 12821,
  "validation_accuracy": 0.50952623535405,
  "validation_loss": 1.0109700583867995,
  "best_validation_accuracy": 0.50952623535405,
  "best_validation_loss": 1.0109700583867995
}