{
  "best_epoch": 0,
  "peak_cpu_memory_MB": 5488.08,
  "peak_gpu_0_memory_MB": 12713,
  "peak_gpu_1_memory_MB": 21435,
  "peak_gpu_2_memory_MB": 0,
  "peak_gpu_3_memory_MB": 2425,
  "training_duration": "0:00:29.746405",
  "training_start_epoch": 0,
  "training_epochs": 0,
  "epoch": 0,
  "training_accuracy": 0.33078880407124683,
  "training_loss": 1.250078742320721,
  "training_cpu_memory_MB": 5488.08,
  "training_gpu_0_memory_MB": 12713,
  "training_gpu_1_memory_MB": 21435,
  "training_gpu_2_memory_MB": 0,
  "training_gpu_3_memory_MB": 2425,
  "validation_accuracy": 0.3540499235863474,
  "validation_loss": 1.1644491234897403,
  "best_validation_accuracy": 0.3540499235863474,
  "best_validation_loss": 1.1644491234897403
}