{
  "best_epoch": 2,
  "peak_cpu_memory_MB": 5355.548,
  "peak_gpu_0_memory_MB": 12593,
  "peak_gpu_1_memory_MB": 21435,
  "peak_gpu_2_memory_MB": 0,
  "peak_gpu_3_memory_MB": 12815,
  "training_duration": "0:01:45.063374",
  "training_start_epoch": 0,
  "training_epochs": 2,
  "epoch": 2,
  "training_accuracy": 0.7811704834605598,
  "training_loss": 0.500939565209242,
  "training_cpu_memory_MB": 5355.548,
  "training_gpu_0_memory_MB": 12593,
  "training_gpu_1_memory_MB": 21435,
  "training_gpu_2_memory_MB": 0,
  "training_gpu_3_memory_MB": 12815,
  "validation_accuracy": 0.5758532857870606,
  "validation_loss": 1.452322582662688,
  "best_validation_accuracy": 0.5758532857870606,
  "best_validation_loss": 1.452322582662688
}