{
  "best_epoch": 1,
  "peak_cpu_memory_MB": 5355.548,
  "peak_gpu_0_memory_MB": 12593,
  "peak_gpu_1_memory_MB": 21435,
  "peak_gpu_2_memory_MB": 0,
  "peak_gpu_3_memory_MB": 12815,
  "training_duration": "0:01:06.855350",
  "training_start_epoch": 0,
  "training_epochs": 1,
  "epoch": 1,
  "training_accuracy": 0.5089058524173028,
  "training_loss": 0.957401876266186,
  "training_cpu_memory_MB": 5355.548,
  "training_gpu_0_memory_MB": 12593,
  "training_gpu_1_memory_MB": 21435,
  "training_gpu_2_memory_MB": 0,
  "training_gpu_3_memory_MB": 12815,
  "validation_accuracy": 0.46245542536933265,
  "validation_loss": 1.0562084464762809,
  "best_validation_accuracy": 0.46245542536933265,
  "best_validation_loss": 1.0562084464762809
}