{
  "best_epoch": 0,
  "peak_cpu_memory_MB": 5355.548,
  "peak_gpu_0_memory_MB": 2309,
  "peak_gpu_1_memory_MB": 21435,
  "peak_gpu_2_memory_MB": 0,
  "peak_gpu_3_memory_MB": 12815,
  "training_duration": "0:00:30.992847",
  "training_start_epoch": 0,
  "training_epochs": 0,
  "epoch": 0,
  "training_accuracy": 0.37404580152671757,
  "training_loss": 1.1258392150585468,
  "training_cpu_memory_MB": 5355.548,
  "training_gpu_0_memory_MB": 2309,
  "training_gpu_1_memory_MB": 21435,
  "training_gpu_2_memory_MB": 0,
  "training_gpu_3_memory_MB": 12815,
  "validation_accuracy": 0.39704533876719306,
  "validation_loss": 1.073689202338166,
  "best_validation_accuracy": 0.39704533876719306,
  "best_validation_loss": 1.073689202338166
}