{
  "best_epoch": 1,
  "peak_cpu_memory_MB": 5866.192,
  "peak_gpu_0_memory_MB": 21435,
  "peak_gpu_1_memory_MB": 20139,
  "peak_gpu_2_memory_MB": 20139,
  "peak_gpu_3_memory_MB": 20139,
  "training_duration": "0:02:39.177490",
  "training_start_epoch": 0,
  "training_epochs": 5,
  "epoch": 5,
  "training_accuracy": 0.39185750636132316,
  "training_disc_loss": 2.2361768460273743,
  "training_gen_loss": 7.562953720092773,
  "training_loss": 4.904788310711201,
  "training_cpu_memory_MB": 5866.192,
  "training_gpu_0_memory_MB": 21435,
  "training_gpu_1_memory_MB": 20139,
  "training_gpu_2_memory_MB": 20139,
  "training_gpu_3_memory_MB": 20139,
  "validation_accuracy": 0.3319755600814664,
  "validation_disc_loss": 8.721146845048473,
  "validation_gen_loss": 8.250500809761785,
  "validation_loss": 8.500112610478554,
  "best_validation_accuracy": 0.3421588594704684,
  "best_validation_disc_loss": 15.287663644359958,
  "best_validation_gen_loss": 10.960827719780706,
  "best_validation_loss": 13.113517545884655
}