{
  "best_epoch": 1,
  "peak_cpu_memory_MB": 5866.192,
  "peak_gpu_0_memory_MB": 21435,
  "peak_gpu_1_memory_MB": 20139,
  "peak_gpu_2_memory_MB": 20139,
  "peak_gpu_3_memory_MB": 20139,
  "training_duration": "0:01:45.763615",
  "training_start_epoch": 0,
  "training_epochs": 3,
  "epoch": 3,
  "training_accuracy": 0.3486005089058524,
  "training_disc_loss": 4.455424065589905,
  "training_gen_loss": 8.398647155761719,
  "training_loss": 6.457405750568096,
  "training_cpu_memory_MB": 5866.192,
  "training_gpu_0_memory_MB": 21435,
  "training_gpu_1_memory_MB": 20139,
  "training_gpu_2_memory_MB": 20139,
  "training_gpu_3_memory_MB": 20139,
  "validation_accuracy": 0.3329938900203666,
  "validation_disc_loss": 16.120550740149714,
  "validation_gen_loss": 9.496131143262309,
  "validation_loss": 12.8197844413019,
  "best_validation_accuracy": 0.3421588594704684,
  "best_validation_disc_loss": 15.287663644359958,
  "best_validation_gen_loss": 10.960827719780706,
  "best_validation_loss": 13.113517545884655
}