{
  "best_epoch": 1,
  "peak_cpu_memory_MB": 5866.192,
  "peak_gpu_0_memory_MB": 21435,
  "peak_gpu_1_memory_MB": 20139,
  "peak_gpu_2_memory_MB": 20139,
  "peak_gpu_3_memory_MB": 20139,
  "training_duration": "0:03:33.267600",
  "training_start_epoch": 0,
  "training_epochs": 7,
  "epoch": 7,
  "training_accuracy": 0.37150127226463103,
  "training_disc_loss": 1.9226766419410706,
  "training_gen_loss": 7.2705395317077635,
  "training_loss": 4.5811160527742825,
  "training_cpu_memory_MB": 5866.192,
  "training_gpu_0_memory_MB": 21435,
  "training_gpu_1_memory_MB": 20139,
  "training_gpu_2_memory_MB": 20139,
  "training_gpu_3_memory_MB": 20139,
  "validation_accuracy": 0.3289205702647658,
  "validation_disc_loss": 7.572150638026576,
  "validation_gen_loss": 7.930931606600361,
  "validation_loss": 7.740266707635695,
  "best_validation_accuracy": 0.3421588594704684,
  "best_validation_disc_loss": 15.287663644359958,
  "best_validation_gen_loss": 10.960827719780706,
  "best_validation_loss": 13.113517545884655
}