{
  "best_epoch": 1,
  "peak_cpu_memory_MB": 5866.192,
  "peak_gpu_0_memory_MB": 21435,
  "peak_gpu_1_memory_MB": 20139,
  "peak_gpu_2_memory_MB": 20139,
  "peak_gpu_3_memory_MB": 20139,
  "training_duration": "0:03:59.931991",
  "training_start_epoch": 0,
  "training_epochs": 8,
  "epoch": 8,
  "training_accuracy": 0.4122137404580153,
  "training_disc_loss": 1.8607319259643555,
  "training_gen_loss": 7.186091804504395,
  "training_loss": 4.520158841059758,
  "training_cpu_memory_MB": 5866.192,
  "training_gpu_0_memory_MB": 21435,
  "training_gpu_1_memory_MB": 20139,
  "training_gpu_2_memory_MB": 20139,
  "training_gpu_3_memory_MB": 20139,
  "validation_accuracy": 0.3391038696537678,
  "validation_disc_loss": 7.320570945739746,
  "validation_gen_loss": 7.876851058775379,
  "validation_loss": 7.597071632262199,
  "best_validation_accuracy": 0.3421588594704684,
  "best_validation_disc_loss": 15.287663644359958,
  "best_validation_gen_loss": 10.960827719780706,
  "best_validation_loss": 13.113517545884655
}