{
  "best_epoch": 5,
  "peak_cpu_memory_MB": 5866.288,
  "peak_gpu_0_memory_MB": 21435,
  "peak_gpu_1_memory_MB": 20139,
  "peak_gpu_2_memory_MB": 20139,
  "peak_gpu_3_memory_MB": 20139,
  "training_duration": "0:02:37.839658",
  "training_start_epoch": 0,
  "training_epochs": 5,
  "epoch": 5,
  "training_accuracy": 0.3994910941475827,
  "training_disc_loss": 1.8237551355361938,
  "training_gen_loss": 8.044358291625976,
  "training_loss": 3.057695352114164,
  "training_cpu_memory_MB": 5866.288,
  "training_gpu_0_memory_MB": 21435,
  "training_gpu_1_memory_MB": 20139,
  "training_gpu_2_memory_MB": 20139,
  "training_gpu_3_memory_MB": 20139,
  "validation_accuracy": 0.3543788187372709,
  "validation_disc_loss": 1.994743545209208,
  "validation_gen_loss": 8.392849168469828,
  "validation_loss": 3.27097043683452,
  "best_validation_accuracy": 0.3543788187372709,
  "best_validation_disc_loss": 1.994743545209208,
  "best_validation_gen_loss": 8.392849168469828,
  "best_validation_loss": 3.27097043683452
}