{
  "best_epoch": 11,
  "peak_cpu_memory_MB": 5866.288,
  "peak_gpu_0_memory_MB": 21435,
  "peak_gpu_1_memory_MB": 20139,
  "peak_gpu_2_memory_MB": 20139,
  "peak_gpu_3_memory_MB": 20139,
  "training_duration": "0:11:53.205237",
  "training_start_epoch": 0,
  "training_epochs": 25,
  "epoch": 25,
  "training_accuracy": 0.6335877862595419,
  "training_disc_loss": 0.9187752521038055,
  "training_gen_loss": 6.708570709228516,
  "training_loss": 2.077817522562467,
  "training_cpu_memory_MB": 5866.288,
  "training_gpu_0_memory_MB": 21435,
  "training_gpu_1_memory_MB": 20139,
  "training_gpu_2_memory_MB": 20139,
  "training_gpu_3_memory_MB": 20139,
  "validation_accuracy": 0.3818737270875764,
  "validation_disc_loss": 1.9271167612844897,
  "validation_gen_loss": 7.167046477717738,
  "validation_loss": 2.96995146043839,
  "best_validation_accuracy": 0.395112016293279,
  "best_validation_disc_loss": 1.6842903783244472,
  "best_validation_gen_loss": 7.3629525246158725,
  "best_validation_loss": 2.8179271144251667
}