{
  "best_epoch": 11,
  "peak_cpu_memory_MB": 5866.288,
  "peak_gpu_0_memory_MB": 21435,
  "peak_gpu_1_memory_MB": 20139,
  "peak_gpu_2_memory_MB": 20139,
  "peak_gpu_3_memory_MB": 20139,
  "training_duration": "0:11:00.356908",
  "training_start_epoch": 0,
  "training_epochs": 23,
  "epoch": 23,
  "training_accuracy": 0.6361323155216285,
  "training_disc_loss": 0.9036627757549286,
  "training_gen_loss": 6.726079120635986,
  "training_loss": 2.072495515529926,
  "training_cpu_memory_MB": 5866.288,
  "training_gpu_0_memory_MB": 21435,
  "training_gpu_1_memory_MB": 20139,
  "training_gpu_2_memory_MB": 20139,
  "training_gpu_3_memory_MB": 20139,
  "validation_accuracy": 0.3890020366598778,
  "validation_disc_loss": 1.8691788296545706,
  "validation_gen_loss": 7.162307270111576,
  "validation_loss": 2.9234940544251473,
  "best_validation_accuracy": 0.395112016293279,
  "best_validation_disc_loss": 1.6842903783244472,
  "best_validation_gen_loss": 7.3629525246158725,
  "best_validation_loss": 2.8179271144251667
}