{
  "best_epoch": 1,
  "peak_cpu_memory_MB": 5866.288,
  "peak_gpu_0_memory_MB": 21435,
  "peak_gpu_1_memory_MB": 20139,
  "peak_gpu_2_memory_MB": 20139,
  "peak_gpu_3_memory_MB": 20139,
  "training_duration": "0:00:48.428561",
  "training_start_epoch": 0,
  "training_epochs": 1,
  "epoch": 1,
  "training_accuracy": 0.2824427480916031,
  "training_disc_loss": 6.817247858047486,
  "training_gen_loss": 12.398437042236328,
  "training_loss": 7.867256457989033,
  "training_cpu_memory_MB": 5866.288,
  "training_gpu_0_memory_MB": 21435,
  "training_gpu_1_memory_MB": 20139,
  "training_gpu_2_memory_MB": 20139,
  "training_gpu_3_memory_MB": 20139,
  "validation_accuracy": 0.3513238289205703,
  "validation_disc_loss": 7.713570141023205,
  "validation_gen_loss": 11.730513711129465,
  "validation_loss": 8.535505863928027,
  "best_validation_accuracy": 0.3513238289205703,
  "best_validation_disc_loss": 7.713570141023205,
  "best_validation_gen_loss": 11.730513711129465,
  "best_validation_loss": 8.535505863928027
}