{
  "best_epoch": 7,
  "peak_cpu_memory_MB": 5866.288,
  "peak_gpu_0_memory_MB": 21435,
  "peak_gpu_1_memory_MB": 20139,
  "peak_gpu_2_memory_MB": 20139,
  "peak_gpu_3_memory_MB": 20139,
  "training_duration": "0:03:40.558314",
  "training_start_epoch": 0,
  "training_epochs": 7,
  "epoch": 7,
  "training_accuracy": 0.43256997455470736,
  "training_disc_loss": 1.4939097952842713,
  "training_gen_loss": 7.53060094833374,
  "training_loss": 2.69201267682589,
  "training_cpu_memory_MB": 5866.288,
  "training_gpu_0_memory_MB": 21435,
  "training_gpu_1_memory_MB": 20139,
  "training_gpu_2_memory_MB": 20139,
  "training_gpu_3_memory_MB": 20139,
  "validation_accuracy": 0.3727087576374745,
  "validation_disc_loss": 1.8676740132993268,
  "validation_gen_loss": 7.6895001472965365,
  "validation_loss": 3.0374334319945304,
  "best_validation_accuracy": 0.3727087576374745,
  "best_validation_disc_loss": 1.8676740132993268,
  "best_validation_gen_loss": 7.6895001472965365,
  "best_validation_loss": 3.0374334319945304
}