{
  "best_epoch": 0,
  "peak_cpu_memory_MB": 5866.396,
  "peak_gpu_0_memory_MB": 21435,
  "peak_gpu_1_memory_MB": 20139,
  "peak_gpu_2_memory_MB": 20139,
  "peak_gpu_3_memory_MB": 20139,
  "training_duration": "0:00:48.941986",
  "training_start_epoch": 0,
  "training_epochs": 1,
  "epoch": 1,
  "training_accuracy": 0.3333333333333333,
  "training_disc_loss": 6.875392456054687,
  "training_gen_loss": 9.174610633850097,
  "training_loss": 8.531232136946459,
  "training_cpu_memory_MB": 5866.396,
  "training_gpu_0_memory_MB": 21435,
  "training_gpu_1_memory_MB": 20139,
  "training_gpu_2_memory_MB": 20139,
  "training_gpu_3_memory_MB": 20139,
  "validation_accuracy": 0.33095723014256617,
  "validation_disc_loss": 9.376270817172143,
  "validation_gen_loss": 8.70915368295485,
  "validation_loss": 8.880055119914394,
  "best_validation_accuracy": 0.3411405295315682,
  "best_validation_disc_loss": 11.584247550656718,
  "best_validation_gen_loss": 10.183864455069266,
  "best_validation_loss": 10.52660794411936
}