{
  "best_epoch": 16,
  "peak_cpu_memory_MB": 5866.396,
  "peak_gpu_0_memory_MB": 21435,
  "peak_gpu_1_memory_MB": 20139,
  "peak_gpu_2_memory_MB": 20139,
  "peak_gpu_3_memory_MB": 20139,
  "training_duration": "0:08:48.306852",
  "training_start_epoch": 0,
  "training_epochs": 18,
  "epoch": 18,
  "training_accuracy": 0.45038167938931295,
  "training_disc_loss": 1.1929262006282806,
  "training_gen_loss": 6.399887294769287,
  "training_loss": 5.101301119877742,
  "training_cpu_memory_MB": 5866.396,
  "training_gpu_0_memory_MB": 21435,
  "training_gpu_1_memory_MB": 20139,
  "training_gpu_2_memory_MB": 20139,
  "training_gpu_3_memory_MB": 20139,
  "validation_accuracy": 0.3533604887983707,
  "validation_disc_loss": 1.3490877939808754,
  "validation_gen_loss": 6.858413596307078,
  "validation_loss": 5.483590972039007,
  "best_validation_accuracy": 0.3625254582484725,
  "best_validation_disc_loss": 1.352293792270845,
  "best_validation_gen_loss": 6.8606358574282735,
  "best_validation_loss": 5.4861329601657
}