{
  "best_epoch": 0,
  "peak_cpu_memory_MB": 5866.396,
  "peak_gpu_0_memory_MB": 21435,
  "peak_gpu_1_memory_MB": 20139,
  "peak_gpu_2_memory_MB": 20139,
  "peak_gpu_3_memory_MB": 20139,
  "training_duration": "0:03:56.554621",
  "training_start_epoch": 0,
  "training_epochs": 8,
  "epoch": 8,
  "training_accuracy": 0.45038167938931295,
  "training_disc_loss": 1.3787933683395386,
  "training_gen_loss": 6.500628395080566,
  "training_loss": 5.21676778793335,
  "training_cpu_memory_MB": 5866.396,
  "training_gpu_0_memory_MB": 21435,
  "training_gpu_1_memory_MB": 20139,
  "training_gpu_2_memory_MB": 20139,
  "training_gpu_3_memory_MB": 20139,
  "validation_accuracy": 0.32484725050916496,
  "validation_disc_loss": 1.3395771345784586,
  "validation_gen_loss": 6.90310461290421,
  "validation_loss": 5.514490142945321,
  "best_validation_accuracy": 0.3411405295315682,
  "best_validation_disc_loss": 11.584247550656718,
  "best_validation_gen_loss": 10.183864455069266,
  "best_validation_loss": 10.52660794411936
}