{
  "best_epoch": 1,
  "peak_cpu_memory_MB": 5866.62,
  "peak_gpu_0_memory_MB": 14587,
  "peak_gpu_1_memory_MB": 13029,
  "peak_gpu_2_memory_MB": 14587,
  "peak_gpu_3_memory_MB": 21435,
  "training_duration": "0:01:33.648166",
  "training_start_epoch": 0,
  "training_epochs": 2,
  "epoch": 2,
  "training_accuracy": 0.37150127226463103,
  "training_disc_loss": 1.759209326505661,
  "training_gen_loss": 6.61102334022522,
  "training_loss": 5.398069829940796,
  "training_cpu_memory_MB": 5866.62,
  "training_gpu_0_memory_MB": 14587,
  "training_gpu_1_memory_MB": 13029,
  "training_gpu_2_memory_MB": 14587,
  "training_gpu_3_memory_MB": 21435,
  "validation_accuracy": 0.3136456211812627,
  "validation_disc_loss": 1.2741658832968734,
  "validation_gen_loss": 6.91111761186181,
  "validation_loss": 5.501879676570737,
  "best_validation_accuracy": 0.3391038696537678,
  "best_validation_disc_loss": 1.1504523075693023,
  "best_validation_gen_loss": 6.941389614973611,
  "best_validation_loss": 5.493655301691071
}