{
  "best_epoch": 5,
  "peak_cpu_memory_MB": 5866.62,
  "peak_gpu_0_memory_MB": 14587,
  "peak_gpu_1_memory_MB": 13029,
  "peak_gpu_2_memory_MB": 14587,
  "peak_gpu_3_memory_MB": 21435,
  "training_duration": "0:03:50.575629",
  "training_start_epoch": 0,
  "training_epochs": 6,
  "epoch": 6,
  "training_accuracy": 0.6361323155216285,
  "training_disc_loss": 1.0139051595330237,
  "training_gen_loss": 6.089714279174805,
  "training_loss": 4.820761995315552,
  "training_cpu_memory_MB": 5866.62,
  "training_gpu_0_memory_MB": 14587,
  "training_gpu_1_memory_MB": 13029,
  "training_gpu_2_memory_MB": 14587,
  "training_gpu_3_memory_MB": 21435,
  "validation_accuracy": 0.33706720977596744,
  "validation_disc_loss": 6.277035686058727,
  "validation_gen_loss": 8.227109757865348,
  "validation_loss": 7.73959123797533,
  "best_validation_accuracy": 0.37780040733197556,
  "best_validation_disc_loss": 1.8719080056601423,
  "best_validation_gen_loss": 7.217749564628291,
  "best_validation_loss": 5.881289199115784
}