{
  "best_epoch": 8,
  "peak_cpu_memory_MB": 5866.62,
  "peak_gpu_0_memory_MB": 14587,
  "peak_gpu_1_memory_MB": 13029,
  "peak_gpu_2_memory_MB": 14587,
  "peak_gpu_3_memory_MB": 21435,
  "training_duration": "0:10:43.705693",
  "training_start_epoch": 0,
  "training_epochs": 19,
  "epoch": 19,
  "training_accuracy": 0.9923664122137404,
  "training_disc_loss": 0.02547323289269116,
  "training_gen_loss": 5.382468032836914,
  "training_loss": 4.04321930885315,
  "training_cpu_memory_MB": 5866.62,
  "training_gpu_0_memory_MB": 14587,
  "training_gpu_1_memory_MB": 13029,
  "training_gpu_2_memory_MB": 14587,
  "training_gpu_3_memory_MB": 21435,
  "validation_accuracy": 0.37983706720977595,
  "validation_disc_loss": 4.193918486920799,
  "validation_gen_loss": 9.440523058418336,
  "validation_loss": 8.12887188671081,
  "best_validation_accuracy": 0.3910386965376782,
  "best_validation_disc_loss": 2.1490721096837424,
  "best_validation_gen_loss": 7.4284034356838315,
  "best_validation_loss": 6.108570610604635
}