{
  "best_epoch": 0,
  "peak_cpu_memory_MB": 5866.62,
  "peak_gpu_0_memory_MB": 2617,
  "peak_gpu_1_memory_MB": 13029,
  "peak_gpu_2_memory_MB": 14587,
  "peak_gpu_3_memory_MB": 21435,
  "training_duration": "0:00:25.677784",
  "training_start_epoch": 0,
  "training_epochs": 0,
  "epoch": 0,
  "training_accuracy": 0.3791348600508906,
  "training_disc_loss": 7.912231879234314,
  "training_gen_loss": 9.708321981430053,
  "training_loss": 9.259299430847168,
  "training_cpu_memory_MB": 5866.62,
  "training_gpu_0_memory_MB": 2617,
  "training_gpu_1_memory_MB": 13029,
  "training_gpu_2_memory_MB": 14587,
  "training_gpu_3_memory_MB": 21435,
  "validation_accuracy": 0.3340122199592668,
  "validation_disc_loss": 1.3486165404319763,
  "validation_gen_loss": 6.98446003595988,
  "validation_loss": 5.575499170194797,
  "best_validation_accuracy": 0.3340122199592668,
  "best_validation_disc_loss": 1.3486165404319763,
  "best_validation_gen_loss": 6.98446003595988,
  "best_validation_loss": 5.575499170194797
}