{
  "best_epoch": 8,
  "peak_cpu_memory_MB": 5866.62,
  "peak_gpu_0_memory_MB": 14587,
  "peak_gpu_1_memory_MB": 13029,
  "peak_gpu_2_memory_MB": 14587,
  "peak_gpu_3_memory_MB": 21435,
  "training_duration": "0:06:32.615629",
  "training_start_epoch": 0,
  "training_epochs": 11,
  "epoch": 11,
  "training_accuracy": 0.9516539440203562,
  "training_disc_loss": 0.18337188706267626,
  "training_gen_loss": 5.736113901138306,
  "training_loss": 4.347928447723389,
  "training_cpu_memory_MB": 5866.62,
  "training_gpu_0_memory_MB": 14587,
  "training_gpu_1_memory_MB": 13029,
  "training_gpu_2_memory_MB": 14587,
  "training_gpu_3_memory_MB": 21435,
  "validation_accuracy": 0.37780040733197556,
  "validation_disc_loss": 2.5098665102225977,
  "validation_gen_loss": 7.8086078690319525,
  "validation_loss": 6.483922559071362,
  "best_validation_accuracy": 0.3910386965376782,
  "best_validation_disc_loss": 2.1490721096837424,
  "best_validation_gen_loss": 7.4284034356838315,
  "best_validation_loss": 6.108570610604635
}