{
  "best_epoch": 8,
  "peak_cpu_memory_MB": 5866.62,
  "peak_gpu_0_memory_MB": 14587,
  "peak_gpu_1_memory_MB": 13029,
  "peak_gpu_2_memory_MB": 14587,
  "peak_gpu_3_memory_MB": 21435,
  "training_duration": "0:06:01.159921",
  "training_start_epoch": 0,
  "training_epochs": 10,
  "epoch": 10,
  "training_accuracy": 0.910941475826972,
  "training_disc_loss": 0.23603386564180254,
  "training_gen_loss": 5.803636999130249,
  "training_loss": 4.411736211776733,
  "training_cpu_memory_MB": 5866.62,
  "training_gpu_0_memory_MB": 14587,
  "training_gpu_1_memory_MB": 13029,
  "training_gpu_2_memory_MB": 14587,
  "training_gpu_3_memory_MB": 21435,
  "validation_accuracy": 0.390020366598778,
  "validation_disc_loss": 2.4441027927204844,
  "validation_gen_loss": 7.91150001200234,
  "validation_loss": 6.544650717479427,
  "best_validation_accuracy": 0.3910386965376782,
  "best_validation_disc_loss": 2.1490721096837424,
  "best_validation_gen_loss": 7.4284034356838315,
  "best_validation_loss": 6.108570610604635
}