{
  "best_epoch": 8,
  "peak_cpu_memory_MB": 5866.62,
  "peak_gpu_0_memory_MB": 14587,
  "peak_gpu_1_memory_MB": 13029,
  "peak_gpu_2_memory_MB": 14587,
  "peak_gpu_3_memory_MB": 21435,
  "training_duration": "0:04:53.425405",
  "training_start_epoch": 0,
  "training_epochs": 8,
  "epoch": 8,
  "training_accuracy": 0.806615776081425,
  "training_disc_loss": 0.46377690359950063,
  "training_gen_loss": 5.94688648223877,
  "training_loss": 4.576109085083008,
  "training_cpu_memory_MB": 5866.62,
  "training_gpu_0_memory_MB": 14587,
  "training_gpu_1_memory_MB": 13029,
  "training_gpu_2_memory_MB": 14587,
  "training_gpu_3_memory_MB": 21435,
  "validation_accuracy": 0.3910386965376782,
  "validation_disc_loss": 2.1490721096837424,
  "validation_gen_loss": 7.4284034356838315,
  "validation_loss": 6.108570610604635,
  "best_validation_accuracy": 0.3910386965376782,
  "best_validation_disc_loss": 2.1490721096837424,
  "best_validation_gen_loss": 7.4284034356838315,
  "best_validation_loss": 6.108570610604635
}