{
  "best_epoch": 8,
  "peak_cpu_memory_MB": 5866.62,
  "peak_gpu_0_memory_MB": 14587,
  "peak_gpu_1_memory_MB": 13029,
  "peak_gpu_2_memory_MB": 14587,
  "peak_gpu_3_memory_MB": 21435,
  "training_duration": "0:09:09.273718",
  "training_start_epoch": 0,
  "training_epochs": 16,
  "epoch": 16,
  "training_accuracy": 0.9872773536895675,
  "training_disc_loss": 0.05221235300472472,
  "training_gen_loss": 5.49074354171753,
  "training_loss": 4.131110782623291,
  "training_cpu_memory_MB": 5866.62,
  "training_gpu_0_memory_MB": 14587,
  "training_gpu_1_memory_MB": 13029,
  "training_gpu_2_memory_MB": 14587,
  "training_gpu_3_memory_MB": 21435,
  "validation_accuracy": 0.3665987780040733,
  "validation_disc_loss": 3.8113612518077944,
  "validation_gen_loss": 8.601294800518005,
  "validation_loss": 7.403811404375526,
  "best_validation_accuracy": 0.3910386965376782,
  "best_validation_disc_loss": 2.1490721096837424,
  "best_validation_gen_loss": 7.4284034356838315,
  "best_validation_loss": 6.108570610604635
}