{
  "best_epoch": 0,
  "peak_cpu_memory_MB": 5505.312,
  "peak_gpu_0_memory_MB": 12677,
  "peak_gpu_1_memory_MB": 21435,
  "peak_gpu_2_memory_MB": 0,
  "peak_gpu_3_memory_MB": 12805,
  "training_duration": "0:01:39.970595",
  "training_start_epoch": 0,
  "training_epochs": 2,
  "epoch": 2,
  "training_accuracy": 0.36895674300254455,
  "training_loss": 1.105278024306664,
  "training_cpu_memory_MB": 5505.312,
  "training_gpu_0_memory_MB": 12677,
  "training_gpu_1_memory_MB": 21435,
  "training_gpu_2_memory_MB": 0,
  "training_gpu_3_memory_MB": 12805,
  "validation_accuracy": 0.330412633723892,
  "validation_loss": 1.1162936613691745,
  "best_validation_accuracy": 0.35048395313295977,
  "best_validation_loss": 1.1005252479341985
}