{
  "best_epoch": 7,
  "peak_cpu_memory_MB": 5505.312,
  "peak_gpu_0_memory_MB": 12677,
  "peak_gpu_1_memory_MB": 21435,
  "peak_gpu_2_memory_MB": 0,
  "peak_gpu_3_memory_MB": 12805,
  "training_duration": "0:05:08.197021",
  "training_start_epoch": 0,
  "training_epochs": 8,
  "epoch": 8,
  "training_accuracy": 0.4351145038167939,
  "training_loss": 1.0833803965495183,
  "training_cpu_memory_MB": 5505.312,
  "training_gpu_0_memory_MB": 12677,
  "training_gpu_1_memory_MB": 21435,
  "training_gpu_2_memory_MB": 0,
  "training_gpu_3_memory_MB": 12805,
  "validation_accuracy": 0.34589913397860417,
  "validation_loss": 1.0986458133020307,
  "best_validation_accuracy": 0.35241976566479877,
  "best_validation_loss": 1.097907174681996
}