{
  "best_epoch": 0,
  "peak_cpu_memory_MB": 5505.312,
  "peak_gpu_0_memory_MB": 12677,
  "peak_gpu_1_memory_MB": 21435,
  "peak_gpu_2_memory_MB": 0,
  "peak_gpu_3_memory_MB": 2425,
  "training_duration": "0:00:29.875383",
  "training_start_epoch": 0,
  "training_epochs": 0,
  "epoch": 0,
  "training_accuracy": 0.35368956743002544,
  "training_loss": 1.1047244438758264,
  "training_cpu_memory_MB": 5505.312,
  "training_gpu_0_memory_MB": 12677,
  "training_gpu_1_memory_MB": 21435,
  "training_gpu_2_memory_MB": 0,
  "training_gpu_3_memory_MB": 2425,
  "validation_accuracy": 0.35048395313295977,
  "validation_loss": 1.1005252479341985,
  "best_validation_accuracy": 0.35048395313295977,
  "best_validation_loss": 1.1005252479341985
}