{
  "best_epoch": 20,
  "peak_cpu_memory_MB": 5867.008,
  "peak_gpu_0_memory_MB": 13845,
  "peak_gpu_1_memory_MB": 13005,
  "peak_gpu_2_memory_MB": 13845,
  "peak_gpu_3_memory_MB": 21435,
  "training_duration": "0:16:14.241773",
  "training_start_epoch": 0,
  "training_epochs": 28,
  "epoch": 28,
  "training_accuracy": 0.9440203562340967,
  "training_disc_loss": 0.2044108710635919,
  "training_gen_loss": 5.259989891052246,
  "training_loss": 5.259989891052246,
  "training_cpu_memory_MB": 5867.008,
  "training_gpu_0_memory_MB": 13845,
  "training_gpu_1_memory_MB": 13005,
  "training_gpu_2_memory_MB": 13845,
  "training_gpu_3_memory_MB": 21435,
  "validation_accuracy": 0.3340122199592668,
  "validation_disc_loss": 10.900539576522704,
  "validation_gen_loss": 12.093319373402169,
  "validation_loss": 12.093319373402169,
  "best_validation_accuracy": 0.41140529531568226,
  "best_validation_disc_loss": 2.1944817120466773,
  "best_validation_gen_loss": 8.50741069685153,
  "best_validation_loss": 8.50741069685153
}