{
  "best_epoch": 20,
  "peak_cpu_memory_MB": 5867.008,
  "peak_gpu_0_memory_MB": 13845,
  "peak_gpu_1_memory_MB": 13005,
  "peak_gpu_2_memory_MB": 13845,
  "peak_gpu_3_memory_MB": 21435,
  "training_duration": "0:13:59.693360",
  "training_start_epoch": 0,
  "training_epochs": 24,
  "epoch": 24,
  "training_accuracy": 0.6157760814249363,
  "training_disc_loss": 0.9208326434693299,
  "training_gen_loss": 5.391087865829467,
  "training_loss": 5.391087865829467,
  "training_cpu_memory_MB": 5867.008,
  "training_gpu_0_memory_MB": 13845,
  "training_gpu_1_memory_MB": 13005,
  "training_gpu_2_memory_MB": 13845,
  "training_gpu_3_memory_MB": 21435,
  "validation_accuracy": 0.3329938900203666,
  "validation_disc_loss": 13.691784819936364,
  "validation_gen_loss": 10.306321097583306,
  "validation_loss": 10.306321097583306,
  "best_validation_accuracy": 0.41140529531568226,
  "best_validation_disc_loss": 2.1944817120466773,
  "best_validation_gen_loss": 8.50741069685153,
  "best_validation_loss": 8.50741069685153
}