{
  "best_epoch": 12,
  "peak_cpu_memory_MB": 5867.008,
  "peak_gpu_0_memory_MB": 13845,
  "peak_gpu_1_memory_MB": 13005,
  "peak_gpu_2_memory_MB": 13845,
  "peak_gpu_3_memory_MB": 21435,
  "training_duration": "0:11:07.124460",
  "training_start_epoch": 0,
  "training_epochs": 19,
  "epoch": 19,
  "training_accuracy": 0.8295165394402035,
  "training_disc_loss": 0.5460117375513073,
  "training_gen_loss": 5.416999368667603,
  "training_loss": 5.416999368667603,
  "training_cpu_memory_MB": 5867.008,
  "training_gpu_0_memory_MB": 13845,
  "training_gpu_1_memory_MB": 13005,
  "training_gpu_2_memory_MB": 13845,
  "training_gpu_3_memory_MB": 21435,
  "validation_accuracy": 0.3329938900203666,
  "validation_disc_loss": 14.730538484526843,
  "validation_gen_loss": 9.575901934771034,
  "validation_loss": 9.575901934771034,
  "best_validation_accuracy": 0.39613034623217924,
  "best_validation_disc_loss": 1.370139146481103,
  "best_validation_gen_loss": 7.698424757980719,
  "best_validation_loss": 7.698424757980719
}