{
  "best_epoch": 20,
  "peak_cpu_memory_MB": 5867.008,
  "peak_gpu_0_memory_MB": 13845,
  "peak_gpu_1_memory_MB": 13005,
  "peak_gpu_2_memory_MB": 13845,
  "peak_gpu_3_memory_MB": 21435,
  "training_duration": "0:13:26.260895",
  "training_start_epoch": 0,
  "training_epochs": 23,
  "epoch": 23,
  "training_accuracy": 0.5954198473282443,
  "training_disc_loss": 1.2075017154216767,
  "training_gen_loss": 5.445434999465943,
  "training_loss": 5.445434999465943,
  "training_cpu_memory_MB": 5867.008,
  "training_gpu_0_memory_MB": 13845,
  "training_gpu_1_memory_MB": 13005,
  "training_gpu_2_memory_MB": 13845,
  "training_gpu_3_memory_MB": 21435,
  "validation_accuracy": 0.36863543788187375,
  "validation_disc_loss": 1.8194435723428803,
  "validation_gen_loss": 8.714882947565094,
  "validation_loss": 8.714882947565094,
  "best_validation_accuracy": 0.41140529531568226,
  "best_validation_disc_loss": 2.1944817120466773,
  "best_validation_gen_loss": 8.50741069685153,
  "best_validation_loss": 8.50741069685153
}