{
  "best_epoch": 20,
  "peak_cpu_memory_MB": 5867.008,
  "peak_gpu_0_memory_MB": 13845,
  "peak_gpu_1_memory_MB": 13005,
  "peak_gpu_2_memory_MB": 13845,
  "peak_gpu_3_memory_MB": 21435,
  "training_duration": "0:15:07.006994",
  "training_start_epoch": 0,
  "training_epochs": 26,
  "epoch": 26,
  "training_accuracy": 0.9312977099236641,
  "training_disc_loss": 0.20029172263108194,
  "training_gen_loss": 5.276330118179321,
  "training_loss": 5.276330118179321,
  "training_cpu_memory_MB": 5867.008,
  "training_gpu_0_memory_MB": 13845,
  "training_gpu_1_memory_MB": 13005,
  "training_gpu_2_memory_MB": 13845,
  "training_gpu_3_memory_MB": 21435,
  "validation_accuracy": 0.3380855397148676,
  "validation_disc_loss": 10.588674227396647,
  "validation_gen_loss": 11.125502377021604,
  "validation_loss": 11.125502377021604,
  "best_validation_accuracy": 0.41140529531568226,
  "best_validation_disc_loss": 2.1944817120466773,
  "best_validation_gen_loss": 8.50741069685153,
  "best_validation_loss": 8.50741069685153
}