{
  "best_epoch": 12,
  "peak_cpu_memory_MB": 5867.008,
  "peak_gpu_0_memory_MB": 13845,
  "peak_gpu_1_memory_MB": 13005,
  "peak_gpu_2_memory_MB": 13845,
  "peak_gpu_3_memory_MB": 21435,
  "training_duration": "0:08:51.119221",
  "training_start_epoch": 0,
  "training_epochs": 15,
  "epoch": 15,
  "training_accuracy": 0.6997455470737913,
  "training_disc_loss": 0.8850035013258457,
  "training_gen_loss": 5.552767705917359,
  "training_loss": 5.552767705917359,
  "training_cpu_memory_MB": 5867.008,
  "training_gpu_0_memory_MB": 13845,
  "training_gpu_1_memory_MB": 13005,
  "training_gpu_2_memory_MB": 13845,
  "training_gpu_3_memory_MB": 21435,
  "validation_accuracy": 0.3727087576374745,
  "validation_disc_loss": 2.8390145219438443,
  "validation_gen_loss": 8.219909322940238,
  "validation_loss": 8.219909322940238,
  "best_validation_accuracy": 0.39613034623217924,
  "best_validation_disc_loss": 1.370139146481103,
  "best_validation_gen_loss": 7.698424757980719,
  "best_validation_loss": 7.698424757980719
}