{
  "best_epoch": 1,
  "peak_cpu_memory_MB": 5867.008,
  "peak_gpu_0_memory_MB": 13845,
  "peak_gpu_1_memory_MB": 13005,
  "peak_gpu_2_memory_MB": 13845,
  "peak_gpu_3_memory_MB": 21435,
  "training_duration": "0:05:19.316187",
  "training_start_epoch": 0,
  "training_epochs": 9,
  "epoch": 9,
  "training_accuracy": 0.41475826972010177,
  "training_disc_loss": 1.4894837033748627,
  "training_gen_loss": 5.723016424179077,
  "training_loss": 5.723016424179077,
  "training_cpu_memory_MB": 5867.008,
  "training_gpu_0_memory_MB": 13845,
  "training_gpu_1_memory_MB": 13005,
  "training_gpu_2_memory_MB": 13845,
  "training_gpu_3_memory_MB": 21435,
  "validation_accuracy": 0.3340122199592668,
  "validation_disc_loss": 2.58796486040441,
  "validation_gen_loss": 7.682631864780333,
  "validation_loss": 7.682631864780333,
  "best_validation_accuracy": 0.3594704684317719,
  "best_validation_disc_loss": 2.234615141298713,
  "best_validation_gen_loss": 6.940592529327889,
  "best_validation_loss": 6.940592529327889
}