{
  "best_epoch": 12,
  "peak_cpu_memory_MB": 5867.008,
  "peak_gpu_0_memory_MB": 13845,
  "peak_gpu_1_memory_MB": 13005,
  "peak_gpu_2_memory_MB": 13845,
  "peak_gpu_3_memory_MB": 21435,
  "training_duration": "0:07:04.507727",
  "training_start_epoch": 0,
  "training_epochs": 12,
  "epoch": 12,
  "training_accuracy": 0.549618320610687,
  "training_disc_loss": 1.2967378437519073,
  "training_gen_loss": 5.656494941711426,
  "training_loss": 5.656494941711426,
  "training_cpu_memory_MB": 5867.008,
  "training_gpu_0_memory_MB": 13845,
  "training_gpu_1_memory_MB": 13005,
  "training_gpu_2_memory_MB": 13845,
  "training_gpu_3_memory_MB": 21435,
  "validation_accuracy": 0.39613034623217924,
  "validation_disc_loss": 1.370139146481103,
  "validation_gen_loss": 7.698424757980719,
  "validation_loss": 7.698424757980719,
  "best_validation_accuracy": 0.39613034623217924,
  "best_validation_disc_loss": 1.370139146481103,
  "best_validation_gen_loss": 7.698424757980719,
  "best_validation_loss": 7.698424757980719
}