{
  "best_epoch": 0,
  "peak_cpu_memory_MB": 5867.008,
  "peak_gpu_0_memory_MB": 13845,
  "peak_gpu_1_memory_MB": 13005,
  "peak_gpu_2_memory_MB": 2617,
  "peak_gpu_3_memory_MB": 21435,
  "training_duration": "0:00:25.665329",
  "training_start_epoch": 0,
  "training_epochs": 0,
  "epoch": 0,
  "training_accuracy": 0.36895674300254455,
  "training_disc_loss": 8.25486068725586,
  "training_gen_loss": 9.265942420959473,
  "training_loss": 9.265942420959473,
  "training_cpu_memory_MB": 5867.008,
  "training_gpu_0_memory_MB": 13845,
  "training_gpu_1_memory_MB": 13005,
  "training_gpu_2_memory_MB": 2617,
  "training_gpu_3_memory_MB": 21435,
  "validation_accuracy": 0.3136456211812627,
  "validation_disc_loss": 3.3342941766831933,
  "validation_gen_loss": 7.271414400116215,
  "validation_loss": 7.271414400116215,
  "best_validation_accuracy": 0.3136456211812627,
  "best_validation_disc_loss": 3.3342941766831933,
  "best_validation_gen_loss": 7.271414400116215,
  "best_validation_loss": 7.271414400116215
}