{
  "best_epoch": 1,
  "peak_cpu_memory_MB": 5867.008,
  "peak_gpu_0_memory_MB": 13845,
  "peak_gpu_1_memory_MB": 13005,
  "peak_gpu_2_memory_MB": 13845,
  "peak_gpu_3_memory_MB": 21435,
  "training_duration": "0:04:12.341147",
  "training_start_epoch": 0,
  "training_epochs": 7,
  "epoch": 7,
  "training_accuracy": 0.3282442748091603,
  "training_disc_loss": 1.861273306310177,
  "training_gen_loss": 5.832404546737671,
  "training_loss": 5.832404546737671,
  "training_cpu_memory_MB": 5867.008,
  "training_gpu_0_memory_MB": 13845,
  "training_gpu_1_memory_MB": 13005,
  "training_gpu_2_memory_MB": 13845,
  "training_gpu_3_memory_MB": 21435,
  "validation_accuracy": 0.3340122199592668,
  "validation_disc_loss": 1.6178088508001187,
  "validation_gen_loss": 8.011081342774679,
  "validation_loss": 8.011081342774679,
  "best_validation_accuracy": 0.3594704684317719,
  "best_validation_disc_loss": 2.234615141298713,
  "best_validation_gen_loss": 6.940592529327889,
  "best_validation_loss": 6.940592529327889
}