{
  "best_epoch": 12,
  "peak_cpu_memory_MB": 5867.008,
  "peak_gpu_0_memory_MB": 13845,
  "peak_gpu_1_memory_MB": 13005,
  "peak_gpu_2_memory_MB": 13845,
  "peak_gpu_3_memory_MB": 21435,
  "training_duration": "0:07:43.164985",
  "training_start_epoch": 0,
  "training_epochs": 13,
  "epoch": 13,
  "training_accuracy": 0.5750636132315522,
  "training_disc_loss": 1.1911409729719162,
  "training_gen_loss": 5.6169051170349125,
  "training_loss": 5.6169051170349125,
  "training_cpu_memory_MB": 5867.008,
  "training_gpu_0_memory_MB": 13845,
  "training_gpu_1_memory_MB": 13005,
  "training_gpu_2_memory_MB": 13845,
  "training_gpu_3_memory_MB": 21435,
  "validation_accuracy": 0.3645621181262729,
  "validation_disc_loss": 3.197492820460622,
  "validation_gen_loss": 8.03026054738983,
  "validation_loss": 8.03026054738983,
  "best_validation_accuracy": 0.39613034623217924,
  "best_validation_disc_loss": 1.370139146481103,
  "best_validation_gen_loss": 7.698424757980719,
  "best_validation_loss": 7.698424757980719
}