{
  "best_epoch": 20,
  "peak_cpu_memory_MB": 5867.008,
  "peak_gpu_0_memory_MB": 13845,
  "peak_gpu_1_memory_MB": 13005,
  "peak_gpu_2_memory_MB": 13845,
  "peak_gpu_3_memory_MB": 21435,
  "training_duration": "0:15:40.642307",
  "training_start_epoch": 0,
  "training_epochs": 27,
  "epoch": 27,
  "training_accuracy": 0.9236641221374046,
  "training_disc_loss": 0.21591605708403222,
  "training_gen_loss": 5.2779863166809085,
  "training_loss": 5.2779863166809085,
  "training_cpu_memory_MB": 5867.008,
  "training_gpu_0_memory_MB": 13845,
  "training_gpu_1_memory_MB": 13005,
  "training_gpu_2_memory_MB": 13845,
  "training_gpu_3_memory_MB": 21435,
  "validation_accuracy": 0.37678207739307534,
  "validation_disc_loss": 3.8282912436539567,
  "validation_gen_loss": 10.037360796114294,
  "validation_loss": 10.037360796114294,
  "best_validation_accuracy": 0.41140529531568226,
  "best_validation_disc_loss": 2.1944817120466773,
  "best_validation_gen_loss": 8.50741069685153,
  "best_validation_loss": 8.50741069685153
}