{
  "best_epoch": 1,
  "peak_cpu_memory_MB": 5867.008,
  "peak_gpu_0_memory_MB": 13845,
  "peak_gpu_1_memory_MB": 13005,
  "peak_gpu_2_memory_MB": 13845,
  "peak_gpu_3_memory_MB": 21435,
  "training_duration": "0:04:45.431000",
  "training_start_epoch": 0,
  "training_epochs": 8,
  "epoch": 8,
  "training_accuracy": 0.37404580152671757,
  "training_disc_loss": 1.7285121971368789,
  "training_gen_loss": 5.775889120101929,
  "training_loss": 5.775889120101929,
  "training_cpu_memory_MB": 5867.008,
  "training_gpu_0_memory_MB": 13845,
  "training_gpu_1_memory_MB": 13005,
  "training_gpu_2_memory_MB": 13845,
  "training_gpu_3_memory_MB": 21435,
  "validation_accuracy": 0.3329938900203666,
  "validation_disc_loss": 5.773024764487414,
  "validation_gen_loss": 8.474051832183589,
  "validation_loss": 8.474051832183589,
  "best_validation_accuracy": 0.3594704684317719,
  "best_validation_disc_loss": 2.234615141298713,
  "best_validation_gen_loss": 6.940592529327889,
  "best_validation_loss": 6.940592529327889
}