{
  "best_epoch": 7,
  "peak_cpu_memory_MB": 5487.6,
  "peak_gpu_0_memory_MB": 12645,
  "peak_gpu_1_memory_MB": 21435,
  "peak_gpu_2_memory_MB": 0,
  "peak_gpu_3_memory_MB": 12821,
  "training_duration": "0:04:57.052146",
  "training_start_epoch": 0,
  "training_epochs": 7,
  "epoch": 7,
  "training_accuracy": 0.9949109414758269,
  "training_loss": 0.05008822249678465,
  "training_cpu_memory_MB": 5487.6,
  "training_gpu_0_memory_MB": 12645,
  "training_gpu_1_memory_MB": 21435,
  "training_gpu_2_memory_MB": 0,
  "training_gpu_3_memory_MB": 12821,
  "validation_accuracy": 0.7126846663270504,
  "validation_loss": 0.987394423554697,
  "best_validation_accuracy": 0.7126846663270504,
  "best_validation_loss": 0.987394423554697
}