{
  "best_epoch": 4,
  "peak_cpu_memory_MB": 5487.6,
  "peak_gpu_0_memory_MB": 12645,
  "peak_gpu_1_memory_MB": 21435,
  "peak_gpu_2_memory_MB": 0,
  "peak_gpu_3_memory_MB": 12821,
  "training_duration": "0:02:58.940005",
  "training_start_epoch": 0,
  "training_epochs": 4,
  "epoch": 4,
  "training_accuracy": 0.8549618320610687,
  "training_loss": 0.45960458425375134,
  "training_cpu_memory_MB": 5487.6,
  "training_gpu_0_memory_MB": 12645,
  "training_gpu_1_memory_MB": 21435,
  "training_gpu_2_memory_MB": 0,
  "training_gpu_3_memory_MB": 12821,
  "validation_accuracy": 0.6503311258278146,
  "validation_loss": 0.8701599164583784,
  "best_validation_accuracy": 0.6503311258278146,
  "best_validation_loss": 0.8701599164583784
}