{
  "best_epoch": 10,
  "peak_cpu_memory_MB": 5487.6,
  "peak_gpu_0_memory_MB": 12645,
  "peak_gpu_1_memory_MB": 21435,
  "peak_gpu_2_memory_MB": 0,
  "peak_gpu_3_memory_MB": 12821,
  "training_duration": "0:06:52.433659",
  "training_start_epoch": 0,
  "training_epochs": 10,
  "epoch": 10,
  "training_accuracy": 0.9974554707379135,
  "training_loss": 0.01836399519099639,
  "training_cpu_memory_MB": 5487.6,
  "training_gpu_0_memory_MB": 12645,
  "training_gpu_1_memory_MB": 21435,
  "training_gpu_2_memory_MB": 0,
  "training_gpu_3_memory_MB": 12821,
  "validation_accuracy": 0.7196128374936321,
  "validation_loss": 1.1221764195431327,
  "best_validation_accuracy": 0.7196128374936321,
  "best_validation_loss": 1.1221764195431327
}