{
  "best_epoch": 2,
  "peak_cpu_memory_MB": 5487.6,
  "peak_gpu_0_memory_MB": 12645,
  "peak_gpu_1_memory_MB": 21435,
  "peak_gpu_2_memory_MB": 0,
  "peak_gpu_3_memory_MB": 12821,
  "training_duration": "0:02:23.625754",
  "training_start_epoch": 0,
  "training_epochs": 3,
  "epoch": 3,
  "training_accuracy": 0.648854961832061,
  "training_loss": 0.7564737384135907,
  "training_cpu_memory_MB": 5487.6,
  "training_gpu_0_memory_MB": 12645,
  "training_gpu_1_memory_MB": 21435,
  "training_gpu_2_memory_MB": 0,
  "training_gpu_3_memory_MB": 12821,
  "validation_accuracy": 0.497809475292919,
  "validation_loss": 1.0688193376367177,
  "best_validation_accuracy": 0.5302088639836984,
  "best_validation_loss": 1.0951788173048038
}