{
  "best_epoch": 0,
  "peak_cpu_memory_MB": 5867.368,
  "peak_gpu_0_memory_MB": 2617,
  "peak_gpu_1_memory_MB": 12,
  "peak_gpu_2_memory_MB": 14583,
  "peak_gpu_3_memory_MB": 12,
  "training_duration": "0:00:25.159314",
  "training_start_epoch": 0,
  "training_epochs": 0,
  "epoch": 0,
  "training_accuracy": 0.361323155216285,
  "training_disc_loss": 8.887038890123367,
  "training_gen_loss": 9.45558554649353,
  "training_loss": 9.313448820114136,
  "training_cpu_memory_MB": 5867.368,
  "training_gpu_0_memory_MB": 2617,
  "training_gpu_1_memory_MB": 12,
  "training_gpu_2_memory_MB": 14583,
  "training_gpu_3_memory_MB": 12,
  "validation_accuracy": 0.3391038696537678,
  "validation_disc_loss": 8.034781455993652,
  "validation_gen_loss": 7.82549380868431,
  "validation_loss": 7.877815704035565,
  "best_validation_accuracy": 0.3391038696537678,
  "best_validation_disc_loss": 8.034781455993652,
  "best_validation_gen_loss": 7.82549380868431,
  "best_validation_loss": 7.877815704035565
}