{
  "best_epoch": 1,
  "peak_cpu_memory_MB": 5867.368,
  "peak_gpu_0_memory_MB": 14587,
  "peak_gpu_1_memory_MB": 12,
  "peak_gpu_2_memory_MB": 14583,
  "peak_gpu_3_memory_MB": 12,
  "training_duration": "0:00:56.844556",
  "training_start_epoch": 0,
  "training_epochs": 1,
  "epoch": 1,
  "training_accuracy": 0.3155216284987277,
  "training_disc_loss": 2.977547781467438,
  "training_gen_loss": 6.863148803710938,
  "training_loss": 5.891748571395874,
  "training_cpu_memory_MB": 5867.368,
  "training_gpu_0_memory_MB": 14587,
  "training_gpu_1_memory_MB": 12,
  "training_gpu_2_memory_MB": 14583,
  "training_gpu_3_memory_MB": 12,
  "validation_accuracy": 0.34419551934826886,
  "validation_disc_loss": 1.332196398963773,
  "validation_gen_loss": 6.918083811193947,
  "validation_loss": 5.52161196189198,
  "best_validation_accuracy": 0.34419551934826886,
  "best_validation_disc_loss": 1.332196398963773,
  "best_validation_gen_loss": 6.918083811193947,
  "best_validation_loss": 5.52161196189198
}