{
  "best_epoch": 1,
  "peak_cpu_memory_MB": 5867.368,
  "peak_gpu_0_memory_MB": 14587,
  "peak_gpu_1_memory_MB": 12,
  "peak_gpu_2_memory_MB": 14583,
  "peak_gpu_3_memory_MB": 12,
  "training_duration": "0:01:31.799392",
  "training_start_epoch": 0,
  "training_epochs": 2,
  "epoch": 2,
  "training_accuracy": 0.3460559796437659,
  "training_disc_loss": 2.277500239610672,
  "training_gen_loss": 6.536262378692627,
  "training_loss": 5.471571846008301,
  "training_cpu_memory_MB": 5867.368,
  "training_gpu_0_memory_MB": 14587,
  "training_gpu_1_memory_MB": 12,
  "training_gpu_2_memory_MB": 14583,
  "training_gpu_3_memory_MB": 12,
  "validation_accuracy": 0.3421588594704684,
  "validation_disc_loss": 1.2677437047648237,
  "validation_gen_loss": 6.872022551249683,
  "validation_loss": 5.470952828725179,
  "best_validation_accuracy": 0.34419551934826886,
  "best_validation_disc_loss": 1.332196398963773,
  "best_validation_gen_loss": 6.918083811193947,
  "best_validation_loss": 5.52161196189198
}