{
  "best_epoch": 0,
  "peak_cpu_memory_MB": 9148.472,
  "peak_gpu_0_memory_MB": 2433,
  "peak_gpu_1_memory_MB": 10556,
  "training_duration": "1:25:38.904055",
  "training_start_epoch": 0,
  "training_epochs": 0,
  "epoch": 0,
  "training_accuracy": 0.847869376779339,
  "training_loss": 0.38356560285171587,
  "training_cpu_memory_MB": 9148.472,
  "training_gpu_0_memory_MB": 2433,
  "training_gpu_1_memory_MB": 10556,
  "validation_accuracy": 0.9053489556800816,
  "validation_loss": 0.2644650836381151,
  "best_validation_accuracy": 0.9053489556800816,
  "best_validation_loss": 0.2644650836381151
}