{
  "best_epoch": 7,
  "peak_cpu_memory_MB": 5867.14,
  "peak_gpu_0_memory_MB": 21435,
  "peak_gpu_1_memory_MB": 20139,
  "peak_gpu_2_memory_MB": 20139,
  "peak_gpu_3_memory_MB": 20139,
  "training_duration": "0:04:35.617539",
  "training_start_epoch": 0,
  "training_epochs": 9,
  "epoch": 9,
  "training_accuracy": 0.39185750636132316,
  "training_disc_loss": 2.035505146980286,
  "training_gen_loss": 7.062415466308594,
  "training_loss": 4.558416843414307,
  "training_cpu_memory_MB": 5867.14,
  "training_gpu_0_memory_MB": 21435,
  "training_gpu_1_memory_MB": 20139,
  "training_gpu_2_memory_MB": 20139,
  "training_gpu_3_memory_MB": 20139,
  "validation_accuracy": 0.335030549898167,
  "validation_disc_loss": 6.60017378099503,
  "validation_gen_loss": 8.035488620881111,
  "validation_loss": 7.318359298090781,
  "best_validation_accuracy": 0.33706720977596744,
  "best_validation_disc_loss": 7.012281210191788,
  "best_validation_gen_loss": 8.107208982590706,
  "best_validation_loss": 7.560347864704747
}