{
  "best_epoch": 7,
  "peak_cpu_memory_MB": 5867.14,
  "peak_gpu_0_memory_MB": 21435,
  "peak_gpu_1_memory_MB": 20139,
  "peak_gpu_2_memory_MB": 20139,
  "peak_gpu_3_memory_MB": 20139,
  "training_duration": "0:04:08.871121",
  "training_start_epoch": 0,
  "training_epochs": 8,
  "epoch": 8,
  "training_accuracy": 0.4020356234096692,
  "training_disc_loss": 2.037417802810669,
  "training_gen_loss": 7.058739452362061,
  "training_loss": 4.55636112506573,
  "training_cpu_memory_MB": 5867.14,
  "training_gpu_0_memory_MB": 21435,
  "training_gpu_1_memory_MB": 20139,
  "training_gpu_2_memory_MB": 20139,
  "training_gpu_3_memory_MB": 20139,
  "validation_accuracy": 0.329938900203666,
  "validation_disc_loss": 6.628622604954627,
  "validation_gen_loss": 8.039179940377512,
  "validation_loss": 7.334401007621519,
  "best_validation_accuracy": 0.33706720977596744,
  "best_validation_disc_loss": 7.012281210191788,
  "best_validation_gen_loss": 8.107208982590706,
  "best_validation_loss": 7.560347864704747
}