{
  "best_epoch": 1,
  "peak_cpu_memory_MB": 5494.684,
  "peak_gpu_0_memory_MB": 12677,
  "peak_gpu_1_memory_MB": 21435,
  "peak_gpu_2_memory_MB": 0,
  "peak_gpu_3_memory_MB": 13013,
  "training_duration": "0:02:52.236481",
  "training_start_epoch": 0,
  "training_epochs": 4,
  "epoch": 4,
  "training_accuracy": 0.4681933842239186,
  "training_loss": 1.0865408640641432,
  "training_cpu_memory_MB": 5494.684,
  "training_gpu_0_memory_MB": 12677,
  "training_gpu_1_memory_MB": 21435,
  "training_gpu_2_memory_MB": 0,
  "training_gpu_3_memory_MB": 13013,
  "validation_accuracy": 0.34253693326541007,
  "validation_loss": 1.108310580253601,
  "best_validation_accuracy": 0.34620478858889453,
  "best_validation_loss": 1.0999152586592136
}