{
  "best_epoch": 1,
  "peak_cpu_memory_MB": 5492.036,
  "peak_gpu_0_memory_MB": 12553,
  "peak_gpu_1_memory_MB": 21435,
  "peak_gpu_2_memory_MB": 0,
  "peak_gpu_3_memory_MB": 12821,
  "training_duration": "0:01:44.474619",
  "training_start_epoch": 0,
  "training_epochs": 2,
  "epoch": 2,
  "training_accuracy": 0.3893129770992366,
  "training_loss": 1.105295832340534,
  "training_cpu_memory_MB": 5492.036,
  "training_gpu_0_memory_MB": 12553,
  "training_gpu_1_memory_MB": 21435,
  "training_gpu_2_memory_MB": 0,
  "training_gpu_3_memory_MB": 12821,
  "validation_accuracy": 0.3307182883341824,
  "validation_loss": 1.1228443510369293,
  "best_validation_accuracy": 0.34549159449821704,
  "best_validation_loss": 1.1079662863517041
}