{
  "best_epoch": 12,
  "peak_cpu_memory_MB": 5492.036,
  "peak_gpu_0_memory_MB": 12553,
  "peak_gpu_1_memory_MB": 21435,
  "peak_gpu_2_memory_MB": 0,
  "peak_gpu_3_memory_MB": 12821,
  "training_duration": "0:08:19.711936",
  "training_start_epoch": 0,
  "training_epochs": 12,
  "epoch": 12,
  "training_accuracy": 0.9134860050890585,
  "training_loss": 0.33988388226582456,
  "training_cpu_memory_MB": 5492.036,
  "training_gpu_0_memory_MB": 12553,
  "training_gpu_1_memory_MB": 21435,
  "training_gpu_2_memory_MB": 0,
  "training_gpu_3_memory_MB": 12821,
  "validation_accuracy": 0.5888945491594498,
  "validation_loss": 0.9753172334514145,
  "best_validation_accuracy": 0.5888945491594498,
  "best_validation_loss": 0.9753172334514145
}