{
  "best_epoch": 5,
  "peak_cpu_memory_MB": 5492.036,
  "peak_gpu_0_memory_MB": 12553,
  "peak_gpu_1_memory_MB": 21435,
  "peak_gpu_2_memory_MB": 0,
  "peak_gpu_3_memory_MB": 12821,
  "training_duration": "0:03:37.575276",
  "training_start_epoch": 0,
  "training_epochs": 5,
  "epoch": 5,
  "training_accuracy": 0.5750636132315522,
  "training_loss": 0.9561823514791635,
  "training_cpu_memory_MB": 5492.036,
  "training_gpu_0_memory_MB": 12553,
  "training_gpu_1_memory_MB": 21435,
  "training_gpu_2_memory_MB": 0,
  "training_gpu_3_memory_MB": 12821,
  "validation_accuracy": 0.4388181355068772,
  "validation_loss": 1.086463990933732,
  "best_validation_accuracy": 0.4388181355068772,
  "best_validation_loss": 1.086463990933732
}