{
  "best_epoch": 6,
  "peak_cpu_memory_MB": 5492.036,
  "peak_gpu_0_memory_MB": 12553,
  "peak_gpu_1_memory_MB": 21435,
  "peak_gpu_2_memory_MB": 0,
  "peak_gpu_3_memory_MB": 12821,
  "training_duration": "0:04:17.040267",
  "training_start_epoch": 0,
  "training_epochs": 6,
  "epoch": 6,
  "training_accuracy": 0.6564885496183206,
  "training_loss": 0.8356399673681992,
  "training_cpu_memory_MB": 5492.036,
  "training_gpu_0_memory_MB": 12553,
  "training_gpu_1_memory_MB": 21435,
  "training_gpu_2_memory_MB": 0,
  "training_gpu_3_memory_MB": 12821,
  "validation_accuracy": 0.4791645440652063,
  "validation_loss": 1.0722497983165207,
  "best_validation_accuracy": 0.4791645440652063,
  "best_validation_loss": 1.0722497983165207
}