{
  "best_epoch": 3,
  "peak_cpu_memory_MB": 5492.036,
  "peak_gpu_0_memory_MB": 12553,
  "peak_gpu_1_memory_MB": 21435,
  "peak_gpu_2_memory_MB": 0,
  "peak_gpu_3_memory_MB": 12821,
  "training_duration": "0:02:19.361138",
  "training_start_epoch": 0,
  "training_epochs": 3,
  "epoch": 3,
  "training_accuracy": 0.3944020356234097,
  "training_loss": 1.0855125188827515,
  "training_cpu_memory_MB": 5492.036,
  "training_gpu_0_memory_MB": 12553,
  "training_gpu_1_memory_MB": 21435,
  "training_gpu_2_memory_MB": 0,
  "training_gpu_3_memory_MB": 12821,
  "validation_accuracy": 0.3643402954661233,
  "validation_loss": 1.1080823183447996,
  "best_validation_accuracy": 0.3643402954661233,
  "best_validation_loss": 1.1080823183447996
}