{
  "best_epoch": 1,
  "peak_cpu_memory_MB": 5867.14,
  "peak_gpu_0_memory_MB": 21435,
  "peak_gpu_1_memory_MB": 20139,
  "peak_gpu_2_memory_MB": 20139,
  "peak_gpu_3_memory_MB": 20139,
  "training_duration": "0:01:46.437895",
  "training_start_epoch": 0,
  "training_epochs": 3,
  "epoch": 3,
  "training_accuracy": 0.361323155216285,
  "training_disc_loss": 2.9004377794265745,
  "training_gen_loss": 8.08947519302368,
  "training_loss": 5.496636390686035,
  "training_cpu_memory_MB": 5867.14,
  "training_gpu_0_memory_MB": 21435,
  "training_gpu_1_memory_MB": 20139,
  "training_gpu_2_memory_MB": 20139,
  "training_gpu_3_memory_MB": 20139,
  "validation_accuracy": 0.335030549898167,
  "validation_disc_loss": 19.529726920589322,
  "validation_gen_loss": 11.126797752995644,
  "validation_loss": 15.324223826008458,
  "best_validation_accuracy": 0.335030549898167,
  "best_validation_disc_loss": 20.25877934117471,
  "best_validation_gen_loss": 14.536672192235146,
  "best_validation_loss": 17.412801034988895
}