{
  "best_epoch": 0,
  "peak_cpu_memory_MB": 5867.14,
  "peak_gpu_0_memory_MB": 2617,
  "peak_gpu_1_memory_MB": 20139,
  "peak_gpu_2_memory_MB": 20139,
  "peak_gpu_3_memory_MB": 20139,
  "training_duration": "0:00:21.409708",
  "training_start_epoch": 0,
  "training_epochs": 0,
  "epoch": 0,
  "training_accuracy": 0.3969465648854962,
  "training_disc_loss": 13.251907968521119,
  "training_gen_loss": 12.90659454345703,
  "training_loss": 12.890619277954102,
  "training_cpu_memory_MB": 5867.14,
  "training_gpu_0_memory_MB": 2617,
  "training_gpu_1_memory_MB": 20139,
  "training_gpu_2_memory_MB": 20139,
  "training_gpu_3_memory_MB": 20139,
  "validation_accuracy": 0.3228105906313646,
  "validation_disc_loss": 21.116566934893207,
  "validation_gen_loss": 14.995109742687594,
  "validation_loss": 18.05106633709323,
  "best_validation_accuracy": 0.3228105906313646,
  "best_validation_disc_loss": 21.116566934893207,
  "best_validation_gen_loss": 14.995109742687594,
  "best_validation_loss": 18.05106633709323
}