{
  "best_epoch": 4,
  "peak_cpu_memory_MB": 5867.14,
  "peak_gpu_0_memory_MB": 21435,
  "peak_gpu_1_memory_MB": 20139,
  "peak_gpu_2_memory_MB": 20139,
  "peak_gpu_3_memory_MB": 20139,
  "training_duration": "0:02:44.013971",
  "training_start_epoch": 0,
  "training_epochs": 5,
  "epoch": 5,
  "training_accuracy": 0.3638676844783715,
  "training_disc_loss": 2.290386939048767,
  "training_gen_loss": 7.33030071258545,
  "training_loss": 4.79985053722675,
  "training_cpu_memory_MB": 5867.14,
  "training_gpu_0_memory_MB": 21435,
  "training_gpu_1_memory_MB": 20139,
  "training_gpu_2_memory_MB": 20139,
  "training_gpu_3_memory_MB": 20139,
  "validation_accuracy": 0.335030549898167,
  "validation_disc_loss": 9.1722609766068,
  "validation_gen_loss": 8.386574029922485,
  "validation_loss": 8.778332156519737,
  "best_validation_accuracy": 0.3360488798370672,
  "best_validation_disc_loss": 13.452087110088717,
  "best_validation_gen_loss": 9.011444722452472,
  "best_validation_loss": 11.229981268605878
}