{
  "best_epoch": 1,
  "peak_cpu_memory_MB": 5501.148,
  "peak_gpu_0_memory_MB": 12713,
  "peak_gpu_1_memory_MB": 21435,
  "peak_gpu_2_memory_MB": 0,
  "peak_gpu_3_memory_MB": 12805,
  "training_duration": "0:01:04.438102",
  "training_start_epoch": 0,
  "training_epochs": 1,
  "epoch": 1,
  "training_accuracy": 0.366412213740458,
  "training_loss": 1.1568903877184942,
  "training_cpu_memory_MB": 5501.148,
  "training_gpu_0_memory_MB": 12713,
  "training_gpu_1_memory_MB": 21435,
  "training_gpu_2_memory_MB": 0,
  "training_gpu_3_memory_MB": 12805,
  "validation_accuracy": 0.3544574630667346,
  "validation_loss": 1.1175110784726345,
  "best_validation_accuracy": 0.3544574630667346,
  "best_validation_loss": 1.1175110784726345
}