{
  "best_epoch": 3,
  "peak_cpu_memory_MB": 5501.148,
  "peak_gpu_0_memory_MB": 12713,
  "peak_gpu_1_memory_MB": 21435,
  "peak_gpu_2_memory_MB": 0,
  "peak_gpu_3_memory_MB": 12805,
  "training_duration": "0:02:21.318634",
  "training_start_epoch": 0,
  "training_epochs": 3,
  "epoch": 3,
  "training_accuracy": 0.33587786259541985,
  "training_loss": 1.1716409921646118,
  "training_cpu_memory_MB": 5501.148,
  "training_gpu_0_memory_MB": 12677,
  "training_gpu_1_memory_MB": 21435,
  "training_gpu_2_memory_MB": 0,
  "training_gpu_3_memory_MB": 12805,
  "validation_accuracy": 0.3631176770249618,
  "validation_loss": 1.138692160965177,
  "best_validation_accuracy": 0.3631176770249618,
  "best_validation_loss": 1.138692160965177
}