{
  "best_epoch": 4,
  "peak_cpu_memory_MB": 5501.148,
  "peak_gpu_0_memory_MB": 12713,
  "peak_gpu_1_memory_MB": 21435,
  "peak_gpu_2_memory_MB": 0,
  "peak_gpu_3_memory_MB": 12805,
  "training_duration": "0:02:58.974241",
  "training_start_epoch": 0,
  "training_epochs": 4,
  "epoch": 4,
  "training_accuracy": 0.4529262086513995,
  "training_loss": 1.1136754934604352,
  "training_cpu_memory_MB": 5501.148,
  "training_gpu_0_memory_MB": 12677,
  "training_gpu_1_memory_MB": 21435,
  "training_gpu_2_memory_MB": 0,
  "training_gpu_3_memory_MB": 12805,
  "validation_accuracy": 0.376158940397351,
  "validation_loss": 1.097931744997975,
  "best_validation_accuracy": 0.376158940397351,
  "best_validation_loss": 1.097931744997975
}