{
  "best_epoch": 6,
  "peak_cpu_memory_MB": 5501.148,
  "peak_gpu_0_memory_MB": 12713,
  "peak_gpu_1_memory_MB": 21435,
  "peak_gpu_2_memory_MB": 0,
  "peak_gpu_3_memory_MB": 12805,
  "training_duration": "0:04:15.458831",
  "training_start_epoch": 0,
  "training_epochs": 6,
  "epoch": 6,
  "training_accuracy": 0.5597964376590331,
  "training_loss": 0.9375137182382437,
  "training_cpu_memory_MB": 5501.148,
  "training_gpu_0_memory_MB": 12677,
  "training_gpu_1_memory_MB": 21435,
  "training_gpu_2_memory_MB": 0,
  "training_gpu_3_memory_MB": 12805,
  "validation_accuracy": 0.4246561385634233,
  "validation_loss": 1.1243531140908356,
  "best_validation_accuracy": 0.4246561385634233,
  "best_validation_loss": 1.1243531140908356
}