{
  "best_epoch": 13,
  "peak_cpu_memory_MB": 5501.148,
  "peak_gpu_0_memory_MB": 12713,
  "peak_gpu_1_memory_MB": 21435,
  "peak_gpu_2_memory_MB": 0,
  "peak_gpu_3_memory_MB": 12805,
  "training_duration": "0:08:39.965002",
  "training_start_epoch": 0,
  "training_epochs": 13,
  "epoch": 13,
  "training_accuracy": 0.9465648854961832,
  "training_loss": 0.24134462613325852,
  "training_cpu_memory_MB": 5501.148,
  "training_gpu_0_memory_MB": 12677,
  "training_gpu_1_memory_MB": 21435,
  "training_gpu_2_memory_MB": 0,
  "training_gpu_3_memory_MB": 12805,
  "validation_accuracy": 0.6355578196637799,
  "validation_loss": 0.8701440225012528,
  "best_validation_accuracy": 0.6355578196637799,
  "best_validation_loss": 0.8701440225012528
}