{
  "best_epoch": 7,
  "peak_cpu_memory_MB": 5501.148,
  "peak_gpu_0_memory_MB": 12713,
  "peak_gpu_1_memory_MB": 21435,
  "peak_gpu_2_memory_MB": 0,
  "peak_gpu_3_memory_MB": 12805,
  "training_duration": "0:04:54.123673",
  "training_start_epoch": 0,
  "training_epochs": 7,
  "epoch": 7,
  "training_accuracy": 0.7455470737913485,
  "training_loss": 0.7125112139261686,
  "training_cpu_memory_MB": 5501.148,
  "training_gpu_0_memory_MB": 12677,
  "training_gpu_1_memory_MB": 21435,
  "training_gpu_2_memory_MB": 0,
  "training_gpu_3_memory_MB": 12805,
  "validation_accuracy": 0.5237901171676006,
  "validation_loss": 0.9967185472432487,
  "best_validation_accuracy": 0.5237901171676006,
  "best_validation_loss": 0.9967185472432487
}