{
  "best_epoch": 10,
  "peak_cpu_memory_MB": 5865.856,
  "peak_gpu_0_memory_MB": 21435,
  "peak_gpu_1_memory_MB": 20139,
  "peak_gpu_2_memory_MB": 20139,
  "peak_gpu_3_memory_MB": 20139,
  "training_duration": "0:06:02.847991",
  "training_start_epoch": 0,
  "training_epochs": 12,
  "epoch": 12,
  "training_accuracy": 0.5165394402035624,
  "training_disc_loss": 1.1989613246917725,
  "training_gen_loss": 7.247107887268067,
  "training_loss": 2.4024947606600247,
  "training_cpu_memory_MB": 5865.856,
  "training_gpu_0_memory_MB": 21435,
  "training_gpu_1_memory_MB": 20139,
  "training_gpu_2_memory_MB": 20139,
  "training_gpu_3_memory_MB": 20139,
  "validation_accuracy": 0.34521384928716903,
  "validation_disc_loss": 1.8411705224744734,
  "validation_gen_loss": 7.46860239582677,
  "validation_loss": 2.9713543307396675,
  "best_validation_accuracy": 0.36761710794297353,
  "best_validation_disc_loss": 1.878849305452839,
  "best_validation_gen_loss": 7.836840121976791,
  "best_validation_loss": 3.0785746343674196
}