{
  "best_epoch": 10,
  "peak_cpu_memory_MB": 5865.856,
  "peak_gpu_0_memory_MB": 21435,
  "peak_gpu_1_memory_MB": 20139,
  "peak_gpu_2_memory_MB": 20139,
  "peak_gpu_3_memory_MB": 20139,
  "training_duration": "0:08:42.548137",
  "training_start_epoch": 0,
  "training_epochs": 18,
  "epoch": 18,
  "training_accuracy": 0.5699745547073791,
  "training_disc_loss": 0.9413285326957702,
  "training_gen_loss": 6.937291812896729,
  "training_loss": 2.1258969765443068,
  "training_cpu_memory_MB": 5865.856,
  "training_gpu_0_memory_MB": 21435,
  "training_gpu_1_memory_MB": 20139,
  "training_gpu_2_memory_MB": 20139,
  "training_gpu_3_memory_MB": 20139,
  "validation_accuracy": 0.3340122199592668,
  "validation_disc_loss": 1.7976358504064622,
  "validation_gen_loss": 7.25250082631265,
  "validation_loss": 2.8921234300059657,
  "best_validation_accuracy": 0.36761710794297353,
  "best_validation_disc_loss": 1.878849305452839,
  "best_validation_gen_loss": 7.836840121976791,
  "best_validation_loss": 3.0785746343674196
}