{
  "best_epoch": 21,
  "peak_cpu_memory_MB": 5865.856,
  "peak_gpu_0_memory_MB": 21435,
  "peak_gpu_1_memory_MB": 20139,
  "peak_gpu_2_memory_MB": 20139,
  "peak_gpu_3_memory_MB": 20139,
  "training_duration": "0:12:19.864714",
  "training_start_epoch": 0,
  "training_epochs": 26,
  "epoch": 26,
  "training_accuracy": 0.638676844783715,
  "training_disc_loss": 0.8055238103866578,
  "training_gen_loss": 6.8155975341796875,
  "training_loss": 2.0092729880259586,
  "training_cpu_memory_MB": 5865.856,
  "training_gpu_0_memory_MB": 21435,
  "training_gpu_1_memory_MB": 20139,
  "training_gpu_2_memory_MB": 20139,
  "training_gpu_3_memory_MB": 20139,
  "validation_accuracy": 0.37067209775967414,
  "validation_disc_loss": 1.814857166620993,
  "validation_gen_loss": 7.190845181865077,
  "validation_loss": 2.894952466410975,
  "best_validation_accuracy": 0.37474541751527496,
  "best_validation_disc_loss": 1.8148681473347448,
  "best_validation_gen_loss": 7.288811360636065,
  "best_validation_loss": 2.914190976850448
}