{
  "best_epoch": 8,
  "peak_cpu_memory_MB": 5867.344,
  "peak_gpu_0_memory_MB": 13847,
  "peak_gpu_1_memory_MB": 13845,
  "peak_gpu_2_memory_MB": 13845,
  "peak_gpu_3_memory_MB": 21435,
  "training_duration": "0:08:45.072121",
  "training_start_epoch": 0,
  "training_epochs": 16,
  "epoch": 16,
  "training_accuracy": 0.6157760814249363,
  "training_disc_loss": 0.9545452490448951,
  "training_gen_loss": 5.515152654647827,
  "training_loss": 5.515152654647827,
  "training_cpu_memory_MB": 5867.344,
  "training_gpu_0_memory_MB": 13847,
  "training_gpu_1_memory_MB": 13845,
  "training_gpu_2_memory_MB": 13845,
  "training_gpu_3_memory_MB": 21435,
  "validation_accuracy": 0.3574338085539715,
  "validation_disc_loss": 1.6497159997622173,
  "validation_gen_loss": 7.754279349877582,
  "validation_loss": 7.754279349877582,
  "best_validation_accuracy": 0.38391038696537677,
  "best_validation_disc_loss": 1.1929277545068322,
  "best_validation_gen_loss": 8.06438030072344,
  "best_validation_loss": 8.06438030072344
}