{
  "best_epoch": 2,
  "peak_cpu_memory_MB": 5867.344,
  "peak_gpu_0_memory_MB": 13847,
  "peak_gpu_1_memory_MB": 13845,
  "peak_gpu_2_memory_MB": 13845,
  "peak_gpu_3_memory_MB": 21435,
  "training_duration": "0:02:31.879114",
  "training_start_epoch": 0,
  "training_epochs": 4,
  "epoch": 4,
  "training_accuracy": 0.35877862595419846,
  "training_disc_loss": 1.6945981884002685,
  "training_gen_loss": 5.886529750823975,
  "training_loss": 5.886529750823975,
  "training_cpu_memory_MB": 5867.344,
  "training_gpu_0_memory_MB": 13847,
  "training_gpu_1_memory_MB": 13845,
  "training_gpu_2_memory_MB": 13591,
  "training_gpu_3_memory_MB": 21435,
  "validation_accuracy": 0.3615071283095723,
  "validation_disc_loss": 1.1685542648400717,
  "validation_gen_loss": 7.413207635646913,
  "validation_loss": 7.413207635646913,
  "best_validation_accuracy": 0.36761710794297353,
  "best_validation_disc_loss": 1.116109614449788,
  "best_validation_gen_loss": 7.105374169543507,
  "best_validation_loss": 7.105374169543507
}