{
  "best_epoch": 8,
  "peak_cpu_memory_MB": 5867.344,
  "peak_gpu_0_memory_MB": 13847,
  "peak_gpu_1_memory_MB": 13845,
  "peak_gpu_2_memory_MB": 13845,
  "peak_gpu_3_memory_MB": 21435,
  "training_duration": "0:04:35.448320",
  "training_start_epoch": 0,
  "training_epochs": 8,
  "epoch": 8,
  "training_accuracy": 0.43765903307888043,
  "training_disc_loss": 1.5722578942775727,
  "training_gen_loss": 5.699150705337525,
  "training_loss": 5.699150705337525,
  "training_cpu_memory_MB": 5867.344,
  "training_gpu_0_memory_MB": 13847,
  "training_gpu_1_memory_MB": 13845,
  "training_gpu_2_memory_MB": 13845,
  "training_gpu_3_memory_MB": 21435,
  "validation_accuracy": 0.38391038696537677,
  "validation_disc_loss": 1.1929277545068322,
  "validation_gen_loss": 8.06438030072344,
  "validation_loss": 8.06438030072344,
  "best_validation_accuracy": 0.38391038696537677,
  "best_validation_disc_loss": 1.1929277545068322,
  "best_validation_gen_loss": 8.06438030072344,
  "best_validation_loss": 8.06438030072344
}