{
  "best_epoch": 8,
  "peak_cpu_memory_MB": 5867.344,
  "peak_gpu_0_memory_MB": 13847,
  "peak_gpu_1_memory_MB": 13845,
  "peak_gpu_2_memory_MB": 13845,
  "peak_gpu_3_memory_MB": 21435,
  "training_duration": "0:06:12.800799",
  "training_start_epoch": 0,
  "training_epochs": 11,
  "epoch": 11,
  "training_accuracy": 0.5318066157760815,
  "training_disc_loss": 1.2339853352308274,
  "training_gen_loss": 5.629283714294433,
  "training_loss": 5.629283714294433,
  "training_cpu_memory_MB": 5867.344,
  "training_gpu_0_memory_MB": 13847,
  "training_gpu_1_memory_MB": 13845,
  "training_gpu_2_memory_MB": 13845,
  "training_gpu_3_memory_MB": 21435,
  "validation_accuracy": 0.3543788187372709,
  "validation_disc_loss": 1.5767607427224881,
  "validation_gen_loss": 7.691136201222737,
  "validation_loss": 7.691136201222737,
  "best_validation_accuracy": 0.38391038696537677,
  "best_validation_disc_loss": 1.1929277545068322,
  "best_validation_gen_loss": 8.06438030072344,
  "best_validation_loss": 8.06438030072344
}