{
  "best_epoch": 2,
  "peak_cpu_memory_MB": 5867.344,
  "peak_gpu_0_memory_MB": 13847,
  "peak_gpu_1_memory_MB": 13845,
  "peak_gpu_2_memory_MB": 13845,
  "peak_gpu_3_memory_MB": 21435,
  "training_duration": "0:03:02.988760",
  "training_start_epoch": 0,
  "training_epochs": 5,
  "epoch": 5,
  "training_accuracy": 0.3816793893129771,
  "training_disc_loss": 1.7096365278959273,
  "training_gen_loss": 5.8769870853424075,
  "training_loss": 5.8769870853424075,
  "training_cpu_memory_MB": 5867.344,
  "training_gpu_0_memory_MB": 13847,
  "training_gpu_1_memory_MB": 13845,
  "training_gpu_2_memory_MB": 13845,
  "training_gpu_3_memory_MB": 21435,
  "validation_accuracy": 0.3625254582484725,
  "validation_disc_loss": 1.0998774636082533,
  "validation_gen_loss": 7.329552758999957,
  "validation_loss": 7.329552758999957,
  "best_validation_accuracy": 0.36761710794297353,
  "best_validation_disc_loss": 1.116109614449788,
  "best_validation_gen_loss": 7.105374169543507,
  "best_validation_loss": 7.105374169543507
}