{
  "best_epoch": 8,
  "peak_cpu_memory_MB": 5867.344,
  "peak_gpu_0_memory_MB": 13847,
  "peak_gpu_1_memory_MB": 13845,
  "peak_gpu_2_memory_MB": 13845,
  "peak_gpu_3_memory_MB": 21435,
  "training_duration": "0:09:15.656198",
  "training_start_epoch": 0,
  "training_epochs": 17,
  "epoch": 17,
  "training_accuracy": 0.5776081424936387,
  "training_disc_loss": 1.066537289172411,
  "training_gen_loss": 5.4737982654571535,
  "training_loss": 5.4737982654571535,
  "training_cpu_memory_MB": 5867.344,
  "training_gpu_0_memory_MB": 13847,
  "training_gpu_1_memory_MB": 13845,
  "training_gpu_2_memory_MB": 13845,
  "training_gpu_3_memory_MB": 21435,
  "validation_accuracy": 0.35030549898167007,
  "validation_disc_loss": 1.7182171165458555,
  "validation_gen_loss": 7.79865808409404,
  "validation_loss": 7.79865808409404,
  "best_validation_accuracy": 0.38391038696537677,
  "best_validation_disc_loss": 1.1929277545068322,
  "best_validation_gen_loss": 8.06438030072344,
  "best_validation_loss": 8.06438030072344
}