{
  "best_epoch": 8,
  "peak_cpu_memory_MB": 5867.344,
  "peak_gpu_0_memory_MB": 13847,
  "peak_gpu_1_memory_MB": 13845,
  "peak_gpu_2_memory_MB": 13845,
  "peak_gpu_3_memory_MB": 21435,
  "training_duration": "0:05:11.290658",
  "training_start_epoch": 0,
  "training_epochs": 9,
  "epoch": 9,
  "training_accuracy": 0.48346055979643765,
  "training_disc_loss": 1.435827956199646,
  "training_gen_loss": 5.668686952590942,
  "training_loss": 5.668686952590942,
  "training_cpu_memory_MB": 5867.344,
  "training_gpu_0_memory_MB": 13847,
  "training_gpu_1_memory_MB": 13845,
  "training_gpu_2_memory_MB": 13845,
  "training_gpu_3_memory_MB": 21435,
  "validation_accuracy": 0.34725050916496947,
  "validation_disc_loss": 1.668948868425881,
  "validation_gen_loss": 7.547648034444669,
  "validation_loss": 7.547648034444669,
  "best_validation_accuracy": 0.38391038696537677,
  "best_validation_disc_loss": 1.1929277545068322,
  "best_validation_gen_loss": 8.06438030072344,
  "best_validation_loss": 8.06438030072344
}