{
  "best_epoch": 0,
  "peak_cpu_memory_MB": 5867.344,
  "peak_gpu_0_memory_MB": 13847,
  "peak_gpu_1_memory_MB": 2617,
  "peak_gpu_2_memory_MB": 13845,
  "peak_gpu_3_memory_MB": 21435,
  "training_duration": "0:00:24.890012",
  "training_start_epoch": 0,
  "training_epochs": 0,
  "epoch": 0,
  "training_accuracy": 0.33078880407124683,
  "training_disc_loss": 5.507388589382171,
  "training_gen_loss": 8.101997423171998,
  "training_loss": 8.101997423171998,
  "training_cpu_memory_MB": 5867.344,
  "training_gpu_0_memory_MB": 13847,
  "training_gpu_1_memory_MB": 2617,
  "training_gpu_2_memory_MB": 13845,
  "training_gpu_3_memory_MB": 21435,
  "validation_accuracy": 0.3533604887983707,
  "validation_disc_loss": 1.115885754910911,
  "validation_gen_loss": 7.142917493494545,
  "validation_loss": 7.142917493494545,
  "best_validation_accuracy": 0.3533604887983707,
  "best_validation_disc_loss": 1.115885754910911,
  "best_validation_gen_loss": 7.142917493494545,
  "best_validation_loss": 7.142917493494545
}