{
  "best_epoch": 2,
  "peak_cpu_memory_MB": 5867.344,
  "peak_gpu_0_memory_MB": 13847,
  "peak_gpu_1_memory_MB": 13845,
  "peak_gpu_2_memory_MB": 13845,
  "peak_gpu_3_memory_MB": 21435,
  "training_duration": "0:03:33.620614",
  "training_start_epoch": 0,
  "training_epochs": 6,
  "epoch": 6,
  "training_accuracy": 0.40458015267175573,
  "training_disc_loss": 1.9290314567089082,
  "training_gen_loss": 5.802833995819092,
  "training_loss": 5.802833995819092,
  "training_cpu_memory_MB": 5867.344,
  "training_gpu_0_memory_MB": 13847,
  "training_gpu_1_memory_MB": 13845,
  "training_gpu_2_memory_MB": 13845,
  "training_gpu_3_memory_MB": 21435,
  "validation_accuracy": 0.3289205702647658,
  "validation_disc_loss": 1.2688076215061714,
  "validation_gen_loss": 7.432740649556726,
  "validation_loss": 7.432740649556726,
  "best_validation_accuracy": 0.36761710794297353,
  "best_validation_disc_loss": 1.116109614449788,
  "best_validation_gen_loss": 7.105374169543507,
  "best_validation_loss": 7.105374169543507
}