{
  "best_epoch": 0,
  "peak_cpu_memory_MB": 5868.084,
  "peak_gpu_0_memory_MB": 21435,
  "peak_gpu_1_memory_MB": 20139,
  "peak_gpu_2_memory_MB": 20139,
  "peak_gpu_3_memory_MB": 20139,
  "training_duration": "0:03:25.935261",
  "training_start_epoch": 0,
  "training_epochs": 7,
  "epoch": 7,
  "training_accuracy": 0.3486005089058524,
  "training_disc_loss": 1.689500687122345,
  "training_gen_loss": 6.8027068138122555,
  "training_loss": 4.237820570285503,
  "training_cpu_memory_MB": 5868.084,
  "training_gpu_0_memory_MB": 21435,
  "training_gpu_1_memory_MB": 20139,
  "training_gpu_2_memory_MB": 20139,
  "training_gpu_3_memory_MB": 20139,
  "validation_accuracy": 0.3024439918533605,
  "validation_disc_loss": 1.099883460229443,
  "validation_gen_loss": 7.180064424391715,
  "validation_loss": 4.141018513710268,
  "best_validation_accuracy": 0.3533604887983707,
  "best_validation_disc_loss": 14.724677639622842,
  "best_validation_gen_loss": 14.279886338018603,
  "best_validation_loss": 14.50775429510301
}