{
  "best_epoch": 0,
  "peak_cpu_memory_MB": 5868.084,
  "peak_gpu_0_memory_MB": 21435,
  "peak_gpu_1_memory_MB": 20139,
  "peak_gpu_2_memory_MB": 20139,
  "peak_gpu_3_memory_MB": 20139,
  "training_duration": "0:04:18.498375",
  "training_start_epoch": 0,
  "training_epochs": 9,
  "epoch": 9,
  "training_accuracy": 0.3384223918575064,
  "training_disc_loss": 1.801310715675354,
  "training_gen_loss": 6.780122261047364,
  "training_loss": 4.289424676161546,
  "training_cpu_memory_MB": 5868.084,
  "training_gpu_0_memory_MB": 21435,
  "training_gpu_1_memory_MB": 20139,
  "training_gpu_2_memory_MB": 20139,
  "training_gpu_3_memory_MB": 20139,
  "validation_accuracy": 0.3054989816700611,
  "validation_disc_loss": 1.0994910309391637,
  "validation_gen_loss": 7.131417974348991,
  "validation_loss": 4.116425768021615,
  "best_validation_accuracy": 0.3533604887983707,
  "best_validation_disc_loss": 14.724677639622842,
  "best_validation_gen_loss": 14.279886338018603,
  "best_validation_loss": 14.50775429510301
}