{
  "best_epoch": 1,
  "peak_cpu_memory_MB": 5865.876,
  "peak_gpu_0_memory_MB": 21435,
  "peak_gpu_1_memory_MB": 20139,
  "peak_gpu_2_memory_MB": 20139,
  "peak_gpu_3_memory_MB": 20139,
  "training_duration": "0:00:49.780260",
  "training_start_epoch": 0,
  "training_epochs": 1,
  "epoch": 1,
  "training_accuracy": 0.37150127226463103,
  "training_disc_loss": 4.660143299102783,
  "training_gen_loss": 10.947230911254882,
  "training_loss": 5.846534362206092,
  "training_cpu_memory_MB": 5865.876,
  "training_gpu_0_memory_MB": 21435,
  "training_gpu_1_memory_MB": 20139,
  "training_gpu_2_memory_MB": 20139,
  "training_gpu_3_memory_MB": 20139,
  "validation_accuracy": 0.34928716904276985,
  "validation_disc_loss": 12.553742024206347,
  "validation_gen_loss": 11.66850297681747,
  "validation_loss": 12.381786377199235,
  "best_validation_accuracy": 0.34928716904276985,
  "best_validation_disc_loss": 12.553742024206347,
  "best_validation_gen_loss": 11.66850297681747,
  "best_validation_loss": 12.381786377199235
}