{
  "best_epoch": 0,
  "peak_cpu_memory_MB": 5865.876,
  "peak_gpu_0_memory_MB": 2617,
  "peak_gpu_1_memory_MB": 20139,
  "peak_gpu_2_memory_MB": 20139,
  "peak_gpu_3_memory_MB": 20139,
  "training_duration": "0:00:21.187982",
  "training_start_epoch": 0,
  "training_epochs": 0,
  "epoch": 0,
  "training_accuracy": 0.3842239185750636,
  "training_disc_loss": 12.98469066619873,
  "training_gen_loss": 12.768970756530761,
  "training_loss": 12.818709446833683,
  "training_cpu_memory_MB": 5865.876,
  "training_gpu_0_memory_MB": 2617,
  "training_gpu_1_memory_MB": 20139,
  "training_gpu_2_memory_MB": 20139,
  "training_gpu_3_memory_MB": 20139,
  "validation_accuracy": 0.3340122199592668,
  "validation_disc_loss": 21.376722428106493,
  "validation_gen_loss": 15.828626940327306,
  "validation_loss": 20.251351387270034,
  "best_validation_accuracy": 0.3340122199592668,
  "best_validation_disc_loss": 21.376722428106493,
  "best_validation_gen_loss": 15.828626940327306,
  "best_validation_loss": 20.251351387270034
}