{
  "best_epoch": 9,
  "peak_cpu_memory_MB": 5865.876,
  "peak_gpu_0_memory_MB": 21435,
  "peak_gpu_1_memory_MB": 20139,
  "peak_gpu_2_memory_MB": 20139,
  "peak_gpu_3_memory_MB": 20139,
  "training_duration": "0:04:31.498845",
  "training_start_epoch": 0,
  "training_epochs": 9,
  "epoch": 9,
  "training_accuracy": 0.46564885496183206,
  "training_disc_loss": 1.3296026468276978,
  "training_gen_loss": 7.111951522827148,
  "training_loss": 2.473199936059805,
  "training_cpu_memory_MB": 5865.876,
  "training_gpu_0_memory_MB": 21435,
  "training_gpu_1_memory_MB": 20139,
  "training_gpu_2_memory_MB": 20139,
  "training_gpu_3_memory_MB": 20139,
  "validation_accuracy": 0.3625254582484725,
  "validation_disc_loss": 1.3931532944402387,
  "validation_gen_loss": 7.351849471369097,
  "validation_loss": 2.581906810883553,
  "best_validation_accuracy": 0.3625254582484725,
  "best_validation_disc_loss": 1.3931532944402387,
  "best_validation_gen_loss": 7.351849471369097,
  "best_validation_loss": 2.581906810883553
}