{
  "best_epoch": 1,
  "peak_cpu_memory_MB": 5865.876,
  "peak_gpu_0_memory_MB": 21435,
  "peak_gpu_1_memory_MB": 20139,
  "peak_gpu_2_memory_MB": 20139,
  "peak_gpu_3_memory_MB": 20139,
  "training_duration": "0:01:47.250242",
  "training_start_epoch": 0,
  "training_epochs": 3,
  "epoch": 3,
  "training_accuracy": 0.42748091603053434,
  "training_disc_loss": 1.9376648545265198,
  "training_gen_loss": 8.681982841491699,
  "training_loss": 3.255690868084247,
  "training_cpu_memory_MB": 5865.876,
  "training_gpu_0_memory_MB": 21435,
  "training_gpu_1_memory_MB": 20139,
  "training_gpu_2_memory_MB": 20139,
  "training_gpu_3_memory_MB": 20139,
  "validation_accuracy": 0.3340122199592668,
  "validation_disc_loss": 4.044497239974238,
  "validation_gen_loss": 8.790845286461614,
  "validation_loss": 4.994601449658794,
  "best_validation_accuracy": 0.34928716904276985,
  "best_validation_disc_loss": 12.553742024206347,
  "best_validation_gen_loss": 11.66850297681747,
  "best_validation_loss": 12.381786377199235
}