{
  "best_epoch": 1,
  "peak_cpu_memory_MB": 5865.876,
  "peak_gpu_0_memory_MB": 21435,
  "peak_gpu_1_memory_MB": 20139,
  "peak_gpu_2_memory_MB": 20139,
  "peak_gpu_3_memory_MB": 20139,
  "training_duration": "0:03:06.716819",
  "training_start_epoch": 0,
  "training_epochs": 6,
  "epoch": 6,
  "training_accuracy": 0.40458015267175573,
  "training_disc_loss": 1.4123728585243225,
  "training_gen_loss": 7.57931074142456,
  "training_loss": 2.6305245069357066,
  "training_cpu_memory_MB": 5865.876,
  "training_gpu_0_memory_MB": 21435,
  "training_gpu_1_memory_MB": 20139,
  "training_gpu_2_memory_MB": 20139,
  "training_gpu_3_memory_MB": 20139,
  "validation_accuracy": 0.3411405295315682,
  "validation_disc_loss": 1.4394247387686083,
  "validation_gen_loss": 7.709414136025213,
  "validation_loss": 2.6901500148157917,
  "best_validation_accuracy": 0.34928716904276985,
  "best_validation_disc_loss": 12.553742024206347,
  "best_validation_gen_loss": 11.66850297681747,
  "best_validation_loss": 12.381786377199235
}