{
  "best_epoch": 0,
  "peak_cpu_memory_MB": 5499.296,
  "peak_gpu_0_memory_MB": 12677,
  "peak_gpu_1_memory_MB": 21435,
  "peak_gpu_2_memory_MB": 0,
  "peak_gpu_3_memory_MB": 2425,
  "training_duration": "0:00:29.604700",
  "training_start_epoch": 0,
  "training_epochs": 0,
  "epoch": 0,
  "training_accuracy": 0.33587786259541985,
  "training_loss": 1.2623078272892878,
  "training_cpu_memory_MB": 5499.296,
  "training_gpu_0_memory_MB": 12677,
  "training_gpu_1_memory_MB": 21435,
  "training_gpu_2_memory_MB": 0,
  "training_gpu_3_memory_MB": 2425,
  "validation_accuracy": 0.35160468670402445,
  "validation_loss": 1.1547720680795974,
  "best_validation_accuracy": 0.35160468670402445,
  "best_validation_loss": 1.1547720680795974
}