{
  "best_epoch": 6,
  "peak_cpu_memory_MB": 5866.004,
  "peak_gpu_0_memory_MB": 21435,
  "peak_gpu_1_memory_MB": 20139,
  "peak_gpu_2_memory_MB": 20139,
  "peak_gpu_3_memory_MB": 20139,
  "training_duration": "0:04:40.006789",
  "training_start_epoch": 0,
  "training_epochs": 9,
  "epoch": 9,
  "training_accuracy": 0.37404580152671757,
  "training_disc_loss": 1.592661497592926,
  "training_gen_loss": 6.497658348083496,
  "training_loss": 6.010275950798621,
  "training_cpu_memory_MB": 5866.004,
  "training_gpu_0_memory_MB": 21435,
  "training_gpu_1_memory_MB": 20139,
  "training_gpu_2_memory_MB": 20139,
  "training_gpu_3_memory_MB": 20139,
  "validation_accuracy": 0.3421588594704684,
  "validation_disc_loss": 2.5086012309597385,
  "validation_gen_loss": 7.008274024532687,
  "validation_loss": 6.561382939738612,
  "best_validation_accuracy": 0.34928716904276985,
  "best_validation_disc_loss": 2.6494141990138638,
  "best_validation_gen_loss": 7.042867675904305,
  "best_validation_loss": 6.606601545887608
}