{
  "best_epoch": 2,
  "peak_cpu_memory_MB": 5501.148,
  "peak_gpu_0_memory_MB": 12693,
  "peak_gpu_1_memory_MB": 0,
  "peak_gpu_2_memory_MB": 10357,
  "peak_gpu_3_memory_MB": 12805,
  "training_duration": "0:01:42.087336",
  "training_start_epoch": 0,
  "training_epochs": 2,
  "epoch": 2,
  "training_accuracy": 0.4732824427480916,
  "training_loss": 1.0946571689385634,
  "training_cpu_memory_MB": 5501.148,
  "training_gpu_0_memory_MB": 12693,
  "training_gpu_1_memory_MB": 0,
  "training_gpu_2_memory_MB": 10357,
  "training_gpu_3_memory_MB": 12805,
  "validation_accuracy": 0.40040753948038715,
  "validation_loss": 1.089917484828626,
  "best_validation_accuracy": 0.40040753948038715,
  "best_validation_loss": 1.089917484828626
}