{
  "best_epoch": 2,
  "peak_cpu_memory_MB": 5356.376,
  "peak_gpu_0_memory_MB": 12693,
  "peak_gpu_1_memory_MB": 21435,
  "peak_gpu_2_memory_MB": 0,
  "peak_gpu_3_memory_MB": 12821,
  "training_duration": "0:03:25.876135",
  "training_start_epoch": 0,
  "training_epochs": 5,
  "epoch": 5,
  "training_accuracy": 0.3104325699745547,
  "training_loss": 1.1115241234119122,
  "training_cpu_memory_MB": 5356.376,
  "training_gpu_0_memory_MB": 12693,
  "training_gpu_1_memory_MB": 21435,
  "training_gpu_2_memory_MB": 0,
  "training_gpu_3_memory_MB": 12821,
  "validation_accuracy": 0.31818644931227713,
  "validation_loss": 1.0993185684036355,
  "best_validation_accuracy": 0.3544574630667346,
  "best_validation_loss": 1.0984932223049748
}