{
  "best_epoch": 2,
  "peak_cpu_memory_MB": 5342.376,
  "peak_gpu_0_memory_MB": 12693,
  "peak_gpu_1_memory_MB": 21435,
  "peak_gpu_2_memory_MB": 0,
  "peak_gpu_3_memory_MB": 13013,
  "training_duration": "0:03:35.315962",
  "training_start_epoch": 0,
  "training_epochs": 5,
  "epoch": 5,
  "training_accuracy": 0.9974554707379135,
  "training_loss": 0.009826964734551998,
  "training_cpu_memory_MB": 5342.376,
  "training_gpu_0_memory_MB": 12693,
  "training_gpu_1_memory_MB": 21435,
  "training_gpu_2_memory_MB": 0,
  "training_gpu_3_memory_MB": 13013,
  "validation_accuracy": 0.5773815588385125,
  "validation_loss": 1.6162994616583037,
  "best_validation_accuracy": 0.5848191543555782,
  "best_validation_loss": 1.3742578604322302
}