{
  "best_epoch": 2,
  "peak_cpu_memory_MB": 5350.928,
  "peak_gpu_0_memory_MB": 12693,
  "peak_gpu_1_memory_MB": 21435,
  "peak_gpu_2_memory_MB": 0,
  "peak_gpu_3_memory_MB": 12805,
  "training_duration": "0:01:44.036324",
  "training_start_epoch": 0,
  "training_epochs": 2,
  "epoch": 2,
  "training_accuracy": 0.8193384223918575,
  "training_loss": 0.6307220596533555,
  "training_cpu_memory_MB": 5350.928,
  "training_gpu_0_memory_MB": 12693,
  "training_gpu_1_memory_MB": 21435,
  "training_gpu_2_memory_MB": 0,
  "training_gpu_3_memory_MB": 12805,
  "validation_accuracy": 0.5118695873662761,
  "validation_loss": 1.0039943144065162,
  "best_validation_accuracy": 0.5118695873662761,
  "best_validation_loss": 1.0039943144065162
}