{
  "best_epoch": 5,
  "peak_cpu_memory_MB": 5866.328,
  "peak_gpu_0_memory_MB": 14587,
  "peak_gpu_1_memory_MB": 13029,
  "peak_gpu_2_memory_MB": 14587,
  "peak_gpu_3_memory_MB": 21435,
  "training_duration": "0:03:08.161394",
  "training_start_epoch": 0,
  "training_epochs": 5,
  "epoch": 5,
  "training_accuracy": 0.44529262086513993,
  "training_disc_loss": 1.4417787772417068,
  "training_gen_loss": 6.082760076522828,
  "training_loss": 4.922514767646789,
  "training_cpu_memory_MB": 5866.328,
  "training_gpu_0_memory_MB": 14587,
  "training_gpu_1_memory_MB": 13029,
  "training_gpu_2_memory_MB": 14587,
  "training_gpu_3_memory_MB": 21435,
  "validation_accuracy": 0.35539714867617106,
  "validation_disc_loss": 1.902660110132481,
  "validation_gen_loss": 7.049603237369197,
  "validation_loss": 5.762867450714111,
  "best_validation_accuracy": 0.35539714867617106,
  "best_validation_disc_loss": 1.902660110132481,
  "best_validation_gen_loss": 7.049603237369197,
  "best_validation_loss": 5.762867450714111
}