{
  "best_epoch": 8,
  "peak_cpu_memory_MB": 5866.328,
  "peak_gpu_0_memory_MB": 14587,
  "peak_gpu_1_memory_MB": 13029,
  "peak_gpu_2_memory_MB": 14587,
  "peak_gpu_3_memory_MB": 21435,
  "training_duration": "0:10:17.289808",
  "training_start_epoch": 0,
  "training_epochs": 18,
  "epoch": 18,
  "training_accuracy": 0.6335877862595419,
  "training_disc_loss": 0.721103486083448,
  "training_gen_loss": 5.644244842529297,
  "training_loss": 4.413459510803222,
  "training_cpu_memory_MB": 5866.328,
  "training_gpu_0_memory_MB": 14587,
  "training_gpu_1_memory_MB": 13029,
  "training_gpu_2_memory_MB": 14587,
  "training_gpu_3_memory_MB": 21435,
  "validation_accuracy": 0.3574338085539715,
  "validation_disc_loss": 2.158320659059819,
  "validation_gen_loss": 7.551428678559094,
  "validation_loss": 6.2031516757437855,
  "best_validation_accuracy": 0.3625254582484725,
  "best_validation_disc_loss": 1.6311877311729803,
  "best_validation_gen_loss": 7.165968689492078,
  "best_validation_loss": 5.782273451487224
}