{
  "best_epoch": 6,
  "peak_cpu_memory_MB": 5866.328,
  "peak_gpu_0_memory_MB": 14587,
  "peak_gpu_1_memory_MB": 13029,
  "peak_gpu_2_memory_MB": 14587,
  "peak_gpu_3_memory_MB": 21435,
  "training_duration": "0:03:44.495203",
  "training_start_epoch": 0,
  "training_epochs": 6,
  "epoch": 6,
  "training_accuracy": 0.48346055979643765,
  "training_disc_loss": 1.3439589047431946,
  "training_gen_loss": 6.025264635086059,
  "training_loss": 4.854938201904297,
  "training_cpu_memory_MB": 5866.328,
  "training_gpu_0_memory_MB": 14587,
  "training_gpu_1_memory_MB": 13029,
  "training_gpu_2_memory_MB": 14587,
  "training_gpu_3_memory_MB": 21435,
  "validation_accuracy": 0.3574338085539715,
  "validation_disc_loss": 1.241995779964013,
  "validation_gen_loss": 7.034092069641361,
  "validation_loss": 5.586068002189078,
  "best_validation_accuracy": 0.3574338085539715,
  "best_validation_disc_loss": 1.241995779964013,
  "best_validation_gen_loss": 7.034092069641361,
  "best_validation_loss": 5.586068002189078
}