{
  "best_epoch": 1,
  "peak_cpu_memory_MB": 5866.328,
  "peak_gpu_0_memory_MB": 14587,
  "peak_gpu_1_memory_MB": 13029,
  "peak_gpu_2_memory_MB": 14587,
  "peak_gpu_3_memory_MB": 21435,
  "training_duration": "0:00:58.038787",
  "training_start_epoch": 0,
  "training_epochs": 1,
  "epoch": 1,
  "training_accuracy": 0.3435114503816794,
  "training_disc_loss": 1.7442405140399933,
  "training_gen_loss": 6.594926195144653,
  "training_loss": 5.382254762649536,
  "training_cpu_memory_MB": 5866.328,
  "training_gpu_0_memory_MB": 14587,
  "training_gpu_1_memory_MB": 13029,
  "training_gpu_2_memory_MB": 14587,
  "training_gpu_3_memory_MB": 21435,
  "validation_accuracy": 0.34623217922606925,
  "validation_disc_loss": 1.0992514621920702,
  "validation_gen_loss": 7.06411388056065,
  "validation_loss": 5.572898283237365,
  "best_validation_accuracy": 0.34623217922606925,
  "best_validation_disc_loss": 1.0992514621920702,
  "best_validation_gen_loss": 7.06411388056065,
  "best_validation_loss": 5.572898283237365
}