{
  "best_epoch": 8,
  "peak_cpu_memory_MB": 5866.328,
  "peak_gpu_0_memory_MB": 14587,
  "peak_gpu_1_memory_MB": 13029,
  "peak_gpu_2_memory_MB": 14587,
  "peak_gpu_3_memory_MB": 21435,
  "training_duration": "0:09:45.983457",
  "training_start_epoch": 0,
  "training_epochs": 17,
  "epoch": 17,
  "training_accuracy": 0.638676844783715,
  "training_disc_loss": 0.7046921145915985,
  "training_gen_loss": 5.648546915054322,
  "training_loss": 4.41258318901062,
  "training_cpu_memory_MB": 5866.328,
  "training_gpu_0_memory_MB": 14587,
  "training_gpu_1_memory_MB": 13029,
  "training_gpu_2_memory_MB": 14587,
  "training_gpu_3_memory_MB": 21435,
  "validation_accuracy": 0.3533604887983707,
  "validation_disc_loss": 2.049816441729786,
  "validation_gen_loss": 7.596409615462388,
  "validation_loss": 6.209761348197131,
  "best_validation_accuracy": 0.3625254582484725,
  "best_validation_disc_loss": 1.6311877311729803,
  "best_validation_gen_loss": 7.165968689492078,
  "best_validation_loss": 5.782273451487224
}