{
  "best_epoch": 7,
  "peak_cpu_memory_MB": 5866.328,
  "peak_gpu_0_memory_MB": 14587,
  "peak_gpu_1_memory_MB": 13029,
  "peak_gpu_2_memory_MB": 14587,
  "peak_gpu_3_memory_MB": 21435,
  "training_duration": "0:04:20.736727",
  "training_start_epoch": 0,
  "training_epochs": 7,
  "epoch": 7,
  "training_accuracy": 0.49363867684478374,
  "training_disc_loss": 1.2908864802122115,
  "training_gen_loss": 5.93986722946167,
  "training_loss": 4.777622032165527,
  "training_cpu_memory_MB": 5866.328,
  "training_gpu_0_memory_MB": 14587,
  "training_gpu_1_memory_MB": 13029,
  "training_gpu_2_memory_MB": 14587,
  "training_gpu_3_memory_MB": 21435,
  "validation_accuracy": 0.3615071283095723,
  "validation_disc_loss": 1.4338595183884226,
  "validation_gen_loss": 7.078795084139196,
  "validation_loss": 5.667561189915107,
  "best_validation_accuracy": 0.3615071283095723,
  "best_validation_disc_loss": 1.4338595183884226,
  "best_validation_gen_loss": 7.078795084139196,
  "best_validation_loss": 5.667561189915107
}