{
  "best_epoch": 8,
  "peak_cpu_memory_MB": 5866.328,
  "peak_gpu_0_memory_MB": 14587,
  "peak_gpu_1_memory_MB": 13029,
  "peak_gpu_2_memory_MB": 14587,
  "peak_gpu_3_memory_MB": 21435,
  "training_duration": "0:08:42.973035",
  "training_start_epoch": 0,
  "training_epochs": 15,
  "epoch": 15,
  "training_accuracy": 0.6819338422391857,
  "training_disc_loss": 0.6892329064756632,
  "training_gen_loss": 5.682088136672974,
  "training_loss": 4.433874349594117,
  "training_cpu_memory_MB": 5866.328,
  "training_gpu_0_memory_MB": 14587,
  "training_gpu_1_memory_MB": 13029,
  "training_gpu_2_memory_MB": 14587,
  "training_gpu_3_memory_MB": 21435,
  "validation_accuracy": 0.34725050916496947,
  "validation_disc_loss": 1.925769959523426,
  "validation_gen_loss": 7.483029826869809,
  "validation_loss": 6.0937148497356635,
  "best_validation_accuracy": 0.3625254582484725,
  "best_validation_disc_loss": 1.6311877311729803,
  "best_validation_gen_loss": 7.165968689492078,
  "best_validation_loss": 5.782273451487224
}