{
  "best_epoch": 8,
  "peak_cpu_memory_MB": 5866.328,
  "peak_gpu_0_memory_MB": 14587,
  "peak_gpu_1_memory_MB": 13029,
  "peak_gpu_2_memory_MB": 14587,
  "peak_gpu_3_memory_MB": 21435,
  "training_duration": "0:05:34.062850",
  "training_start_epoch": 0,
  "training_epochs": 9,
  "epoch": 9,
  "training_accuracy": 0.5648854961832062,
  "training_disc_loss": 1.0778306221961975,
  "training_gen_loss": 5.868139562606811,
  "training_loss": 4.670562343597412,
  "training_cpu_memory_MB": 5866.328,
  "training_gpu_0_memory_MB": 14587,
  "training_gpu_1_memory_MB": 13029,
  "training_gpu_2_memory_MB": 14587,
  "training_gpu_3_memory_MB": 21435,
  "validation_accuracy": 0.3360488798370672,
  "validation_disc_loss": 6.33116853140234,
  "validation_gen_loss": 8.32600964569464,
  "validation_loss": 7.827299393289458,
  "best_validation_accuracy": 0.3625254582484725,
  "best_validation_disc_loss": 1.6311877311729803,
  "best_validation_gen_loss": 7.165968689492078,
  "best_validation_loss": 5.782273451487224
}