{
  "best_epoch": 1,
  "peak_cpu_memory_MB": 5866.328,
  "peak_gpu_0_memory_MB": 14587,
  "peak_gpu_1_memory_MB": 13029,
  "peak_gpu_2_memory_MB": 14587,
  "peak_gpu_3_memory_MB": 21435,
  "training_duration": "0:01:33.320801",
  "training_start_epoch": 0,
  "training_epochs": 2,
  "epoch": 2,
  "training_accuracy": 0.3384223918575064,
  "training_disc_loss": 1.718059755563736,
  "training_gen_loss": 6.403365306854248,
  "training_loss": 5.232038917541504,
  "training_cpu_memory_MB": 5866.328,
  "training_gpu_0_memory_MB": 14587,
  "training_gpu_1_memory_MB": 13029,
  "training_gpu_2_memory_MB": 14587,
  "training_gpu_3_memory_MB": 21435,
  "validation_accuracy": 0.3391038696537678,
  "validation_disc_loss": 1.1010705029092185,
  "validation_gen_loss": 6.991689356361947,
  "validation_loss": 5.519034649298443,
  "best_validation_accuracy": 0.34623217922606925,
  "best_validation_disc_loss": 1.0992514621920702,
  "best_validation_gen_loss": 7.06411388056065,
  "best_validation_loss": 5.572898283237365
}