{
  "best_epoch": 8,
  "peak_cpu_memory_MB": 5866.328,
  "peak_gpu_0_memory_MB": 14587,
  "peak_gpu_1_memory_MB": 13029,
  "peak_gpu_2_memory_MB": 14587,
  "peak_gpu_3_memory_MB": 21435,
  "training_duration": "0:08:10.830982",
  "training_start_epoch": 0,
  "training_epochs": 14,
  "epoch": 14,
  "training_accuracy": 0.6972010178117048,
  "training_disc_loss": 0.7609407359361648,
  "training_gen_loss": 5.6895425987243655,
  "training_loss": 4.457392158508301,
  "training_cpu_memory_MB": 5866.328,
  "training_gpu_0_memory_MB": 14587,
  "training_gpu_1_memory_MB": 13029,
  "training_gpu_2_memory_MB": 14587,
  "training_gpu_3_memory_MB": 21435,
  "validation_accuracy": 0.34928716904276985,
  "validation_disc_loss": 1.9804182449976604,
  "validation_gen_loss": 7.545937949079808,
  "validation_loss": 6.154558022816976,
  "best_validation_accuracy": 0.3625254582484725,
  "best_validation_disc_loss": 1.6311877311729803,
  "best_validation_gen_loss": 7.165968689492078,
  "best_validation_loss": 5.782273451487224
}