{
  "best_epoch": 0,
  "peak_cpu_memory_MB": 5351.644,
  "peak_gpu_0_memory_MB": 12553,
  "peak_gpu_1_memory_MB": 21435,
  "peak_gpu_2_memory_MB": 0,
  "peak_gpu_3_memory_MB": 12821,
  "training_duration": "0:01:06.184237",
  "training_start_epoch": 0,
  "training_epochs": 1,
  "epoch": 1,
  "training_accuracy": 0.44274809160305345,
  "training_loss": 1.1395156200115497,
  "training_cpu_memory_MB": 5351.644,
  "training_gpu_0_memory_MB": 12553,
  "training_gpu_1_memory_MB": 21435,
  "training_gpu_2_memory_MB": 0,
  "training_gpu_3_memory_MB": 12821,
  "validation_accuracy": 0.32868059093224655,
  "validation_loss": 1.2541733454027082,
  "best_validation_accuracy": 0.3758532857870606,
  "best_validation_loss": 1.1721321324960416
}