{
  "best_epoch": 0,
  "peak_cpu_memory_MB": 5351.644,
  "peak_gpu_0_memory_MB": 2309,
  "peak_gpu_1_memory_MB": 21435,
  "peak_gpu_2_memory_MB": 0,
  "peak_gpu_3_memory_MB": 12821,
  "training_duration": "0:00:30.604442",
  "training_start_epoch": 0,
  "training_epochs": 0,
  "epoch": 0,
  "training_accuracy": 0.42493638676844786,
  "training_loss": 1.1197996827272267,
  "training_cpu_memory_MB": 5351.644,
  "training_gpu_0_memory_MB": 2309,
  "training_gpu_1_memory_MB": 21435,
  "training_gpu_2_memory_MB": 0,
  "training_gpu_3_memory_MB": 12821,
  "validation_accuracy": 0.3758532857870606,
  "validation_loss": 1.1721321324960416,
  "best_validation_accuracy": 0.3758532857870606,
  "best_validation_loss": 1.1721321324960416
}