{
  "best_epoch": 6,
  "peak_cpu_memory_MB": 5351.644,
  "peak_gpu_0_memory_MB": 12553,
  "peak_gpu_1_memory_MB": 21435,
  "peak_gpu_2_memory_MB": 0,
  "peak_gpu_3_memory_MB": 12821,
  "training_duration": "0:04:14.675515",
  "training_start_epoch": 0,
  "training_epochs": 6,
  "epoch": 6,
  "training_accuracy": 0.9796437659033079,
  "training_loss": 0.06642145778124149,
  "training_cpu_memory_MB": 5351.644,
  "training_gpu_0_memory_MB": 12553,
  "training_gpu_1_memory_MB": 21435,
  "training_gpu_2_memory_MB": 0,
  "training_gpu_3_memory_MB": 12821,
  "validation_accuracy": 0.5412124299541519,
  "validation_loss": 1.5490964175435542,
  "best_validation_accuracy": 0.5412124299541519,
  "best_validation_loss": 1.5490964175435542
}