{
  "best_epoch": 5,
  "peak_cpu_memory_MB": 5351.644,
  "peak_gpu_0_memory_MB": 12553,
  "peak_gpu_1_memory_MB": 21435,
  "peak_gpu_2_memory_MB": 0,
  "peak_gpu_3_memory_MB": 12821,
  "training_duration": "0:03:36.224728",
  "training_start_epoch": 0,
  "training_epochs": 5,
  "epoch": 5,
  "training_accuracy": 0.9669211195928753,
  "training_loss": 0.12870304085887396,
  "training_cpu_memory_MB": 5351.644,
  "training_gpu_0_memory_MB": 12553,
  "training_gpu_1_memory_MB": 21435,
  "training_gpu_2_memory_MB": 0,
  "training_gpu_3_memory_MB": 12821,
  "validation_accuracy": 0.5307182883341823,
  "validation_loss": 1.8540240854316115,
  "best_validation_accuracy": 0.5307182883341823,
  "best_validation_loss": 1.8540240854316115
}