{
  "best_epoch": 4,
  "peak_cpu_memory_MB": 5351.644,
  "peak_gpu_0_memory_MB": 12553,
  "peak_gpu_1_memory_MB": 21435,
  "peak_gpu_2_memory_MB": 0,
  "peak_gpu_3_memory_MB": 12821,
  "training_duration": "0:02:57.704032",
  "training_start_epoch": 0,
  "training_epochs": 4,
  "epoch": 4,
  "training_accuracy": 0.8651399491094147,
  "training_loss": 0.34607669481864345,
  "training_cpu_memory_MB": 5351.644,
  "training_gpu_0_memory_MB": 12553,
  "training_gpu_1_memory_MB": 21435,
  "training_gpu_2_memory_MB": 0,
  "training_gpu_3_memory_MB": 12821,
  "validation_accuracy": 0.5037187977585329,
  "validation_loss": 1.1822054791916465,
  "best_validation_accuracy": 0.5037187977585329,
  "best_validation_loss": 1.1822054791916465
}