{
  "best_epoch": 3,
  "peak_cpu_memory_MB": 5351.644,
  "peak_gpu_0_memory_MB": 12553,
  "peak_gpu_1_memory_MB": 21435,
  "peak_gpu_2_memory_MB": 0,
  "peak_gpu_3_memory_MB": 12821,
  "training_duration": "0:02:19.302235",
  "training_start_epoch": 0,
  "training_epochs": 3,
  "epoch": 3,
  "training_accuracy": 0.7862595419847328,
  "training_loss": 0.537963731930806,
  "training_cpu_memory_MB": 5351.644,
  "training_gpu_0_memory_MB": 12553,
  "training_gpu_1_memory_MB": 21435,
  "training_gpu_2_memory_MB": 0,
  "training_gpu_3_memory_MB": 12821,
  "validation_accuracy": 0.4661232806928171,
  "validation_loss": 1.2368989918829951,
  "best_validation_accuracy": 0.4661232806928171,
  "best_validation_loss": 1.2368989918829951
}