{
  "best_epoch": 1,
  "peak_cpu_memory_MB": 5342.136,
  "peak_gpu_0_memory_MB": 12645,
  "peak_gpu_1_memory_MB": 0,
  "peak_gpu_2_memory_MB": 10357,
  "peak_gpu_3_memory_MB": 12815,
  "training_duration": "0:01:04.858767",
  "training_start_epoch": 0,
  "training_epochs": 1,
  "epoch": 1,
  "training_accuracy": 0.7201017811704835,
  "training_loss": 0.7804328569999108,
  "training_cpu_memory_MB": 5342.136,
  "training_gpu_0_memory_MB": 12645,
  "training_gpu_1_memory_MB": 0,
  "training_gpu_2_memory_MB": 10357,
  "training_gpu_3_memory_MB": 12815,
  "validation_accuracy": 0.5233825776872134,
  "validation_loss": 0.993130103384633,
  "best_validation_accuracy": 0.5233825776872134,
  "best_validation_loss": 0.993130103384633
}