{
  "best_epoch": 3,
  "peak_cpu_memory_MB": 5500.456,
  "peak_gpu_0_memory_MB": 12693,
  "peak_gpu_1_memory_MB": 21435,
  "peak_gpu_2_memory_MB": 0,
  "peak_gpu_3_memory_MB": 12821,
  "training_duration": "0:02:16.290094",
  "training_start_epoch": 0,
  "training_epochs": 3,
  "epoch": 3,
  "training_accuracy": 0.3994910941475827,
  "training_loss": 1.0804046300741343,
  "training_cpu_memory_MB": 5500.456,
  "training_gpu_0_memory_MB": 12,
  "training_gpu_1_memory_MB": 21435,
  "training_gpu_2_memory_MB": 0,
  "training_gpu_3_memory_MB": 12821,
  "validation_accuracy": 0.3550687722873153,
  "validation_loss": 1.103791694299406,
  "best_validation_accuracy": 0.3550687722873153,
  "best_validation_loss": 1.103791694299406
}