{
  "best_epoch": 0,
  "peak_cpu_memory_MB": 5500.456,
  "peak_gpu_0_memory_MB": 12693,
  "peak_gpu_1_memory_MB": 21435,
  "peak_gpu_2_memory_MB": 0,
  "peak_gpu_3_memory_MB": 2425,
  "training_duration": "0:00:29.386328",
  "training_start_epoch": 0,
  "training_epochs": 0,
  "epoch": 0,
  "training_accuracy": 0.3435114503816794,
  "training_loss": 1.2307463884353638,
  "training_cpu_memory_MB": 5500.456,
  "training_gpu_0_memory_MB": 12693,
  "training_gpu_1_memory_MB": 21435,
  "training_gpu_2_memory_MB": 0,
  "training_gpu_3_memory_MB": 2425,
  "validation_accuracy": 0.3182883341823739,
  "validation_loss": 1.121246120828759,
  "best_validation_accuracy": 0.3182883341823739,
  "best_validation_loss": 1.121246120828759
}