{
  "best_epoch": 10,
  "peak_cpu_memory_MB": 5496.552,
  "peak_gpu_0_memory_MB": 12693,
  "peak_gpu_1_memory_MB": 21435,
  "peak_gpu_2_memory_MB": 0,
  "peak_gpu_3_memory_MB": 12821,
  "training_duration": "0:07:20.731632",
  "training_start_epoch": 0,
  "training_epochs": 11,
  "epoch": 11,
  "training_accuracy": 1.0,
  "training_loss": 0.002882839458134885,
  "training_cpu_memory_MB": 5496.552,
  "training_gpu_0_memory_MB": 12693,
  "training_gpu_1_memory_MB": 21435,
  "training_gpu_2_memory_MB": 0,
  "training_gpu_3_memory_MB": 12821,
  "validation_accuracy": 0.5619969434538971,
  "validation_loss": 1.8075981025587076,
  "best_validation_accuracy": 0.5622007131940907,
  "best_validation_loss": 1.7836656063698013
}