{
  "best_epoch": 7,
  "peak_cpu_memory_MB": 5496.552,
  "peak_gpu_0_memory_MB": 12693,
  "peak_gpu_1_memory_MB": 21435,
  "peak_gpu_2_memory_MB": 0,
  "peak_gpu_3_memory_MB": 12821,
  "training_duration": "0:04:48.315369",
  "training_start_epoch": 0,
  "training_epochs": 7,
  "epoch": 7,
  "training_accuracy": 0.9949109414758269,
  "training_loss": 0.039115203759418085,
  "training_cpu_memory_MB": 5496.552,
  "training_gpu_0_memory_MB": 12693,
  "training_gpu_1_memory_MB": 21435,
  "training_gpu_2_memory_MB": 0,
  "training_gpu_3_memory_MB": 12821,
  "validation_accuracy": 0.5517065715741213,
  "validation_loss": 1.6004849876177039,
  "best_validation_accuracy": 0.5517065715741213,
  "best_validation_loss": 1.6004849876177039
}