{
  "best_epoch": 4,
  "peak_cpu_memory_MB": 5496.552,
  "peak_gpu_0_memory_MB": 12693,
  "peak_gpu_1_memory_MB": 21435,
  "peak_gpu_2_memory_MB": 0,
  "peak_gpu_3_memory_MB": 12821,
  "training_duration": "0:02:53.508969",
  "training_start_epoch": 0,
  "training_epochs": 4,
  "epoch": 4,
  "training_accuracy": 0.7404580152671756,
  "training_loss": 0.667456349501243,
  "training_cpu_memory_MB": 5496.552,
  "training_gpu_0_memory_MB": 12693,
  "training_gpu_1_memory_MB": 21435,
  "training_gpu_2_memory_MB": 0,
  "training_gpu_3_memory_MB": 12821,
  "validation_accuracy": 0.4793683138053999,
  "validation_loss": 1.1119029688912805,
  "best_validation_accuracy": 0.4793683138053999,
  "best_validation_loss": 1.1119029688912805
}