{
  "best_epoch": 12,
  "peak_cpu_memory_MB": 5496.552,
  "peak_gpu_0_memory_MB": 12693,
  "peak_gpu_1_memory_MB": 21435,
  "peak_gpu_2_memory_MB": 0,
  "peak_gpu_3_memory_MB": 12821,
  "training_duration": "0:08:34.811732",
  "training_start_epoch": 0,
  "training_epochs": 13,
  "epoch": 13,
  "training_accuracy": 1.0,
  "training_loss": 0.0027157774983117213,
  "training_cpu_memory_MB": 5496.552,
  "training_gpu_0_memory_MB": 12693,
  "training_gpu_1_memory_MB": 21435,
  "training_gpu_2_memory_MB": 0,
  "training_gpu_3_memory_MB": 12821,
  "validation_accuracy": 0.5624044829342842,
  "validation_loss": 1.8207226646062993,
  "best_validation_accuracy": 0.5627101375445747,
  "best_validation_loss": 1.818050205901702
}