{
  "best_epoch": 6,
  "peak_cpu_memory_MB": 5496.552,
  "peak_gpu_0_memory_MB": 12693,
  "peak_gpu_1_memory_MB": 21435,
  "peak_gpu_2_memory_MB": 0,
  "peak_gpu_3_memory_MB": 12821,
  "training_duration": "0:04:09.497499",
  "training_start_epoch": 0,
  "training_epochs": 6,
  "epoch": 6,
  "training_accuracy": 0.9592875318066157,
  "training_loss": 0.10198988507573421,
  "training_cpu_memory_MB": 5496.552,
  "training_gpu_0_memory_MB": 12693,
  "training_gpu_1_memory_MB": 21435,
  "training_gpu_2_memory_MB": 0,
  "training_gpu_3_memory_MB": 12821,
  "validation_accuracy": 0.5495669893020887,
  "validation_loss": 1.5173982700229856,
  "best_validation_accuracy": 0.5495669893020887,
  "best_validation_loss": 1.5173982700229856
}