{
  "best_epoch": 4,
  "peak_cpu_memory_MB": 5502.06,
  "peak_gpu_0_memory_MB": 12693,
  "peak_gpu_1_memory_MB": 21435,
  "peak_gpu_2_memory_MB": 0,
  "peak_gpu_3_memory_MB": 12869,
  "training_duration": "0:06:27.945264",
  "training_start_epoch": 0,
  "training_epochs": 10,
  "epoch": 10,
  "training_accuracy": 0.36895674300254455,
  "training_loss": 1.095984046275799,
  "training_cpu_memory_MB": 5502.06,
  "training_gpu_0_memory_MB": 12693,
  "training_gpu_1_memory_MB": 21435,
  "training_gpu_2_memory_MB": 0,
  "training_gpu_3_memory_MB": 12869,
  "validation_accuracy": 0.3249108507386653,
  "validation_loss": 1.103565956948246,
  "best_validation_accuracy": 0.32929190015282733,
  "best_validation_loss": 1.1088803062998123
}