{
  "best_epoch": 2,
  "peak_cpu_memory_MB": 5502.06,
  "peak_gpu_0_memory_MB": 12693,
  "peak_gpu_1_memory_MB": 21435,
  "peak_gpu_2_memory_MB": 0,
  "peak_gpu_3_memory_MB": 12869,
  "training_duration": "0:02:18.490600",
  "training_start_epoch": 0,
  "training_epochs": 3,
  "epoch": 3,
  "training_accuracy": 0.33078880407124683,
  "training_loss": 1.105993206684406,
  "training_cpu_memory_MB": 5502.06,
  "training_gpu_0_memory_MB": 12693,
  "training_gpu_1_memory_MB": 21435,
  "training_gpu_2_memory_MB": 0,
  "training_gpu_3_memory_MB": 12869,
  "validation_accuracy": 0.31788079470198677,
  "validation_loss": 1.104599223463077,
  "best_validation_accuracy": 0.32847682119205296,
  "best_validation_loss": 1.107728467313785
}