{
  "best_epoch": 4,
  "peak_cpu_memory_MB": 5502.06,
  "peak_gpu_0_memory_MB": 12693,
  "peak_gpu_1_memory_MB": 21435,
  "peak_gpu_2_memory_MB": 0,
  "peak_gpu_3_memory_MB": 12869,
  "training_duration": "0:07:38.356855",
  "training_start_epoch": 0,
  "training_epochs": 12,
  "epoch": 12,
  "training_accuracy": 0.35877862595419846,
  "training_loss": 1.0938503375420203,
  "training_cpu_memory_MB": 5502.06,
  "training_gpu_0_memory_MB": 12,
  "training_gpu_1_memory_MB": 21435,
  "training_gpu_2_memory_MB": 0,
  "training_gpu_3_memory_MB": 12869,
  "validation_accuracy": 0.32664289353031073,
  "validation_loss": 1.1035407063238785,
  "best_validation_accuracy": 0.32929190015282733,
  "best_validation_loss": 1.1088803062998123
}