{
  "best_epoch": 4,
  "peak_cpu_memory_MB": 5502.06,
  "peak_gpu_0_memory_MB": 12693,
  "peak_gpu_1_memory_MB": 21435,
  "peak_gpu_2_memory_MB": 0,
  "peak_gpu_3_memory_MB": 12869,
  "training_duration": "0:07:03.158965",
  "training_start_epoch": 0,
  "training_epochs": 11,
  "epoch": 11,
  "training_accuracy": 0.3511450381679389,
  "training_loss": 1.0941044642375066,
  "training_cpu_memory_MB": 5502.06,
  "training_gpu_0_memory_MB": 12693,
  "training_gpu_1_memory_MB": 21435,
  "training_gpu_2_memory_MB": 0,
  "training_gpu_3_memory_MB": 12869,
  "validation_accuracy": 0.32552215995924605,
  "validation_loss": 1.1027678581324774,
  "best_validation_accuracy": 0.32929190015282733,
  "best_validation_loss": 1.1088803062998123
}