{
  "best_epoch": 0,
  "peak_cpu_memory_MB": 5502.06,
  "peak_gpu_0_memory_MB": 12693,
  "peak_gpu_1_memory_MB": 21435,
  "peak_gpu_2_memory_MB": 0,
  "peak_gpu_3_memory_MB": 12639,
  "training_duration": "0:01:05.327627",
  "training_start_epoch": 0,
  "training_epochs": 1,
  "epoch": 1,
  "training_accuracy": 0.3511450381679389,
  "training_loss": 1.1208565877034113,
  "training_cpu_memory_MB": 5502.06,
  "training_gpu_0_memory_MB": 12693,
  "training_gpu_1_memory_MB": 21435,
  "training_gpu_2_memory_MB": 0,
  "training_gpu_3_memory_MB": 12639,
  "validation_accuracy": 0.31818644931227713,
  "validation_loss": 1.1008634443003502,
  "best_validation_accuracy": 0.3273560876209883,
  "best_validation_loss": 1.1144673160310676
}