{
  "best_epoch": 9,
  "peak_cpu_memory_MB": 5488.788,
  "peak_gpu_0_memory_MB": 0,
  "peak_gpu_1_memory_MB": 21435,
  "peak_gpu_2_memory_MB": 0,
  "peak_gpu_3_memory_MB": 12805,
  "training_duration": "0:06:02.233531",
  "training_start_epoch": 0,
  "training_epochs": 9,
  "epoch": 9,
  "training_accuracy": 0.9872773536895675,
  "training_loss": 0.06969031806175525,
  "training_cpu_memory_MB": 5488.788,
  "training_gpu_0_memory_MB": 0,
  "training_gpu_1_memory_MB": 21435,
  "training_gpu_2_memory_MB": 0,
  "training_gpu_3_memory_MB": 12805,
  "validation_accuracy": 0.6070300560366786,
  "validation_loss": 1.1509234644108564,
  "best_validation_accuracy": 0.6070300560366786,
  "best_validation_loss": 1.1509234644108564
}