{
  "best_epoch": 5,
  "peak_cpu_memory_MB": 5488.788,
  "peak_gpu_0_memory_MB": 0,
  "peak_gpu_1_memory_MB": 21435,
  "peak_gpu_2_memory_MB": 0,
  "peak_gpu_3_memory_MB": 12805,
  "training_duration": "0:03:30.938917",
  "training_start_epoch": 0,
  "training_epochs": 5,
  "epoch": 5,
  "training_accuracy": 0.8015267175572519,
  "training_loss": 0.5675009787082672,
  "training_cpu_memory_MB": 5488.788,
  "training_gpu_0_memory_MB": 0,
  "training_gpu_1_memory_MB": 21435,
  "training_gpu_2_memory_MB": 0,
  "training_gpu_3_memory_MB": 12805,
  "validation_accuracy": 0.5067753438614365,
  "validation_loss": 1.1752475867053973,
  "best_validation_accuracy": 0.5067753438614365,
  "best_validation_loss": 1.1752475867053973
}