{
  "best_epoch": 2,
  "peak_cpu_memory_MB": 5488.788,
  "peak_gpu_0_memory_MB": 0,
  "peak_gpu_1_memory_MB": 21435,
  "peak_gpu_2_memory_MB": 0,
  "peak_gpu_3_memory_MB": 12805,
  "training_duration": "0:01:41.325084",
  "training_start_epoch": 0,
  "training_epochs": 2,
  "epoch": 2,
  "training_accuracy": 0.35368956743002544,
  "training_loss": 1.1465820440879235,
  "training_cpu_memory_MB": 5488.788,
  "training_gpu_0_memory_MB": 0,
  "training_gpu_1_memory_MB": 21435,
  "training_gpu_2_memory_MB": 0,
  "training_gpu_3_memory_MB": 12805,
  "validation_accuracy": 0.380539989811513,
  "validation_loss": 1.1350827624821118,
  "best_validation_accuracy": 0.380539989811513,
  "best_validation_loss": 1.1350827624821118
}