{
  "best_epoch": 6,
  "peak_cpu_memory_MB": 5866.924,
  "peak_gpu_0_memory_MB": 22543,
  "peak_gpu_1_memory_MB": 20139,
  "peak_gpu_2_memory_MB": 20139,
  "peak_gpu_3_memory_MB": 20139,
  "training_duration": "0:03:18.868716",
  "training_start_epoch": 0,
  "training_epochs": 6,
  "epoch": 6,
  "training_accuracy": 0.3638676844783715,
  "training_disc_loss": 1.8075849866867066,
  "training_gen_loss": 6.479191417694092,
  "training_loss": 6.471883113567646,
  "training_cpu_memory_MB": 5866.924,
  "training_gpu_0_memory_MB": 22543,
  "training_gpu_1_memory_MB": 20139,
  "training_gpu_2_memory_MB": 20139,
  "training_gpu_3_memory_MB": 20139,
  "validation_accuracy": 0.3574338085539715,
  "validation_disc_loss": 1.5686134244165113,
  "validation_gen_loss": 6.9364254628458335,
  "validation_loss": 6.9389860091670865,
  "best_validation_accuracy": 0.3574338085539715,
  "best_validation_disc_loss": 1.5686134244165113,
  "best_validation_gen_loss": 6.9364254628458335,
  "best_validation_loss": 6.9389860091670865
}