{
  "best_epoch": 2,
  "peak_cpu_memory_MB": 5866.924,
  "peak_gpu_0_memory_MB": 22543,
  "peak_gpu_1_memory_MB": 20139,
  "peak_gpu_2_memory_MB": 20139,
  "peak_gpu_3_memory_MB": 20139,
  "training_duration": "0:01:14.713999",
  "training_start_epoch": 0,
  "training_epochs": 2,
  "epoch": 2,
  "training_accuracy": 0.3511450381679389,
  "training_disc_loss": 3.325597381591797,
  "training_gen_loss": 6.886699714660645,
  "training_loss": 6.874858746161828,
  "training_cpu_memory_MB": 5866.924,
  "training_gpu_0_memory_MB": 22543,
  "training_gpu_1_memory_MB": 20139,
  "training_gpu_2_memory_MB": 20139,
  "training_gpu_3_memory_MB": 20139,
  "validation_accuracy": 0.335030549898167,
  "validation_disc_loss": 4.85903932586793,
  "validation_gen_loss": 7.801384133677328,
  "validation_loss": 7.80359015926238,
  "best_validation_accuracy": 0.335030549898167,
  "best_validation_disc_loss": 4.85903932586793,
  "best_validation_gen_loss": 7.801384133677328,
  "best_validation_loss": 7.80359015926238
}