{
  "best_epoch": 0,
  "peak_cpu_memory_MB": 5866.924,
  "peak_gpu_0_memory_MB": 2617,
  "peak_gpu_1_memory_MB": 20139,
  "peak_gpu_2_memory_MB": 20139,
  "peak_gpu_3_memory_MB": 20139,
  "training_duration": "0:00:20.893665",
  "training_start_epoch": 0,
  "training_epochs": 0,
  "epoch": 0,
  "training_accuracy": 0.4071246819338422,
  "training_disc_loss": 12.998492469787598,
  "training_gen_loss": 12.076746292114258,
  "training_loss": 12.004092436570387,
  "training_cpu_memory_MB": 5866.924,
  "training_gpu_0_memory_MB": 2617,
  "training_gpu_1_memory_MB": 20139,
  "training_gpu_2_memory_MB": 20139,
  "training_gpu_3_memory_MB": 20139,
  "validation_accuracy": 0.3340122199592668,
  "validation_disc_loss": 22.87462600584953,
  "validation_gen_loss": 13.246078614265688,
  "validation_loss": 13.242098900579638,
  "best_validation_accuracy": 0.3340122199592668,
  "best_validation_disc_loss": 22.87462600584953,
  "best_validation_gen_loss": 13.246078614265688,
  "best_validation_loss": 13.242098900579638
}