{
  "best_epoch": 11,
  "peak_cpu_memory_MB": 5866.924,
  "peak_gpu_0_memory_MB": 22543,
  "peak_gpu_1_memory_MB": 20139,
  "peak_gpu_2_memory_MB": 20139,
  "peak_gpu_3_memory_MB": 20139,
  "training_duration": "0:05:42.773113",
  "training_start_epoch": 0,
  "training_epochs": 11,
  "epoch": 11,
  "training_accuracy": 0.4122137404580153,
  "training_disc_loss": 1.454141812324524,
  "training_gen_loss": 6.358858985900879,
  "training_loss": 6.35465511908898,
  "training_cpu_memory_MB": 5866.924,
  "training_gpu_0_memory_MB": 22543,
  "training_gpu_1_memory_MB": 20139,
  "training_gpu_2_memory_MB": 20139,
  "training_gpu_3_memory_MB": 20139,
  "validation_accuracy": 0.3604887983706721,
  "validation_disc_loss": 1.5331749243120993,
  "validation_gen_loss": 6.901191265352311,
  "validation_loss": 6.903596278159849,
  "best_validation_accuracy": 0.3604887983706721,
  "best_validation_disc_loss": 1.5331749243120993,
  "best_validation_gen_loss": 6.901191265352311,
  "best_validation_loss": 6.903596278159849
}