{
  "best_epoch": 12,
  "peak_cpu_memory_MB": 5866.924,
  "peak_gpu_0_memory_MB": 22543,
  "peak_gpu_1_memory_MB": 20139,
  "peak_gpu_2_memory_MB": 20139,
  "peak_gpu_3_memory_MB": 20139,
  "training_duration": "0:08:32.000206",
  "training_start_epoch": 0,
  "training_epochs": 17,
  "epoch": 17,
  "training_accuracy": 0.4402035623409669,
  "training_disc_loss": 1.4535838794708251,
  "training_gen_loss": 6.304303359985352,
  "training_loss": 6.285059745495136,
  "training_cpu_memory_MB": 5866.924,
  "training_gpu_0_memory_MB": 22543,
  "training_gpu_1_memory_MB": 20139,
  "training_gpu_2_memory_MB": 20139,
  "training_gpu_3_memory_MB": 20139,
  "validation_accuracy": 0.35234215885947046,
  "validation_disc_loss": 1.5545798568956313,
  "validation_gen_loss": 6.880756270500921,
  "validation_loss": 6.8831385335614605,
  "best_validation_accuracy": 0.3615071283095723,
  "best_validation_disc_loss": 1.4205566615827623,
  "best_validation_gen_loss": 6.870315405630296,
  "best_validation_loss": 6.872688708766814
}