{
  "best_epoch": 5,
  "peak_cpu_memory_MB": 5347.08,
  "peak_gpu_0_memory_MB": 12677,
  "peak_gpu_1_memory_MB": 21435,
  "peak_gpu_2_memory_MB": 0,
  "peak_gpu_3_memory_MB": 12805,
  "training_duration": "0:03:34.339918",
  "training_start_epoch": 0,
  "training_epochs": 5,
  "epoch": 5,
  "training_accuracy": 0.9949109414758269,
  "training_loss": 0.026527767427838765,
  "training_cpu_memory_MB": 5347.08,
  "training_gpu_0_memory_MB": 12677,
  "training_gpu_1_memory_MB": 21435,
  "training_gpu_2_memory_MB": 0,
  "training_gpu_3_memory_MB": 12805,
  "validation_accuracy": 0.5996943453897097,
  "validation_loss": 1.4047097853029977,
  "best_validation_accuracy": 0.5996943453897097,
  "best_validation_loss": 1.4047097853029977
}