{
  "best_epoch": 3,
  "peak_cpu_memory_MB": 5347.08,
  "peak_gpu_0_memory_MB": 12677,
  "peak_gpu_1_memory_MB": 21435,
  "peak_gpu_2_memory_MB": 0,
  "peak_gpu_3_memory_MB": 12805,
  "training_duration": "0:02:19.113759",
  "training_start_epoch": 0,
  "training_epochs": 3,
  "epoch": 3,
  "training_accuracy": 0.9338422391857506,
  "training_loss": 0.21543224729024446,
  "training_cpu_memory_MB": 5347.08,
  "training_gpu_0_memory_MB": 12677,
  "training_gpu_1_memory_MB": 21435,
  "training_gpu_2_memory_MB": 0,
  "training_gpu_3_memory_MB": 12805,
  "validation_accuracy": 0.5603667855323484,
  "validation_loss": 1.2077609723864626,
  "best_validation_accuracy": 0.5603667855323484,
  "best_validation_loss": 1.2077609723864626
}