{
  "best_epoch": 4,
  "peak_cpu_memory_MB": 5347.08,
  "peak_gpu_0_memory_MB": 12677,
  "peak_gpu_1_memory_MB": 21435,
  "peak_gpu_2_memory_MB": 0,
  "peak_gpu_3_memory_MB": 12805,
  "training_duration": "0:02:56.629509",
  "training_start_epoch": 0,
  "training_epochs": 4,
  "epoch": 4,
  "training_accuracy": 0.9720101781170484,
  "training_loss": 0.0908712251828267,
  "training_cpu_memory_MB": 5347.08,
  "training_gpu_0_memory_MB": 12677,
  "training_gpu_1_memory_MB": 21435,
  "training_gpu_2_memory_MB": 0,
  "training_gpu_3_memory_MB": 12805,
  "validation_accuracy": 0.589811512990321,
  "validation_loss": 1.3034429150217908,
  "best_validation_accuracy": 0.589811512990321,
  "best_validation_loss": 1.3034429150217908
}