{
  "best_epoch": 20,
  "peak_cpu_memory_MB": 5866.676,
  "peak_gpu_0_memory_MB": 21435,
  "peak_gpu_1_memory_MB": 20139,
  "peak_gpu_2_memory_MB": 20139,
  "peak_gpu_3_memory_MB": 20139,
  "training_duration": "0:10:32.016305",
  "training_start_epoch": 0,
  "training_epochs": 22,
  "epoch": 22,
  "training_accuracy": 0.6030534351145038,
  "training_disc_loss": 0.8877931022644043,
  "training_gen_loss": 6.453385066986084,
  "training_loss": 3.668939131956834,
  "training_cpu_memory_MB": 5866.676,
  "training_gpu_0_memory_MB": 21435,
  "training_gpu_1_memory_MB": 20139,
  "training_gpu_2_memory_MB": 20139,
  "training_gpu_3_memory_MB": 20139,
  "validation_accuracy": 0.3665987780040733,
  "validation_disc_loss": 1.6850277146985453,
  "validation_gen_loss": 6.931252979463147,
  "validation_loss": 4.309929509316722,
  "best_validation_accuracy": 0.37067209775967414,
  "best_validation_disc_loss": 1.6687315856256792,
  "best_validation_gen_loss": 6.931736915342269,
  "best_validation_loss": 4.301978941886656
}