{
  "best_epoch": 15,
  "peak_cpu_memory_MB": 5866.676,
  "peak_gpu_0_memory_MB": 21435,
  "peak_gpu_1_memory_MB": 20139,
  "peak_gpu_2_memory_MB": 20139,
  "peak_gpu_3_memory_MB": 20139,
  "training_duration": "0:09:08.402648",
  "training_start_epoch": 0,
  "training_epochs": 19,
  "epoch": 19,
  "training_accuracy": 0.5750636132315522,
  "training_disc_loss": 0.9651688170433045,
  "training_gen_loss": 6.462899589538575,
  "training_loss": 3.705652640416072,
  "training_cpu_memory_MB": 5866.676,
  "training_gpu_0_memory_MB": 21435,
  "training_gpu_1_memory_MB": 20139,
  "training_gpu_2_memory_MB": 20139,
  "training_gpu_3_memory_MB": 20139,
  "validation_accuracy": 0.3635437881873727,
  "validation_disc_loss": 1.6401735957591765,
  "validation_gen_loss": 6.928753337552471,
  "validation_loss": 4.285797396013813,
  "best_validation_accuracy": 0.3696537678207739,
  "best_validation_disc_loss": 1.6383611819436472,
  "best_validation_gen_loss": 6.955456556812409,
  "best_validation_loss": 4.296669944640128
}