{
  "best_epoch": 25,
  "peak_cpu_memory_MB": 5866.676,
  "peak_gpu_0_memory_MB": 21435,
  "peak_gpu_1_memory_MB": 20139,
  "peak_gpu_2_memory_MB": 20139,
  "peak_gpu_3_memory_MB": 20139,
  "training_duration": "0:12:22.762997",
  "training_start_epoch": 0,
  "training_epochs": 26,
  "epoch": 26,
  "training_accuracy": 0.712468193384224,
  "training_disc_loss": 0.7435099756717682,
  "training_gen_loss": 6.43978572845459,
  "training_loss": 3.597761392593384,
  "training_cpu_memory_MB": 5866.676,
  "training_gpu_0_memory_MB": 21435,
  "training_gpu_1_memory_MB": 20139,
  "training_gpu_2_memory_MB": 20139,
  "training_gpu_3_memory_MB": 20139,
  "validation_accuracy": 0.3727087576374745,
  "validation_disc_loss": 1.7570404429589548,
  "validation_gen_loss": 6.939612765466014,
  "validation_loss": 4.350037843950333,
  "best_validation_accuracy": 0.37474541751527496,
  "best_validation_disc_loss": 1.7293198377855363,
  "best_validation_gen_loss": 6.935823878934307,
  "best_validation_loss": 4.3341737254973385
}