{
  "best_epoch": 4,
  "peak_cpu_memory_MB": 5866.676,
  "peak_gpu_0_memory_MB": 21435,
  "peak_gpu_1_memory_MB": 20139,
  "peak_gpu_2_memory_MB": 20139,
  "peak_gpu_3_memory_MB": 20139,
  "training_duration": "0:02:42.867977",
  "training_start_epoch": 0,
  "training_epochs": 5,
  "epoch": 5,
  "training_accuracy": 0.3893129770992366,
  "training_disc_loss": 2.0939355754852294,
  "training_gen_loss": 7.0409321594238286,
  "training_loss": 4.562621923593374,
  "training_cpu_memory_MB": 5866.676,
  "training_gpu_0_memory_MB": 21435,
  "training_gpu_1_memory_MB": 20139,
  "training_gpu_2_memory_MB": 20139,
  "training_gpu_3_memory_MB": 20139,
  "validation_accuracy": 0.34012219959266804,
  "validation_disc_loss": 3.7229161147148377,
  "validation_gen_loss": 7.448193511655254,
  "validation_loss": 5.58433497336603,
  "best_validation_accuracy": 0.3564154786150713,
  "best_validation_disc_loss": 8.923085643399146,
  "best_validation_gen_loss": 7.986250315943072,
  "best_validation_loss": 8.449196507853847
}