{
  "best_epoch": 15,
  "peak_cpu_memory_MB": 5866.676,
  "peak_gpu_0_memory_MB": 21435,
  "peak_gpu_1_memory_MB": 20139,
  "peak_gpu_2_memory_MB": 20139,
  "peak_gpu_3_memory_MB": 20139,
  "training_duration": "0:07:18.239469",
  "training_start_epoch": 0,
  "training_epochs": 15,
  "epoch": 15,
  "training_accuracy": 0.5597964376590331,
  "training_disc_loss": 1.0678851699829102,
  "training_gen_loss": 6.541569843292236,
  "training_loss": 3.7981270276583157,
  "training_cpu_memory_MB": 5866.676,
  "training_gpu_0_memory_MB": 21435,
  "training_gpu_1_memory_MB": 20139,
  "training_gpu_2_memory_MB": 20139,
  "training_gpu_3_memory_MB": 20139,
  "validation_accuracy": 0.3696537678207739,
  "validation_disc_loss": 1.6383611819436472,
  "validation_gen_loss": 6.955456556812409,
  "validation_loss": 4.296669944640128,
  "best_validation_accuracy": 0.3696537678207739,
  "best_validation_disc_loss": 1.6383611819436472,
  "best_validation_gen_loss": 6.955456556812409,
  "best_validation_loss": 4.296669944640128
}