{
  "best_epoch": 25,
  "peak_cpu_memory_MB": 5866.676,
  "peak_gpu_0_memory_MB": 21435,
  "peak_gpu_1_memory_MB": 20139,
  "peak_gpu_2_memory_MB": 20139,
  "peak_gpu_3_memory_MB": 20139,
  "training_duration": "0:13:15.640312",
  "training_start_epoch": 0,
  "training_epochs": 28,
  "epoch": 28,
  "training_accuracy": 0.6335877862595419,
  "training_disc_loss": 0.8671327531337738,
  "training_gen_loss": 6.449593334197998,
  "training_loss": 3.6555706537686863,
  "training_cpu_memory_MB": 5866.676,
  "training_gpu_0_memory_MB": 21435,
  "training_gpu_1_memory_MB": 20139,
  "training_gpu_2_memory_MB": 20139,
  "training_gpu_3_memory_MB": 20139,
  "validation_accuracy": 0.37372708757637474,
  "validation_disc_loss": 1.7645814341883506,
  "validation_gen_loss": 6.941079639619397,
  "validation_loss": 4.3545300883631555,
  "best_validation_accuracy": 0.37474541751527496,
  "best_validation_disc_loss": 1.7293198377855363,
  "best_validation_gen_loss": 6.935823878934307,
  "best_validation_loss": 4.3341737254973385
}