{
  "best_epoch": 4,
  "peak_cpu_memory_MB": 5866.676,
  "peak_gpu_0_memory_MB": 21435,
  "peak_gpu_1_memory_MB": 20139,
  "peak_gpu_2_memory_MB": 20139,
  "peak_gpu_3_memory_MB": 20139,
  "training_duration": "0:02:11.139901",
  "training_start_epoch": 0,
  "training_epochs": 4,
  "epoch": 4,
  "training_accuracy": 0.38676844783715014,
  "training_disc_loss": 2.316012005805969,
  "training_gen_loss": 7.217015514373779,
  "training_loss": 4.758516054887038,
  "training_cpu_memory_MB": 5866.676,
  "training_gpu_0_memory_MB": 21435,
  "training_gpu_1_memory_MB": 20139,
  "training_gpu_2_memory_MB": 20139,
  "training_gpu_3_memory_MB": 20139,
  "validation_accuracy": 0.3564154786150713,
  "validation_disc_loss": 8.923085643399146,
  "validation_gen_loss": 7.986250315943072,
  "validation_loss": 8.449196507853847,
  "best_validation_accuracy": 0.3564154786150713,
  "best_validation_disc_loss": 8.923085643399146,
  "best_validation_gen_loss": 7.986250315943072,
  "best_validation_loss": 8.449196507853847
}