{
  "best_epoch": 1,
  "peak_cpu_memory_MB": 5866.676,
  "peak_gpu_0_memory_MB": 21435,
  "peak_gpu_1_memory_MB": 20139,
  "peak_gpu_2_memory_MB": 20139,
  "peak_gpu_3_memory_MB": 20139,
  "training_duration": "0:01:18.737402",
  "training_start_epoch": 0,
  "training_epochs": 2,
  "epoch": 2,
  "training_accuracy": 0.33587786259541985,
  "training_disc_loss": 4.358542985916138,
  "training_gen_loss": 8.008899269104004,
  "training_loss": 6.135380304776705,
  "training_cpu_memory_MB": 5866.676,
  "training_gpu_0_memory_MB": 21435,
  "training_gpu_1_memory_MB": 20139,
  "training_gpu_2_memory_MB": 20139,
  "training_gpu_3_memory_MB": 20139,
  "validation_accuracy": 0.3391038696537678,
  "validation_disc_loss": 14.310800106294694,
  "validation_gen_loss": 9.528396544917937,
  "validation_loss": 11.917897655117896,
  "best_validation_accuracy": 0.3421588594704684,
  "best_validation_disc_loss": 12.985934749726326,
  "best_validation_gen_loss": 10.145785085616573,
  "best_validation_loss": 11.554308122204196
}