{
  "best_epoch": 15,
  "peak_cpu_memory_MB": 5866.676,
  "peak_gpu_0_memory_MB": 21435,
  "peak_gpu_1_memory_MB": 20139,
  "peak_gpu_2_memory_MB": 20139,
  "peak_gpu_3_memory_MB": 20139,
  "training_duration": "0:07:49.133175",
  "training_start_epoch": 0,
  "training_epochs": 16,
  "epoch": 16,
  "training_accuracy": 0.5750636132315522,
  "training_disc_loss": 1.0672424745559692,
  "training_gen_loss": 6.523484516143799,
  "training_loss": 3.7989068031311035,
  "training_cpu_memory_MB": 5866.676,
  "training_gpu_0_memory_MB": 21435,
  "training_gpu_1_memory_MB": 20139,
  "training_gpu_2_memory_MB": 20139,
  "training_gpu_3_memory_MB": 20139,
  "validation_accuracy": 0.3665987780040733,
  "validation_disc_loss": 1.7427648700052691,
  "validation_gen_loss": 6.965243977885092,
  "validation_loss": 4.353807110940257,
  "best_validation_accuracy": 0.3696537678207739,
  "best_validation_disc_loss": 1.6383611819436472,
  "best_validation_gen_loss": 6.955456556812409,
  "best_validation_loss": 4.296669944640128
}