{
  "best_epoch": 0,
  "peak_cpu_memory_MB": 8042.984,
  "peak_gpu_0_memory_MB": 14587,
  "peak_gpu_1_memory_MB": 2425,
  "peak_gpu_2_memory_MB": 14587,
  "peak_gpu_3_memory_MB": 21435,
  "training_duration": "1:06:07.630733",
  "training_start_epoch": 0,
  "training_epochs": 0,
  "epoch": 0,
  "training_accuracy": 0.8217681600806719,
  "training_loss": 0.42815531494437126,
  "training_cpu_memory_MB": 8042.984,
  "training_gpu_0_memory_MB": 14587,
  "training_gpu_1_memory_MB": 2425,
  "training_gpu_2_memory_MB": 14587,
  "training_gpu_3_memory_MB": 21435,
  "validation_accuracy": 0.9054508405501783,
  "validation_loss": 0.26373160123242617,
  "best_validation_accuracy": 0.9054508405501783,
  "best_validation_loss": 0.26373160123242617
}