{
  "best_epoch": 1,
  "peak_cpu_memory_MB": 8042.984,
  "peak_gpu_0_memory_MB": 14587,
  "peak_gpu_1_memory_MB": 12805,
  "peak_gpu_2_memory_MB": 14587,
  "peak_gpu_3_memory_MB": 21435,
  "training_duration": "2:12:16.441431",
  "training_start_epoch": 0,
  "training_epochs": 1,
  "epoch": 1,
  "training_accuracy": 0.9017906707885368,
  "training_loss": 0.2657497582606233,
  "training_cpu_memory_MB": 8042.984,
  "training_gpu_0_memory_MB": 14587,
  "training_gpu_1_memory_MB": 12805,
  "training_gpu_2_memory_MB": 14587,
  "training_gpu_3_memory_MB": 21435,
  "validation_accuracy": 0.9069791136016302,
  "validation_loss": 0.2633699835414607,
  "best_validation_accuracy": 0.9069791136016302,
  "best_validation_loss": 0.2633699835414607
}