{
  "best_epoch": 6,
  "peak_cpu_memory_MB": 5866.444,
  "peak_gpu_0_memory_MB": 14587,
  "peak_gpu_1_memory_MB": 13029,
  "peak_gpu_2_memory_MB": 14583,
  "peak_gpu_3_memory_MB": 12,
  "training_duration": "0:05:53.342212",
  "training_start_epoch": 0,
  "training_epochs": 10,
  "epoch": 10,
  "training_accuracy": 0.3486005089058524,
  "training_disc_loss": 1.3556939196586608,
  "training_gen_loss": 6.284892883300781,
  "training_loss": 3.820293412208557,
  "training_cpu_memory_MB": 5866.444,
  "training_gpu_0_memory_MB": 14587,
  "training_gpu_1_memory_MB": 13029,
  "training_gpu_2_memory_MB": 14583,
  "training_gpu_3_memory_MB": 12,
  "validation_accuracy": 0.3533604887983707,
  "validation_disc_loss": 1.0984513381632364,
  "validation_gen_loss": 6.864772785000685,
  "validation_loss": 3.9816120504363766,
  "best_validation_accuracy": 0.3635437881873727,
  "best_validation_disc_loss": 1.2609253433661731,
  "best_validation_gen_loss": 6.930010942908806,
  "best_validation_loss": 4.09546814313749
}