{
  "best_epoch": 6,
  "peak_cpu_memory_MB": 5866.444,
  "peak_gpu_0_memory_MB": 14587,
  "peak_gpu_1_memory_MB": 13029,
  "peak_gpu_2_memory_MB": 14583,
  "peak_gpu_3_memory_MB": 12,
  "training_duration": "0:06:27.053077",
  "training_start_epoch": 0,
  "training_epochs": 11,
  "epoch": 11,
  "training_accuracy": 0.40458015267175573,
  "training_disc_loss": 1.3805051696300508,
  "training_gen_loss": 6.281120748519897,
  "training_loss": 3.8308129596710203,
  "training_cpu_memory_MB": 5866.444,
  "training_gpu_0_memory_MB": 14587,
  "training_gpu_1_memory_MB": 13029,
  "training_gpu_2_memory_MB": 14583,
  "training_gpu_3_memory_MB": 12,
  "validation_accuracy": 0.3268839103869654,
  "validation_disc_loss": 1.0988952822801543,
  "validation_gen_loss": 6.8406294380746235,
  "validation_loss": 3.9697623698692013,
  "best_validation_accuracy": 0.3635437881873727,
  "best_validation_disc_loss": 1.2609253433661731,
  "best_validation_gen_loss": 6.930010942908806,
  "best_validation_loss": 4.09546814313749
}