{
  "best_epoch": 6,
  "peak_cpu_memory_MB": 5866.444,
  "peak_gpu_0_memory_MB": 14587,
  "peak_gpu_1_memory_MB": 13029,
  "peak_gpu_2_memory_MB": 14583,
  "peak_gpu_3_memory_MB": 12,
  "training_duration": "0:07:34.404984",
  "training_start_epoch": 0,
  "training_epochs": 13,
  "epoch": 13,
  "training_accuracy": 0.4020356234096692,
  "training_disc_loss": 1.365694773197174,
  "training_gen_loss": 6.191087369918823,
  "training_loss": 3.778391079902649,
  "training_cpu_memory_MB": 5866.444,
  "training_gpu_0_memory_MB": 14587,
  "training_gpu_1_memory_MB": 13029,
  "training_gpu_2_memory_MB": 14583,
  "training_gpu_3_memory_MB": 12,
  "validation_accuracy": 0.35234215885947046,
  "validation_disc_loss": 1.098431523253278,
  "validation_gen_loss": 7.006133133802956,
  "validation_loss": 4.052282302360225,
  "best_validation_accuracy": 0.3635437881873727,
  "best_validation_disc_loss": 1.2609253433661731,
  "best_validation_gen_loss": 6.930010942908806,
  "best_validation_loss": 4.09546814313749
}