{
  "best_epoch": 6,
  "peak_cpu_memory_MB": 5866.444,
  "peak_gpu_0_memory_MB": 14587,
  "peak_gpu_1_memory_MB": 13029,
  "peak_gpu_2_memory_MB": 14583,
  "peak_gpu_3_memory_MB": 12,
  "training_duration": "0:10:55.945562",
  "training_start_epoch": 0,
  "training_epochs": 19,
  "epoch": 19,
  "training_accuracy": 0.31806615776081426,
  "training_disc_loss": 1.4732843613624573,
  "training_gen_loss": 6.02441372871399,
  "training_loss": 3.7488490533828736,
  "training_cpu_memory_MB": 5866.444,
  "training_gpu_0_memory_MB": 14587,
  "training_gpu_1_memory_MB": 13029,
  "training_gpu_2_memory_MB": 14583,
  "training_gpu_3_memory_MB": 12,
  "validation_accuracy": 0.35030549898167007,
  "validation_disc_loss": 1.0983961287552748,
  "validation_gen_loss": 6.943599929654502,
  "validation_loss": 4.0209980321124315,
  "best_validation_accuracy": 0.3635437881873727,
  "best_validation_disc_loss": 1.2609253433661731,
  "best_validation_gen_loss": 6.930010942908806,
  "best_validation_loss": 4.09546814313749
}