{
  "best_epoch": 6,
  "peak_cpu_memory_MB": 5866.444,
  "peak_gpu_0_memory_MB": 14587,
  "peak_gpu_1_memory_MB": 13029,
  "peak_gpu_2_memory_MB": 14583,
  "peak_gpu_3_memory_MB": 12,
  "training_duration": "0:09:15.147115",
  "training_start_epoch": 0,
  "training_epochs": 16,
  "epoch": 16,
  "training_accuracy": 0.4580152671755725,
  "training_disc_loss": 1.2680052316188812,
  "training_gen_loss": 6.13692491531372,
  "training_loss": 3.7024650812149047,
  "training_cpu_memory_MB": 5866.444,
  "training_gpu_0_memory_MB": 14587,
  "training_gpu_1_memory_MB": 13029,
  "training_gpu_2_memory_MB": 14583,
  "training_gpu_3_memory_MB": 12,
  "validation_accuracy": 0.33706720977596744,
  "validation_disc_loss": 1.0985502091849721,
  "validation_gen_loss": 7.0496918631762995,
  "validation_loss": 4.074121029396367,
  "best_validation_accuracy": 0.3635437881873727,
  "best_validation_disc_loss": 1.2609253433661731,
  "best_validation_gen_loss": 6.930010942908806,
  "best_validation_loss": 4.09546814313749
}