{
  "best_epoch": 6,
  "peak_cpu_memory_MB": 5865.616,
  "peak_gpu_0_memory_MB": 22543,
  "peak_gpu_1_memory_MB": 20139,
  "peak_gpu_2_memory_MB": 20139,
  "peak_gpu_3_memory_MB": 20139,
  "training_duration": "0:04:05.762390",
  "training_start_epoch": 0,
  "training_epochs": 8,
  "epoch": 8,
  "training_accuracy": 0.4122137404580153,
  "training_disc_loss": 1.9386715984344483,
  "training_gen_loss": 6.4492303657531735,
  "training_loss": 6.439906597137451,
  "training_cpu_memory_MB": 5865.616,
  "training_gpu_0_memory_MB": 22543,
  "training_gpu_1_memory_MB": 20139,
  "training_gpu_2_memory_MB": 20139,
  "training_gpu_3_memory_MB": 20139,
  "validation_accuracy": 0.3411405295315682,
  "validation_disc_loss": 2.007168173789978,
  "validation_gen_loss": 6.939324409730973,
  "validation_loss": 6.942232747231761,
  "best_validation_accuracy": 0.34521384928716903,
  "best_validation_disc_loss": 1.9577780365943909,
  "best_validation_gen_loss": 6.945842481428577,
  "best_validation_loss": 6.9491071701049805
}