{
  "best_epoch": 9,
  "peak_cpu_memory_MB": 5865.616,
  "peak_gpu_0_memory_MB": 22543,
  "peak_gpu_1_memory_MB": 20139,
  "peak_gpu_2_memory_MB": 20139,
  "peak_gpu_3_memory_MB": 20139,
  "training_duration": "0:07:16.389007",
  "training_start_epoch": 0,
  "training_epochs": 15,
  "epoch": 15,
  "training_accuracy": 0.4732824427480916,
  "training_disc_loss": 1.3728728079795838,
  "training_gen_loss": 6.307534122467041,
  "training_loss": 6.318933010101318,
  "training_cpu_memory_MB": 5865.616,
  "training_gpu_0_memory_MB": 22543,
  "training_gpu_1_memory_MB": 20139,
  "training_gpu_2_memory_MB": 20139,
  "training_gpu_3_memory_MB": 20139,
  "validation_accuracy": 0.34317718940936864,
  "validation_disc_loss": 1.8318146198026595,
  "validation_gen_loss": 6.964534236538794,
  "validation_loss": 6.967539448891917,
  "best_validation_accuracy": 0.37169042769857435,
  "best_validation_disc_loss": 1.8092729756909032,
  "best_validation_gen_loss": 6.920768637810984,
  "best_validation_loss": 6.923797392076062
}