{
  "best_epoch": 9,
  "peak_cpu_memory_MB": 5865.616,
  "peak_gpu_0_memory_MB": 22543,
  "peak_gpu_1_memory_MB": 20139,
  "peak_gpu_2_memory_MB": 20139,
  "peak_gpu_3_memory_MB": 20139,
  "training_duration": "0:12:08.288936",
  "training_start_epoch": 0,
  "training_epochs": 26,
  "epoch": 26,
  "training_accuracy": 0.5597964376590331,
  "training_disc_loss": 1.0677064275741577,
  "training_gen_loss": 6.208443431854248,
  "training_loss": 6.225948407099797,
  "training_cpu_memory_MB": 5865.616,
  "training_gpu_0_memory_MB": 22543,
  "training_gpu_1_memory_MB": 20139,
  "training_gpu_2_memory_MB": 20139,
  "training_gpu_3_memory_MB": 20139,
  "validation_accuracy": 0.3696537678207739,
  "validation_disc_loss": 1.7450349753902805,
  "validation_gen_loss": 6.954353709374705,
  "validation_loss": 6.957368635362195,
  "best_validation_accuracy": 0.37169042769857435,
  "best_validation_disc_loss": 1.8092729756909032,
  "best_validation_gen_loss": 6.920768637810984,
  "best_validation_loss": 6.923797392076062
}