{
  "best_epoch": 6,
  "peak_cpu_memory_MB": 5865.616,
  "peak_gpu_0_memory_MB": 22543,
  "peak_gpu_1_memory_MB": 20139,
  "peak_gpu_2_memory_MB": 20139,
  "peak_gpu_3_memory_MB": 20139,
  "training_duration": "0:03:39.310511",
  "training_start_epoch": 0,
  "training_epochs": 7,
  "epoch": 7,
  "training_accuracy": 0.366412213740458,
  "training_disc_loss": 2.0303058362007143,
  "training_gen_loss": 6.5008121109008785,
  "training_loss": 6.516435623168945,
  "training_cpu_memory_MB": 5865.616,
  "training_gpu_0_memory_MB": 22543,
  "training_gpu_1_memory_MB": 20139,
  "training_gpu_2_memory_MB": 20139,
  "training_gpu_3_memory_MB": 20139,
  "validation_accuracy": 0.34521384928716903,
  "validation_disc_loss": 2.127728892910865,
  "validation_gen_loss": 6.966455598031321,
  "validation_loss": 6.969534027960993,
  "best_validation_accuracy": 0.34521384928716903,
  "best_validation_disc_loss": 1.9577780365943909,
  "best_validation_gen_loss": 6.945842481428577,
  "best_validation_loss": 6.9491071701049805
}