{
  "best_epoch": 4,
  "peak_cpu_memory_MB": 5865.616,
  "peak_gpu_0_memory_MB": 22543,
  "peak_gpu_1_memory_MB": 20139,
  "peak_gpu_2_memory_MB": 20139,
  "peak_gpu_3_memory_MB": 20139,
  "training_duration": "0:02:41.018267",
  "training_start_epoch": 0,
  "training_epochs": 5,
  "epoch": 5,
  "training_accuracy": 0.3638676844783715,
  "training_disc_loss": 2.259729418754578,
  "training_gen_loss": 6.559312534332276,
  "training_loss": 6.560944337111253,
  "training_cpu_memory_MB": 5865.616,
  "training_gpu_0_memory_MB": 22543,
  "training_gpu_1_memory_MB": 20139,
  "training_gpu_2_memory_MB": 20139,
  "training_gpu_3_memory_MB": 20139,
  "validation_accuracy": 0.329938900203666,
  "validation_disc_loss": 2.6177769899368286,
  "validation_gen_loss": 7.035753211667461,
  "validation_loss": 7.039122289226901,
  "best_validation_accuracy": 0.3421588594704684,
  "best_validation_disc_loss": 2.8865039713921083,
  "best_validation_gen_loss": 7.081199376813827,
  "best_validation_loss": 7.084831499284314
}