{
  "best_epoch": 9,
  "peak_cpu_memory_MB": 5865.616,
  "peak_gpu_0_memory_MB": 22543,
  "peak_gpu_1_memory_MB": 20139,
  "peak_gpu_2_memory_MB": 20139,
  "peak_gpu_3_memory_MB": 20139,
  "training_duration": "0:08:09.215151",
  "training_start_epoch": 0,
  "training_epochs": 17,
  "epoch": 17,
  "training_accuracy": 0.5139949109414759,
  "training_disc_loss": 1.2981457090377808,
  "training_gen_loss": 6.264140892028808,
  "training_loss": 6.245002233065092,
  "training_cpu_memory_MB": 5865.616,
  "training_gpu_0_memory_MB": 22543,
  "training_gpu_1_memory_MB": 20139,
  "training_gpu_2_memory_MB": 20139,
  "training_gpu_3_memory_MB": 20139,
  "validation_accuracy": 0.3360488798370672,
  "validation_disc_loss": 1.7717546090002982,
  "validation_gen_loss": 6.954400900871523,
  "validation_loss": 6.9574207490490325,
  "best_validation_accuracy": 0.37169042769857435,
  "best_validation_disc_loss": 1.8092729756909032,
  "best_validation_gen_loss": 6.920768637810984,
  "best_validation_loss": 6.923797392076062
}