{
  "best_epoch": 1,
  "peak_cpu_memory_MB": 5501.924,
  "peak_gpu_0_memory_MB": 12645,
  "peak_gpu_1_memory_MB": 21435,
  "peak_gpu_2_memory_MB": 0,
  "peak_gpu_3_memory_MB": 12821,
  "training_duration": "0:01:41.702757",
  "training_start_epoch": 0,
  "training_epochs": 2,
  "epoch": 2,
  "training_accuracy": 0.43256997455470736,
  "training_loss": 1.1042808110897357,
  "training_cpu_memory_MB": 5501.924,
  "training_gpu_0_memory_MB": 12645,
  "training_gpu_1_memory_MB": 21435,
  "training_gpu_2_memory_MB": 0,
  "training_gpu_3_memory_MB": 12821,
  "validation_accuracy": 0.34467651553744266,
  "validation_loss": 1.1081607384479784,
  "best_validation_accuracy": 0.34630667345899135,
  "best_validation_loss": 1.1105529807677874
}