{
  "best_epoch": 10,
  "peak_cpu_memory_MB": 5865.876,
  "peak_gpu_0_memory_MB": 21435,
  "peak_gpu_1_memory_MB": 20139,
  "peak_gpu_2_memory_MB": 20139,
  "peak_gpu_3_memory_MB": 20139,
  "training_duration": "0:05:34.436480",
  "training_start_epoch": 0,
  "training_epochs": 11,
  "epoch": 11,
  "training_accuracy": 0.4198473282442748,
  "training_disc_loss": 1.2643835973739623,
  "training_gen_loss": 6.980036678314209,
  "training_loss": 2.391987580519456,
  "training_cpu_memory_MB": 5865.876,
  "training_gpu_0_memory_MB": 21435,
  "training_gpu_1_memory_MB": 20139,
  "training_gpu_2_memory_MB": 20139,
  "training_gpu_3_memory_MB": 20139,
  "validation_accuracy": 0.3645621181262729,
  "validation_disc_loss": 1.4834971850918186,
  "validation_gen_loss": 7.307092412825553,
  "validation_loss": 2.6452691324295534,
  "best_validation_accuracy": 0.3696537678207739,
  "best_validation_disc_loss": 1.4115465379530383,
  "best_validation_gen_loss": 7.300599813461304,
  "best_validation_loss": 2.586441678385581
}