{
  "best_epoch": 13,
  "peak_cpu_memory_MB": 5865.876,
  "peak_gpu_0_memory_MB": 21435,
  "peak_gpu_1_memory_MB": 20139,
  "peak_gpu_2_memory_MB": 20139,
  "peak_gpu_3_memory_MB": 20139,
  "training_duration": "0:09:14.037645",
  "training_start_epoch": 0,
  "training_epochs": 19,
  "epoch": 19,
  "training_accuracy": 0.48346055979643765,
  "training_disc_loss": 1.1486841034889221,
  "training_gen_loss": 6.816182422637939,
  "training_loss": 2.2801518807044396,
  "training_cpu_memory_MB": 5865.876,
  "training_gpu_0_memory_MB": 21435,
  "training_gpu_1_memory_MB": 20139,
  "training_gpu_2_memory_MB": 20139,
  "training_gpu_3_memory_MB": 20139,
  "validation_accuracy": 0.37474541751527496,
  "validation_disc_loss": 1.4298733790074625,
  "validation_gen_loss": 7.182226396376087,
  "validation_loss": 2.5776495164440525,
  "best_validation_accuracy": 0.384928716904277,
  "best_validation_disc_loss": 1.3715140502299032,
  "best_validation_gen_loss": 7.202465964901831,
  "best_validation_loss": 2.5348615415634645
}