{
  "best_epoch": 13,
  "peak_cpu_memory_MB": 5865.876,
  "peak_gpu_0_memory_MB": 21435,
  "peak_gpu_1_memory_MB": 20139,
  "peak_gpu_2_memory_MB": 20139,
  "peak_gpu_3_memory_MB": 20139,
  "training_duration": "0:07:53.969336",
  "training_start_epoch": 0,
  "training_epochs": 16,
  "epoch": 16,
  "training_accuracy": 0.4961832061068702,
  "training_disc_loss": 1.0845229482650758,
  "training_gen_loss": 6.842185726165772,
  "training_loss": 2.2455184092888465,
  "training_cpu_memory_MB": 5865.876,
  "training_gpu_0_memory_MB": 21435,
  "training_gpu_1_memory_MB": 20139,
  "training_gpu_2_memory_MB": 20139,
  "training_gpu_3_memory_MB": 20139,
  "validation_accuracy": 0.37372708757637474,
  "validation_disc_loss": 1.4266678565932858,
  "validation_gen_loss": 7.186007315112699,
  "validation_loss": 2.5757047437852427,
  "best_validation_accuracy": 0.384928716904277,
  "best_validation_disc_loss": 1.3715140502299032,
  "best_validation_gen_loss": 7.202465964901831,
  "best_validation_loss": 2.5348615415634645
}