{
  "best_epoch": 3,
  "peak_cpu_memory_MB": 5357.324,
  "peak_gpu_0_memory_MB": 12645,
  "peak_gpu_1_memory_MB": 21435,
  "peak_gpu_2_memory_MB": 0,
  "peak_gpu_3_memory_MB": 12821,
  "training_duration": "0:03:02.928658",
  "training_start_epoch": 0,
  "training_epochs": 4,
  "epoch": 4,
  "training_accuracy": 0.9974554707379135,
  "training_loss": 0.028644483536481857,
  "training_cpu_memory_MB": 5357.324,
  "training_gpu_0_memory_MB": 12645,
  "training_gpu_1_memory_MB": 21435,
  "training_gpu_2_memory_MB": 0,
  "training_gpu_3_memory_MB": 12821,
  "validation_accuracy": 0.5989811512990321,
  "validation_loss": 1.4409033672623215,
  "best_validation_accuracy": 0.6051961283749363,
  "best_validation_loss": 1.3968544817902755
}