{
  "best_epoch": 1,
  "peak_cpu_memory_MB": 5357.324,
  "peak_gpu_0_memory_MB": 12645,
  "peak_gpu_1_memory_MB": 21435,
  "peak_gpu_2_memory_MB": 0,
  "peak_gpu_3_memory_MB": 12821,
  "training_duration": "0:01:06.690603",
  "training_start_epoch": 0,
  "training_epochs": 1,
  "epoch": 1,
  "training_accuracy": 0.6870229007633588,
  "training_loss": 0.7354672528230227,
  "training_cpu_memory_MB": 5357.324,
  "training_gpu_0_memory_MB": 12645,
  "training_gpu_1_memory_MB": 21435,
  "training_gpu_2_memory_MB": 0,
  "training_gpu_3_memory_MB": 12821,
  "validation_accuracy": 0.5718797758532858,
  "validation_loss": 0.9735006769627624,
  "best_validation_accuracy": 0.5718797758532858,
  "best_validation_loss": 0.9735006769627624
}