{
  "best_epoch": 0,
  "peak_cpu_memory_MB": 5357.324,
  "peak_gpu_0_memory_MB": 2309,
  "peak_gpu_1_memory_MB": 21435,
  "peak_gpu_2_memory_MB": 0,
  "peak_gpu_3_memory_MB": 12,
  "training_duration": "0:00:30.702985",
  "training_start_epoch": 0,
  "training_epochs": 0,
  "epoch": 0,
  "training_accuracy": 0.3791348600508906,
  "training_loss": 1.0886713403921862,
  "training_cpu_memory_MB": 5357.324,
  "training_gpu_0_memory_MB": 2309,
  "training_gpu_1_memory_MB": 21435,
  "training_gpu_2_memory_MB": 0,
  "training_gpu_3_memory_MB": 12,
  "validation_accuracy": 0.4510443199184921,
  "validation_loss": 1.035654297869058,
  "best_validation_accuracy": 0.4510443199184921,
  "best_validation_loss": 1.035654297869058
}