{
  "best_epoch": 0,
  "peak_cpu_memory_MB": 5866.52,
  "peak_gpu_0_memory_MB": 14587,
  "peak_gpu_1_memory_MB": 13029,
  "peak_gpu_2_memory_MB": 14583,
  "peak_gpu_3_memory_MB": 12,
  "training_duration": "0:01:28.883933",
  "training_start_epoch": 0,
  "training_epochs": 2,
  "epoch": 2,
  "training_accuracy": 0.366412213740458,
  "training_disc_loss": 1.9594549095630647,
  "training_gen_loss": 6.772758674621582,
  "training_loss": 5.5694326972961425,
  "training_cpu_memory_MB": 5866.52,
  "training_gpu_0_memory_MB": 14587,
  "training_gpu_1_memory_MB": 13029,
  "training_gpu_2_memory_MB": 14583,
  "training_gpu_3_memory_MB": 12,
  "validation_accuracy": 0.3604887983706721,
  "validation_disc_loss": 1.5367156964976614,
  "validation_gen_loss": 6.905765281460149,
  "validation_loss": 5.563502912598897,
  "best_validation_accuracy": 0.3635437881873727,
  "best_validation_disc_loss": 2.5036343302184005,
  "best_validation_gen_loss": 7.345259069427242,
  "best_validation_loss": 6.134852866816327
}