{
  "best_epoch": 11,
  "peak_cpu_memory_MB": 5866.52,
  "peak_gpu_0_memory_MB": 14587,
  "peak_gpu_1_memory_MB": 13029,
  "peak_gpu_2_memory_MB": 14583,
  "peak_gpu_3_memory_MB": 12,
  "training_duration": "0:11:10.214066",
  "training_start_epoch": 0,
  "training_epochs": 20,
  "epoch": 20,
  "training_accuracy": 0.9592875318066157,
  "training_disc_loss": 0.15089369042776524,
  "training_gen_loss": 5.661178932189942,
  "training_loss": 4.283607625961304,
  "training_cpu_memory_MB": 5866.52,
  "training_gpu_0_memory_MB": 14587,
  "training_gpu_1_memory_MB": 13029,
  "training_gpu_2_memory_MB": 14583,
  "training_gpu_3_memory_MB": 12,
  "validation_accuracy": 0.3340122199592668,
  "validation_disc_loss": 14.058855750696447,
  "validation_gen_loss": 8.946977890603911,
  "validation_loss": 10.224947355627044,
  "best_validation_accuracy": 0.4093686354378819,
  "best_validation_disc_loss": 2.360852146294059,
  "best_validation_gen_loss": 7.205273643741763,
  "best_validation_loss": 5.994168281555176
}