{
  "best_epoch": 11,
  "peak_cpu_memory_MB": 5866.52,
  "peak_gpu_0_memory_MB": 14587,
  "peak_gpu_1_memory_MB": 13029,
  "peak_gpu_2_memory_MB": 14583,
  "peak_gpu_3_memory_MB": 12,
  "training_duration": "0:09:36.131681",
  "training_start_epoch": 0,
  "training_epochs": 17,
  "epoch": 17,
  "training_accuracy": 0.8753180661577609,
  "training_disc_loss": 0.3397348963096738,
  "training_gen_loss": 5.820611057281494,
  "training_loss": 4.4503920459747315,
  "training_cpu_memory_MB": 5866.52,
  "training_gpu_0_memory_MB": 14587,
  "training_gpu_1_memory_MB": 13029,
  "training_gpu_2_memory_MB": 14583,
  "training_gpu_3_memory_MB": 12,
  "validation_accuracy": 0.3940936863543788,
  "validation_disc_loss": 2.72760169195935,
  "validation_gen_loss": 7.754321544150996,
  "validation_loss": 6.497641555662078,
  "best_validation_accuracy": 0.4093686354378819,
  "best_validation_disc_loss": 2.360852146294059,
  "best_validation_gen_loss": 7.205273643741763,
  "best_validation_loss": 5.994168281555176
}