{
  "best_epoch": 11,
  "peak_cpu_memory_MB": 5866.52,
  "peak_gpu_0_memory_MB": 14587,
  "peak_gpu_1_memory_MB": 13029,
  "peak_gpu_2_memory_MB": 14583,
  "peak_gpu_3_memory_MB": 12,
  "training_duration": "0:10:07.368913",
  "training_start_epoch": 0,
  "training_epochs": 18,
  "epoch": 18,
  "training_accuracy": 0.9363867684478372,
  "training_disc_loss": 0.1984163278201595,
  "training_gen_loss": 5.72888819694519,
  "training_loss": 4.346270227432251,
  "training_cpu_memory_MB": 5866.52,
  "training_gpu_0_memory_MB": 14587,
  "training_gpu_1_memory_MB": 13029,
  "training_gpu_2_memory_MB": 14583,
  "training_gpu_3_memory_MB": 12,
  "validation_accuracy": 0.3421588594704684,
  "validation_disc_loss": 8.357491312957391,
  "validation_gen_loss": 8.52591284697618,
  "validation_loss": 8.483807474617066,
  "best_validation_accuracy": 0.4093686354378819,
  "best_validation_disc_loss": 2.360852146294059,
  "best_validation_gen_loss": 7.205273643741763,
  "best_validation_loss": 5.994168281555176
}