{
  "best_epoch": 11,
  "peak_cpu_memory_MB": 5866.52,
  "peak_gpu_0_memory_MB": 14587,
  "peak_gpu_1_memory_MB": 13029,
  "peak_gpu_2_memory_MB": 14583,
  "peak_gpu_3_memory_MB": 12,
  "training_duration": "0:08:32.985379",
  "training_start_epoch": 0,
  "training_epochs": 15,
  "epoch": 15,
  "training_accuracy": 0.9083969465648855,
  "training_disc_loss": 0.24654093165881932,
  "training_gen_loss": 5.823565521240234,
  "training_loss": 4.429309396743775,
  "training_cpu_memory_MB": 5866.52,
  "training_gpu_0_memory_MB": 14587,
  "training_gpu_1_memory_MB": 13029,
  "training_gpu_2_memory_MB": 14583,
  "training_gpu_3_memory_MB": 12,
  "validation_accuracy": 0.37678207739307534,
  "validation_disc_loss": 3.3740403875102842,
  "validation_gen_loss": 7.71372707878671,
  "validation_loss": 6.62880545515355,
  "best_validation_accuracy": 0.4093686354378819,
  "best_validation_disc_loss": 2.360852146294059,
  "best_validation_gen_loss": 7.205273643741763,
  "best_validation_loss": 5.994168281555176
}