{
  "best_epoch": 5,
  "peak_cpu_memory_MB": 5866.52,
  "peak_gpu_0_memory_MB": 14587,
  "peak_gpu_1_memory_MB": 13029,
  "peak_gpu_2_memory_MB": 14583,
  "peak_gpu_3_memory_MB": 12,
  "training_duration": "0:05:20.311088",
  "training_start_epoch": 0,
  "training_epochs": 9,
  "epoch": 9,
  "training_accuracy": 0.6793893129770993,
  "training_disc_loss": 0.8584046342968941,
  "training_gen_loss": 6.156821126937866,
  "training_loss": 4.832217073440551,
  "training_cpu_memory_MB": 5866.52,
  "training_gpu_0_memory_MB": 14587,
  "training_gpu_1_memory_MB": 13029,
  "training_gpu_2_memory_MB": 14583,
  "training_gpu_3_memory_MB": 12,
  "validation_accuracy": 0.390020366598778,
  "validation_disc_loss": 1.7869021252888004,
  "validation_gen_loss": 7.001058593998111,
  "validation_loss": 5.697519469067333,
  "best_validation_accuracy": 0.395112016293279,
  "best_validation_disc_loss": 1.4689504198911714,
  "best_validation_gen_loss": 6.860647344976906,
  "best_validation_loss": 5.512723096987096
}