{
  "best_epoch": 0,
  "peak_cpu_memory_MB": 5866.52,
  "peak_gpu_0_memory_MB": 2617,
  "peak_gpu_1_memory_MB": 13029,
  "peak_gpu_2_memory_MB": 14583,
  "peak_gpu_3_memory_MB": 12,
  "training_duration": "0:00:25.700459",
  "training_start_epoch": 0,
  "training_epochs": 0,
  "epoch": 0,
  "training_accuracy": 0.361323155216285,
  "training_disc_loss": 10.050685775279998,
  "training_gen_loss": 10.390853519439696,
  "training_loss": 10.305811595916747,
  "training_cpu_memory_MB": 5866.52,
  "training_gpu_0_memory_MB": 2617,
  "training_gpu_1_memory_MB": 13029,
  "training_gpu_2_memory_MB": 14583,
  "training_gpu_3_memory_MB": 12,
  "validation_accuracy": 0.3635437881873727,
  "validation_disc_loss": 2.5036343302184005,
  "validation_gen_loss": 7.345259069427242,
  "validation_loss": 6.134852866816327,
  "best_validation_accuracy": 0.3635437881873727,
  "best_validation_disc_loss": 2.5036343302184005,
  "best_validation_gen_loss": 7.345259069427242,
  "best_validation_loss": 6.134852866816327
}