{
  "best_epoch": 5,
  "peak_cpu_memory_MB": 5866.52,
  "peak_gpu_0_memory_MB": 14587,
  "peak_gpu_1_memory_MB": 13029,
  "peak_gpu_2_memory_MB": 14583,
  "peak_gpu_3_memory_MB": 12,
  "training_duration": "0:03:03.266190",
  "training_start_epoch": 0,
  "training_epochs": 5,
  "epoch": 5,
  "training_accuracy": 0.49872773536895676,
  "training_disc_loss": 1.3708273208141326,
  "training_gen_loss": 6.467000036239624,
  "training_loss": 5.192956852912903,
  "training_cpu_memory_MB": 5866.52,
  "training_gpu_0_memory_MB": 14587,
  "training_gpu_1_memory_MB": 13029,
  "training_gpu_2_memory_MB": 14583,
  "training_gpu_3_memory_MB": 12,
  "validation_accuracy": 0.395112016293279,
  "validation_disc_loss": 1.4689504198911714,
  "validation_gen_loss": 6.860647344976906,
  "validation_loss": 5.512723096987096,
  "best_validation_accuracy": 0.395112016293279,
  "best_validation_disc_loss": 1.4689504198911714,
  "best_validation_gen_loss": 6.860647344976906,
  "best_validation_loss": 5.512723096987096
}