{
  "best_epoch": 5,
  "peak_cpu_memory_MB": 5866.52,
  "peak_gpu_0_memory_MB": 14587,
  "peak_gpu_1_memory_MB": 13029,
  "peak_gpu_2_memory_MB": 14583,
  "peak_gpu_3_memory_MB": 12,
  "training_duration": "0:03:46.515882",
  "training_start_epoch": 0,
  "training_epochs": 6,
  "epoch": 6,
  "training_accuracy": 0.5343511450381679,
  "training_disc_loss": 1.1987412512302398,
  "training_gen_loss": 6.329214448928833,
  "training_loss": 5.046596164703369,
  "training_cpu_memory_MB": 5866.52,
  "training_gpu_0_memory_MB": 14587,
  "training_gpu_1_memory_MB": 13029,
  "training_gpu_2_memory_MB": 14583,
  "training_gpu_3_memory_MB": 12,
  "validation_accuracy": 0.35539714867617106,
  "validation_disc_loss": 1.6835001144951922,
  "validation_gen_loss": 6.915262148632267,
  "validation_loss": 5.6073216461553805,
  "best_validation_accuracy": 0.395112016293279,
  "best_validation_disc_loss": 1.4689504198911714,
  "best_validation_gen_loss": 6.860647344976906,
  "best_validation_loss": 5.512723096987096
}