{
  "best_epoch": 5,
  "peak_cpu_memory_MB": 5866.52,
  "peak_gpu_0_memory_MB": 14587,
  "peak_gpu_1_memory_MB": 13029,
  "peak_gpu_2_memory_MB": 14583,
  "peak_gpu_3_memory_MB": 12,
  "training_duration": "0:04:17.949421",
  "training_start_epoch": 0,
  "training_epochs": 7,
  "epoch": 7,
  "training_accuracy": 0.5470737913486005,
  "training_disc_loss": 1.1484658497571945,
  "training_gen_loss": 6.295432729721069,
  "training_loss": 5.008690977096558,
  "training_cpu_memory_MB": 5866.52,
  "training_gpu_0_memory_MB": 14587,
  "training_gpu_1_memory_MB": 13029,
  "training_gpu_2_memory_MB": 14583,
  "training_gpu_3_memory_MB": 12,
  "validation_accuracy": 0.36863543788187375,
  "validation_disc_loss": 1.7279740164919597,
  "validation_gen_loss": 6.937468086800924,
  "validation_loss": 5.635094549597763,
  "best_validation_accuracy": 0.395112016293279,
  "best_validation_disc_loss": 1.4689504198911714,
  "best_validation_gen_loss": 6.860647344976906,
  "best_validation_loss": 5.512723096987096
}