{
  "best_epoch": 11,
  "peak_cpu_memory_MB": 5866.52,
  "peak_gpu_0_memory_MB": 14587,
  "peak_gpu_1_memory_MB": 13029,
  "peak_gpu_2_memory_MB": 14583,
  "peak_gpu_3_memory_MB": 12,
  "training_duration": "0:12:12.684426",
  "training_start_epoch": 0,
  "training_epochs": 22,
  "epoch": 22,
  "training_accuracy": 0.9491094147582697,
  "training_disc_loss": 0.16150912716540006,
  "training_gen_loss": 5.703451795578003,
  "training_loss": 4.317966165542603,
  "training_cpu_memory_MB": 5866.52,
  "training_gpu_0_memory_MB": 14587,
  "training_gpu_1_memory_MB": 13029,
  "training_gpu_2_memory_MB": 14583,
  "training_gpu_3_memory_MB": 12,
  "validation_accuracy": 0.37372708757637474,
  "validation_disc_loss": 2.578136566935516,
  "validation_gen_loss": 7.934798946225547,
  "validation_loss": 6.595633386596432,
  "best_validation_accuracy": 0.4093686354378819,
  "best_validation_disc_loss": 2.360852146294059,
  "best_validation_gen_loss": 7.205273643741763,
  "best_validation_loss": 5.994168281555176
}