{
  "best_epoch": 6,
  "peak_cpu_memory_MB": 5867.108,
  "peak_gpu_0_memory_MB": 13847,
  "peak_gpu_1_memory_MB": 13845,
  "peak_gpu_2_memory_MB": 13845,
  "peak_gpu_3_memory_MB": 21435,
  "training_duration": "0:05:42.365435",
  "training_start_epoch": 0,
  "training_epochs": 10,
  "epoch": 10,
  "training_accuracy": 0.55470737913486,
  "training_disc_loss": 1.2258636239171028,
  "training_gen_loss": 5.579668378829956,
  "training_loss": 5.579668378829956,
  "training_cpu_memory_MB": 5867.108,
  "training_gpu_0_memory_MB": 13847,
  "training_gpu_1_memory_MB": 13845,
  "training_gpu_2_memory_MB": 12,
  "training_gpu_3_memory_MB": 21435,
  "validation_accuracy": 0.3543788187372709,
  "validation_disc_loss": 2.065884582395476,
  "validation_gen_loss": 9.289675239625016,
  "validation_loss": 9.289675239625016,
  "best_validation_accuracy": 0.3574338085539715,
  "best_validation_disc_loss": 3.019808355385695,
  "best_validation_gen_loss": 9.464301760603743,
  "best_validation_loss": 9.464301760603743
}