{
  "best_epoch": 6,
  "peak_cpu_memory_MB": 5867.108,
  "peak_gpu_0_memory_MB": 13847,
  "peak_gpu_1_memory_MB": 13845,
  "peak_gpu_2_memory_MB": 13845,
  "peak_gpu_3_memory_MB": 21435,
  "training_duration": "0:05:11.473960",
  "training_start_epoch": 0,
  "training_epochs": 9,
  "epoch": 9,
  "training_accuracy": 0.5089058524173028,
  "training_disc_loss": 1.4253250527381898,
  "training_gen_loss": 5.623461074829102,
  "training_loss": 5.623461074829102,
  "training_cpu_memory_MB": 5867.108,
  "training_gpu_0_memory_MB": 13847,
  "training_gpu_1_memory_MB": 13845,
  "training_gpu_2_memory_MB": 13845,
  "training_gpu_3_memory_MB": 21435,
  "validation_accuracy": 0.335030549898167,
  "validation_disc_loss": 1.9692963768796223,
  "validation_gen_loss": 8.246418317159018,
  "validation_loss": 8.246418317159018,
  "best_validation_accuracy": 0.3574338085539715,
  "best_validation_disc_loss": 3.019808355385695,
  "best_validation_gen_loss": 9.464301760603743,
  "best_validation_loss": 9.464301760603743
}