{
  "best_epoch": 12,
  "peak_cpu_memory_MB": 5867.108,
  "peak_gpu_0_memory_MB": 13847,
  "peak_gpu_1_memory_MB": 13845,
  "peak_gpu_2_memory_MB": 13845,
  "peak_gpu_3_memory_MB": 21435,
  "training_duration": "0:06:44.485711",
  "training_start_epoch": 0,
  "training_epochs": 12,
  "epoch": 12,
  "training_accuracy": 0.7251908396946565,
  "training_disc_loss": 0.8666802209615707,
  "training_gen_loss": 5.4841745090484615,
  "training_loss": 5.4841745090484615,
  "training_cpu_memory_MB": 5867.108,
  "training_gpu_0_memory_MB": 13847,
  "training_gpu_1_memory_MB": 13845,
  "training_gpu_2_memory_MB": 13845,
  "training_gpu_3_memory_MB": 21435,
  "validation_accuracy": 0.38085539714867617,
  "validation_disc_loss": 1.7757837360467368,
  "validation_gen_loss": 8.532208597756982,
  "validation_loss": 8.532208597756982,
  "best_validation_accuracy": 0.38085539714867617,
  "best_validation_disc_loss": 1.7757837360467368,
  "best_validation_gen_loss": 8.532208597756982,
  "best_validation_loss": 8.532208597756982
}