{
  "best_epoch": 12,
  "peak_cpu_memory_MB": 5867.616,
  "peak_gpu_0_memory_MB": 21435,
  "peak_gpu_1_memory_MB": 20139,
  "peak_gpu_2_memory_MB": 20139,
  "peak_gpu_3_memory_MB": 20139,
  "training_duration": "0:05:56.721315",
  "training_start_epoch": 0,
  "training_epochs": 12,
  "epoch": 12,
  "training_accuracy": 0.5674300254452926,
  "training_disc_loss": 1.3139947843551636,
  "training_gen_loss": 6.595801162719726,
  "training_loss": 5.285156836876502,
  "training_cpu_memory_MB": 5867.616,
  "training_gpu_0_memory_MB": 21435,
  "training_gpu_1_memory_MB": 20139,
  "training_gpu_2_memory_MB": 20139,
  "training_gpu_3_memory_MB": 20139,
  "validation_accuracy": 0.37372708757637474,
  "validation_disc_loss": 2.08621516343086,
  "validation_gen_loss": 6.956003627469463,
  "validation_loss": 5.738343854104319,
  "best_validation_accuracy": 0.37372708757637474,
  "best_validation_disc_loss": 2.08621516343086,
  "best_validation_gen_loss": 6.956003627469463,
  "best_validation_loss": 5.738343854104319
}