{
  "best_epoch": 3,
  "peak_cpu_memory_MB": 5867.616,
  "peak_gpu_0_memory_MB": 21435,
  "peak_gpu_1_memory_MB": 20139,
  "peak_gpu_2_memory_MB": 20139,
  "peak_gpu_3_memory_MB": 20139,
  "training_duration": "0:03:11.451798",
  "training_start_epoch": 0,
  "training_epochs": 6,
  "epoch": 6,
  "training_accuracy": 0.4122137404580153,
  "training_disc_loss": 2.096228346824646,
  "training_gen_loss": 6.862153759002686,
  "training_loss": 5.6542469171377325,
  "training_cpu_memory_MB": 5867.616,
  "training_gpu_0_memory_MB": 21435,
  "training_gpu_1_memory_MB": 20139,
  "training_gpu_2_memory_MB": 20139,
  "training_gpu_3_memory_MB": 20139,
  "validation_accuracy": 0.3625254582484725,
  "validation_disc_loss": 2.201524349950975,
  "validation_gen_loss": 7.047470415792158,
  "validation_loss": 5.836921691894531,
  "best_validation_accuracy": 0.3665987780040733,
  "best_validation_disc_loss": 3.0995440771502833,
  "best_validation_gen_loss": 7.325921858510664,
  "best_validation_loss": 6.270384357821557
}