{
  "best_epoch": 12,
  "peak_cpu_memory_MB": 5867.616,
  "peak_gpu_0_memory_MB": 21435,
  "peak_gpu_1_memory_MB": 20139,
  "peak_gpu_2_memory_MB": 20139,
  "peak_gpu_3_memory_MB": 20139,
  "training_duration": "0:06:27.883499",
  "training_start_epoch": 0,
  "training_epochs": 13,
  "epoch": 13,
  "training_accuracy": 0.6259541984732825,
  "training_disc_loss": 1.1567601561546326,
  "training_gen_loss": 6.565785446166992,
  "training_loss": 5.206237059373122,
  "training_cpu_memory_MB": 5867.616,
  "training_gpu_0_memory_MB": 21435,
  "training_gpu_1_memory_MB": 20139,
  "training_gpu_2_memory_MB": 20139,
  "training_gpu_3_memory_MB": 20139,
  "validation_accuracy": 0.3513238289205703,
  "validation_disc_loss": 3.591742942410131,
  "validation_gen_loss": 7.218153515169697,
  "validation_loss": 6.311993522028769,
  "best_validation_accuracy": 0.37372708757637474,
  "best_validation_disc_loss": 2.08621516343086,
  "best_validation_gen_loss": 6.956003627469463,
  "best_validation_loss": 5.738343854104319
}