{
  "best_epoch": 14,
  "peak_cpu_memory_MB": 5867.616,
  "peak_gpu_0_memory_MB": 21435,
  "peak_gpu_1_memory_MB": 20139,
  "peak_gpu_2_memory_MB": 20139,
  "peak_gpu_3_memory_MB": 20139,
  "training_duration": "0:07:53.844044",
  "training_start_epoch": 0,
  "training_epochs": 16,
  "epoch": 16,
  "training_accuracy": 0.648854961832061,
  "training_disc_loss": 0.9187719309329987,
  "training_gen_loss": 6.50027738571167,
  "training_loss": 5.099752609546368,
  "training_cpu_memory_MB": 5867.616,
  "training_gpu_0_memory_MB": 21435,
  "training_gpu_1_memory_MB": 20139,
  "training_gpu_2_memory_MB": 20139,
  "training_gpu_3_memory_MB": 20139,
  "validation_accuracy": 0.36761710794297353,
  "validation_disc_loss": 2.006124396477976,
  "validation_gen_loss": 7.182642229141727,
  "validation_loss": 5.890284984342514,
  "best_validation_accuracy": 0.37474541751527496,
  "best_validation_disc_loss": 2.009785633894705,
  "best_validation_gen_loss": 7.0044307478012575,
  "best_validation_loss": 5.758013694517074
}