{
  "best_epoch": 7,
  "peak_cpu_memory_MB": 5867.616,
  "peak_gpu_0_memory_MB": 21435,
  "peak_gpu_1_memory_MB": 20139,
  "peak_gpu_2_memory_MB": 20139,
  "peak_gpu_3_memory_MB": 20139,
  "training_duration": "0:04:09.740464",
  "training_start_epoch": 0,
  "training_epochs": 8,
  "epoch": 8,
  "training_accuracy": 0.5012722646310432,
  "training_disc_loss": 1.5855983257293702,
  "training_gen_loss": 6.721508998870849,
  "training_loss": 5.430895731999324,
  "training_cpu_memory_MB": 5867.616,
  "training_gpu_0_memory_MB": 21435,
  "training_gpu_1_memory_MB": 20139,
  "training_gpu_2_memory_MB": 20139,
  "training_gpu_3_memory_MB": 20139,
  "validation_accuracy": 0.35539714867617106,
  "validation_disc_loss": 2.1389408380754533,
  "validation_gen_loss": 6.99192052502786,
  "validation_loss": 5.781063202888735,
  "best_validation_accuracy": 0.36761710794297353,
  "best_validation_disc_loss": 2.1970635979406294,
  "best_validation_gen_loss": 7.123960202740085,
  "best_validation_loss": 5.894918103371897
}