{
  "best_epoch": 1,
  "peak_cpu_memory_MB": 5867.616,
  "peak_gpu_0_memory_MB": 21435,
  "peak_gpu_1_memory_MB": 20139,
  "peak_gpu_2_memory_MB": 20139,
  "peak_gpu_3_memory_MB": 20139,
  "training_duration": "0:00:49.082508",
  "training_start_epoch": 0,
  "training_epochs": 1,
  "epoch": 1,
  "training_accuracy": 0.37150127226463103,
  "training_disc_loss": 9.044923501610755,
  "training_gen_loss": 9.527597618103027,
  "training_loss": 9.283007034888634,
  "training_cpu_memory_MB": 5867.616,
  "training_gpu_0_memory_MB": 21435,
  "training_gpu_1_memory_MB": 20139,
  "training_gpu_2_memory_MB": 20139,
  "training_gpu_3_memory_MB": 20139,
  "validation_accuracy": 0.35234215885947046,
  "validation_disc_loss": 4.117422542264385,
  "validation_gen_loss": 8.355880975723267,
  "validation_loss": 7.297340777612502,
  "best_validation_accuracy": 0.35234215885947046,
  "best_validation_disc_loss": 4.117422542264385,
  "best_validation_gen_loss": 8.355880975723267,
  "best_validation_loss": 7.297340777612502
}