{
  "best_epoch": 14,
  "peak_cpu_memory_MB": 5867.616,
  "peak_gpu_0_memory_MB": 21435,
  "peak_gpu_1_memory_MB": 20139,
  "peak_gpu_2_memory_MB": 20139,
  "peak_gpu_3_memory_MB": 20139,
  "training_duration": "0:08:20.450704",
  "training_start_epoch": 0,
  "training_epochs": 17,
  "epoch": 17,
  "training_accuracy": 0.6463104325699746,
  "training_disc_loss": 0.9210617363452911,
  "training_gen_loss": 6.474994297027588,
  "training_loss": 5.068594565758338,
  "training_cpu_memory_MB": 5867.616,
  "training_gpu_0_memory_MB": 21435,
  "training_gpu_1_memory_MB": 20139,
  "training_gpu_2_memory_MB": 20139,
  "training_gpu_3_memory_MB": 20139,
  "validation_accuracy": 0.34521384928716903,
  "validation_disc_loss": 3.276779309395821,
  "validation_gen_loss": 7.235141608022874,
  "validation_loss": 6.2516034187809115,
  "best_validation_accuracy": 0.37474541751527496,
  "best_validation_disc_loss": 2.009785633894705,
  "best_validation_gen_loss": 7.0044307478012575,
  "best_validation_loss": 5.758013694517074
}