{
  "best_epoch": 18,
  "peak_cpu_memory_MB": 5867.616,
  "peak_gpu_0_memory_MB": 21435,
  "peak_gpu_1_memory_MB": 20139,
  "peak_gpu_2_memory_MB": 20139,
  "peak_gpu_3_memory_MB": 20139,
  "training_duration": "0:08:47.129839",
  "training_start_epoch": 0,
  "training_epochs": 18,
  "epoch": 18,
  "training_accuracy": 0.6743002544529262,
  "training_disc_loss": 0.9339991438388825,
  "training_gen_loss": 6.468194026947021,
  "training_loss": 5.083304405212402,
  "training_cpu_memory_MB": 5867.616,
  "training_gpu_0_memory_MB": 21435,
  "training_gpu_1_memory_MB": 20139,
  "training_gpu_2_memory_MB": 20139,
  "training_gpu_3_memory_MB": 20139,
  "validation_accuracy": 0.37678207739307534,
  "validation_disc_loss": 2.0372827399161553,
  "validation_gen_loss": 6.98937193809017,
  "validation_loss": 5.754125364365116,
  "best_validation_accuracy": 0.37678207739307534,
  "best_validation_disc_loss": 2.0372827399161553,
  "best_validation_gen_loss": 6.98937193809017,
  "best_validation_loss": 5.754125364365116
}