{
  "best_epoch": 9,
  "peak_cpu_memory_MB": 5867.68,
  "peak_gpu_0_memory_MB": 22543,
  "peak_gpu_1_memory_MB": 20139,
  "peak_gpu_2_memory_MB": 20139,
  "peak_gpu_3_memory_MB": 20139,
  "training_duration": "0:04:31.769476",
  "training_start_epoch": 0,
  "training_epochs": 9,
  "epoch": 9,
  "training_accuracy": 0.3256997455470738,
  "training_disc_loss": 2.300057020187378,
  "training_gen_loss": 6.488134021759033,
  "training_loss": 6.491052150726318,
  "training_cpu_memory_MB": 5867.68,
  "training_gpu_0_memory_MB": 22543,
  "training_gpu_1_memory_MB": 20139,
  "training_gpu_2_memory_MB": 20139,
  "training_gpu_3_memory_MB": 20139,
  "validation_accuracy": 0.34521384928716903,
  "validation_disc_loss": 2.013834370720771,
  "validation_gen_loss": 7.123288562220912,
  "validation_loss": 7.126558026959819,
  "best_validation_accuracy": 0.34521384928716903,
  "best_validation_disc_loss": 2.013834370720771,
  "best_validation_gen_loss": 7.123288562220912,
  "best_validation_loss": 7.126558026959819
}