{
  "best_epoch": 1,
  "peak_cpu_memory_MB": 5867.68,
  "peak_gpu_0_memory_MB": 22297,
  "peak_gpu_1_memory_MB": 20139,
  "peak_gpu_2_memory_MB": 20139,
  "peak_gpu_3_memory_MB": 20139,
  "training_duration": "0:00:48.345032",
  "training_start_epoch": 0,
  "training_epochs": 1,
  "epoch": 1,
  "training_accuracy": 0.3384223918575064,
  "training_disc_loss": 6.665933151245117,
  "training_gen_loss": 8.425381240844727,
  "training_loss": 8.41114403651311,
  "training_cpu_memory_MB": 5867.68,
  "training_gpu_0_memory_MB": 22297,
  "training_gpu_1_memory_MB": 20139,
  "training_gpu_2_memory_MB": 20139,
  "training_gpu_3_memory_MB": 20139,
  "validation_accuracy": 0.3391038696537678,
  "validation_disc_loss": 4.115528422017252,
  "validation_gen_loss": 7.671963045673985,
  "validation_loss": 7.6750168338898686,
  "best_validation_accuracy": 0.3391038696537678,
  "best_validation_disc_loss": 4.115528422017252,
  "best_validation_gen_loss": 7.671963045673985,
  "best_validation_loss": 7.6750168338898686
}