{
  "best_epoch": 21,
  "peak_cpu_memory_MB": 5867.68,
  "peak_gpu_0_memory_MB": 22543,
  "peak_gpu_1_memory_MB": 20139,
  "peak_gpu_2_memory_MB": 20139,
  "peak_gpu_3_memory_MB": 20139,
  "training_duration": "0:12:46.614422",
  "training_start_epoch": 0,
  "training_epochs": 27,
  "epoch": 27,
  "training_accuracy": 0.42493638676844786,
  "training_disc_loss": 1.5632315063476563,
  "training_gen_loss": 6.185739974975586,
  "training_loss": 6.186600061563345,
  "training_cpu_memory_MB": 5867.68,
  "training_gpu_0_memory_MB": 22543,
  "training_gpu_1_memory_MB": 20139,
  "training_gpu_2_memory_MB": 20139,
  "training_gpu_3_memory_MB": 20139,
  "validation_accuracy": 0.3380855397148676,
  "validation_disc_loss": 2.3735012277480094,
  "validation_gen_loss": 7.753164968182964,
  "validation_loss": 7.756237983703613,
  "best_validation_accuracy": 0.37474541751527496,
  "best_validation_disc_loss": 2.2811298562634374,
  "best_validation_gen_loss": 7.670220490424864,
  "best_validation_loss": 7.673815727233887
}