{
  "best_epoch": 1,
  "peak_cpu_memory_MB": 5867.68,
  "peak_gpu_0_memory_MB": 22543,
  "peak_gpu_1_memory_MB": 20139,
  "peak_gpu_2_memory_MB": 20139,
  "peak_gpu_3_memory_MB": 20139,
  "training_duration": "0:01:20.810872",
  "training_start_epoch": 0,
  "training_epochs": 2,
  "epoch": 2,
  "training_accuracy": 0.3333333333333333,
  "training_disc_loss": 4.060668334960938,
  "training_gen_loss": 7.3006869888305665,
  "training_loss": 7.2873448591965895,
  "training_cpu_memory_MB": 5867.68,
  "training_gpu_0_memory_MB": 22543,
  "training_gpu_1_memory_MB": 20139,
  "training_gpu_2_memory_MB": 20139,
  "training_gpu_3_memory_MB": 20139,
  "validation_accuracy": 0.31568228105906315,
  "validation_disc_loss": 2.798535079725327,
  "validation_gen_loss": 7.255106910582511,
  "validation_loss": 7.258908917826991,
  "best_validation_accuracy": 0.3391038696537678,
  "best_validation_disc_loss": 4.115528422017252,
  "best_validation_gen_loss": 7.671963045673985,
  "best_validation_loss": 7.6750168338898686
}