{
  "best_epoch": 13,
  "peak_cpu_memory_MB": 5867.68,
  "peak_gpu_0_memory_MB": 22543,
  "peak_gpu_1_memory_MB": 20139,
  "peak_gpu_2_memory_MB": 20139,
  "peak_gpu_3_memory_MB": 20139,
  "training_duration": "0:09:05.470716",
  "training_start_epoch": 0,
  "training_epochs": 19,
  "epoch": 19,
  "training_accuracy": 0.43765903307888043,
  "training_disc_loss": 1.6995084404945373,
  "training_gen_loss": 6.240444374084473,
  "training_loss": 6.221900646503155,
  "training_cpu_memory_MB": 5867.68,
  "training_gpu_0_memory_MB": 22543,
  "training_gpu_1_memory_MB": 20139,
  "training_gpu_2_memory_MB": 20139,
  "training_gpu_3_memory_MB": 20139,
  "validation_accuracy": 0.3625254582484725,
  "validation_disc_loss": 2.1749555853105362,
  "validation_gen_loss": 7.664990055945612,
  "validation_loss": 7.668576378976145,
  "best_validation_accuracy": 0.3625254582484725,
  "best_validation_disc_loss": 1.3717370283219121,
  "best_validation_gen_loss": 7.4291679243887625,
  "best_validation_loss": 7.432680453023603
}