{
  "best_epoch": 9,
  "peak_cpu_memory_MB": 5867.68,
  "peak_gpu_0_memory_MB": 22543,
  "peak_gpu_1_memory_MB": 20139,
  "peak_gpu_2_memory_MB": 20139,
  "peak_gpu_3_memory_MB": 20139,
  "training_duration": "0:05:28.790155",
  "training_start_epoch": 0,
  "training_epochs": 11,
  "epoch": 11,
  "training_accuracy": 0.366412213740458,
  "training_disc_loss": 2.2425092124938963,
  "training_gen_loss": 6.436966667175293,
  "training_loss": 6.430100220900315,
  "training_cpu_memory_MB": 5867.68,
  "training_gpu_0_memory_MB": 22543,
  "training_gpu_1_memory_MB": 20139,
  "training_gpu_2_memory_MB": 20139,
  "training_gpu_3_memory_MB": 20139,
  "validation_accuracy": 0.329938900203666,
  "validation_disc_loss": 1.7211226609445387,
  "validation_gen_loss": 7.3254790383000525,
  "validation_loss": 7.328973262540756,
  "best_validation_accuracy": 0.34521384928716903,
  "best_validation_disc_loss": 2.013834370720771,
  "best_validation_gen_loss": 7.123288562220912,
  "best_validation_loss": 7.126558026959819
}