{
  "best_epoch": 1,
  "peak_cpu_memory_MB": 5867.68,
  "peak_gpu_0_memory_MB": 22543,
  "peak_gpu_1_memory_MB": 20139,
  "peak_gpu_2_memory_MB": 20139,
  "peak_gpu_3_memory_MB": 20139,
  "training_duration": "0:02:13.403844",
  "training_start_epoch": 0,
  "training_epochs": 4,
  "epoch": 4,
  "training_accuracy": 0.3155216284987277,
  "training_disc_loss": 2.828463134765625,
  "training_gen_loss": 6.774976444244385,
  "training_loss": 6.76909586099478,
  "training_cpu_memory_MB": 5867.68,
  "training_gpu_0_memory_MB": 22543,
  "training_gpu_1_memory_MB": 20139,
  "training_gpu_2_memory_MB": 20139,
  "training_gpu_3_memory_MB": 20139,
  "validation_accuracy": 0.3289205702647658,
  "validation_disc_loss": 3.072904025354693,
  "validation_gen_loss": 7.301046186877835,
  "validation_loss": 7.304554585487612,
  "best_validation_accuracy": 0.3391038696537678,
  "best_validation_disc_loss": 4.115528422017252,
  "best_validation_gen_loss": 7.671963045673985,
  "best_validation_loss": 7.6750168338898686
}