{
  "best_epoch": 13,
  "peak_cpu_memory_MB": 5867.68,
  "peak_gpu_0_memory_MB": 22543,
  "peak_gpu_1_memory_MB": 20139,
  "peak_gpu_2_memory_MB": 20139,
  "peak_gpu_3_memory_MB": 20139,
  "training_duration": "0:07:19.583323",
  "training_start_epoch": 0,
  "training_epochs": 15,
  "epoch": 15,
  "training_accuracy": 0.40458015267175573,
  "training_disc_loss": 1.7270749354362487,
  "training_gen_loss": 6.3228593444824215,
  "training_loss": 6.3339822842524605,
  "training_cpu_memory_MB": 5867.68,
  "training_gpu_0_memory_MB": 22543,
  "training_gpu_1_memory_MB": 20139,
  "training_gpu_2_memory_MB": 20139,
  "training_gpu_3_memory_MB": 20139,
  "validation_accuracy": 0.34012219959266804,
  "validation_disc_loss": 1.9377503106670995,
  "validation_gen_loss": 7.429667388239214,
  "validation_loss": 7.432894060688634,
  "best_validation_accuracy": 0.3625254582484725,
  "best_validation_disc_loss": 1.3717370283219121,
  "best_validation_gen_loss": 7.4291679243887625,
  "best_validation_loss": 7.432680453023603
}