{
  "best_epoch": 9,
  "peak_cpu_memory_MB": 5867.68,
  "peak_gpu_0_memory_MB": 22543,
  "peak_gpu_1_memory_MB": 20139,
  "peak_gpu_2_memory_MB": 20139,
  "peak_gpu_3_memory_MB": 20139,
  "training_duration": "0:05:02.416247",
  "training_start_epoch": 0,
  "training_epochs": 10,
  "epoch": 10,
  "training_accuracy": 0.32061068702290074,
  "training_disc_loss": 2.6744616079330443,
  "training_gen_loss": 6.500062427520752,
  "training_loss": 6.489102143507737,
  "training_cpu_memory_MB": 5867.68,
  "training_gpu_0_memory_MB": 22543,
  "training_gpu_1_memory_MB": 20139,
  "training_gpu_2_memory_MB": 20139,
  "training_gpu_3_memory_MB": 20139,
  "validation_accuracy": 0.3421588594704684,
  "validation_disc_loss": 3.169968030145091,
  "validation_gen_loss": 7.318102721245058,
  "validation_loss": 7.3192218196007515,
  "best_validation_accuracy": 0.34521384928716903,
  "best_validation_disc_loss": 2.013834370720771,
  "best_validation_gen_loss": 7.123288562220912,
  "best_validation_loss": 7.126558026959819
}