{
  "best_epoch": 1,
  "peak_cpu_memory_MB": 5867.68,
  "peak_gpu_0_memory_MB": 22543,
  "peak_gpu_1_memory_MB": 20139,
  "peak_gpu_2_memory_MB": 20139,
  "peak_gpu_3_memory_MB": 20139,
  "training_duration": "0:03:32.827749",
  "training_start_epoch": 0,
  "training_epochs": 7,
  "epoch": 7,
  "training_accuracy": 0.28498727735368956,
  "training_disc_loss": 2.348039927482605,
  "training_gen_loss": 6.567664222717285,
  "training_loss": 6.577933018024151,
  "training_cpu_memory_MB": 5867.68,
  "training_gpu_0_memory_MB": 22543,
  "training_gpu_1_memory_MB": 20139,
  "training_gpu_2_memory_MB": 20139,
  "training_gpu_3_memory_MB": 20139,
  "validation_accuracy": 0.3360488798370672,
  "validation_disc_loss": 1.8141779957279083,
  "validation_gen_loss": 7.159568171347341,
  "validation_loss": 7.162992815817556,
  "best_validation_accuracy": 0.3391038696537678,
  "best_validation_disc_loss": 4.115528422017252,
  "best_validation_gen_loss": 7.671963045673985,
  "best_validation_loss": 7.6750168338898686
}