{
  "best_epoch": 4,
  "peak_cpu_memory_MB": 5866.988,
  "peak_gpu_0_memory_MB": 13845,
  "peak_gpu_1_memory_MB": 13005,
  "peak_gpu_2_memory_MB": 13845,
  "peak_gpu_3_memory_MB": 21435,
  "training_duration": "0:02:39.342881",
  "training_start_epoch": 0,
  "training_epochs": 4,
  "epoch": 4,
  "training_accuracy": 0.4198473282442748,
  "training_disc_loss": 1.4448101171851158,
  "training_gen_loss": 6.2325789165496825,
  "training_loss": 6.2325789165496825,
  "training_cpu_memory_MB": 5866.988,
  "training_gpu_0_memory_MB": 13845,
  "training_gpu_1_memory_MB": 13005,
  "training_gpu_2_memory_MB": 13845,
  "training_gpu_3_memory_MB": 21435,
  "validation_accuracy": 0.37169042769857435,
  "validation_disc_loss": 1.3744604195036538,
  "validation_gen_loss": 6.885766153413106,
  "validation_loss": 6.885766153413106,
  "best_validation_accuracy": 0.37169042769857435,
  "best_validation_disc_loss": 1.3744604195036538,
  "best_validation_gen_loss": 6.885766153413106,
  "best_validation_loss": 6.885766153413106
}