{
  "best_epoch": 21,
  "peak_cpu_memory_MB": 5866.988,
  "peak_gpu_0_memory_MB": 13845,
  "peak_gpu_1_memory_MB": 13005,
  "peak_gpu_2_memory_MB": 13845,
  "peak_gpu_3_memory_MB": 21435,
  "training_duration": "0:14:01.839708",
  "training_start_epoch": 0,
  "training_epochs": 23,
  "epoch": 23,
  "training_accuracy": 0.9007633587786259,
  "training_disc_loss": 0.3100942730717361,
  "training_gen_loss": 5.434608278274536,
  "training_loss": 5.434608278274536,
  "training_cpu_memory_MB": 5866.988,
  "training_gpu_0_memory_MB": 13845,
  "training_gpu_1_memory_MB": 13005,
  "training_gpu_2_memory_MB": 13845,
  "training_gpu_3_memory_MB": 21435,
  "validation_accuracy": 0.35845213849287166,
  "validation_disc_loss": 2.872292332532929,
  "validation_gen_loss": 8.268353004765704,
  "validation_loss": 8.268353004765704,
  "best_validation_accuracy": 0.4185336048879837,
  "best_validation_disc_loss": 2.150030355264501,
  "best_validation_gen_loss": 8.08710012590982,
  "best_validation_loss": 8.08710012590982
}