{
  "best_epoch": 21,
  "peak_cpu_memory_MB": 5866.988,
  "peak_gpu_0_memory_MB": 13845,
  "peak_gpu_1_memory_MB": 13005,
  "peak_gpu_2_memory_MB": 13845,
  "peak_gpu_3_memory_MB": 21435,
  "training_duration": "0:18:32.346115",
  "training_start_epoch": 0,
  "training_epochs": 31,
  "epoch": 31,
  "training_accuracy": 0.926208651399491,
  "training_disc_loss": 0.15039370171262134,
  "training_gen_loss": 5.307306861877441,
  "training_loss": 5.307306861877441,
  "training_cpu_memory_MB": 5866.988,
  "training_gpu_0_memory_MB": 13845,
  "training_gpu_1_memory_MB": 13005,
  "training_gpu_2_memory_MB": 13845,
  "training_gpu_3_memory_MB": 21435,
  "validation_accuracy": 0.38085539714867617,
  "validation_disc_loss": 2.7859090663553254,
  "validation_gen_loss": 8.562190048093719,
  "validation_loss": 8.562190048093719,
  "best_validation_accuracy": 0.4185336048879837,
  "best_validation_disc_loss": 2.150030355264501,
  "best_validation_gen_loss": 8.08710012590982,
  "best_validation_loss": 8.08710012590982
}