{
  "best_epoch": 21,
  "peak_cpu_memory_MB": 5866.988,
  "peak_gpu_0_memory_MB": 13845,
  "peak_gpu_1_memory_MB": 13005,
  "peak_gpu_2_memory_MB": 13845,
  "peak_gpu_3_memory_MB": 21435,
  "training_duration": "0:16:50.938580",
  "training_start_epoch": 0,
  "training_epochs": 28,
  "epoch": 28,
  "training_accuracy": 0.9287531806615776,
  "training_disc_loss": 0.14544312026002446,
  "training_gen_loss": 5.377125034332275,
  "training_loss": 5.377125034332275,
  "training_cpu_memory_MB": 5866.988,
  "training_gpu_0_memory_MB": 13845,
  "training_gpu_1_memory_MB": 13005,
  "training_gpu_2_memory_MB": 13845,
  "training_gpu_3_memory_MB": 21435,
  "validation_accuracy": 0.36761710794297353,
  "validation_disc_loss": 4.160001772206004,
  "validation_gen_loss": 8.891735387042287,
  "validation_loss": 8.891735387042287,
  "best_validation_accuracy": 0.4185336048879837,
  "best_validation_disc_loss": 2.150030355264501,
  "best_validation_gen_loss": 8.08710012590982,
  "best_validation_loss": 8.08710012590982
}