{
  "best_epoch": 8,
  "peak_cpu_memory_MB": 5866.988,
  "peak_gpu_0_memory_MB": 13845,
  "peak_gpu_1_memory_MB": 13005,
  "peak_gpu_2_memory_MB": 13845,
  "peak_gpu_3_memory_MB": 21435,
  "training_duration": "0:06:18.328914",
  "training_start_epoch": 0,
  "training_epochs": 10,
  "epoch": 10,
  "training_accuracy": 0.6208651399491094,
  "training_disc_loss": 1.015853089094162,
  "training_gen_loss": 5.732875204086303,
  "training_loss": 5.732875204086303,
  "training_cpu_memory_MB": 5866.988,
  "training_gpu_0_memory_MB": 13845,
  "training_gpu_1_memory_MB": 13005,
  "training_gpu_2_memory_MB": 13845,
  "training_gpu_3_memory_MB": 21435,
  "validation_accuracy": 0.38289205702647655,
  "validation_disc_loss": 1.6936791684569381,
  "validation_gen_loss": 7.369119853508182,
  "validation_loss": 7.369119853508182,
  "best_validation_accuracy": 0.3920570264765784,
  "best_validation_disc_loss": 1.2452457532650087,
  "best_validation_gen_loss": 7.182242273315182,
  "best_validation_loss": 7.182242273315182
}