{
  "best_epoch": 5,
  "peak_cpu_memory_MB": 5866.988,
  "peak_gpu_0_memory_MB": 13845,
  "peak_gpu_1_memory_MB": 13005,
  "peak_gpu_2_memory_MB": 13845,
  "peak_gpu_3_memory_MB": 21435,
  "training_duration": "0:03:53.459729",
  "training_start_epoch": 0,
  "training_epochs": 6,
  "epoch": 6,
  "training_accuracy": 0.4681933842239186,
  "training_disc_loss": 1.431480941772461,
  "training_gen_loss": 6.010188398361206,
  "training_loss": 6.010188398361206,
  "training_cpu_memory_MB": 5866.988,
  "training_gpu_0_memory_MB": 13845,
  "training_gpu_1_memory_MB": 13005,
  "training_gpu_2_memory_MB": 13845,
  "training_gpu_3_memory_MB": 21435,
  "validation_accuracy": 0.37678207739307534,
  "validation_disc_loss": 1.3554435968399048,
  "validation_gen_loss": 7.217792921919163,
  "validation_loss": 7.217792921919163,
  "best_validation_accuracy": 0.37678207739307534,
  "best_validation_disc_loss": 1.1885618519007675,
  "best_validation_gen_loss": 6.983115184597853,
  "best_validation_loss": 6.983115184597853
}