{
  "best_epoch": 3,
  "peak_cpu_memory_MB": 5866.988,
  "peak_gpu_0_memory_MB": 13845,
  "peak_gpu_1_memory_MB": 13005,
  "peak_gpu_2_memory_MB": 13845,
  "peak_gpu_3_memory_MB": 21435,
  "training_duration": "0:02:02.683141",
  "training_start_epoch": 0,
  "training_epochs": 3,
  "epoch": 3,
  "training_accuracy": 0.4351145038167939,
  "training_disc_loss": 1.395459108352661,
  "training_gen_loss": 6.346664590835571,
  "training_loss": 6.346664590835571,
  "training_cpu_memory_MB": 5866.988,
  "training_gpu_0_memory_MB": 13845,
  "training_gpu_1_memory_MB": 13005,
  "training_gpu_2_memory_MB": 13845,
  "training_gpu_3_memory_MB": 21435,
  "validation_accuracy": 0.3635437881873727,
  "validation_disc_loss": 2.6628124747819046,
  "validation_gen_loss": 7.098325632451996,
  "validation_loss": 7.098325632451996,
  "best_validation_accuracy": 0.3635437881873727,
  "best_validation_disc_loss": 2.6628124747819046,
  "best_validation_gen_loss": 7.098325632451996,
  "best_validation_loss": 7.098325632451996
}