{
  "best_epoch": 21,
  "peak_cpu_memory_MB": 5866.988,
  "peak_gpu_0_memory_MB": 13845,
  "peak_gpu_1_memory_MB": 13005,
  "peak_gpu_2_memory_MB": 13845,
  "peak_gpu_3_memory_MB": 21435,
  "training_duration": "0:14:35.406157",
  "training_start_epoch": 0,
  "training_epochs": 24,
  "epoch": 24,
  "training_accuracy": 0.9033078880407125,
  "training_disc_loss": 0.25012419228296495,
  "training_gen_loss": 5.387859907150268,
  "training_loss": 5.387859907150268,
  "training_cpu_memory_MB": 5866.988,
  "training_gpu_0_memory_MB": 13845,
  "training_gpu_1_memory_MB": 13005,
  "training_gpu_2_memory_MB": 13845,
  "training_gpu_3_memory_MB": 21435,
  "validation_accuracy": 0.39613034623217924,
  "validation_disc_loss": 2.3749826463257393,
  "validation_gen_loss": 8.227310940502136,
  "validation_loss": 8.227310940502136,
  "best_validation_accuracy": 0.4185336048879837,
  "best_validation_disc_loss": 2.150030355264501,
  "best_validation_gen_loss": 8.08710012590982,
  "best_validation_loss": 8.08710012590982
}