{
  "best_epoch": 18,
  "peak_cpu_memory_MB": 5866.988,
  "peak_gpu_0_memory_MB": 13845,
  "peak_gpu_1_memory_MB": 13005,
  "peak_gpu_2_memory_MB": 13845,
  "peak_gpu_3_memory_MB": 21435,
  "training_duration": "0:11:39.806847",
  "training_start_epoch": 0,
  "training_epochs": 19,
  "epoch": 19,
  "training_accuracy": 0.8524173027989822,
  "training_disc_loss": 0.3735311385244131,
  "training_gen_loss": 5.463206510543824,
  "training_loss": 5.463206510543824,
  "training_cpu_memory_MB": 5866.988,
  "training_gpu_0_memory_MB": 13845,
  "training_gpu_1_memory_MB": 13005,
  "training_gpu_2_memory_MB": 13845,
  "training_gpu_3_memory_MB": 21435,
  "validation_accuracy": 0.37983706720977595,
  "validation_disc_loss": 3.345607121785482,
  "validation_gen_loss": 8.13340368115805,
  "validation_loss": 8.13340368115805,
  "best_validation_accuracy": 0.4124236252545825,
  "best_validation_disc_loss": 2.147217519884187,
  "best_validation_gen_loss": 7.927907893328163,
  "best_validation_loss": 7.927907893328163
}