{
  "best_epoch": 8,
  "peak_cpu_memory_MB": 5866.988,
  "peak_gpu_0_memory_MB": 13845,
  "peak_gpu_1_memory_MB": 13005,
  "peak_gpu_2_memory_MB": 13845,
  "peak_gpu_3_memory_MB": 21435,
  "training_duration": "0:05:44.238338",
  "training_start_epoch": 0,
  "training_epochs": 9,
  "epoch": 9,
  "training_accuracy": 0.5877862595419847,
  "training_disc_loss": 1.1550338420271873,
  "training_gen_loss": 5.789681119918823,
  "training_loss": 5.789681119918823,
  "training_cpu_memory_MB": 5866.988,
  "training_gpu_0_memory_MB": 13845,
  "training_gpu_1_memory_MB": 13005,
  "training_gpu_2_memory_MB": 13845,
  "training_gpu_3_memory_MB": 21435,
  "validation_accuracy": 0.3391038696537678,
  "validation_disc_loss": 2.7233893784081062,
  "validation_gen_loss": 7.574169096907949,
  "validation_loss": 7.574169096907949,
  "best_validation_accuracy": 0.3920570264765784,
  "best_validation_disc_loss": 1.2452457532650087,
  "best_validation_gen_loss": 7.182242273315182,
  "best_validation_loss": 7.182242273315182
}