{
  "best_epoch": 21,
  "peak_cpu_memory_MB": 5866.988,
  "peak_gpu_0_memory_MB": 13845,
  "peak_gpu_1_memory_MB": 13005,
  "peak_gpu_2_memory_MB": 13845,
  "peak_gpu_3_memory_MB": 21435,
  "training_duration": "0:17:58.455124",
  "training_start_epoch": 0,
  "training_epochs": 30,
  "epoch": 30,
  "training_accuracy": 0.9185750636132316,
  "training_disc_loss": 0.2716060677007772,
  "training_gen_loss": 5.338424530029297,
  "training_loss": 5.338424530029297,
  "training_cpu_memory_MB": 5866.988,
  "training_gpu_0_memory_MB": 13845,
  "training_gpu_1_memory_MB": 13005,
  "training_gpu_2_memory_MB": 13845,
  "training_gpu_3_memory_MB": 21435,
  "validation_accuracy": 0.395112016293279,
  "validation_disc_loss": 2.559163419211783,
  "validation_gen_loss": 8.440652979098685,
  "validation_loss": 8.440652979098685,
  "best_validation_accuracy": 0.4185336048879837,
  "best_validation_disc_loss": 2.150030355264501,
  "best_validation_gen_loss": 8.08710012590982,
  "best_validation_loss": 8.08710012590982
}