{
  "best_epoch": 8,
  "peak_cpu_memory_MB": 5866.988,
  "peak_gpu_0_memory_MB": 13845,
  "peak_gpu_1_memory_MB": 13005,
  "peak_gpu_2_memory_MB": 13845,
  "peak_gpu_3_memory_MB": 21435,
  "training_duration": "0:08:01.689696",
  "training_start_epoch": 0,
  "training_epochs": 13,
  "epoch": 13,
  "training_accuracy": 0.6844783715012722,
  "training_disc_loss": 0.860736282095313,
  "training_gen_loss": 5.6394798374176025,
  "training_loss": 5.6394798374176025,
  "training_cpu_memory_MB": 5866.988,
  "training_gpu_0_memory_MB": 13845,
  "training_gpu_1_memory_MB": 13005,
  "training_gpu_2_memory_MB": 13845,
  "training_gpu_3_memory_MB": 21435,
  "validation_accuracy": 0.37780040733197556,
  "validation_disc_loss": 2.191065743686707,
  "validation_gen_loss": 7.880665926429314,
  "validation_loss": 7.880665926429314,
  "best_validation_accuracy": 0.3920570264765784,
  "best_validation_disc_loss": 1.2452457532650087,
  "best_validation_gen_loss": 7.182242273315182,
  "best_validation_loss": 7.182242273315182
}