{
  "best_epoch": 18,
  "peak_cpu_memory_MB": 5866.988,
  "peak_gpu_0_memory_MB": 13845,
  "peak_gpu_1_memory_MB": 13005,
  "peak_gpu_2_memory_MB": 13845,
  "peak_gpu_3_memory_MB": 21435,
  "training_duration": "0:11:01.115468",
  "training_start_epoch": 0,
  "training_epochs": 18,
  "epoch": 18,
  "training_accuracy": 0.8524173027989822,
  "training_disc_loss": 0.4205819665640593,
  "training_gen_loss": 5.515608043670654,
  "training_loss": 5.515608043670654,
  "training_cpu_memory_MB": 5866.988,
  "training_gpu_0_memory_MB": 13845,
  "training_gpu_1_memory_MB": 13005,
  "training_gpu_2_memory_MB": 13845,
  "training_gpu_3_memory_MB": 21435,
  "validation_accuracy": 0.4124236252545825,
  "validation_disc_loss": 2.147217519884187,
  "validation_gen_loss": 7.927907893328163,
  "validation_loss": 7.927907893328163,
  "best_validation_accuracy": 0.4124236252545825,
  "best_validation_disc_loss": 2.147217519884187,
  "best_validation_gen_loss": 7.927907893328163,
  "best_validation_loss": 7.927907893328163
}