{
  "best_epoch": 7,
  "peak_cpu_memory_MB": 5866.988,
  "peak_gpu_0_memory_MB": 13845,
  "peak_gpu_1_memory_MB": 13005,
  "peak_gpu_2_memory_MB": 13845,
  "peak_gpu_3_memory_MB": 21435,
  "training_duration": "0:04:26.900147",
  "training_start_epoch": 0,
  "training_epochs": 7,
  "epoch": 7,
  "training_accuracy": 0.4631043256997455,
  "training_disc_loss": 1.302089429795742,
  "training_gen_loss": 5.904799108505249,
  "training_loss": 5.904799108505249,
  "training_cpu_memory_MB": 5866.988,
  "training_gpu_0_memory_MB": 13845,
  "training_gpu_1_memory_MB": 13005,
  "training_gpu_2_memory_MB": 13845,
  "training_gpu_3_memory_MB": 21435,
  "validation_accuracy": 0.37780040733197556,
  "validation_disc_loss": 1.3058777965181243,
  "validation_gen_loss": 7.187760349211654,
  "validation_loss": 7.187760349211654,
  "best_validation_accuracy": 0.37780040733197556,
  "best_validation_disc_loss": 1.3058777965181243,
  "best_validation_gen_loss": 7.187760349211654,
  "best_validation_loss": 7.187760349211654
}