{
  "best_epoch": 0,
  "peak_cpu_memory_MB": 5866.988,
  "peak_gpu_0_memory_MB": 13845,
  "peak_gpu_1_memory_MB": 13005,
  "peak_gpu_2_memory_MB": 13845,
  "peak_gpu_3_memory_MB": 21435,
  "training_duration": "0:01:30.363956",
  "training_start_epoch": 0,
  "training_epochs": 2,
  "epoch": 2,
  "training_accuracy": 0.3638676844783715,
  "training_disc_loss": 1.9836809277534484,
  "training_gen_loss": 6.472129564285279,
  "training_loss": 6.472129564285279,
  "training_cpu_memory_MB": 5866.988,
  "training_gpu_0_memory_MB": 13845,
  "training_gpu_1_memory_MB": 13005,
  "training_gpu_2_memory_MB": 13845,
  "training_gpu_3_memory_MB": 21435,
  "validation_accuracy": 0.3391038696537678,
  "validation_disc_loss": 1.4844536873383252,
  "validation_gen_loss": 6.940496479592672,
  "validation_loss": 6.940496479592672,
  "best_validation_accuracy": 0.3411405295315682,
  "best_validation_disc_loss": 3.0797093132647073,
  "best_validation_gen_loss": 7.358796115813217,
  "best_validation_loss": 7.358796115813217
}