{
  "best_epoch": 3,
  "peak_cpu_memory_MB": 5866.752,
  "peak_gpu_0_memory_MB": 13845,
  "peak_gpu_1_memory_MB": 13005,
  "peak_gpu_2_memory_MB": 13845,
  "peak_gpu_3_memory_MB": 21435,
  "training_duration": "0:05:20.536558",
  "training_start_epoch": 0,
  "training_epochs": 9,
  "epoch": 9,
  "training_accuracy": 0.5318066157760815,
  "training_disc_loss": 1.2708060094714164,
  "training_gen_loss": 5.631671714782715,
  "training_loss": 5.631671714782715,
  "training_cpu_memory_MB": 5866.752,
  "training_gpu_0_memory_MB": 13845,
  "training_gpu_1_memory_MB": 13005,
  "training_gpu_2_memory_MB": 13845,
  "training_gpu_3_memory_MB": 21435,
  "validation_accuracy": 0.3360488798370672,
  "validation_disc_loss": 1.9834480978609101,
  "validation_gen_loss": 8.569524354081812,
  "validation_loss": 8.569524354081812,
  "best_validation_accuracy": 0.3818737270875764,
  "best_validation_disc_loss": 1.1401511009146528,
  "best_validation_gen_loss": 8.380846213519089,
  "best_validation_loss": 8.380846213519089
}