{
  "best_epoch": 3,
  "peak_cpu_memory_MB": 5866.752,
  "peak_gpu_0_memory_MB": 13845,
  "peak_gpu_1_memory_MB": 13005,
  "peak_gpu_2_memory_MB": 13845,
  "peak_gpu_3_memory_MB": 21435,
  "training_duration": "0:05:51.257263",
  "training_start_epoch": 0,
  "training_epochs": 10,
  "epoch": 10,
  "training_accuracy": 0.5852417302798982,
  "training_disc_loss": 1.137557988166809,
  "training_gen_loss": 5.597636547088623,
  "training_loss": 5.597636547088623,
  "training_cpu_memory_MB": 5866.752,
  "training_gpu_0_memory_MB": 13845,
  "training_gpu_1_memory_MB": 13005,
  "training_gpu_2_memory_MB": 13845,
  "training_gpu_3_memory_MB": 21435,
  "validation_accuracy": 0.33706720977596744,
  "validation_disc_loss": 2.1053164538329208,
  "validation_gen_loss": 8.59386650721232,
  "validation_loss": 8.59386650721232,
  "best_validation_accuracy": 0.3818737270875764,
  "best_validation_disc_loss": 1.1401511009146528,
  "best_validation_gen_loss": 8.380846213519089,
  "best_validation_loss": 8.380846213519089
}