{
  "best_epoch": 3,
  "peak_cpu_memory_MB": 5866.752,
  "peak_gpu_0_memory_MB": 13845,
  "peak_gpu_1_memory_MB": 13005,
  "peak_gpu_2_memory_MB": 13845,
  "peak_gpu_3_memory_MB": 21435,
  "training_duration": "0:07:56.074078",
  "training_start_epoch": 0,
  "training_epochs": 14,
  "epoch": 14,
  "training_accuracy": 0.8396946564885496,
  "training_disc_loss": 0.6033497434854508,
  "training_gen_loss": 5.43313684463501,
  "training_loss": 5.43313684463501,
  "training_cpu_memory_MB": 5866.752,
  "training_gpu_0_memory_MB": 13845,
  "training_gpu_1_memory_MB": 13005,
  "training_gpu_2_memory_MB": 13845,
  "training_gpu_3_memory_MB": 21435,
  "validation_accuracy": 0.37678207739307534,
  "validation_disc_loss": 10.024055542984629,
  "validation_gen_loss": 11.26264616338218,
  "validation_loss": 11.26264616338218,
  "best_validation_accuracy": 0.3818737270875764,
  "best_validation_disc_loss": 1.1401511009146528,
  "best_validation_gen_loss": 8.380846213519089,
  "best_validation_loss": 8.380846213519089
}