{
  "best_epoch": 3,
  "peak_cpu_memory_MB": 5866.752,
  "peak_gpu_0_memory_MB": 13845,
  "peak_gpu_1_memory_MB": 13005,
  "peak_gpu_2_memory_MB": 13845,
  "peak_gpu_3_memory_MB": 21435,
  "training_duration": "0:02:44.242338",
  "training_start_epoch": 0,
  "training_epochs": 4,
  "epoch": 4,
  "training_accuracy": 0.4198473282442748,
  "training_disc_loss": 1.55454048037529,
  "training_gen_loss": 5.893821487426758,
  "training_loss": 5.893821487426758,
  "training_cpu_memory_MB": 5866.752,
  "training_gpu_0_memory_MB": 13845,
  "training_gpu_1_memory_MB": 13005,
  "training_gpu_2_memory_MB": 13845,
  "training_gpu_3_memory_MB": 21435,
  "validation_accuracy": 0.33095723014256617,
  "validation_disc_loss": 1.7385944389715426,
  "validation_gen_loss": 7.667030532185624,
  "validation_loss": 7.667030532185624,
  "best_validation_accuracy": 0.3818737270875764,
  "best_validation_disc_loss": 1.1401511009146528,
  "best_validation_gen_loss": 8.380846213519089,
  "best_validation_loss": 8.380846213519089
}