{
  "best_epoch": 1,
  "peak_cpu_memory_MB": 9765.56,
  "peak_gpu_0_memory_MB": 4269,
  "peak_gpu_1_memory_MB": 10924,
  "training_duration": "12:59:05.364871",
  "training_start_epoch": 0,
  "training_epochs": 1,
  "epoch": 1,
  "training_accuracy": 0.8574771709846143,
  "training_gen_loss": 1.9516861169217263,
  "training_disc_loss": 0.4030800296012463,
  "training_loss": 0.7128006695020541,
  "training_cpu_memory_MB": 9765.56,
  "training_gpu_0_memory_MB": 4269,
  "training_gpu_1_memory_MB": 10924,
  "validation_accuracy": 0.8664289353031075,
  "validation_gen_loss": 2.129969655216566,
  "validation_disc_loss": 0.37738911621482707,
  "validation_loss": 0.7278424780027097,
  "best_validation_accuracy": 0.8664289353031075,
  "best_validation_gen_loss": 2.129969655216566,
  "best_validation_disc_loss": 0.37738911621482707,
  "best_validation_loss": 0.7278424780027097
}