{
  "best_epoch": 2,
  "peak_cpu_memory_MB": 9765.56,
  "peak_gpu_0_memory_MB": 4269,
  "peak_gpu_1_memory_MB": 10924,
  "training_duration": "19:26:00.753181",
  "training_start_epoch": 0,
  "training_epochs": 2,
  "epoch": 2,
  "training_accuracy": 0.9016226044175991,
  "training_gen_loss": 1.8611920706432932,
  "training_disc_loss": 0.2730554160191512,
  "training_loss": 0.5906830975953417,
  "training_cpu_memory_MB": 9765.56,
  "training_gpu_0_memory_MB": 26,
  "training_gpu_1_memory_MB": 10924,
  "validation_accuracy": 0.8680590932246561,
  "validation_gen_loss": 2.066678264965444,
  "validation_disc_loss": 0.4275102779779707,
  "validation_loss": 0.7553111512808536,
  "best_validation_accuracy": 0.8680590932246561,
  "best_validation_gen_loss": 2.066678264965444,
  "best_validation_disc_loss": 0.4275102779779707,
  "best_validation_loss": 0.7553111512808536
}