{
  "best_epoch": 0,
  "peak_cpu_memory_MB": 5343.224,
  "peak_gpu_0_memory_MB": 2309,
  "peak_gpu_1_memory_MB": 21435,
  "peak_gpu_2_memory_MB": 0,
  "peak_gpu_3_memory_MB": 12821,
  "training_duration": "0:00:30.189253",
  "training_start_epoch": 0,
  "training_epochs": 0,
  "epoch": 0,
  "training_accuracy": 0.37659033078880405,
  "training_loss": 1.0917856326470008,
  "training_cpu_memory_MB": 5343.224,
  "training_gpu_0_memory_MB": 2309,
  "training_gpu_1_memory_MB": 21435,
  "training_gpu_2_memory_MB": 0,
  "training_gpu_3_memory_MB": 12821,
  "validation_accuracy": 0.45257259296994395,
  "validation_loss": 1.0417425943119907,
  "best_validation_accuracy": 0.45257259296994395,
  "best_validation_loss": 1.0417425943119907
}