{
  "best_epoch": 1,
  "peak_cpu_memory_MB": 5343.224,
  "peak_gpu_0_memory_MB": 12677,
  "peak_gpu_1_memory_MB": 21435,
  "peak_gpu_2_memory_MB": 0,
  "peak_gpu_3_memory_MB": 12821,
  "training_duration": "0:01:05.295988",
  "training_start_epoch": 0,
  "training_epochs": 1,
  "epoch": 1,
  "training_accuracy": 0.6946564885496184,
  "training_loss": 0.7657268482905167,
  "training_cpu_memory_MB": 5343.224,
  "training_gpu_0_memory_MB": 12677,
  "training_gpu_1_memory_MB": 21435,
  "training_gpu_2_memory_MB": 0,
  "training_gpu_3_memory_MB": 12821,
  "validation_accuracy": 0.5609780947529291,
  "validation_loss": 0.995246401244732,
  "best_validation_accuracy": 0.5609780947529291,
  "best_validation_loss": 0.995246401244732
}