{
  "best_epoch": 2,
  "peak_cpu_memory_MB": 5346.34,
  "peak_gpu_0_memory_MB": 12553,
  "peak_gpu_1_memory_MB": 21435,
  "peak_gpu_2_memory_MB": 0,
  "peak_gpu_3_memory_MB": 12805,
  "training_duration": "0:01:43.418979",
  "training_start_epoch": 0,
  "training_epochs": 2,
  "epoch": 2,
  "training_accuracy": 0.9287531806615776,
  "training_loss": 0.22367178132900825,
  "training_cpu_memory_MB": 5346.34,
  "training_gpu_0_memory_MB": 12553,
  "training_gpu_1_memory_MB": 21435,
  "training_gpu_2_memory_MB": 0,
  "training_gpu_3_memory_MB": 12805,
  "validation_accuracy": 0.6003056546102904,
  "validation_loss": 1.4526127013787384,
  "best_validation_accuracy": 0.6003056546102904,
  "best_validation_loss": 1.4526127013787384
}