{
  "best_epoch": 0,
  "peak_cpu_memory_MB": 5346.34,
  "peak_gpu_0_memory_MB": 2309,
  "peak_gpu_1_memory_MB": 21435,
  "peak_gpu_2_memory_MB": 0,
  "peak_gpu_3_memory_MB": 12805,
  "training_duration": "0:00:30.291384",
  "training_start_epoch": 0,
  "training_epochs": 0,
  "epoch": 0,
  "training_accuracy": 0.41475826972010177,
  "training_loss": 1.1024625943257258,
  "training_cpu_memory_MB": 5346.34,
  "training_gpu_0_memory_MB": 2309,
  "training_gpu_1_memory_MB": 21435,
  "training_gpu_2_memory_MB": 0,
  "training_gpu_3_memory_MB": 12805,
  "validation_accuracy": 0.38960774325012737,
  "validation_loss": 1.0565546580168634,
  "best_validation_accuracy": 0.38960774325012737,
  "best_validation_loss": 1.0565546580168634
}