{
  "best_epoch": 2,
  "peak_cpu_memory_MB": 5867.588,
  "peak_gpu_0_memory_MB": 14587,
  "peak_gpu_1_memory_MB": 13029,
  "peak_gpu_2_memory_MB": 14587,
  "peak_gpu_3_memory_MB": 21435,
  "training_duration": "0:02:08.561431",
  "training_start_epoch": 0,
  "training_epochs": 3,
  "epoch": 3,
  "training_accuracy": 0.3842239185750636,
  "training_disc_loss": 1.9495660758018494,
  "training_gen_loss": 6.458602714538574,
  "training_loss": 5.33134355545044,
  "training_cpu_memory_MB": 5867.588,
  "training_gpu_0_memory_MB": 14587,
  "training_gpu_1_memory_MB": 13029,
  "training_gpu_2_memory_MB": 14587,
  "training_gpu_3_memory_MB": 21435,
  "validation_accuracy": 0.35030549898167007,
  "validation_disc_loss": 1.3334708712934478,
  "validation_gen_loss": 6.958523630126705,
  "validation_loss": 5.552260437631995,
  "best_validation_accuracy": 0.3574338085539715,
  "best_validation_disc_loss": 1.1285267898706886,
  "best_validation_gen_loss": 6.971333290503277,
  "best_validation_loss": 5.510631685334492
}