{
  "best_epoch": 1,
  "peak_cpu_memory_MB": 5867.588,
  "peak_gpu_0_memory_MB": 14587,
  "peak_gpu_1_memory_MB": 13029,
  "peak_gpu_2_memory_MB": 14587,
  "peak_gpu_3_memory_MB": 21435,
  "training_duration": "0:00:57.800670",
  "training_start_epoch": 0,
  "training_epochs": 1,
  "epoch": 1,
  "training_accuracy": 0.3053435114503817,
  "training_disc_loss": 1.7511797380447387,
  "training_gen_loss": 6.61816704750061,
  "training_loss": 5.401420192718506,
  "training_cpu_memory_MB": 5867.588,
  "training_gpu_0_memory_MB": 14587,
  "training_gpu_1_memory_MB": 13029,
  "training_gpu_2_memory_MB": 14587,
  "training_gpu_3_memory_MB": 21435,
  "validation_accuracy": 0.3564154786150713,
  "validation_disc_loss": 1.1367374828191308,
  "validation_gen_loss": 7.098298030170968,
  "validation_loss": 5.607907931009929,
  "best_validation_accuracy": 0.3564154786150713,
  "best_validation_disc_loss": 1.1367374828191308,
  "best_validation_gen_loss": 7.098298030170968,
  "best_validation_loss": 5.607907931009929
}