{
  "best_epoch": 11,
  "peak_cpu_memory_MB": 5867.588,
  "peak_gpu_0_memory_MB": 14587,
  "peak_gpu_1_memory_MB": 13029,
  "peak_gpu_2_memory_MB": 14587,
  "peak_gpu_3_memory_MB": 21435,
  "training_duration": "0:06:44.835441",
  "training_start_epoch": 0,
  "training_epochs": 11,
  "epoch": 11,
  "training_accuracy": 0.8015267175572519,
  "training_disc_loss": 0.5401466788351535,
  "training_gen_loss": 6.198367614746093,
  "training_loss": 4.7838124084472655,
  "training_cpu_memory_MB": 5867.588,
  "training_gpu_0_memory_MB": 14587,
  "training_gpu_1_memory_MB": 13029,
  "training_gpu_2_memory_MB": 14587,
  "training_gpu_3_memory_MB": 21435,
  "validation_accuracy": 0.39613034623217924,
  "validation_disc_loss": 1.7826756529691743,
  "validation_gen_loss": 7.609839602214534,
  "validation_loss": 6.153048623868121,
  "best_validation_accuracy": 0.39613034623217924,
  "best_validation_disc_loss": 1.7826756529691743,
  "best_validation_gen_loss": 7.609839602214534,
  "best_validation_loss": 6.153048623868121
}