{
  "best_epoch": 12,
  "peak_cpu_memory_MB": 5867.588,
  "peak_gpu_0_memory_MB": 14587,
  "peak_gpu_1_memory_MB": 13029,
  "peak_gpu_2_memory_MB": 14587,
  "peak_gpu_3_memory_MB": 21435,
  "training_duration": "0:11:28.175908",
  "training_start_epoch": 0,
  "training_epochs": 19,
  "epoch": 19,
  "training_accuracy": 0.9694656488549618,
  "training_disc_loss": 0.06952655495784711,
  "training_gen_loss": 5.506011981964111,
  "training_loss": 4.146890621185303,
  "training_cpu_memory_MB": 5867.588,
  "training_gpu_0_memory_MB": 14587,
  "training_gpu_1_memory_MB": 13029,
  "training_gpu_2_memory_MB": 14587,
  "training_gpu_3_memory_MB": 21435,
  "validation_accuracy": 0.34419551934826886,
  "validation_disc_loss": 4.036627233513003,
  "validation_gen_loss": 8.609592829293351,
  "validation_loss": 7.466351412176117,
  "best_validation_accuracy": 0.4195519348268839,
  "best_validation_disc_loss": 1.9417617185329035,
  "best_validation_gen_loss": 7.74960157735561,
  "best_validation_loss": 6.2976416262184705
}