{
  "best_epoch": 4,
  "peak_cpu_memory_MB": 5867.588,
  "peak_gpu_0_memory_MB": 14587,
  "peak_gpu_1_memory_MB": 13029,
  "peak_gpu_2_memory_MB": 14587,
  "peak_gpu_3_memory_MB": 21435,
  "training_duration": "0:02:40.110410",
  "training_start_epoch": 0,
  "training_epochs": 4,
  "epoch": 4,
  "training_accuracy": 0.3994910941475827,
  "training_disc_loss": 1.8223304080963134,
  "training_gen_loss": 6.4465647792816165,
  "training_loss": 5.290506191253662,
  "training_cpu_memory_MB": 5867.588,
  "training_gpu_0_memory_MB": 14587,
  "training_gpu_1_memory_MB": 13029,
  "training_gpu_2_memory_MB": 14587,
  "training_gpu_3_memory_MB": 21435,
  "validation_accuracy": 0.37678207739307534,
  "validation_disc_loss": 1.0980480681589948,
  "validation_gen_loss": 7.1016101294416725,
  "validation_loss": 5.600719591466392,
  "best_validation_accuracy": 0.37678207739307534,
  "best_validation_disc_loss": 1.0980480681589948,
  "best_validation_gen_loss": 7.1016101294416725,
  "best_validation_loss": 5.600719591466392
}