{
  "best_epoch": 5,
  "peak_cpu_memory_MB": 5867.588,
  "peak_gpu_0_memory_MB": 14587,
  "peak_gpu_1_memory_MB": 13029,
  "peak_gpu_2_memory_MB": 14587,
  "peak_gpu_3_memory_MB": 21435,
  "training_duration": "0:03:52.176187",
  "training_start_epoch": 0,
  "training_epochs": 6,
  "epoch": 6,
  "training_accuracy": 0.4707379134860051,
  "training_disc_loss": 1.4477473902702331,
  "training_gen_loss": 6.349029893875122,
  "training_loss": 5.123709259033203,
  "training_cpu_memory_MB": 5867.588,
  "training_gpu_0_memory_MB": 14587,
  "training_gpu_1_memory_MB": 13029,
  "training_gpu_2_memory_MB": 14587,
  "training_gpu_3_memory_MB": 21435,
  "validation_accuracy": 0.33706720977596744,
  "validation_disc_loss": 1.8443317626549947,
  "validation_gen_loss": 7.588769354471347,
  "validation_loss": 6.152659978323836,
  "best_validation_accuracy": 0.3818737270875764,
  "best_validation_disc_loss": 1.4146073475116636,
  "best_validation_gen_loss": 7.218228816986084,
  "best_validation_loss": 5.767323459066996
}