{
  "best_epoch": 12,
  "peak_cpu_memory_MB": 5867.588,
  "peak_gpu_0_memory_MB": 14587,
  "peak_gpu_1_memory_MB": 13029,
  "peak_gpu_2_memory_MB": 14587,
  "peak_gpu_3_memory_MB": 21435,
  "training_duration": "0:09:12.342521",
  "training_start_epoch": 0,
  "training_epochs": 15,
  "epoch": 15,
  "training_accuracy": 0.9389312977099237,
  "training_disc_loss": 0.17744897915050387,
  "training_gen_loss": 5.739831247329712,
  "training_loss": 4.3492356967926025,
  "training_cpu_memory_MB": 5867.588,
  "training_gpu_0_memory_MB": 14587,
  "training_gpu_1_memory_MB": 13029,
  "training_gpu_2_memory_MB": 14587,
  "training_gpu_3_memory_MB": 21435,
  "validation_accuracy": 0.4093686354378819,
  "validation_disc_loss": 2.104080611855034,
  "validation_gen_loss": 7.932655400376979,
  "validation_loss": 6.475511721479214,
  "best_validation_accuracy": 0.4195519348268839,
  "best_validation_disc_loss": 1.9417617185329035,
  "best_validation_gen_loss": 7.74960157735561,
  "best_validation_loss": 6.2976416262184705
}