{
  "best_epoch": 12,
  "peak_cpu_memory_MB": 5867.588,
  "peak_gpu_0_memory_MB": 14587,
  "peak_gpu_1_memory_MB": 13029,
  "peak_gpu_2_memory_MB": 14587,
  "peak_gpu_3_memory_MB": 21435,
  "training_duration": "0:10:20.332702",
  "training_start_epoch": 0,
  "training_epochs": 17,
  "epoch": 17,
  "training_accuracy": 0.9440203562340967,
  "training_disc_loss": 0.18732026512618177,
  "training_gen_loss": 5.688714256286621,
  "training_loss": 4.313365721702576,
  "training_cpu_memory_MB": 5867.588,
  "training_gpu_0_memory_MB": 14587,
  "training_gpu_1_memory_MB": 13029,
  "training_gpu_2_memory_MB": 14587,
  "training_gpu_3_memory_MB": 21435,
  "validation_accuracy": 0.3971486761710794,
  "validation_disc_loss": 2.4985919926709275,
  "validation_gen_loss": 8.584577513904106,
  "validation_loss": 7.063081148194104,
  "best_validation_accuracy": 0.4195519348268839,
  "best_validation_disc_loss": 1.9417617185329035,
  "best_validation_gen_loss": 7.74960157735561,
  "best_validation_loss": 6.2976416262184705
}