{
  "best_epoch": 12,
  "peak_cpu_memory_MB": 5867.588,
  "peak_gpu_0_memory_MB": 14587,
  "peak_gpu_1_memory_MB": 13029,
  "peak_gpu_2_memory_MB": 14587,
  "peak_gpu_3_memory_MB": 21435,
  "training_duration": "0:14:50.744885",
  "training_start_epoch": 0,
  "training_epochs": 25,
  "epoch": 25,
  "training_accuracy": 0.9821882951653944,
  "training_disc_loss": 0.046389304195763544,
  "training_gen_loss": 5.363043184280396,
  "training_loss": 4.033879680633545,
  "training_cpu_memory_MB": 5867.588,
  "training_gpu_0_memory_MB": 14587,
  "training_gpu_1_memory_MB": 13029,
  "training_gpu_2_memory_MB": 14587,
  "training_gpu_3_memory_MB": 21435,
  "validation_accuracy": 0.34928716904276985,
  "validation_disc_loss": 6.434559422779858,
  "validation_gen_loss": 10.061908411785838,
  "validation_loss": 9.1550711771337,
  "best_validation_accuracy": 0.4195519348268839,
  "best_validation_disc_loss": 1.9417617185329035,
  "best_validation_gen_loss": 7.74960157735561,
  "best_validation_loss": 6.2976416262184705
}