{
  "best_epoch": 12,
  "peak_cpu_memory_MB": 5867.588,
  "peak_gpu_0_memory_MB": 14587,
  "peak_gpu_1_memory_MB": 13029,
  "peak_gpu_2_memory_MB": 14587,
  "peak_gpu_3_memory_MB": 21435,
  "training_duration": "0:15:24.363416",
  "training_start_epoch": 0,
  "training_epochs": 26,
  "epoch": 26,
  "training_accuracy": 0.9720101781170484,
  "training_disc_loss": 0.14611165849491953,
  "training_gen_loss": 5.35881308555603,
  "training_loss": 4.055637726783752,
  "training_cpu_memory_MB": 5867.588,
  "training_gpu_0_memory_MB": 14587,
  "training_gpu_1_memory_MB": 13029,
  "training_gpu_2_memory_MB": 14587,
  "training_gpu_3_memory_MB": 21435,
  "validation_accuracy": 0.39613034623217924,
  "validation_disc_loss": 3.2722845930394118,
  "validation_gen_loss": 8.791625573383115,
  "validation_loss": 7.411790336050639,
  "best_validation_accuracy": 0.4195519348268839,
  "best_validation_disc_loss": 1.9417617185329035,
  "best_validation_gen_loss": 7.74960157735561,
  "best_validation_loss": 6.2976416262184705
}