{
  "best_epoch": 2,
  "peak_cpu_memory_MB": 5422.056,
  "peak_gpu_0_memory_MB": 12525,
  "peak_gpu_1_memory_MB": 21435,
  "peak_gpu_2_memory_MB": 0,
  "peak_gpu_3_memory_MB": 12805,
  "training_duration": "0:01:43.252836",
  "training_start_epoch": 0,
  "training_epochs": 2,
  "epoch": 2,
  "training_accuracy": 0.8498727735368957,
  "training_loss": 0.4477877158385057,
  "training_cpu_memory_MB": 5422.056,
  "training_gpu_0_memory_MB": 12525,
  "training_gpu_1_memory_MB": 21435,
  "training_gpu_2_memory_MB": 0,
  "training_gpu_3_memory_MB": 12805,
  "validation_accuracy": 0.5790117167600611,
  "validation_loss": 1.3955969255211298,
  "best_validation_accuracy": 0.5790117167600611,
  "best_validation_loss": 1.3955969255211298
}