{
  "best_epoch": 1,
  "peak_cpu_memory_MB": 5422.056,
  "peak_gpu_0_memory_MB": 12525,
  "peak_gpu_1_memory_MB": 21435,
  "peak_gpu_2_memory_MB": 0,
  "peak_gpu_3_memory_MB": 12805,
  "training_duration": "0:01:05.619960",
  "training_start_epoch": 0,
  "training_epochs": 1,
  "epoch": 1,
  "training_accuracy": 0.5852417302798982,
  "training_loss": 0.9198429126005906,
  "training_cpu_memory_MB": 5422.056,
  "training_gpu_0_memory_MB": 12525,
  "training_gpu_1_memory_MB": 21435,
  "training_gpu_2_memory_MB": 0,
  "training_gpu_3_memory_MB": 12805,
  "validation_accuracy": 0.4509424350483953,
  "validation_loss": 1.068709249605185,
  "best_validation_accuracy": 0.4509424350483953,
  "best_validation_loss": 1.068709249605185
}