{
  "best_epoch": 0,
  "peak_cpu_memory_MB": 5422.056,
  "peak_gpu_0_memory_MB": 2309,
  "peak_gpu_1_memory_MB": 21435,
  "peak_gpu_2_memory_MB": 0,
  "peak_gpu_3_memory_MB": 12805,
  "training_duration": "0:00:30.237965",
  "training_start_epoch": 0,
  "training_epochs": 0,
  "epoch": 0,
  "training_accuracy": 0.3994910941475827,
  "training_loss": 1.1216259186084454,
  "training_cpu_memory_MB": 5422.056,
  "training_gpu_0_memory_MB": 2309,
  "training_gpu_1_memory_MB": 21435,
  "training_gpu_2_memory_MB": 0,
  "training_gpu_3_memory_MB": 12805,
  "validation_accuracy": 0.413143148242486,
  "validation_loss": 1.0989590646389642,
  "best_validation_accuracy": 0.413143148242486,
  "best_validation_loss": 1.0989590646389642
}