{
  "best_epoch": 7,
  "peak_cpu_memory_MB": 5867.088,
  "peak_gpu_0_memory_MB": 21435,
  "peak_gpu_1_memory_MB": 20139,
  "peak_gpu_2_memory_MB": 20139,
  "peak_gpu_3_memory_MB": 20139,
  "training_duration": "0:04:30.042406",
  "training_start_epoch": 0,
  "training_epochs": 9,
  "epoch": 9,
  "training_accuracy": 0.3384223918575064,
  "training_disc_loss": 1.9168016147613525,
  "training_gen_loss": 7.671333808898925,
  "training_loss": 3.0593952582432675,
  "training_cpu_memory_MB": 5867.088,
  "training_gpu_0_memory_MB": 21435,
  "training_gpu_1_memory_MB": 20139,
  "training_gpu_2_memory_MB": 20139,
  "training_gpu_3_memory_MB": 20139,
  "validation_accuracy": 0.3340122199592668,
  "validation_disc_loss": 2.8621568102990427,
  "validation_gen_loss": 8.130742357623193,
  "validation_loss": 3.925946097220144,
  "best_validation_accuracy": 0.3421588594704684,
  "best_validation_disc_loss": 2.4493374574568962,
  "best_validation_gen_loss": 8.118149365148236,
  "best_validation_loss": 3.591618799394177
}