{
  "best_epoch": 0,
  "peak_cpu_memory_MB": 5867.088,
  "peak_gpu_0_memory_MB": 21435,
  "peak_gpu_1_memory_MB": 20139,
  "peak_gpu_2_memory_MB": 20139,
  "peak_gpu_3_memory_MB": 20139,
  "training_duration": "0:01:15.873232",
  "training_start_epoch": 0,
  "training_epochs": 2,
  "epoch": 2,
  "training_accuracy": 0.3256997455470738,
  "training_disc_loss": 3.8367089080810546,
  "training_gen_loss": 9.083383178710937,
  "training_loss": 4.878990778556237,
  "training_cpu_memory_MB": 5867.088,
  "training_gpu_0_memory_MB": 21435,
  "training_gpu_1_memory_MB": 20139,
  "training_gpu_2_memory_MB": 20139,
  "training_gpu_3_memory_MB": 20139,
  "validation_accuracy": 0.3329938900203666,
  "validation_disc_loss": 13.784687472927954,
  "validation_gen_loss": 10.027837584095616,
  "validation_loss": 13.07159423828125,
  "best_validation_accuracy": 0.3411405295315682,
  "best_validation_disc_loss": 19.9203301091348,
  "best_validation_gen_loss": 13.473447615100492,
  "best_validation_loss": 18.626564825734786
}