{
  "best_epoch": 0,
  "peak_cpu_memory_MB": 5867.088,
  "peak_gpu_0_memory_MB": 21435,
  "peak_gpu_1_memory_MB": 20139,
  "peak_gpu_2_memory_MB": 20139,
  "peak_gpu_3_memory_MB": 20139,
  "training_duration": "0:02:09.557696",
  "training_start_epoch": 0,
  "training_epochs": 4,
  "epoch": 4,
  "training_accuracy": 0.33587786259541985,
  "training_disc_loss": 2.285477681159973,
  "training_gen_loss": 8.152329330444337,
  "training_loss": 3.4435074696174035,
  "training_cpu_memory_MB": 5867.088,
  "training_gpu_0_memory_MB": 21435,
  "training_gpu_1_memory_MB": 20139,
  "training_gpu_2_memory_MB": 20139,
  "training_gpu_3_memory_MB": 20139,
  "validation_accuracy": 0.33706720977596744,
  "validation_disc_loss": 2.5382033644183988,
  "validation_gen_loss": 8.364374876022339,
  "validation_loss": 3.712125547470585,
  "best_validation_accuracy": 0.3411405295315682,
  "best_validation_disc_loss": 19.9203301091348,
  "best_validation_gen_loss": 13.473447615100492,
  "best_validation_loss": 18.626564825734786
}