{
  "best_epoch": 0,
  "peak_cpu_memory_MB": 5867.088,
  "peak_gpu_0_memory_MB": 2617,
  "peak_gpu_1_memory_MB": 20139,
  "peak_gpu_2_memory_MB": 20139,
  "peak_gpu_3_memory_MB": 20139,
  "training_duration": "0:00:21.143943",
  "training_start_epoch": 0,
  "training_epochs": 0,
  "epoch": 0,
  "training_accuracy": 0.3944020356234097,
  "training_disc_loss": 13.93275568008423,
  "training_gen_loss": 12.796002006530761,
  "training_loss": 13.688734568082369,
  "training_cpu_memory_MB": 5867.088,
  "training_gpu_0_memory_MB": 2617,
  "training_gpu_1_memory_MB": 20139,
  "training_gpu_2_memory_MB": 20139,
  "training_gpu_3_memory_MB": 20139,
  "validation_accuracy": 0.3411405295315682,
  "validation_disc_loss": 19.9203301091348,
  "validation_gen_loss": 13.473447615100492,
  "validation_loss": 18.626564825734786,
  "best_validation_accuracy": 0.3411405295315682,
  "best_validation_disc_loss": 19.9203301091348,
  "best_validation_gen_loss": 13.473447615100492,
  "best_validation_loss": 18.626564825734786
}