{
  "best_epoch": 2,
  "peak_cpu_memory_MB": 5865.624,
  "peak_gpu_0_memory_MB": 21435,
  "peak_gpu_1_memory_MB": 20139,
  "peak_gpu_2_memory_MB": 20139,
  "peak_gpu_3_memory_MB": 20139,
  "training_duration": "0:01:50.595012",
  "training_start_epoch": 0,
  "training_epochs": 3,
  "epoch": 3,
  "training_accuracy": 0.39185750636132316,
  "training_disc_loss": 2.2043743109703064,
  "training_gen_loss": 7.4186600303649906,
  "training_loss": 4.796435062701885,
  "training_cpu_memory_MB": 5865.624,
  "training_gpu_0_memory_MB": 21435,
  "training_gpu_1_memory_MB": 20139,
  "training_gpu_2_memory_MB": 20139,
  "training_gpu_3_memory_MB": 20139,
  "validation_accuracy": 0.35030549898167007,
  "validation_disc_loss": 7.721341040826613,
  "validation_gen_loss": 7.987146885164322,
  "validation_loss": 7.872474485828031,
  "best_validation_accuracy": 0.38391038696537677,
  "best_validation_disc_loss": 2.240840500400912,
  "best_validation_gen_loss": 7.818950076257029,
  "best_validation_loss": 5.036600143678727
}