{
  "best_epoch": 1,
  "peak_cpu_memory_MB": 5370.544,
  "peak_gpu_0_memory_MB": 12645,
  "peak_gpu_1_memory_MB": 21435,
  "peak_gpu_2_memory_MB": 0,
  "peak_gpu_3_memory_MB": 12869,
  "training_duration": "0:01:06.028634",
  "training_start_epoch": 0,
  "training_epochs": 1,
  "epoch": 1,
  "training_accuracy": 0.5801526717557252,
  "training_loss": 0.9404788567469671,
  "training_cpu_memory_MB": 5370.544,
  "training_gpu_0_memory_MB": 12645,
  "training_gpu_1_memory_MB": 21435,
  "training_gpu_2_memory_MB": 0,
  "training_gpu_3_memory_MB": 12869,
  "validation_accuracy": 0.5039225674987264,
  "validation_loss": 1.0896401684913262,
  "best_validation_accuracy": 0.5039225674987264,
  "best_validation_loss": 1.0896401684913262
}