{
  "best_epoch": 2,
  "peak_cpu_memory_MB": 5370.544,
  "peak_gpu_0_memory_MB": 12645,
  "peak_gpu_1_memory_MB": 21435,
  "peak_gpu_2_memory_MB": 0,
  "peak_gpu_3_memory_MB": 12869,
  "training_duration": "0:01:43.995127",
  "training_start_epoch": 0,
  "training_epochs": 2,
  "epoch": 2,
  "training_accuracy": 0.7913486005089059,
  "training_loss": 0.5756723078397604,
  "training_cpu_memory_MB": 5370.544,
  "training_gpu_0_memory_MB": 12645,
  "training_gpu_1_memory_MB": 21435,
  "training_gpu_2_memory_MB": 0,
  "training_gpu_3_memory_MB": 12869,
  "validation_accuracy": 0.5582272032603158,
  "validation_loss": 1.2094483672601781,
  "best_validation_accuracy": 0.5582272032603158,
  "best_validation_loss": 1.2094483672601781
}