{
  "best_epoch": 3,
  "peak_cpu_memory_MB": 5370.544,
  "peak_gpu_0_memory_MB": 12645,
  "peak_gpu_1_memory_MB": 21435,
  "peak_gpu_2_memory_MB": 0,
  "peak_gpu_3_memory_MB": 12869,
  "training_duration": "0:02:22.047215",
  "training_start_epoch": 0,
  "training_epochs": 3,
  "epoch": 3,
  "training_accuracy": 0.9491094147582697,
  "training_loss": 0.15560762842114156,
  "training_cpu_memory_MB": 5370.544,
  "training_gpu_0_memory_MB": 12645,
  "training_gpu_1_memory_MB": 21435,
  "training_gpu_2_memory_MB": 0,
  "training_gpu_3_memory_MB": 12869,
  "validation_accuracy": 0.580539989811513,
  "validation_loss": 1.5627211745864793,
  "best_validation_accuracy": 0.580539989811513,
  "best_validation_loss": 1.5627211745864793
}