{
  "best_epoch": 0,
  "peak_cpu_memory_MB": 5370.544,
  "peak_gpu_0_memory_MB": 2309,
  "peak_gpu_1_memory_MB": 21435,
  "peak_gpu_2_memory_MB": 0,
  "peak_gpu_3_memory_MB": 12869,
  "training_duration": "0:00:30.679822",
  "training_start_epoch": 0,
  "training_epochs": 0,
  "epoch": 0,
  "training_accuracy": 0.39185750636132316,
  "training_loss": 1.1048134290255034,
  "training_cpu_memory_MB": 5370.544,
  "training_gpu_0_memory_MB": 2309,
  "training_gpu_1_memory_MB": 21435,
  "training_gpu_2_memory_MB": 0,
  "training_gpu_3_memory_MB": 12869,
  "validation_accuracy": 0.3966377992868059,
  "validation_loss": 1.077976688111644,
  "best_validation_accuracy": 0.3966377992868059,
  "best_validation_loss": 1.077976688111644
}