{
  "best_epoch": 12,
  "peak_cpu_memory_MB": 5866.952,
  "peak_gpu_0_memory_MB": 21435,
  "peak_gpu_1_memory_MB": 20139,
  "peak_gpu_2_memory_MB": 20139,
  "peak_gpu_3_memory_MB": 20139,
  "training_duration": "0:09:16.651743",
  "training_start_epoch": 0,
  "training_epochs": 19,
  "epoch": 19,
  "training_accuracy": 0.4910941475826972,
  "training_disc_loss": 1.1829698967933655,
  "training_gen_loss": 6.301219787597656,
  "training_loss": 5.773700530712421,
  "training_cpu_memory_MB": 5866.952,
  "training_gpu_0_memory_MB": 21435,
  "training_gpu_1_memory_MB": 20139,
  "training_gpu_2_memory_MB": 20139,
  "training_gpu_3_memory_MB": 20139,
  "validation_accuracy": 0.3513238289205703,
  "validation_disc_loss": 1.7197439785926574,
  "validation_gen_loss": 6.869612624568324,
  "validation_loss": 6.356117294680688,
  "best_validation_accuracy": 0.37474541751527496,
  "best_validation_disc_loss": 1.6295444696180281,
  "best_validation_gen_loss": 6.871612348864155,
  "best_validation_loss": 6.348647302196872
}