{
  "best_epoch": 2,
  "peak_cpu_memory_MB": 5866.952,
  "peak_gpu_0_memory_MB": 21435,
  "peak_gpu_1_memory_MB": 20139,
  "peak_gpu_2_memory_MB": 20139,
  "peak_gpu_3_memory_MB": 20139,
  "training_duration": "0:02:17.756688",
  "training_start_epoch": 0,
  "training_epochs": 4,
  "epoch": 4,
  "training_accuracy": 0.40458015267175573,
  "training_disc_loss": 1.795394730567932,
  "training_gen_loss": 6.575888462066651,
  "training_loss": 6.090682139763465,
  "training_cpu_memory_MB": 5866.952,
  "training_gpu_0_memory_MB": 21435,
  "training_gpu_1_memory_MB": 20139,
  "training_gpu_2_memory_MB": 20139,
  "training_gpu_3_memory_MB": 20139,
  "validation_accuracy": 0.3289205702647658,
  "validation_disc_loss": 3.35451671384996,
  "validation_gen_loss": 7.1081743240356445,
  "validation_loss": 6.7341825423702115,
  "best_validation_accuracy": 0.3421588594704684,
  "best_validation_disc_loss": 9.601526268066898,
  "best_validation_gen_loss": 7.8038787841796875,
  "best_validation_loss": 7.9851559977377615
}