{
  "best_epoch": 12,
  "peak_cpu_memory_MB": 5866.952,
  "peak_gpu_0_memory_MB": 21435,
  "peak_gpu_1_memory_MB": 20139,
  "peak_gpu_2_memory_MB": 20139,
  "peak_gpu_3_memory_MB": 20139,
  "training_duration": "0:08:22.691454",
  "training_start_epoch": 0,
  "training_epochs": 17,
  "epoch": 17,
  "training_accuracy": 0.544529262086514,
  "training_disc_loss": 1.0465636682510375,
  "training_gen_loss": 6.298059902191162,
  "training_loss": 5.752684996678279,
  "training_cpu_memory_MB": 5866.952,
  "training_gpu_0_memory_MB": 21435,
  "training_gpu_1_memory_MB": 20139,
  "training_gpu_2_memory_MB": 20139,
  "training_gpu_3_memory_MB": 20139,
  "validation_accuracy": 0.34928716904276985,
  "validation_disc_loss": 1.7398275723380427,
  "validation_gen_loss": 6.871702724887479,
  "validation_loss": 6.359980598572762,
  "best_validation_accuracy": 0.37474541751527496,
  "best_validation_disc_loss": 1.6295444696180281,
  "best_validation_gen_loss": 6.871612348864155,
  "best_validation_loss": 6.348647302196872
}