{
  "best_epoch": 1,
  "peak_cpu_memory_MB": 9765.74,
  "peak_gpu_0_memory_MB": 36,
  "peak_gpu_1_memory_MB": 10920,
  "training_duration": "12:51:40.313760",
  "training_start_epoch": 0,
  "training_epochs": 1,
  "epoch": 1,
  "training_accuracy": 0.8492291865078354,
  "training_gen_loss": 1.784606023999022,
  "training_disc_loss": 0.4300478449224677,
  "training_loss": 1.1073264698200462,
  "training_cpu_memory_MB": 9765.74,
  "training_gpu_0_memory_MB": 36,
  "training_gpu_1_memory_MB": 10920,
  "validation_accuracy": 0.8541008660213958,
  "validation_gen_loss": 2.092094607001509,
  "validation_disc_loss": 0.4317174761780784,
  "validation_loss": 1.2617855357424832,
  "best_validation_accuracy": 0.8541008660213958,
  "best_validation_gen_loss": 2.092094607001509,
  "best_validation_disc_loss": 0.4317174761780784,
  "best_validation_loss": 1.2617855357424832
}