{
  "best_epoch": 2,
  "peak_cpu_memory_MB": 9765.74,
  "peak_gpu_0_memory_MB": 36,
  "peak_gpu_1_memory_MB": 10920,
  "training_duration": "19:17:14.156172",
  "training_start_epoch": 0,
  "training_epochs": 2,
  "epoch": 2,
  "training_accuracy": 0.8941003610880515,
  "training_gen_loss": 1.7227578156316075,
  "training_disc_loss": 0.2932080334079387,
  "training_loss": 1.0079837018645805,
  "training_cpu_memory_MB": 9765.74,
  "training_gpu_0_memory_MB": 36,
  "training_gpu_1_memory_MB": 10920,
  "validation_accuracy": 0.8554253693326541,
  "validation_gen_loss": 2.014848014156121,
  "validation_disc_loss": 0.45534586204571437,
  "validation_loss": 1.2350177743535864,
  "best_validation_accuracy": 0.8554253693326541,
  "best_validation_gen_loss": 2.014848014156121,
  "best_validation_disc_loss": 0.45534586204571437,
  "best_validation_loss": 1.2350177743535864
}