{
  "best_epoch": 0,
  "peak_cpu_memory_MB": 9765.74,
  "peak_gpu_0_memory_MB": 36,
  "peak_gpu_1_memory_MB": 2600,
  "training_duration": "6:26:07.694742",
  "training_start_epoch": 0,
  "training_epochs": 0,
  "epoch": 0,
  "training_accuracy": 0.7264134127149849,
  "training_gen_loss": 2.14008180840517,
  "training_disc_loss": 0.9430926841755092,
  "training_loss": 1.5415855874216386,
  "training_cpu_memory_MB": 9765.74,
  "training_gpu_0_memory_MB": 36,
  "training_gpu_1_memory_MB": 2600,
  "validation_accuracy": 0.8477840040753948,
  "validation_gen_loss": 1.983278365303271,
  "validation_disc_loss": 0.43447717000260105,
  "validation_loss": 1.2086909273548312,
  "best_validation_accuracy": 0.8477840040753948,
  "best_validation_gen_loss": 1.983278365303271,
  "best_validation_disc_loss": 0.43447717000260105,
  "best_validation_loss": 1.2086909273548312
}