{
  "best_epoch": 4,
  "peak_cpu_memory_MB": 5500.464,
  "peak_gpu_0_memory_MB": 12677,
  "peak_gpu_1_memory_MB": 21435,
  "peak_gpu_2_memory_MB": 0,
  "peak_gpu_3_memory_MB": 12821,
  "training_duration": "0:03:01.077101",
  "training_start_epoch": 0,
  "training_epochs": 4,
  "epoch": 4,
  "training_accuracy": 0.5139949109414759,
  "training_loss": 1.035725176334381,
  "training_cpu_memory_MB": 5500.464,
  "training_gpu_0_memory_MB": 12677,
  "training_gpu_1_memory_MB": 21435,
  "training_gpu_2_memory_MB": 0,
  "training_gpu_3_memory_MB": 12821,
  "validation_accuracy": 0.40713194090677535,
  "validation_loss": 1.0858265617771334,
  "best_validation_accuracy": 0.40713194090677535,
  "best_validation_loss": 1.0858265617771334
}