{
  "best_epoch": 3,
  "peak_cpu_memory_MB": 5500.464,
  "peak_gpu_0_memory_MB": 12677,
  "peak_gpu_1_memory_MB": 21435,
  "peak_gpu_2_memory_MB": 0,
  "peak_gpu_3_memory_MB": 12821,
  "training_duration": "0:02:20.982546",
  "training_start_epoch": 0,
  "training_epochs": 3,
  "epoch": 3,
  "training_accuracy": 0.4071246819338422,
  "training_loss": 1.078089714050293,
  "training_cpu_memory_MB": 5500.464,
  "training_gpu_0_memory_MB": 12677,
  "training_gpu_1_memory_MB": 21435,
  "training_gpu_2_memory_MB": 0,
  "training_gpu_3_memory_MB": 12821,
  "validation_accuracy": 0.3652572592969944,
  "validation_loss": 1.10452824539781,
  "best_validation_accuracy": 0.3652572592969944,
  "best_validation_loss": 1.10452824539781
}