{
  "best_epoch": 5,
  "peak_cpu_memory_MB": 5500.464,
  "peak_gpu_0_memory_MB": 12677,
  "peak_gpu_1_memory_MB": 21435,
  "peak_gpu_2_memory_MB": 0,
  "peak_gpu_3_memory_MB": 12821,
  "training_duration": "0:03:39.439201",
  "training_start_epoch": 0,
  "training_epochs": 5,
  "epoch": 5,
  "training_accuracy": 0.5979643765903307,
  "training_loss": 0.9462947845458984,
  "training_cpu_memory_MB": 5500.464,
  "training_gpu_0_memory_MB": 12677,
  "training_gpu_1_memory_MB": 21435,
  "training_gpu_2_memory_MB": 0,
  "training_gpu_3_memory_MB": 12821,
  "validation_accuracy": 0.43321446765155375,
  "validation_loss": 1.0937250155579383,
  "best_validation_accuracy": 0.43321446765155375,
  "best_validation_loss": 1.0937250155579383
}