{
  "best_epoch": 0,
  "peak_cpu_memory_MB": 7494.596,
  "peak_gpu_0_memory_MB": 6155,
  "peak_gpu_1_memory_MB": 1458,
  "training_duration": "0:39:18.669992",
  "training_start_epoch": 0,
  "training_epochs": 0,
  "epoch": 0,
  "training_accuracy": 0.773385416931923,
  "training_loss": 0.549799004404513,
  "training_cpu_memory_MB": 7494.596,
  "training_gpu_0_memory_MB": 6155,
  "training_gpu_1_memory_MB": 1458,
  "validation_accuracy": 0.829648497198166,
  "validation_loss": 0.4421180376012473,
  "best_validation_accuracy": 0.829648497198166,
  "best_validation_loss": 0.4421180376012473
}