{
  "best_epoch": 2,
  "peak_cpu_memory_MB": 7494.596,
  "peak_gpu_0_memory_MB": 6155,
  "peak_gpu_1_memory_MB": 5274,
  "training_duration": "1:58:22.152517",
  "training_start_epoch": 0,
  "training_epochs": 2,
  "epoch": 2,
  "training_accuracy": 0.916089044619075,
  "training_loss": 0.23141211888393462,
  "training_cpu_memory_MB": 7494.596,
  "training_gpu_0_memory_MB": 6155,
  "training_gpu_1_memory_MB": 5274,
  "validation_accuracy": 0.8470708099847173,
  "validation_loss": 0.4806665465575476,
  "best_validation_accuracy": 0.8470708099847173,
  "best_validation_loss": 0.4806665465575476
}