{
  "best_epoch": 4,
  "peak_cpu_memory_MB": 5347.244,
  "peak_gpu_0_memory_MB": 12693,
  "peak_gpu_1_memory_MB": 21435,
  "peak_gpu_2_memory_MB": 0,
  "peak_gpu_3_memory_MB": 13013,
  "training_duration": "0:03:31.869277",
  "training_start_epoch": 0,
  "training_epochs": 5,
  "epoch": 5,
  "training_accuracy": 0.9821882951653944,
  "training_loss": 0.06422994056573281,
  "training_cpu_memory_MB": 5347.244,
  "training_gpu_0_memory_MB": 12693,
  "training_gpu_1_memory_MB": 21435,
  "training_gpu_2_memory_MB": 0,
  "training_gpu_3_memory_MB": 13013,
  "validation_accuracy": 0.5784004075394804,
  "validation_loss": 1.5590167045593262,
  "best_validation_accuracy": 0.6040753948038716,
  "best_validation_loss": 1.2605050640113966
}