{
  "best_epoch": 4,
  "peak_cpu_memory_MB": 5347.244,
  "peak_gpu_0_memory_MB": 12693,
  "peak_gpu_1_memory_MB": 21435,
  "peak_gpu_2_memory_MB": 0,
  "peak_gpu_3_memory_MB": 13013,
  "training_duration": "0:02:54.029412",
  "training_start_epoch": 0,
  "training_epochs": 4,
  "epoch": 4,
  "training_accuracy": 0.9592875318066157,
  "training_loss": 0.18842543890843025,
  "training_cpu_memory_MB": 5347.244,
  "training_gpu_0_memory_MB": 12693,
  "training_gpu_1_memory_MB": 21435,
  "training_gpu_2_memory_MB": 0,
  "training_gpu_3_memory_MB": 13013,
  "validation_accuracy": 0.6040753948038716,
  "validation_loss": 1.2605050640113966,
  "best_validation_accuracy": 0.6040753948038716,
  "best_validation_loss": 1.2605050640113966
}