{
  "best_epoch": 4,
  "peak_cpu_memory_MB": 5347.244,
  "peak_gpu_0_memory_MB": 12693,
  "peak_gpu_1_memory_MB": 21435,
  "peak_gpu_2_memory_MB": 0,
  "peak_gpu_3_memory_MB": 13013,
  "training_duration": "0:04:06.717535",
  "training_start_epoch": 0,
  "training_epochs": 6,
  "epoch": 6,
  "training_accuracy": 0.9949109414758269,
  "training_loss": 0.03296353266789363,
  "training_cpu_memory_MB": 5347.244,
  "training_gpu_0_memory_MB": 12693,
  "training_gpu_1_memory_MB": 21435,
  "training_gpu_2_memory_MB": 0,
  "training_gpu_3_memory_MB": 13013,
  "validation_accuracy": 0.5874681609780947,
  "validation_loss": 1.3638615456776821,
  "best_validation_accuracy": 0.6040753948038716,
  "best_validation_loss": 1.2605050640113966
}