{
  "best_epoch": 2,
  "peak_cpu_memory_MB": 5347.244,
  "peak_gpu_0_memory_MB": 12693,
  "peak_gpu_1_memory_MB": 21435,
  "peak_gpu_2_memory_MB": 0,
  "peak_gpu_3_memory_MB": 13013,
  "training_duration": "0:01:41.149845",
  "training_start_epoch": 0,
  "training_epochs": 2,
  "epoch": 2,
  "training_accuracy": 0.6335877862595419,
  "training_loss": 0.8349583790852473,
  "training_cpu_memory_MB": 5347.244,
  "training_gpu_0_memory_MB": 12693,
  "training_gpu_1_memory_MB": 21435,
  "training_gpu_2_memory_MB": 0,
  "training_gpu_3_memory_MB": 13013,
  "validation_accuracy": 0.5551706571574121,
  "validation_loss": 1.0365440556203116,
  "best_validation_accuracy": 0.5551706571574121,
  "best_validation_loss": 1.0365440556203116
}