{
  "best_epoch": 0,
  "peak_cpu_memory_MB": 5488.028,
  "peak_gpu_0_memory_MB": 12693,
  "peak_gpu_1_memory_MB": 21435,
  "peak_gpu_2_memory_MB": 0,
  "peak_gpu_3_memory_MB": 2425,
  "training_duration": "0:00:30.072592",
  "training_start_epoch": 0,
  "training_epochs": 0,
  "epoch": 0,
  "training_accuracy": 0.34096692111959287,
  "training_loss": 1.231769167459928,
  "training_cpu_memory_MB": 5488.028,
  "training_gpu_0_memory_MB": 12693,
  "training_gpu_1_memory_MB": 21435,
  "training_gpu_2_memory_MB": 0,
  "training_gpu_3_memory_MB": 2425,
  "validation_accuracy": 0.31818644931227713,
  "validation_loss": 1.1237577603771942,
  "best_validation_accuracy": 0.31818644931227713,
  "best_validation_loss": 1.1237577603771942
}