{
  "best_epoch": 3,
  "peak_cpu_memory_MB": 5342.892,
  "peak_gpu_0_memory_MB": 12645,
  "peak_gpu_1_memory_MB": 21435,
  "peak_gpu_2_memory_MB": 0,
  "peak_gpu_3_memory_MB": 12805,
  "training_duration": "0:02:23.345262",
  "training_start_epoch": 0,
  "training_epochs": 3,
  "epoch": 3,
  "training_accuracy": 0.9541984732824428,
  "training_loss": 0.13486033147917345,
  "training_cpu_memory_MB": 5342.892,
  "training_gpu_0_memory_MB": 12645,
  "training_gpu_1_memory_MB": 21435,
  "training_gpu_2_memory_MB": 0,
  "training_gpu_3_memory_MB": 12805,
  "validation_accuracy": 0.5879775853285787,
  "validation_loss": 1.4794203279849372,
  "best_validation_accuracy": 0.5879775853285787,
  "best_validation_loss": 1.4794203279849372
}