{
  "best_epoch": 0,
  "peak_cpu_memory_MB": 5342.892,
  "peak_gpu_0_memory_MB": 2309,
  "peak_gpu_1_memory_MB": 21435,
  "peak_gpu_2_memory_MB": 0,
  "peak_gpu_3_memory_MB": 12805,
  "training_duration": "0:00:31.073065",
  "training_start_epoch": 0,
  "training_epochs": 0,
  "epoch": 0,
  "training_accuracy": 0.3893129770992366,
  "training_loss": 1.106367303774907,
  "training_cpu_memory_MB": 5342.892,
  "training_gpu_0_memory_MB": 2309,
  "training_gpu_1_memory_MB": 21435,
  "training_gpu_2_memory_MB": 0,
  "training_gpu_3_memory_MB": 12805,
  "validation_accuracy": 0.42883341823739174,
  "validation_loss": 1.092935099858026,
  "best_validation_accuracy": 0.42883341823739174,
  "best_validation_loss": 1.092935099858026
}