{
  "best_epoch": 10,
  "peak_cpu_memory_MB": 5866.204,
  "peak_gpu_0_memory_MB": 21435,
  "peak_gpu_1_memory_MB": 20139,
  "peak_gpu_2_memory_MB": 20139,
  "peak_gpu_3_memory_MB": 20139,
  "training_duration": "0:08:56.670511",
  "training_start_epoch": 0,
  "training_epochs": 19,
  "epoch": 19,
  "training_accuracy": 0.39185750636132316,
  "training_disc_loss": 1.4503001189231872,
  "training_gen_loss": 6.549855442047119,
  "training_loss": 4.000123042326707,
  "training_cpu_memory_MB": 5866.204,
  "training_gpu_0_memory_MB": 21435,
  "training_gpu_1_memory_MB": 20139,
  "training_gpu_2_memory_MB": 20139,
  "training_gpu_3_memory_MB": 20139,
  "validation_accuracy": 0.3513238289205703,
  "validation_disc_loss": 1.2920032470457015,
  "validation_gen_loss": 6.969934363518992,
  "validation_loss": 4.1333991250684186,
  "best_validation_accuracy": 0.3625254582484725,
  "best_validation_disc_loss": 1.246150585912889,
  "best_validation_gen_loss": 7.020766127494074,
  "best_validation_loss": 4.135547430284562
}