{
  "best_epoch": 10,
  "peak_cpu_memory_MB": 5866.204,
  "peak_gpu_0_memory_MB": 21435,
  "peak_gpu_1_memory_MB": 20139,
  "peak_gpu_2_memory_MB": 20139,
  "peak_gpu_3_memory_MB": 20139,
  "training_duration": "0:04:54.499739",
  "training_start_epoch": 0,
  "training_epochs": 10,
  "epoch": 10,
  "training_accuracy": 0.35368956743002544,
  "training_disc_loss": 1.539438579082489,
  "training_gen_loss": 6.663848724365234,
  "training_loss": 4.095527630585891,
  "training_cpu_memory_MB": 5866.204,
  "training_gpu_0_memory_MB": 21435,
  "training_gpu_1_memory_MB": 20139,
  "training_gpu_2_memory_MB": 20139,
  "training_gpu_3_memory_MB": 20139,
  "validation_accuracy": 0.3625254582484725,
  "validation_disc_loss": 1.246150585912889,
  "validation_gen_loss": 7.020766127494074,
  "validation_loss": 4.135547430284562,
  "best_validation_accuracy": 0.3625254582484725,
  "best_validation_disc_loss": 1.246150585912889,
  "best_validation_gen_loss": 7.020766127494074,
  "best_validation_loss": 4.135547430284562
}