{
  "best_epoch": 0,
  "peak_cpu_memory_MB": 5866.204,
  "peak_gpu_0_memory_MB": 2617,
  "peak_gpu_1_memory_MB": 20139,
  "peak_gpu_2_memory_MB": 20139,
  "peak_gpu_3_memory_MB": 20139,
  "training_duration": "0:00:20.912716",
  "training_start_epoch": 0,
  "training_epochs": 0,
  "epoch": 0,
  "training_accuracy": 0.3944020356234097,
  "training_disc_loss": 14.180934295654296,
  "training_gen_loss": 12.851901435852051,
  "training_loss": 13.533527594346266,
  "training_cpu_memory_MB": 5866.204,
  "training_gpu_0_memory_MB": 2617,
  "training_gpu_1_memory_MB": 20139,
  "training_gpu_2_memory_MB": 20139,
  "training_gpu_3_memory_MB": 20139,
  "validation_accuracy": 0.34826883910386963,
  "validation_disc_loss": 15.554820229930263,
  "validation_gen_loss": 11.878104932846561,
  "validation_loss": 13.721072904525265,
  "best_validation_accuracy": 0.34826883910386963,
  "best_validation_disc_loss": 15.554820229930263,
  "best_validation_gen_loss": 11.878104932846561,
  "best_validation_loss": 13.721072904525265
}