{
  "best_epoch": 0,
  "peak_cpu_memory_MB": 5866.204,
  "peak_gpu_0_memory_MB": 21435,
  "peak_gpu_1_memory_MB": 20139,
  "peak_gpu_2_memory_MB": 20139,
  "peak_gpu_3_memory_MB": 20139,
  "training_duration": "0:00:47.890219",
  "training_start_epoch": 0,
  "training_epochs": 1,
  "epoch": 1,
  "training_accuracy": 0.3231552162849873,
  "training_disc_loss": 10.37409460067749,
  "training_gen_loss": 10.892325439453124,
  "training_loss": 10.484544827387882,
  "training_cpu_memory_MB": 5866.204,
  "training_gpu_0_memory_MB": 21435,
  "training_gpu_1_memory_MB": 20139,
  "training_gpu_2_memory_MB": 20139,
  "training_gpu_3_memory_MB": 20139,
  "validation_accuracy": 0.32484725050916496,
  "validation_disc_loss": 10.828511930281117,
  "validation_gen_loss": 9.961518272276848,
  "validation_loss": 10.386407821409163,
  "best_validation_accuracy": 0.34826883910386963,
  "best_validation_disc_loss": 15.554820229930263,
  "best_validation_gen_loss": 11.878104932846561,
  "best_validation_loss": 13.721072904525265
}