{
  "best_epoch": 3,
  "peak_cpu_memory_MB": 5866.004,
  "peak_gpu_0_memory_MB": 21435,
  "peak_gpu_1_memory_MB": 20139,
  "peak_gpu_2_memory_MB": 20139,
  "peak_gpu_3_memory_MB": 20139,
  "training_duration": "0:02:15.572940",
  "training_start_epoch": 0,
  "training_epochs": 4,
  "epoch": 4,
  "training_accuracy": 0.3384223918575064,
  "training_disc_loss": 1.9630689239501953,
  "training_gen_loss": 6.619979324340821,
  "training_loss": 6.149087612445538,
  "training_cpu_memory_MB": 5866.004,
  "training_gpu_0_memory_MB": 21435,
  "training_gpu_1_memory_MB": 20139,
  "training_gpu_2_memory_MB": 20139,
  "training_gpu_3_memory_MB": 20139,
  "validation_accuracy": 0.3329938900203666,
  "validation_disc_loss": 5.765954348348802,
  "validation_gen_loss": 7.385572902617916,
  "validation_loss": 7.227759991922686,
  "best_validation_accuracy": 0.3360488798370672,
  "best_validation_disc_loss": 4.4443502964512,
  "best_validation_gen_loss": 7.266955644853653,
  "best_validation_loss": 6.988203356342931
}