{
  "best_epoch": 0,
  "peak_cpu_memory_MB": 5866.004,
  "peak_gpu_0_memory_MB": 2617,
  "peak_gpu_1_memory_MB": 20139,
  "peak_gpu_2_memory_MB": 20139,
  "peak_gpu_3_memory_MB": 20139,
  "training_duration": "0:00:21.327634",
  "training_start_epoch": 0,
  "training_epochs": 0,
  "epoch": 0,
  "training_accuracy": 0.3842239185750636,
  "training_disc_loss": 14.725477180480958,
  "training_gen_loss": 12.303082885742187,
  "training_loss": 12.520533488346981,
  "training_cpu_memory_MB": 5866.004,
  "training_gpu_0_memory_MB": 2617,
  "training_gpu_1_memory_MB": 20139,
  "training_gpu_2_memory_MB": 20139,
  "training_gpu_3_memory_MB": 20139,
  "validation_accuracy": 0.335030549898167,
  "validation_disc_loss": 19.19269803262526,
  "validation_gen_loss": 11.185508866463937,
  "validation_loss": 11.98553091479886,
  "best_validation_accuracy": 0.335030549898167,
  "best_validation_disc_loss": 19.19269803262526,
  "best_validation_gen_loss": 11.185508866463937,
  "best_validation_loss": 11.98553091479886
}