{
  "best_epoch": 1,
  "peak_cpu_memory_MB": 5866.008,
  "peak_gpu_0_memory_MB": 21435,
  "peak_gpu_1_memory_MB": 20139,
  "peak_gpu_2_memory_MB": 20139,
  "peak_gpu_3_memory_MB": 20139,
  "training_duration": "0:01:18.753668",
  "training_start_epoch": 0,
  "training_epochs": 2,
  "epoch": 2,
  "training_accuracy": 0.3638676844783715,
  "training_disc_loss": 3.7478308963775633,
  "training_gen_loss": 7.226732540130615,
  "training_loss": 6.869816596691425,
  "training_cpu_memory_MB": 5866.008,
  "training_gpu_0_memory_MB": 21435,
  "training_gpu_1_memory_MB": 20139,
  "training_gpu_2_memory_MB": 20139,
  "training_gpu_3_memory_MB": 20139,
  "validation_accuracy": 0.3289205702647658,
  "validation_disc_loss": 12.841187107947565,
  "validation_gen_loss": 8.868166092903383,
  "validation_loss": 9.266585565382435,
  "best_validation_accuracy": 0.3329938900203666,
  "best_validation_disc_loss": 20.087785966934696,
  "best_validation_gen_loss": 11.313134885603382,
  "best_validation_loss": 12.19376847051805
}