{
  "best_epoch": 6,
  "peak_cpu_memory_MB": 5866.008,
  "peak_gpu_0_memory_MB": 21435,
  "peak_gpu_1_memory_MB": 20139,
  "peak_gpu_2_memory_MB": 20139,
  "peak_gpu_3_memory_MB": 20139,
  "training_duration": "0:03:40.241184",
  "training_start_epoch": 0,
  "training_epochs": 7,
  "epoch": 7,
  "training_accuracy": 0.361323155216285,
  "training_disc_loss": 2.1599326944351196,
  "training_gen_loss": 6.621245288848877,
  "training_loss": 6.188237703763521,
  "training_cpu_memory_MB": 5866.008,
  "training_gpu_0_memory_MB": 21435,
  "training_gpu_1_memory_MB": 20139,
  "training_gpu_2_memory_MB": 20139,
  "training_gpu_3_memory_MB": 20139,
  "validation_accuracy": 0.3360488798370672,
  "validation_disc_loss": 2.7328022506929215,
  "validation_gen_loss": 7.22787433285867,
  "validation_loss": 6.779979182827857,
  "best_validation_accuracy": 0.34012219959266804,
  "best_validation_disc_loss": 3.802876122536198,
  "best_validation_gen_loss": 7.380091405683948,
  "best_validation_loss": 7.0238429038755354
}