{
  "best_epoch": 10,
  "peak_cpu_memory_MB": 5866.568,
  "peak_gpu_0_memory_MB": 21435,
  "peak_gpu_1_memory_MB": 20139,
  "peak_gpu_2_memory_MB": 20139,
  "peak_gpu_3_memory_MB": 20139,
  "training_duration": "0:06:19.350612",
  "training_start_epoch": 0,
  "training_epochs": 13,
  "epoch": 13,
  "training_accuracy": 0.6005089058524173,
  "training_disc_loss": 1.0770476412773133,
  "training_gen_loss": 6.337981758117675,
  "training_loss": 5.8120844180767355,
  "training_cpu_memory_MB": 5866.568,
  "training_gpu_0_memory_MB": 21435,
  "training_gpu_1_memory_MB": 20139,
  "training_gpu_2_memory_MB": 20139,
  "training_gpu_3_memory_MB": 20139,
  "validation_accuracy": 0.37372708757637474,
  "validation_disc_loss": 2.0120154100079692,
  "validation_gen_loss": 6.921752868160125,
  "validation_loss": 6.433727495131954,
  "best_validation_accuracy": 0.3757637474541752,
  "best_validation_disc_loss": 1.7051034713945081,
  "best_validation_gen_loss": 6.91103902170735,
  "best_validation_loss": 6.392523396399714
}