{
  "best_epoch": 4,
  "peak_cpu_memory_MB": 5866.568,
  "peak_gpu_0_memory_MB": 21435,
  "peak_gpu_1_memory_MB": 20139,
  "peak_gpu_2_memory_MB": 20139,
  "peak_gpu_3_memory_MB": 20139,
  "training_duration": "0:03:09.051038",
  "training_start_epoch": 0,
  "training_epochs": 6,
  "epoch": 6,
  "training_accuracy": 0.48346055979643765,
  "training_disc_loss": 1.5487670230865478,
  "training_gen_loss": 6.527356548309326,
  "training_loss": 6.028695473304162,
  "training_cpu_memory_MB": 5866.568,
  "training_gpu_0_memory_MB": 21435,
  "training_gpu_1_memory_MB": 20139,
  "training_gpu_2_memory_MB": 20139,
  "training_gpu_3_memory_MB": 20139,
  "validation_accuracy": 0.3564154786150713,
  "validation_disc_loss": 2.180902294574245,
  "validation_gen_loss": 6.974973578606883,
  "validation_loss": 6.49741320456228,
  "best_validation_accuracy": 0.3696537678207739,
  "best_validation_disc_loss": 3.743755142534933,
  "best_validation_gen_loss": 7.240692907764066,
  "best_validation_loss": 6.898985247458181
}