{
  "best_epoch": 10,
  "peak_cpu_memory_MB": 5866.568,
  "peak_gpu_0_memory_MB": 21435,
  "peak_gpu_1_memory_MB": 20139,
  "peak_gpu_2_memory_MB": 20139,
  "peak_gpu_3_memory_MB": 20139,
  "training_duration": "0:05:26.182317",
  "training_start_epoch": 0,
  "training_epochs": 11,
  "epoch": 11,
  "training_accuracy": 0.5928753180661578,
  "training_disc_loss": 1.0203274035453795,
  "training_gen_loss": 6.362661609649658,
  "training_loss": 5.822388318868784,
  "training_cpu_memory_MB": 5866.568,
  "training_gpu_0_memory_MB": 21435,
  "training_gpu_1_memory_MB": 20139,
  "training_gpu_2_memory_MB": 20139,
  "training_gpu_3_memory_MB": 20139,
  "validation_accuracy": 0.3635437881873727,
  "validation_disc_loss": 3.8240325566261046,
  "validation_gen_loss": 7.07787149952304,
  "validation_loss": 6.755337838203676,
  "best_validation_accuracy": 0.3757637474541752,
  "best_validation_disc_loss": 1.7051034713945081,
  "best_validation_gen_loss": 6.91103902170735,
  "best_validation_loss": 6.392523396399714
}