{
  "best_epoch": 23,
  "peak_cpu_memory_MB": 5866.568,
  "peak_gpu_0_memory_MB": 21435,
  "peak_gpu_1_memory_MB": 20139,
  "peak_gpu_2_memory_MB": 20139,
  "peak_gpu_3_memory_MB": 20139,
  "training_duration": "0:11:03.132003",
  "training_start_epoch": 0,
  "training_epochs": 23,
  "epoch": 23,
  "training_accuracy": 0.6615776081424937,
  "training_disc_loss": 0.8458660513162612,
  "training_gen_loss": 6.251839637756348,
  "training_loss": 5.718338893010066,
  "training_cpu_memory_MB": 5866.568,
  "training_gpu_0_memory_MB": 21435,
  "training_gpu_1_memory_MB": 20139,
  "training_gpu_2_memory_MB": 20139,
  "training_gpu_3_memory_MB": 20139,
  "validation_accuracy": 0.4103869653767821,
  "validation_disc_loss": 1.5931852834839975,
  "validation_gen_loss": 6.871929814738612,
  "validation_loss": 6.346773162964852,
  "best_validation_accuracy": 0.4103869653767821,
  "best_validation_disc_loss": 1.5931852834839975,
  "best_validation_gen_loss": 6.871929814738612,
  "best_validation_loss": 6.346773162964852
}