{
  "best_epoch": 4,
  "peak_cpu_memory_MB": 5866.568,
  "peak_gpu_0_memory_MB": 21435,
  "peak_gpu_1_memory_MB": 20139,
  "peak_gpu_2_memory_MB": 20139,
  "peak_gpu_3_memory_MB": 20139,
  "training_duration": "0:04:02.322689",
  "training_start_epoch": 0,
  "training_epochs": 8,
  "epoch": 8,
  "training_accuracy": 0.5139949109414759,
  "training_disc_loss": 1.2889990043640136,
  "training_gen_loss": 6.429926719665527,
  "training_loss": 5.908527484306922,
  "training_cpu_memory_MB": 5866.568,
  "training_gpu_0_memory_MB": 21435,
  "training_gpu_1_memory_MB": 20139,
  "training_gpu_2_memory_MB": 20139,
  "training_gpu_3_memory_MB": 20139,
  "validation_accuracy": 0.3594704684317719,
  "validation_disc_loss": 1.7181492274807346,
  "validation_gen_loss": 6.9263022253590245,
  "validation_loss": 6.407250388976066,
  "best_validation_accuracy": 0.3696537678207739,
  "best_validation_disc_loss": 3.743755142534933,
  "best_validation_gen_loss": 7.240692907764066,
  "best_validation_loss": 6.898985247458181
}