{
  "best_epoch": 14,
  "peak_cpu_memory_MB": 5866.568,
  "peak_gpu_0_memory_MB": 21435,
  "peak_gpu_1_memory_MB": 20139,
  "peak_gpu_2_memory_MB": 20139,
  "peak_gpu_3_memory_MB": 20139,
  "training_duration": "0:07:17.467914",
  "training_start_epoch": 0,
  "training_epochs": 15,
  "epoch": 15,
  "training_accuracy": 0.6259541984732825,
  "training_disc_loss": 0.916314799785614,
  "training_gen_loss": 6.310771884918213,
  "training_loss": 5.776185402503381,
  "training_cpu_memory_MB": 5866.568,
  "training_gpu_0_memory_MB": 21435,
  "training_gpu_1_memory_MB": 20139,
  "training_gpu_2_memory_MB": 20139,
  "training_gpu_3_memory_MB": 20139,
  "validation_accuracy": 0.3655804480651731,
  "validation_disc_loss": 1.7790831981166717,
  "validation_gen_loss": 6.899480573592648,
  "validation_loss": 6.389724700681625,
  "best_validation_accuracy": 0.37983706720977595,
  "best_validation_disc_loss": 1.7601936997905854,
  "best_validation_gen_loss": 6.8962016105651855,
  "best_validation_loss": 6.38463104924848
}