{
  "best_epoch": 26,
  "peak_cpu_memory_MB": 5866.568,
  "peak_gpu_0_memory_MB": 21435,
  "peak_gpu_1_memory_MB": 20139,
  "peak_gpu_2_memory_MB": 20139,
  "peak_gpu_3_memory_MB": 20139,
  "training_duration": "0:13:50.489885",
  "training_start_epoch": 0,
  "training_epochs": 29,
  "epoch": 29,
  "training_accuracy": 0.6844783715012722,
  "training_disc_loss": 0.7577554917335511,
  "training_gen_loss": 6.233016128540039,
  "training_loss": 5.693504773653471,
  "training_cpu_memory_MB": 5866.568,
  "training_gpu_0_memory_MB": 21435,
  "training_gpu_1_memory_MB": 20139,
  "training_gpu_2_memory_MB": 20139,
  "training_gpu_3_memory_MB": 20139,
  "validation_accuracy": 0.4103869653767821,
  "validation_disc_loss": 1.5914360486691999,
  "validation_gen_loss": 6.866954818848641,
  "validation_loss": 6.3421897426728275,
  "best_validation_accuracy": 0.4134419551934827,
  "best_validation_disc_loss": 1.5868642714715773,
  "best_validation_gen_loss": 6.866465945397654,
  "best_validation_loss": 6.3412937964162515
}