{
  "best_epoch": 23,
  "peak_cpu_memory_MB": 5866.568,
  "peak_gpu_0_memory_MB": 21435,
  "peak_gpu_1_memory_MB": 20139,
  "peak_gpu_2_memory_MB": 20139,
  "peak_gpu_3_memory_MB": 20139,
  "training_duration": "0:11:33.869741",
  "training_start_epoch": 0,
  "training_epochs": 24,
  "epoch": 24,
  "training_accuracy": 0.6590330788804071,
  "training_disc_loss": 0.8952768886089325,
  "training_gen_loss": 6.2407774734497075,
  "training_loss": 5.691769893352802,
  "training_cpu_memory_MB": 5866.568,
  "training_gpu_0_memory_MB": 21435,
  "training_gpu_1_memory_MB": 20139,
  "training_gpu_2_memory_MB": 20139,
  "training_gpu_3_memory_MB": 20139,
  "validation_accuracy": 0.40835030549898166,
  "validation_disc_loss": 1.5633466061084502,
  "validation_gen_loss": 6.869524025147961,
  "validation_loss": 6.3415166485694145,
  "best_validation_accuracy": 0.4103869653767821,
  "best_validation_disc_loss": 1.5931852834839975,
  "best_validation_gen_loss": 6.871929814738612,
  "best_validation_loss": 6.346773162964852
}