{
  "best_epoch": 3,
  "peak_cpu_memory_MB": 5501.46,
  "peak_gpu_0_memory_MB": 12693,
  "peak_gpu_1_memory_MB": 21435,
  "peak_gpu_2_memory_MB": 0,
  "peak_gpu_3_memory_MB": 12805,
  "training_duration": "0:02:21.996208",
  "training_start_epoch": 0,
  "training_epochs": 3,
  "epoch": 3,
  "training_accuracy": 0.3282442748091603,
  "training_loss": 1.1766517620820265,
  "training_cpu_memory_MB": 5501.46,
  "training_gpu_0_memory_MB": 12693,
  "training_gpu_1_memory_MB": 21435,
  "training_gpu_2_memory_MB": 0,
  "training_gpu_3_memory_MB": 12805,
  "validation_accuracy": 0.3631176770249618,
  "validation_loss": 1.133998373238194,
  "best_validation_accuracy": 0.3631176770249618,
  "best_validation_loss": 1.133998373238194
}