{
  "best_epoch": 7,
  "peak_cpu_memory_MB": 5501.46,
  "peak_gpu_0_memory_MB": 12693,
  "peak_gpu_1_memory_MB": 21435,
  "peak_gpu_2_memory_MB": 0,
  "peak_gpu_3_memory_MB": 12805,
  "training_duration": "0:04:57.952478",
  "training_start_epoch": 0,
  "training_epochs": 7,
  "epoch": 7,
  "training_accuracy": 0.5903307888040712,
  "training_loss": 0.9320371655317453,
  "training_cpu_memory_MB": 5501.46,
  "training_gpu_0_memory_MB": 12693,
  "training_gpu_1_memory_MB": 21435,
  "training_gpu_2_memory_MB": 0,
  "training_gpu_3_memory_MB": 12805,
  "validation_accuracy": 0.4206826286296485,
  "validation_loss": 1.1112792161854548,
  "best_validation_accuracy": 0.4206826286296485,
  "best_validation_loss": 1.1112792161854548
}