{
  "best_epoch": 2,
  "peak_cpu_memory_MB": 5501.46,
  "peak_gpu_0_memory_MB": 12693,
  "peak_gpu_1_memory_MB": 21435,
  "peak_gpu_2_memory_MB": 0,
  "peak_gpu_3_memory_MB": 12805,
  "training_duration": "0:01:43.609825",
  "training_start_epoch": 0,
  "training_epochs": 2,
  "epoch": 2,
  "training_accuracy": 0.3435114503816794,
  "training_loss": 1.156339012659513,
  "training_cpu_memory_MB": 5501.46,
  "training_gpu_0_memory_MB": 12693,
  "training_gpu_1_memory_MB": 21435,
  "training_gpu_2_memory_MB": 0,
  "training_gpu_3_memory_MB": 12805,
  "validation_accuracy": 0.356698930208864,
  "validation_loss": 1.1041986484092687,
  "best_validation_accuracy": 0.356698930208864,
  "best_validation_loss": 1.1041986484092687
}