{
  "best_epoch": 6,
  "peak_cpu_memory_MB": 5501.46,
  "peak_gpu_0_memory_MB": 12693,
  "peak_gpu_1_memory_MB": 21435,
  "peak_gpu_2_memory_MB": 0,
  "peak_gpu_3_memory_MB": 12805,
  "training_duration": "0:04:19.091230",
  "training_start_epoch": 0,
  "training_epochs": 6,
  "epoch": 6,
  "training_accuracy": 0.44783715012722647,
  "training_loss": 1.0225451038433955,
  "training_cpu_memory_MB": 5501.46,
  "training_gpu_0_memory_MB": 12693,
  "training_gpu_1_memory_MB": 21435,
  "training_gpu_2_memory_MB": 0,
  "training_gpu_3_memory_MB": 12805,
  "validation_accuracy": 0.417524197656648,
  "validation_loss": 1.07641918437877,
  "best_validation_accuracy": 0.417524197656648,
  "best_validation_loss": 1.07641918437877
}