{
  "best_epoch": 4,
  "peak_cpu_memory_MB": 5867.244,
  "peak_gpu_0_memory_MB": 13845,
  "peak_gpu_1_memory_MB": 13005,
  "peak_gpu_2_memory_MB": 13845,
  "peak_gpu_3_memory_MB": 21435,
  "training_duration": "0:04:48.611373",
  "training_start_epoch": 0,
  "training_epochs": 8,
  "epoch": 8,
  "training_accuracy": 0.6030534351145038,
  "training_disc_loss": 1.0240555116534233,
  "training_gen_loss": 5.820153284072876,
  "training_loss": 5.820153284072876,
  "training_cpu_memory_MB": 5867.244,
  "training_gpu_0_memory_MB": 13845,
  "training_gpu_1_memory_MB": 13005,
  "training_gpu_2_memory_MB": 13591,
  "training_gpu_3_memory_MB": 21435,
  "validation_accuracy": 0.34623217922606925,
  "validation_disc_loss": 2.9733124263887483,
  "validation_gen_loss": 7.444574321188578,
  "validation_loss": 7.444574321188578,
  "best_validation_accuracy": 0.3859470468431772,
  "best_validation_disc_loss": 1.3518280159167158,
  "best_validation_gen_loss": 6.930312114033272,
  "best_validation_loss": 6.930312114033272
}