{
  "best_epoch": 1,
  "peak_cpu_memory_MB": 5867.244,
  "peak_gpu_0_memory_MB": 13845,
  "peak_gpu_1_memory_MB": 13005,
  "peak_gpu_2_memory_MB": 13845,
  "peak_gpu_3_memory_MB": 21435,
  "training_duration": "0:01:33.942302",
  "training_start_epoch": 0,
  "training_epochs": 2,
  "epoch": 2,
  "training_accuracy": 0.35368956743002544,
  "training_disc_loss": 1.639900267124176,
  "training_gen_loss": 6.400460557937622,
  "training_loss": 6.400460557937622,
  "training_cpu_memory_MB": 5867.244,
  "training_gpu_0_memory_MB": 13845,
  "training_gpu_1_memory_MB": 13005,
  "training_gpu_2_memory_MB": 13845,
  "training_gpu_3_memory_MB": 21435,
  "validation_accuracy": 0.34317718940936864,
  "validation_disc_loss": 2.118317703406016,
  "validation_gen_loss": 7.098025399494946,
  "validation_loss": 7.098025399494946,
  "best_validation_accuracy": 0.37780040733197556,
  "best_validation_disc_loss": 1.608804571919325,
  "best_validation_gen_loss": 6.902659226239212,
  "best_validation_loss": 6.902659226239212
}