{
  "best_epoch": 16,
  "peak_cpu_memory_MB": 5867.244,
  "peak_gpu_0_memory_MB": 13845,
  "peak_gpu_1_memory_MB": 13005,
  "peak_gpu_2_memory_MB": 13845,
  "peak_gpu_3_memory_MB": 21435,
  "training_duration": "0:15:41.788219",
  "training_start_epoch": 0,
  "training_epochs": 28,
  "epoch": 28,
  "training_accuracy": 0.9287531806615776,
  "training_disc_loss": 0.161566212336802,
  "training_gen_loss": 5.319342041015625,
  "training_loss": 5.319342041015625,
  "training_cpu_memory_MB": 5867.244,
  "training_gpu_0_memory_MB": 13845,
  "training_gpu_1_memory_MB": 13005,
  "training_gpu_2_memory_MB": 13845,
  "training_gpu_3_memory_MB": 21435,
  "validation_accuracy": 0.37983706720977595,
  "validation_disc_loss": 2.6433605251273486,
  "validation_gen_loss": 8.83600790132352,
  "validation_loss": 8.83600790132352,
  "best_validation_accuracy": 0.40325865580448067,
  "best_validation_disc_loss": 2.0109737425800263,
  "best_validation_gen_loss": 7.78966831579441,
  "best_validation_loss": 7.78966831579441
}