{
  "best_epoch": 14,
  "peak_cpu_memory_MB": 5867.244,
  "peak_gpu_0_memory_MB": 13845,
  "peak_gpu_1_memory_MB": 13005,
  "peak_gpu_2_memory_MB": 13845,
  "peak_gpu_3_memory_MB": 21435,
  "training_duration": "0:08:40.821089",
  "training_start_epoch": 0,
  "training_epochs": 15,
  "epoch": 15,
  "training_accuracy": 0.7938931297709924,
  "training_disc_loss": 0.6116218809783459,
  "training_gen_loss": 5.573463821411133,
  "training_loss": 5.573463821411133,
  "training_cpu_memory_MB": 5867.244,
  "training_gpu_0_memory_MB": 13845,
  "training_gpu_1_memory_MB": 13005,
  "training_gpu_2_memory_MB": 13845,
  "training_gpu_3_memory_MB": 21435,
  "validation_accuracy": 0.3329938900203666,
  "validation_disc_loss": 4.162839439826283,
  "validation_gen_loss": 8.05178945045161,
  "validation_loss": 8.05178945045161,
  "best_validation_accuracy": 0.3940936863543788,
  "best_validation_disc_loss": 2.1224293333243547,
  "best_validation_gen_loss": 7.771077357656587,
  "best_validation_loss": 7.771077357656587
}