{
  "best_epoch": 16,
  "peak_cpu_memory_MB": 5867.244,
  "peak_gpu_0_memory_MB": 13845,
  "peak_gpu_1_memory_MB": 13005,
  "peak_gpu_2_memory_MB": 13845,
  "peak_gpu_3_memory_MB": 21435,
  "training_duration": "0:10:23.569050",
  "training_start_epoch": 0,
  "training_epochs": 18,
  "epoch": 18,
  "training_accuracy": 0.8447837150127226,
  "training_disc_loss": 0.3754204573854804,
  "training_gen_loss": 5.492291135787964,
  "training_loss": 5.492291135787964,
  "training_cpu_memory_MB": 5867.244,
  "training_gpu_0_memory_MB": 13845,
  "training_gpu_1_memory_MB": 13005,
  "training_gpu_2_memory_MB": 13845,
  "training_gpu_3_memory_MB": 21435,
  "validation_accuracy": 0.38085539714867617,
  "validation_disc_loss": 2.791148060705604,
  "validation_gen_loss": 8.179572066640466,
  "validation_loss": 8.179572066640466,
  "best_validation_accuracy": 0.40325865580448067,
  "best_validation_disc_loss": 2.0109737425800263,
  "best_validation_gen_loss": 7.78966831579441,
  "best_validation_loss": 7.78966831579441
}