{
  "best_epoch": 16,
  "peak_cpu_memory_MB": 5867.244,
  "peak_gpu_0_memory_MB": 13845,
  "peak_gpu_1_memory_MB": 13005,
  "peak_gpu_2_memory_MB": 13845,
  "peak_gpu_3_memory_MB": 21435,
  "training_duration": "0:09:51.885621",
  "training_start_epoch": 0,
  "training_epochs": 17,
  "epoch": 17,
  "training_accuracy": 0.8091603053435115,
  "training_disc_loss": 0.4987491458654404,
  "training_gen_loss": 5.501858386993408,
  "training_loss": 5.501858386993408,
  "training_cpu_memory_MB": 5867.244,
  "training_gpu_0_memory_MB": 13845,
  "training_gpu_1_memory_MB": 13005,
  "training_gpu_2_memory_MB": 13845,
  "training_gpu_3_memory_MB": 21435,
  "validation_accuracy": 0.3859470468431772,
  "validation_disc_loss": 2.256796873197323,
  "validation_gen_loss": 7.8385736418933405,
  "validation_loss": 7.8385736418933405,
  "best_validation_accuracy": 0.40325865580448067,
  "best_validation_disc_loss": 2.0109737425800263,
  "best_validation_gen_loss": 7.78966831579441,
  "best_validation_loss": 7.78966831579441
}