{
  "best_epoch": 16,
  "peak_cpu_memory_MB": 5867.244,
  "peak_gpu_0_memory_MB": 13845,
  "peak_gpu_1_memory_MB": 13005,
  "peak_gpu_2_memory_MB": 13845,
  "peak_gpu_3_memory_MB": 21435,
  "training_duration": "0:15:09.932210",
  "training_start_epoch": 0,
  "training_epochs": 27,
  "epoch": 27,
  "training_accuracy": 0.9440203562340967,
  "training_disc_loss": 0.15079083187731157,
  "training_gen_loss": 5.325946588516235,
  "training_loss": 5.325946588516235,
  "training_cpu_memory_MB": 5867.244,
  "training_gpu_0_memory_MB": 13845,
  "training_gpu_1_memory_MB": 13005,
  "training_gpu_2_memory_MB": 13845,
  "training_gpu_3_memory_MB": 21435,
  "validation_accuracy": 0.37983706720977595,
  "validation_disc_loss": 2.64223679972858,
  "validation_gen_loss": 8.348188128897814,
  "validation_loss": 8.348188128897814,
  "best_validation_accuracy": 0.40325865580448067,
  "best_validation_disc_loss": 2.0109737425800263,
  "best_validation_gen_loss": 7.78966831579441,
  "best_validation_loss": 7.78966831579441
}