{
  "best_epoch": 16,
  "peak_cpu_memory_MB": 5867.244,
  "peak_gpu_0_memory_MB": 13845,
  "peak_gpu_1_memory_MB": 13005,
  "peak_gpu_2_memory_MB": 13845,
  "peak_gpu_3_memory_MB": 21435,
  "training_duration": "0:14:06.472861",
  "training_start_epoch": 0,
  "training_epochs": 25,
  "epoch": 25,
  "training_accuracy": 0.8982188295165394,
  "training_disc_loss": 0.3298534421570366,
  "training_gen_loss": 5.36242753982544,
  "training_loss": 5.36242753982544,
  "training_cpu_memory_MB": 5867.244,
  "training_gpu_0_memory_MB": 13845,
  "training_gpu_1_memory_MB": 13005,
  "training_gpu_2_memory_MB": 13845,
  "training_gpu_3_memory_MB": 21435,
  "validation_accuracy": 0.3818737270875764,
  "validation_disc_loss": 3.9607397763709713,
  "validation_gen_loss": 8.390433241681356,
  "validation_loss": 8.390433241681356,
  "best_validation_accuracy": 0.40325865580448067,
  "best_validation_disc_loss": 2.0109737425800263,
  "best_validation_gen_loss": 7.78966831579441,
  "best_validation_loss": 7.78966831579441
}