{
  "best_epoch": 4,
  "peak_cpu_memory_MB": 5867.244,
  "peak_gpu_0_memory_MB": 13845,
  "peak_gpu_1_memory_MB": 13005,
  "peak_gpu_2_memory_MB": 13845,
  "peak_gpu_3_memory_MB": 21435,
  "training_duration": "0:02:37.221926",
  "training_start_epoch": 0,
  "training_epochs": 4,
  "epoch": 4,
  "training_accuracy": 0.5139949109414759,
  "training_disc_loss": 1.1958094262797385,
  "training_gen_loss": 6.16252287864685,
  "training_loss": 6.16252287864685,
  "training_cpu_memory_MB": 5867.244,
  "training_gpu_0_memory_MB": 13845,
  "training_gpu_1_memory_MB": 13005,
  "training_gpu_2_memory_MB": 13845,
  "training_gpu_3_memory_MB": 21435,
  "validation_accuracy": 0.3859470468431772,
  "validation_disc_loss": 1.3518280159167158,
  "validation_gen_loss": 6.930312114033272,
  "validation_loss": 6.930312114033272,
  "best_validation_accuracy": 0.3859470468431772,
  "best_validation_disc_loss": 1.3518280159167158,
  "best_validation_gen_loss": 6.930312114033272,
  "best_validation_loss": 6.930312114033272
}