{
  "best_epoch": 1,
  "peak_cpu_memory_MB": 5867.244,
  "peak_gpu_0_memory_MB": 13845,
  "peak_gpu_1_memory_MB": 13005,
  "peak_gpu_2_memory_MB": 13845,
  "peak_gpu_3_memory_MB": 21435,
  "training_duration": "0:02:05.787279",
  "training_start_epoch": 0,
  "training_epochs": 3,
  "epoch": 3,
  "training_accuracy": 0.4631043256997455,
  "training_disc_loss": 1.329681421518326,
  "training_gen_loss": 6.283495750427246,
  "training_loss": 6.283495750427246,
  "training_cpu_memory_MB": 5867.244,
  "training_gpu_0_memory_MB": 13845,
  "training_gpu_1_memory_MB": 13005,
  "training_gpu_2_memory_MB": 13845,
  "training_gpu_3_memory_MB": 21435,
  "validation_accuracy": 0.35234215885947046,
  "validation_disc_loss": 2.61077238389147,
  "validation_gen_loss": 7.284510387637751,
  "validation_loss": 7.284510387637751,
  "best_validation_accuracy": 0.37780040733197556,
  "best_validation_disc_loss": 1.608804571919325,
  "best_validation_gen_loss": 6.902659226239212,
  "best_validation_loss": 6.902659226239212
}