{
  "best_epoch": 4,
  "peak_cpu_memory_MB": 5867.244,
  "peak_gpu_0_memory_MB": 13845,
  "peak_gpu_1_memory_MB": 13005,
  "peak_gpu_2_memory_MB": 13845,
  "peak_gpu_3_memory_MB": 21435,
  "training_duration": "0:06:55.304510",
  "training_start_epoch": 0,
  "training_epochs": 12,
  "epoch": 12,
  "training_accuracy": 0.7048346055979644,
  "training_disc_loss": 0.8144203761219978,
  "training_gen_loss": 5.6539650154113765,
  "training_loss": 5.6539650154113765,
  "training_cpu_memory_MB": 5867.244,
  "training_gpu_0_memory_MB": 13845,
  "training_gpu_1_memory_MB": 13005,
  "training_gpu_2_memory_MB": 13845,
  "training_gpu_3_memory_MB": 21435,
  "validation_accuracy": 0.3757637474541752,
  "validation_disc_loss": 2.033288331051183,
  "validation_gen_loss": 7.568405147490463,
  "validation_loss": 7.568405147490463,
  "best_validation_accuracy": 0.3859470468431772,
  "best_validation_disc_loss": 1.3518280159167158,
  "best_validation_gen_loss": 6.930312114033272,
  "best_validation_loss": 6.930312114033272
}