{
  "best_epoch": 0,
  "peak_cpu_memory_MB": 5867.244,
  "peak_gpu_0_memory_MB": 2617,
  "peak_gpu_1_memory_MB": 13005,
  "peak_gpu_2_memory_MB": 13845,
  "peak_gpu_3_memory_MB": 21435,
  "training_duration": "0:00:25.116957",
  "training_start_epoch": 0,
  "training_epochs": 0,
  "epoch": 0,
  "training_accuracy": 0.3282442748091603,
  "training_disc_loss": 8.612236597537994,
  "training_gen_loss": 9.339958572387696,
  "training_loss": 9.339958572387696,
  "training_cpu_memory_MB": 5867.244,
  "training_gpu_0_memory_MB": 2617,
  "training_gpu_1_memory_MB": 13005,
  "training_gpu_2_memory_MB": 13845,
  "training_gpu_3_memory_MB": 21435,
  "validation_accuracy": 0.3340122199592668,
  "validation_disc_loss": 3.190479117438076,
  "validation_gen_loss": 7.266001046188479,
  "validation_loss": 7.266001046188479,
  "best_validation_accuracy": 0.3340122199592668,
  "best_validation_disc_loss": 3.190479117438076,
  "best_validation_gen_loss": 7.266001046188479,
  "best_validation_loss": 7.266001046188479
}