{
  "best_epoch": 4,
  "peak_cpu_memory_MB": 5867.244,
  "peak_gpu_0_memory_MB": 13845,
  "peak_gpu_1_memory_MB": 13005,
  "peak_gpu_2_memory_MB": 13845,
  "peak_gpu_3_memory_MB": 21435,
  "training_duration": "0:07:27.488115",
  "training_start_epoch": 0,
  "training_epochs": 13,
  "epoch": 13,
  "training_accuracy": 0.7353689567430025,
  "training_disc_loss": 0.7143405171483755,
  "training_gen_loss": 5.62006477355957,
  "training_loss": 5.62006477355957,
  "training_cpu_memory_MB": 5867.244,
  "training_gpu_0_memory_MB": 13845,
  "training_gpu_1_memory_MB": 13005,
  "training_gpu_2_memory_MB": 13845,
  "training_gpu_3_memory_MB": 21435,
  "validation_accuracy": 0.37169042769857435,
  "validation_disc_loss": 2.427035469349807,
  "validation_gen_loss": 7.667273881958752,
  "validation_loss": 7.667273881958752,
  "best_validation_accuracy": 0.3859470468431772,
  "best_validation_disc_loss": 1.3518280159167158,
  "best_validation_gen_loss": 6.930312114033272,
  "best_validation_loss": 6.930312114033272
}