{
  "best_epoch": 4,
  "peak_cpu_memory_MB": 5357.06,
  "peak_gpu_0_memory_MB": 12677,
  "peak_gpu_1_memory_MB": 21435,
  "peak_gpu_2_memory_MB": 0,
  "peak_gpu_3_memory_MB": 12821,
  "training_duration": "0:03:33.240941",
  "training_start_epoch": 0,
  "training_epochs": 5,
  "epoch": 5,
  "training_accuracy": 0.9923664122137404,
  "training_loss": 0.02397344533640605,
  "training_cpu_memory_MB": 5357.06,
  "training_gpu_0_memory_MB": 12677,
  "training_gpu_1_memory_MB": 21435,
  "training_gpu_2_memory_MB": 0,
  "training_gpu_3_memory_MB": 12821,
  "validation_accuracy": 0.5840040753948039,
  "validation_loss": 1.5569470165606818,
  "best_validation_accuracy": 0.5869587366276108,
  "best_validation_loss": 1.5500738401366367
}