{
  "best_epoch": 2,
  "peak_cpu_memory_MB": 5357.06,
  "peak_gpu_0_memory_MB": 12677,
  "peak_gpu_1_memory_MB": 21435,
  "peak_gpu_2_memory_MB": 0,
  "peak_gpu_3_memory_MB": 12821,
  "training_duration": "0:01:43.602527",
  "training_start_epoch": 0,
  "training_epochs": 2,
  "epoch": 2,
  "training_accuracy": 0.8625954198473282,
  "training_loss": 0.3991483243612143,
  "training_cpu_memory_MB": 5357.06,
  "training_gpu_0_memory_MB": 12677,
  "training_gpu_1_memory_MB": 21435,
  "training_gpu_2_memory_MB": 0,
  "training_gpu_3_memory_MB": 12821,
  "validation_accuracy": 0.5637289862455426,
  "validation_loss": 1.330585151037098,
  "best_validation_accuracy": 0.5637289862455426,
  "best_validation_loss": 1.330585151037098
}