{
  "best_epoch": 0,
  "peak_cpu_memory_MB": 5357.06,
  "peak_gpu_0_memory_MB": 2309,
  "peak_gpu_1_memory_MB": 21435,
  "peak_gpu_2_memory_MB": 0,
  "peak_gpu_3_memory_MB": 12821,
  "training_duration": "0:00:30.689569",
  "training_start_epoch": 0,
  "training_epochs": 0,
  "epoch": 0,
  "training_accuracy": 0.39185750636132316,
  "training_loss": 1.1012792862378633,
  "training_cpu_memory_MB": 5357.06,
  "training_gpu_0_memory_MB": 2309,
  "training_gpu_1_memory_MB": 21435,
  "training_gpu_2_memory_MB": 0,
  "training_gpu_3_memory_MB": 12821,
  "validation_accuracy": 0.4696892511462048,
  "validation_loss": 1.062479983906016,
  "best_validation_accuracy": 0.4696892511462048,
  "best_validation_loss": 1.062479983906016
}