{
  "best_epoch": 0,
  "peak_cpu_memory_MB": 7321.572,
  "peak_gpu_0_memory_MB": 1569,
  "peak_gpu_1_memory_MB": 5212,
  "training_duration": "0:34:04.509964",
  "training_start_epoch": 0,
  "training_epochs": 0,
  "epoch": 0,
  "training_accuracy": 0.8012054942424536,
  "training_loss": 0.48398945038358654,
  "training_cpu_memory_MB": 7321.572,
  "training_gpu_0_memory_MB": 1569,
  "training_gpu_1_memory_MB": 5212,
  "validation_accuracy": 0.8689760570555273,
  "validation_loss": 0.3505917793133748,
  "best_validation_accuracy": 0.8689760570555273,
  "best_validation_loss": 0.3505917793133748
}