{
  "best_epoch": 1,
  "peak_cpu_memory_MB": 7321.572,
  "peak_gpu_0_memory_MB": 5427,
  "peak_gpu_1_memory_MB": 5212,
  "training_duration": "1:08:04.877136",
  "training_start_epoch": 0,
  "training_epochs": 1,
  "epoch": 1,
  "training_accuracy": 0.874663230643083,
  "training_loss": 0.3301378844127987,
  "training_cpu_memory_MB": 7321.572,
  "training_gpu_0_memory_MB": 5427,
  "training_gpu_1_memory_MB": 5212,
  "validation_accuracy": 0.8741721854304636,
  "validation_loss": 0.35010359006712416,
  "best_validation_accuracy": 0.8741721854304636,
  "best_validation_loss": 0.35010359006712416
}