{
  "best_epoch": 2,
  "peak_cpu_memory_MB": 8463.876,
  "peak_gpu_0_memory_MB": 12701,
  "peak_gpu_1_memory_MB": 0,
  "peak_gpu_2_memory_MB": 0,
  "peak_gpu_3_memory_MB": 13077,
  "training_duration": "3:42:03.537995",
  "training_start_epoch": 0,
  "training_epochs": 2,
  "epoch": 2,
  "training_accuracy": 0.9538988851597394,
  "training_loss": 0.13467965684400088,
  "training_cpu_memory_MB": 8463.876,
  "training_gpu_0_memory_MB": 12701,
  "training_gpu_1_memory_MB": 0,
  "training_gpu_2_memory_MB": 0,
  "training_gpu_3_memory_MB": 12821,
  "validation_accuracy": 0.8640855832908813,
  "validation_loss": 0.4968336960391812,
  "best_validation_accuracy": 0.8640855832908813,
  "best_validation_loss": 0.4968336960391812
}