{
  "best_epoch": 6,
  "peak_cpu_memory_MB": 5866.612,
  "peak_gpu_0_memory_MB": 21435,
  "peak_gpu_1_memory_MB": 20139,
  "peak_gpu_2_memory_MB": 20139,
  "peak_gpu_3_memory_MB": 20139,
  "training_duration": "0:03:45.748041",
  "training_start_epoch": 0,
  "training_epochs": 7,
  "epoch": 7,
  "training_accuracy": 0.47837150127226463,
  "training_disc_loss": 1.3247033596038817,
  "training_gen_loss": 6.506160278320312,
  "training_loss": 5.214249720940223,
  "training_cpu_memory_MB": 5866.612,
  "training_gpu_0_memory_MB": 21435,
  "training_gpu_1_memory_MB": 20139,
  "training_gpu_2_memory_MB": 20139,
  "training_gpu_3_memory_MB": 20139,
  "validation_accuracy": 0.37169042769857435,
  "validation_disc_loss": 1.7033400477901581,
  "validation_gen_loss": 6.916103370728031,
  "validation_loss": 5.613456833747126,
  "best_validation_accuracy": 0.37983706720977595,
  "best_validation_disc_loss": 1.6182923393864785,
  "best_validation_gen_loss": 6.933362576269334,
  "best_validation_loss": 5.6050329823647775
}