{
  "best_epoch": 15,
  "peak_cpu_memory_MB": 5866.612,
  "peak_gpu_0_memory_MB": 21435,
  "peak_gpu_1_memory_MB": 20139,
  "peak_gpu_2_memory_MB": 20139,
  "peak_gpu_3_memory_MB": 20139,
  "training_duration": "0:07:51.496522",
  "training_start_epoch": 0,
  "training_epochs": 16,
  "epoch": 16,
  "training_accuracy": 0.6234096692111959,
  "training_disc_loss": 0.9378405618667602,
  "training_gen_loss": 6.334510421752929,
  "training_loss": 4.984297568981464,
  "training_cpu_memory_MB": 5866.612,
  "training_gpu_0_memory_MB": 21435,
  "training_gpu_1_memory_MB": 20139,
  "training_gpu_2_memory_MB": 20139,
  "training_gpu_3_memory_MB": 20139,
  "validation_accuracy": 0.37983706720977595,
  "validation_disc_loss": 1.705999695485638,
  "validation_gen_loss": 6.893098385103287,
  "validation_loss": 5.5962993098843485,
  "best_validation_accuracy": 0.384928716904277,
  "best_validation_disc_loss": 1.7127216794798452,
  "best_validation_gen_loss": 6.89177821528527,
  "best_validation_loss": 5.596882650929112
}