{
  "best_epoch": 23,
  "peak_cpu_memory_MB": 5866.612,
  "peak_gpu_0_memory_MB": 21435,
  "peak_gpu_1_memory_MB": 20139,
  "peak_gpu_2_memory_MB": 20139,
  "peak_gpu_3_memory_MB": 20139,
  "training_duration": "0:12:39.155037",
  "training_start_epoch": 0,
  "training_epochs": 26,
  "epoch": 26,
  "training_accuracy": 0.7048346055979644,
  "training_disc_loss": 0.6850579762458802,
  "training_gen_loss": 6.270819873809814,
  "training_loss": 4.885334088252141,
  "training_cpu_memory_MB": 5866.612,
  "training_gpu_0_memory_MB": 21435,
  "training_gpu_1_memory_MB": 20139,
  "training_gpu_2_memory_MB": 20139,
  "training_gpu_3_memory_MB": 20139,
  "validation_accuracy": 0.37983706720977595,
  "validation_disc_loss": 1.8516470520727095,
  "validation_gen_loss": 6.902212835127307,
  "validation_loss": 5.639841741131198,
  "best_validation_accuracy": 0.390020366598778,
  "best_validation_disc_loss": 1.71654585580672,
  "best_validation_gen_loss": 6.885034176611131,
  "best_validation_loss": 5.593131142277872
}