{
  "best_epoch": 3,
  "peak_cpu_memory_MB": 5866.612,
  "peak_gpu_0_memory_MB": 21435,
  "peak_gpu_1_memory_MB": 20139,
  "peak_gpu_2_memory_MB": 20139,
  "peak_gpu_3_memory_MB": 20139,
  "training_duration": "0:02:45.248714",
  "training_start_epoch": 0,
  "training_epochs": 5,
  "epoch": 5,
  "training_accuracy": 0.40966921119592875,
  "training_disc_loss": 1.5492754769325257,
  "training_gen_loss": 6.568368701934815,
  "training_loss": 5.309428288386418,
  "training_cpu_memory_MB": 5866.612,
  "training_gpu_0_memory_MB": 21435,
  "training_gpu_1_memory_MB": 20139,
  "training_gpu_2_memory_MB": 20139,
  "training_gpu_3_memory_MB": 20139,
  "validation_accuracy": 0.3564154786150713,
  "validation_disc_loss": 2.0357425001359757,
  "validation_gen_loss": 6.995541964807818,
  "validation_loss": 5.756378681428971,
  "best_validation_accuracy": 0.3574338085539715,
  "best_validation_disc_loss": 4.560573689399227,
  "best_validation_gen_loss": 7.304008876123736,
  "best_validation_loss": 6.618258568548387
}