{
  "best_epoch": 23,
  "peak_cpu_memory_MB": 5866.612,
  "peak_gpu_0_memory_MB": 21435,
  "peak_gpu_1_memory_MB": 20139,
  "peak_gpu_2_memory_MB": 20139,
  "peak_gpu_3_memory_MB": 20139,
  "training_duration": "0:11:13.135214",
  "training_start_epoch": 0,
  "training_epochs": 23,
  "epoch": 23,
  "training_accuracy": 0.6666666666666666,
  "training_disc_loss": 0.7860923719406128,
  "training_gen_loss": 6.28635576248169,
  "training_loss": 4.913379779228797,
  "training_cpu_memory_MB": 5866.612,
  "training_gpu_0_memory_MB": 21435,
  "training_gpu_1_memory_MB": 20139,
  "training_gpu_2_memory_MB": 20139,
  "training_gpu_3_memory_MB": 20139,
  "validation_accuracy": 0.390020366598778,
  "validation_disc_loss": 1.71654585580672,
  "validation_gen_loss": 6.885034176611131,
  "validation_loss": 5.593131142277872,
  "best_validation_accuracy": 0.390020366598778,
  "best_validation_disc_loss": 1.71654585580672,
  "best_validation_gen_loss": 6.885034176611131,
  "best_validation_loss": 5.593131142277872
}