{
  "best_epoch": 20,
  "peak_cpu_memory_MB": 5866.612,
  "peak_gpu_0_memory_MB": 21435,
  "peak_gpu_1_memory_MB": 20139,
  "peak_gpu_2_memory_MB": 20139,
  "peak_gpu_3_memory_MB": 20139,
  "training_duration": "0:09:43.201275",
  "training_start_epoch": 0,
  "training_epochs": 20,
  "epoch": 20,
  "training_accuracy": 0.6361323155216285,
  "training_disc_loss": 0.8303572809696198,
  "training_gen_loss": 6.281638412475586,
  "training_loss": 4.91952136846689,
  "training_cpu_memory_MB": 5866.612,
  "training_gpu_0_memory_MB": 21435,
  "training_gpu_1_memory_MB": 20139,
  "training_gpu_2_memory_MB": 20139,
  "training_gpu_3_memory_MB": 20139,
  "validation_accuracy": 0.3879837067209776,
  "validation_disc_loss": 1.7312614235185808,
  "validation_gen_loss": 6.8885851675464265,
  "validation_loss": 5.599632847693659,
  "best_validation_accuracy": 0.3879837067209776,
  "best_validation_disc_loss": 1.7312614235185808,
  "best_validation_gen_loss": 6.8885851675464265,
  "best_validation_loss": 5.599632847693659
}