{
  "best_epoch": 23,
  "peak_cpu_memory_MB": 5866.612,
  "peak_gpu_0_memory_MB": 21435,
  "peak_gpu_1_memory_MB": 20139,
  "peak_gpu_2_memory_MB": 20139,
  "peak_gpu_3_memory_MB": 20139,
  "training_duration": "0:13:06.011183",
  "training_start_epoch": 0,
  "training_epochs": 27,
  "epoch": 27,
  "training_accuracy": 0.6819338422391857,
  "training_disc_loss": 0.6973617148399353,
  "training_gen_loss": 6.253721847534179,
  "training_loss": 4.869162816267747,
  "training_cpu_memory_MB": 5866.612,
  "training_gpu_0_memory_MB": 21435,
  "training_gpu_1_memory_MB": 20139,
  "training_gpu_2_memory_MB": 20139,
  "training_gpu_3_memory_MB": 20139,
  "validation_accuracy": 0.3818737270875764,
  "validation_disc_loss": 1.857159806836036,
  "validation_gen_loss": 6.902488831550844,
  "validation_loss": 5.641421841036889,
  "best_validation_accuracy": 0.390020366598778,
  "best_validation_disc_loss": 1.71654585580672,
  "best_validation_gen_loss": 6.885034176611131,
  "best_validation_loss": 5.593131142277872
}