{
  "best_epoch": 6,
  "peak_cpu_memory_MB": 5866.612,
  "peak_gpu_0_memory_MB": 21435,
  "peak_gpu_1_memory_MB": 20139,
  "peak_gpu_2_memory_MB": 20139,
  "peak_gpu_3_memory_MB": 20139,
  "training_duration": "0:04:12.240499",
  "training_start_epoch": 0,
  "training_epochs": 8,
  "epoch": 8,
  "training_accuracy": 0.4732824427480916,
  "training_disc_loss": 1.2986264085769654,
  "training_gen_loss": 6.455618095397949,
  "training_loss": 5.162812343010535,
  "training_cpu_memory_MB": 5866.612,
  "training_gpu_0_memory_MB": 21435,
  "training_gpu_1_memory_MB": 20139,
  "training_gpu_2_memory_MB": 20139,
  "training_gpu_3_memory_MB": 20139,
  "validation_accuracy": 0.36761710794297353,
  "validation_disc_loss": 1.8671738332317722,
  "validation_gen_loss": 6.938190283313874,
  "validation_loss": 5.6712163340660835,
  "best_validation_accuracy": 0.37983706720977595,
  "best_validation_disc_loss": 1.6182923393864785,
  "best_validation_gen_loss": 6.933362576269334,
  "best_validation_loss": 5.6050329823647775
}