{
  "best_epoch": 8,
  "peak_cpu_memory_MB": 5867.392,
  "peak_gpu_0_memory_MB": 14587,
  "peak_gpu_1_memory_MB": 13029,
  "peak_gpu_2_memory_MB": 14587,
  "peak_gpu_3_memory_MB": 21435,
  "training_duration": "0:04:49.356312",
  "training_start_epoch": 0,
  "training_epochs": 8,
  "epoch": 8,
  "training_accuracy": 0.638676844783715,
  "training_disc_loss": 0.8802789872884751,
  "training_gen_loss": 6.051711301803589,
  "training_loss": 4.758853263854981,
  "training_cpu_memory_MB": 5867.392,
  "training_gpu_0_memory_MB": 14587,
  "training_gpu_1_memory_MB": 13029,
  "training_gpu_2_memory_MB": 14587,
  "training_gpu_3_memory_MB": 21435,
  "validation_accuracy": 0.3890020366598778,
  "validation_disc_loss": 1.7944253678244304,
  "validation_gen_loss": 7.001283591355735,
  "validation_loss": 5.699569008214687,
  "best_validation_accuracy": 0.3890020366598778,
  "best_validation_disc_loss": 1.7944253678244304,
  "best_validation_gen_loss": 7.001283591355735,
  "best_validation_loss": 5.699569008214687
}