{
  "best_epoch": 4,
  "peak_cpu_memory_MB": 5867.392,
  "peak_gpu_0_memory_MB": 14587,
  "peak_gpu_1_memory_MB": 13029,
  "peak_gpu_2_memory_MB": 14587,
  "peak_gpu_3_memory_MB": 21435,
  "training_duration": "0:02:35.329671",
  "training_start_epoch": 0,
  "training_epochs": 4,
  "epoch": 4,
  "training_accuracy": 0.44274809160305345,
  "training_disc_loss": 1.4752390959858894,
  "training_gen_loss": 6.389297151565552,
  "training_loss": 5.1607826042175295,
  "training_cpu_memory_MB": 5867.392,
  "training_gpu_0_memory_MB": 14587,
  "training_gpu_1_memory_MB": 13029,
  "training_gpu_2_memory_MB": 14587,
  "training_gpu_3_memory_MB": 21435,
  "validation_accuracy": 0.37983706720977595,
  "validation_disc_loss": 1.3038154719321708,
  "validation_gen_loss": 6.86502175214814,
  "validation_loss": 5.474720171796597,
  "best_validation_accuracy": 0.37983706720977595,
  "best_validation_disc_loss": 1.3038154719321708,
  "best_validation_gen_loss": 6.86502175214814,
  "best_validation_loss": 5.474720171796597
}