{
  "best_epoch": 10,
  "peak_cpu_memory_MB": 5867.392,
  "peak_gpu_0_memory_MB": 14587,
  "peak_gpu_1_memory_MB": 13029,
  "peak_gpu_2_memory_MB": 14587,
  "peak_gpu_3_memory_MB": 21435,
  "training_duration": "0:10:37.407484",
  "training_start_epoch": 0,
  "training_epochs": 18,
  "epoch": 18,
  "training_accuracy": 0.9669211195928753,
  "training_disc_loss": 0.10174080052413047,
  "training_gen_loss": 5.643753118515015,
  "training_loss": 4.25825005531311,
  "training_cpu_memory_MB": 5867.392,
  "training_gpu_0_memory_MB": 14587,
  "training_gpu_1_memory_MB": 13029,
  "training_gpu_2_memory_MB": 14587,
  "training_gpu_3_memory_MB": 21435,
  "validation_accuracy": 0.3604887983706721,
  "validation_disc_loss": 3.077256778391396,
  "validation_gen_loss": 7.6986712672846105,
  "validation_loss": 6.54331763973081,
  "best_validation_accuracy": 0.40224032586558045,
  "best_validation_disc_loss": 2.0188127508977565,
  "best_validation_gen_loss": 7.228281079269037,
  "best_validation_loss": 5.925913992936049
}