{
  "best_epoch": 20,
  "peak_cpu_memory_MB": 5867.392,
  "peak_gpu_0_memory_MB": 14587,
  "peak_gpu_1_memory_MB": 13029,
  "peak_gpu_2_memory_MB": 14587,
  "peak_gpu_3_memory_MB": 21435,
  "training_duration": "0:14:38.840684",
  "training_start_epoch": 0,
  "training_epochs": 25,
  "epoch": 25,
  "training_accuracy": 0.9949109414758269,
  "training_disc_loss": 0.05025966245564632,
  "training_gen_loss": 5.501979522705078,
  "training_loss": 4.13904953956604,
  "training_cpu_memory_MB": 5867.392,
  "training_gpu_0_memory_MB": 14587,
  "training_gpu_1_memory_MB": 13029,
  "training_gpu_2_memory_MB": 14587,
  "training_gpu_3_memory_MB": 21435,
  "validation_accuracy": 0.38391038696537677,
  "validation_disc_loss": 3.552807219144775,
  "validation_gen_loss": 8.016921473712456,
  "validation_loss": 6.900892932240556,
  "best_validation_accuracy": 0.40325865580448067,
  "best_validation_disc_loss": 2.592237430617092,
  "best_validation_gen_loss": 7.734918571100002,
  "best_validation_loss": 6.449248259629661
}