{
  "best_epoch": 20,
  "peak_cpu_memory_MB": 5867.392,
  "peak_gpu_0_memory_MB": 14587,
  "peak_gpu_1_memory_MB": 13029,
  "peak_gpu_2_memory_MB": 14587,
  "peak_gpu_3_memory_MB": 21435,
  "training_duration": "0:16:53.613190",
  "training_start_epoch": 0,
  "training_epochs": 29,
  "epoch": 29,
  "training_accuracy": 0.9872773536895675,
  "training_disc_loss": 0.04080396789649967,
  "training_gen_loss": 5.4444865894317624,
  "training_loss": 4.093565921783448,
  "training_cpu_memory_MB": 5867.392,
  "training_gpu_0_memory_MB": 14587,
  "training_gpu_1_memory_MB": 13029,
  "training_gpu_2_memory_MB": 14587,
  "training_gpu_3_memory_MB": 21435,
  "validation_accuracy": 0.38289205702647655,
  "validation_disc_loss": 2.8305540583967193,
  "validation_gen_loss": 8.091664143694125,
  "validation_loss": 6.776386590507942,
  "best_validation_accuracy": 0.40325865580448067,
  "best_validation_disc_loss": 2.592237430617092,
  "best_validation_gen_loss": 7.734918571100002,
  "best_validation_loss": 6.449248259629661
}