{
  "best_epoch": 10,
  "peak_cpu_memory_MB": 5867.392,
  "peak_gpu_0_memory_MB": 14587,
  "peak_gpu_1_memory_MB": 13029,
  "peak_gpu_2_memory_MB": 14587,
  "peak_gpu_3_memory_MB": 21435,
  "training_duration": "0:06:01.297859",
  "training_start_epoch": 0,
  "training_epochs": 10,
  "epoch": 10,
  "training_accuracy": 0.7989821882951654,
  "training_disc_loss": 0.6295306500792504,
  "training_gen_loss": 5.947124195098877,
  "training_loss": 4.617725849151611,
  "training_cpu_memory_MB": 5867.392,
  "training_gpu_0_memory_MB": 14587,
  "training_gpu_1_memory_MB": 13029,
  "training_gpu_2_memory_MB": 14587,
  "training_gpu_3_memory_MB": 21435,
  "validation_accuracy": 0.40224032586558045,
  "validation_disc_loss": 2.0188127508977565,
  "validation_gen_loss": 7.228281079269037,
  "validation_loss": 5.925913992936049,
  "best_validation_accuracy": 0.40224032586558045,
  "best_validation_disc_loss": 2.0188127508977565,
  "best_validation_gen_loss": 7.228281079269037,
  "best_validation_loss": 5.925913992936049
}