{
  "best_epoch": 20,
  "peak_cpu_memory_MB": 5867.392,
  "peak_gpu_0_memory_MB": 14587,
  "peak_gpu_1_memory_MB": 13029,
  "peak_gpu_2_memory_MB": 14587,
  "peak_gpu_3_memory_MB": 21435,
  "training_duration": "0:18:34.434773",
  "training_start_epoch": 0,
  "training_epochs": 32,
  "epoch": 32,
  "training_accuracy": 0.9847328244274809,
  "training_disc_loss": 0.12025121587212198,
  "training_gen_loss": 5.432895221710205,
  "training_loss": 4.104734210968018,
  "training_cpu_memory_MB": 5867.392,
  "training_gpu_0_memory_MB": 14587,
  "training_gpu_1_memory_MB": 13029,
  "training_gpu_2_memory_MB": 14587,
  "training_gpu_3_memory_MB": 21435,
  "validation_accuracy": 0.34623217922606925,
  "validation_disc_loss": 7.069178414538624,
  "validation_gen_loss": 8.598805202701227,
  "validation_loss": 8.216398479492684,
  "best_validation_accuracy": 0.40325865580448067,
  "best_validation_disc_loss": 2.592237430617092,
  "best_validation_gen_loss": 7.734918571100002,
  "best_validation_loss": 6.449248259629661
}