{
  "best_epoch": 10,
  "peak_cpu_memory_MB": 5867.392,
  "peak_gpu_0_memory_MB": 14587,
  "peak_gpu_1_memory_MB": 13029,
  "peak_gpu_2_memory_MB": 14587,
  "peak_gpu_3_memory_MB": 21435,
  "training_duration": "0:08:55.934978",
  "training_start_epoch": 0,
  "training_epochs": 15,
  "epoch": 15,
  "training_accuracy": 0.9287531806615776,
  "training_disc_loss": 0.2221811206266284,
  "training_gen_loss": 5.719305124282837,
  "training_loss": 4.345024108886719,
  "training_cpu_memory_MB": 5867.392,
  "training_gpu_0_memory_MB": 14587,
  "training_gpu_1_memory_MB": 13029,
  "training_gpu_2_memory_MB": 14587,
  "training_gpu_3_memory_MB": 21435,
  "validation_accuracy": 0.37372708757637474,
  "validation_disc_loss": 2.6498496612397635,
  "validation_gen_loss": 7.521044645852189,
  "validation_loss": 6.303245920475906,
  "best_validation_accuracy": 0.40224032586558045,
  "best_validation_disc_loss": 2.0188127508977565,
  "best_validation_gen_loss": 7.228281079269037,
  "best_validation_loss": 5.925913992936049
}