{
  "best_epoch": 4,
  "peak_cpu_memory_MB": 5867.392,
  "peak_gpu_0_memory_MB": 14587,
  "peak_gpu_1_memory_MB": 13029,
  "peak_gpu_2_memory_MB": 14587,
  "peak_gpu_3_memory_MB": 21435,
  "training_duration": "0:03:11.683622",
  "training_start_epoch": 0,
  "training_epochs": 5,
  "epoch": 5,
  "training_accuracy": 0.4732824427480916,
  "training_disc_loss": 1.206832130551338,
  "training_gen_loss": 6.22103609085083,
  "training_loss": 4.967485089302063,
  "training_cpu_memory_MB": 5867.392,
  "training_gpu_0_memory_MB": 14587,
  "training_gpu_1_memory_MB": 13029,
  "training_gpu_2_memory_MB": 14587,
  "training_gpu_3_memory_MB": 21435,
  "validation_accuracy": 0.3665987780040733,
  "validation_disc_loss": 1.6308354788679418,
  "validation_gen_loss": 6.997334212791629,
  "validation_loss": 5.655709518649714,
  "best_validation_accuracy": 0.37983706720977595,
  "best_validation_disc_loss": 1.3038154719321708,
  "best_validation_gen_loss": 6.86502175214814,
  "best_validation_loss": 5.474720171796597
}