{
  "best_epoch": 10,
  "peak_cpu_memory_MB": 5867.392,
  "peak_gpu_0_memory_MB": 14587,
  "peak_gpu_1_memory_MB": 13029,
  "peak_gpu_2_memory_MB": 14587,
  "peak_gpu_3_memory_MB": 21435,
  "training_duration": "0:06:40.084909",
  "training_start_epoch": 0,
  "training_epochs": 11,
  "epoch": 11,
  "training_accuracy": 0.8015267175572519,
  "training_disc_loss": 0.47789490327239037,
  "training_gen_loss": 5.891281089782715,
  "training_loss": 4.537934513092041,
  "training_cpu_memory_MB": 5867.392,
  "training_gpu_0_memory_MB": 14587,
  "training_gpu_1_memory_MB": 13029,
  "training_gpu_2_memory_MB": 14587,
  "training_gpu_3_memory_MB": 21435,
  "validation_accuracy": 0.3360488798370672,
  "validation_disc_loss": 7.571098895576911,
  "validation_gen_loss": 7.721021675482029,
  "validation_loss": 7.683541003281508,
  "best_validation_accuracy": 0.40224032586558045,
  "best_validation_disc_loss": 2.0188127508977565,
  "best_validation_gen_loss": 7.228281079269037,
  "best_validation_loss": 5.925913992936049
}