{
  "best_epoch": 0,
  "peak_cpu_memory_MB": 5867.392,
  "peak_gpu_0_memory_MB": 14587,
  "peak_gpu_1_memory_MB": 13029,
  "peak_gpu_2_memory_MB": 14587,
  "peak_gpu_3_memory_MB": 21435,
  "training_duration": "0:00:57.560543",
  "training_start_epoch": 0,
  "training_epochs": 1,
  "epoch": 1,
  "training_accuracy": 0.3460559796437659,
  "training_disc_loss": 2.9607888114452363,
  "training_gen_loss": 7.186611118316651,
  "training_loss": 6.130155506134034,
  "training_cpu_memory_MB": 5867.392,
  "training_gpu_0_memory_MB": 14587,
  "training_gpu_1_memory_MB": 13029,
  "training_gpu_2_memory_MB": 14587,
  "training_gpu_3_memory_MB": 21435,
  "validation_accuracy": 0.3411405295315682,
  "validation_disc_loss": 1.5513348967079226,
  "validation_gen_loss": 7.25385315437627,
  "validation_loss": 5.828223554099479,
  "best_validation_accuracy": 0.3411405295315682,
  "best_validation_disc_loss": 2.6795708280268724,
  "best_validation_gen_loss": 8.152387673292703,
  "best_validation_loss": 6.7841834517998425
}