{
  "best_epoch": 8,
  "peak_cpu_memory_MB": 5867.392,
  "peak_gpu_0_memory_MB": 14587,
  "peak_gpu_1_memory_MB": 13029,
  "peak_gpu_2_memory_MB": 14587,
  "peak_gpu_3_memory_MB": 21435,
  "training_duration": "0:05:27.413756",
  "training_start_epoch": 0,
  "training_epochs": 9,
  "epoch": 9,
  "training_accuracy": 0.6692111959287532,
  "training_disc_loss": 0.7908326241374016,
  "training_gen_loss": 5.986658039093018,
  "training_loss": 4.68770167350769,
  "training_cpu_memory_MB": 5867.392,
  "training_gpu_0_memory_MB": 12,
  "training_gpu_1_memory_MB": 13029,
  "training_gpu_2_memory_MB": 14587,
  "training_gpu_3_memory_MB": 21435,
  "validation_accuracy": 0.3645621181262729,
  "validation_disc_loss": 2.299038393710687,
  "validation_gen_loss": 7.427245171089482,
  "validation_loss": 6.145193479894623,
  "best_validation_accuracy": 0.3890020366598778,
  "best_validation_disc_loss": 1.7944253678244304,
  "best_validation_gen_loss": 7.001283591355735,
  "best_validation_loss": 5.699569008214687
}