{
  "best_epoch": 2,
  "peak_cpu_memory_MB": 5867.392,
  "peak_gpu_0_memory_MB": 14587,
  "peak_gpu_1_memory_MB": 13029,
  "peak_gpu_2_memory_MB": 14587,
  "peak_gpu_3_memory_MB": 21435,
  "training_duration": "0:02:04.267246",
  "training_start_epoch": 0,
  "training_epochs": 3,
  "epoch": 3,
  "training_accuracy": 0.3969465648854962,
  "training_disc_loss": 1.5381977581977844,
  "training_gen_loss": 6.477486209869385,
  "training_loss": 5.242664098739624,
  "training_cpu_memory_MB": 5867.392,
  "training_gpu_0_memory_MB": 14587,
  "training_gpu_1_memory_MB": 13029,
  "training_gpu_2_memory_MB": 14587,
  "training_gpu_3_memory_MB": 21435,
  "validation_accuracy": 0.3319755600814664,
  "validation_disc_loss": 3.084037277756668,
  "validation_gen_loss": 7.5582998671182775,
  "validation_loss": 6.439734203059499,
  "best_validation_accuracy": 0.34623217922606925,
  "best_validation_disc_loss": 1.1929703190074703,
  "best_validation_gen_loss": 6.877948609794059,
  "best_validation_loss": 5.456704062174976
}