{
  "best_epoch": 20,
  "peak_cpu_memory_MB": 5867.392,
  "peak_gpu_0_memory_MB": 14587,
  "peak_gpu_1_memory_MB": 13029,
  "peak_gpu_2_memory_MB": 14587,
  "peak_gpu_3_memory_MB": 21435,
  "training_duration": "0:18:01.189854",
  "training_start_epoch": 0,
  "training_epochs": 31,
  "epoch": 31,
  "training_accuracy": 0.9974554707379135,
  "training_disc_loss": 0.018626891135390906,
  "training_gen_loss": 5.425098896026611,
  "training_loss": 4.073480906486512,
  "training_cpu_memory_MB": 5867.392,
  "training_gpu_0_memory_MB": 14587,
  "training_gpu_1_memory_MB": 13029,
  "training_gpu_2_memory_MB": 14587,
  "training_gpu_3_memory_MB": 21435,
  "validation_accuracy": 0.395112016293279,
  "validation_disc_loss": 2.7032789144574143,
  "validation_gen_loss": 8.002757277915148,
  "validation_loss": 6.677887676208,
  "best_validation_accuracy": 0.40325865580448067,
  "best_validation_disc_loss": 2.592237430617092,
  "best_validation_gen_loss": 7.734918571100002,
  "best_validation_loss": 6.449248259629661
}