{
  "best_epoch": 2,
  "peak_cpu_memory_MB": 5867.392,
  "peak_gpu_0_memory_MB": 14587,
  "peak_gpu_1_memory_MB": 13029,
  "peak_gpu_2_memory_MB": 14587,
  "peak_gpu_3_memory_MB": 21435,
  "training_duration": "0:01:28.200549",
  "training_start_epoch": 0,
  "training_epochs": 2,
  "epoch": 2,
  "training_accuracy": 0.38676844783715014,
  "training_disc_loss": 1.6686235690116882,
  "training_gen_loss": 6.592208080291748,
  "training_loss": 5.361311941146851,
  "training_cpu_memory_MB": 5867.392,
  "training_gpu_0_memory_MB": 14587,
  "training_gpu_1_memory_MB": 13029,
  "training_gpu_2_memory_MB": 14587,
  "training_gpu_3_memory_MB": 21435,
  "validation_accuracy": 0.34623217922606925,
  "validation_disc_loss": 1.1929703190074703,
  "validation_gen_loss": 6.877948609794059,
  "validation_loss": 5.456704062174976,
  "best_validation_accuracy": 0.34623217922606925,
  "best_validation_disc_loss": 1.1929703190074703,
  "best_validation_gen_loss": 6.877948609794059,
  "best_validation_loss": 5.456704062174976
}