{
  "best_epoch": 20,
  "peak_cpu_memory_MB": 5867.392,
  "peak_gpu_0_memory_MB": 14587,
  "peak_gpu_1_memory_MB": 13029,
  "peak_gpu_2_memory_MB": 14587,
  "peak_gpu_3_memory_MB": 21435,
  "training_duration": "0:19:08.271540",
  "training_start_epoch": 0,
  "training_epochs": 33,
  "epoch": 33,
  "training_accuracy": 0.9847328244274809,
  "training_disc_loss": 0.040519139997195454,
  "training_gen_loss": 5.428773193359375,
  "training_loss": 4.081709704399109,
  "training_cpu_memory_MB": 5867.392,
  "training_gpu_0_memory_MB": 14587,
  "training_gpu_1_memory_MB": 13029,
  "training_gpu_2_memory_MB": 14587,
  "training_gpu_3_memory_MB": 21435,
  "validation_accuracy": 0.37678207739307534,
  "validation_disc_loss": 2.723707618752146,
  "validation_gen_loss": 8.138741082292261,
  "validation_loss": 6.784982673520965,
  "best_validation_accuracy": 0.40325865580448067,
  "best_validation_disc_loss": 2.592237430617092,
  "best_validation_gen_loss": 7.734918571100002,
  "best_validation_loss": 6.449248259629661
}