{
  "best_epoch": 12,
  "peak_cpu_memory_MB": 5865.996,
  "peak_gpu_0_memory_MB": 21435,
  "peak_gpu_1_memory_MB": 20139,
  "peak_gpu_2_memory_MB": 20139,
  "peak_gpu_3_memory_MB": 20139,
  "training_duration": "0:06:09.501359",
  "training_start_epoch": 0,
  "training_epochs": 12,
  "epoch": 12,
  "training_accuracy": 0.4198473282442748,
  "training_disc_loss": 1.374961133003235,
  "training_gen_loss": 6.451581687927246,
  "training_loss": 5.177821196042574,
  "training_cpu_memory_MB": 5865.996,
  "training_gpu_0_memory_MB": 21435,
  "training_gpu_1_memory_MB": 20139,
  "training_gpu_2_memory_MB": 20139,
  "training_gpu_3_memory_MB": 20139,
  "validation_accuracy": 0.37067209775967414,
  "validation_disc_loss": 1.4271907441077694,
  "validation_gen_loss": 6.884577635795839,
  "validation_loss": 5.520805820342033,
  "best_validation_accuracy": 0.37067209775967414,
  "best_validation_disc_loss": 1.4271907441077694,
  "best_validation_gen_loss": 6.884577635795839,
  "best_validation_loss": 5.520805820342033
}