{
  "best_epoch": 6,
  "peak_cpu_memory_MB": 5865.996,
  "peak_gpu_0_memory_MB": 21435,
  "peak_gpu_1_memory_MB": 20139,
  "peak_gpu_2_memory_MB": 20139,
  "peak_gpu_3_memory_MB": 20139,
  "training_duration": "0:03:40.377355",
  "training_start_epoch": 0,
  "training_epochs": 7,
  "epoch": 7,
  "training_accuracy": 0.41475826972010177,
  "training_disc_loss": 1.5318892836570739,
  "training_gen_loss": 6.569155082702637,
  "training_loss": 5.311345613919771,
  "training_cpu_memory_MB": 5865.996,
  "training_gpu_0_memory_MB": 21435,
  "training_gpu_1_memory_MB": 20139,
  "training_gpu_2_memory_MB": 20139,
  "training_gpu_3_memory_MB": 20139,
  "validation_accuracy": 0.34419551934826886,
  "validation_disc_loss": 1.5123513552450365,
  "validation_gen_loss": 6.926574530140046,
  "validation_loss": 5.574230455583142,
  "best_validation_accuracy": 0.35030549898167007,
  "best_validation_disc_loss": 1.6040103099038523,
  "best_validation_gen_loss": 6.978667974472046,
  "best_validation_loss": 5.636514233004663
}