{
  "best_epoch": 10,
  "peak_cpu_memory_MB": 5865.996,
  "peak_gpu_0_memory_MB": 21435,
  "peak_gpu_1_memory_MB": 20139,
  "peak_gpu_2_memory_MB": 20139,
  "peak_gpu_3_memory_MB": 20139,
  "training_duration": "0:05:07.158439",
  "training_start_epoch": 0,
  "training_epochs": 10,
  "epoch": 10,
  "training_accuracy": 0.361323155216285,
  "training_disc_loss": 1.4232849478721619,
  "training_gen_loss": 6.482262668609619,
  "training_loss": 5.212877383598914,
  "training_cpu_memory_MB": 5865.996,
  "training_gpu_0_memory_MB": 21435,
  "training_gpu_1_memory_MB": 20139,
  "training_gpu_2_memory_MB": 20139,
  "training_gpu_3_memory_MB": 20139,
  "validation_accuracy": 0.3594704684317719,
  "validation_disc_loss": 1.3950582848441215,
  "validation_gen_loss": 6.889467262452649,
  "validation_loss": 5.516457773024036,
  "best_validation_accuracy": 0.3594704684317719,
  "best_validation_disc_loss": 1.3950582848441215,
  "best_validation_gen_loss": 6.889467262452649,
  "best_validation_loss": 5.516457773024036
}