{
  "best_epoch": 12,
  "peak_cpu_memory_MB": 5865.996,
  "peak_gpu_0_memory_MB": 21435,
  "peak_gpu_1_memory_MB": 20139,
  "peak_gpu_2_memory_MB": 20139,
  "peak_gpu_3_memory_MB": 20139,
  "training_duration": "0:08:27.805500",
  "training_start_epoch": 0,
  "training_epochs": 17,
  "epoch": 17,
  "training_accuracy": 0.4961832061068702,
  "training_disc_loss": 1.2396746397018432,
  "training_gen_loss": 6.397738838195801,
  "training_loss": 5.087878557351919,
  "training_cpu_memory_MB": 5865.996,
  "training_gpu_0_memory_MB": 21435,
  "training_gpu_1_memory_MB": 20139,
  "training_gpu_2_memory_MB": 20139,
  "training_gpu_3_memory_MB": 20139,
  "validation_accuracy": 0.3635437881873727,
  "validation_disc_loss": 1.4243259276113203,
  "validation_gen_loss": 6.871542569129698,
  "validation_loss": 5.510719237789031,
  "best_validation_accuracy": 0.37067209775967414,
  "best_validation_disc_loss": 1.4271907441077694,
  "best_validation_gen_loss": 6.884577635795839,
  "best_validation_loss": 5.520805820342033
}