{
  "best_epoch": 5,
  "peak_cpu_memory_MB": 5866.488,
  "peak_gpu_0_memory_MB": 22543,
  "peak_gpu_1_memory_MB": 20139,
  "peak_gpu_2_memory_MB": 20139,
  "peak_gpu_3_memory_MB": 20139,
  "training_duration": "0:04:01.495198",
  "training_start_epoch": 0,
  "training_epochs": 8,
  "epoch": 8,
  "training_accuracy": 0.3994910941475827,
  "training_disc_loss": 2.9511701965332033,
  "training_gen_loss": 6.704682674407959,
  "training_loss": 6.691882426922138,
  "training_cpu_memory_MB": 5866.488,
  "training_gpu_0_memory_MB": 22543,
  "training_gpu_1_memory_MB": 20139,
  "training_gpu_2_memory_MB": 20139,
  "training_gpu_3_memory_MB": 20139,
  "validation_accuracy": 0.3391038696537678,
  "validation_disc_loss": 5.323555015748547,
  "validation_gen_loss": 7.283862690771779,
  "validation_loss": 7.2848947740370225,
  "best_validation_accuracy": 0.3564154786150713,
  "best_validation_disc_loss": 3.8048415337839434,
  "best_validation_gen_loss": 7.18869698432184,
  "best_validation_loss": 7.191142174505418
}