{
  "best_epoch": 0,
  "peak_cpu_memory_MB": 5866.488,
  "peak_gpu_0_memory_MB": 22297,
  "peak_gpu_1_memory_MB": 20139,
  "peak_gpu_2_memory_MB": 20139,
  "peak_gpu_3_memory_MB": 20139,
  "training_duration": "0:00:48.280504",
  "training_start_epoch": 0,
  "training_epochs": 1,
  "epoch": 1,
  "training_accuracy": 0.3460559796437659,
  "training_disc_loss": 8.029387321472168,
  "training_gen_loss": 8.369095268249511,
  "training_loss": 8.35826719724215,
  "training_cpu_memory_MB": 5866.488,
  "training_gpu_0_memory_MB": 22297,
  "training_gpu_1_memory_MB": 20139,
  "training_gpu_2_memory_MB": 20139,
  "training_gpu_3_memory_MB": 20139,
  "validation_accuracy": 0.3340122199592668,
  "validation_disc_loss": 22.83086339889034,
  "validation_gen_loss": 12.430637790310767,
  "validation_loss": 12.428001434572282,
  "best_validation_accuracy": 0.3360488798370672,
  "best_validation_disc_loss": 14.718500829512074,
  "best_validation_gen_loss": 10.388281437658495,
  "best_validation_loss": 10.384367081426806
}