{
  "best_epoch": 4,
  "peak_cpu_memory_MB": 5866.488,
  "peak_gpu_0_memory_MB": 22543,
  "peak_gpu_1_memory_MB": 20139,
  "peak_gpu_2_memory_MB": 20139,
  "peak_gpu_3_memory_MB": 20139,
  "training_duration": "0:02:05.916005",
  "training_start_epoch": 0,
  "training_epochs": 4,
  "epoch": 4,
  "training_accuracy": 0.3969465648854962,
  "training_disc_loss": 3.773191409111023,
  "training_gen_loss": 6.88727388381958,
  "training_loss": 6.881128531235915,
  "training_cpu_memory_MB": 5866.488,
  "training_gpu_0_memory_MB": 22543,
  "training_gpu_1_memory_MB": 20139,
  "training_gpu_2_memory_MB": 20139,
  "training_gpu_3_memory_MB": 20139,
  "validation_accuracy": 0.34826883910386963,
  "validation_disc_loss": 4.6452936972341226,
  "validation_gen_loss": 7.2889807685729,
  "validation_loss": 7.290743089491321,
  "best_validation_accuracy": 0.34826883910386963,
  "best_validation_disc_loss": 4.6452936972341226,
  "best_validation_gen_loss": 7.2889807685729,
  "best_validation_loss": 7.290743089491321
}