{
  "best_epoch": 0,
  "peak_cpu_memory_MB": 5866.488,
  "peak_gpu_0_memory_MB": 2617,
  "peak_gpu_1_memory_MB": 20139,
  "peak_gpu_2_memory_MB": 20139,
  "peak_gpu_3_memory_MB": 20139,
  "training_duration": "0:00:20.946053",
  "training_start_epoch": 0,
  "training_epochs": 0,
  "epoch": 0,
  "training_accuracy": 0.38676844783715014,
  "training_disc_loss": 14.868594055175782,
  "training_gen_loss": 12.1565389251709,
  "training_loss": 12.099046340355507,
  "training_cpu_memory_MB": 5866.488,
  "training_gpu_0_memory_MB": 2617,
  "training_gpu_1_memory_MB": 20139,
  "training_gpu_2_memory_MB": 20139,
  "training_gpu_3_memory_MB": 20139,
  "validation_accuracy": 0.3360488798370672,
  "validation_disc_loss": 14.718500829512074,
  "validation_gen_loss": 10.388281437658495,
  "validation_loss": 10.384367081426806,
  "best_validation_accuracy": 0.3360488798370672,
  "best_validation_disc_loss": 14.718500829512074,
  "best_validation_gen_loss": 10.388281437658495,
  "best_validation_loss": 10.384367081426806
}