{
  "best_epoch": 1,
  "peak_cpu_memory_MB": 9767.38,
  "peak_gpu_0_memory_MB": 36,
  "peak_gpu_1_memory_MB": 10698,
  "training_duration": "12:37:42.494500",
  "training_start_epoch": 0,
  "training_epochs": 1,
  "epoch": 1,
  "training_accuracy": 0.7621835386629047,
  "training_gen_loss": 1.6163833454951682,
  "training_disc_loss": 0.6508404013883748,
  "training_loss": 1.616383273946182,
  "training_cpu_memory_MB": 9767.38,
  "training_gpu_0_memory_MB": 36,
  "training_gpu_1_memory_MB": 10698,
  "validation_accuracy": 0.8217014773306164,
  "validation_gen_loss": 1.959302755517501,
  "validation_disc_loss": 0.4730194619032439,
  "validation_loss": 1.9590583647501196,
  "best_validation_accuracy": 0.8217014773306164,
  "best_validation_gen_loss": 1.959302755517501,
  "best_validation_disc_loss": 0.4730194619032439,
  "best_validation_loss": 1.9590583647501196
}