{
  "best_epoch": 1,
  "peak_cpu_memory_MB": 9767.38,
  "peak_gpu_0_memory_MB": 36,
  "peak_gpu_1_memory_MB": 10698,
  "training_duration": "18:57:16.593980",
  "training_start_epoch": 0,
  "training_epochs": 2,
  "epoch": 2,
  "training_accuracy": 0.7867797974036292,
  "training_gen_loss": 1.5295510983024934,
  "training_disc_loss": 0.5805133523169373,
  "training_loss": 1.5295518653508582,
  "training_cpu_memory_MB": 9767.38,
  "training_gpu_0_memory_MB": 36,
  "training_gpu_1_memory_MB": 10698,
  "validation_accuracy": 0.8188487009679063,
  "validation_gen_loss": 2.0873569010012307,
  "validation_disc_loss": 0.4797824132989172,
  "validation_loss": 2.0870995226434466,
  "best_validation_accuracy": 0.8217014773306164,
  "best_validation_gen_loss": 1.959302755517501,
  "best_validation_disc_loss": 0.4730194619032439,
  "best_validation_loss": 1.9590583647501196
}