{
  "best_epoch": 0,
  "peak_cpu_memory_MB": 9767.38,
  "peak_gpu_0_memory_MB": 36,
  "peak_gpu_1_memory_MB": 2600,
  "training_duration": "6:18:11.771293",
  "training_start_epoch": 0,
  "training_epochs": 0,
  "epoch": 0,
  "training_accuracy": 0.651356499330281,
  "training_gen_loss": 1.9616040808744484,
  "training_disc_loss": 1.1041389804247037,
  "training_loss": 1.9616019932414748,
  "training_cpu_memory_MB": 9767.38,
  "training_gpu_0_memory_MB": 36,
  "training_gpu_1_memory_MB": 2600,
  "validation_accuracy": 0.8091696383087111,
  "validation_gen_loss": 2.0435255822143423,
  "validation_disc_loss": 0.5028175701442321,
  "validation_loss": 2.043314711667039,
  "best_validation_accuracy": 0.8091696383087111,
  "best_validation_gen_loss": 2.0435255822143423,
  "best_validation_disc_loss": 0.5028175701442321,
  "best_validation_loss": 2.043314711667039
}