{
  "best_epoch": 0,
  "peak_cpu_memory_MB": 9765.816,
  "peak_gpu_0_memory_MB": 36,
  "peak_gpu_1_memory_MB": 2600,
  "training_duration": "6:20:21.648084",
  "training_start_epoch": 0,
  "training_epochs": 0,
  "epoch": 0,
  "training_accuracy": 0.3334640516218405,
  "training_gen_loss": 192.7567169055002,
  "training_disc_loss": 1.2993856100281296,
  "training_loss": 1.2993843548067856,
  "training_cpu_memory_MB": 9765.816,
  "training_gpu_0_memory_MB": 36,
  "training_gpu_1_memory_MB": 2600,
  "validation_accuracy": 0.3273560876209883,
  "validation_gen_loss": 283.9063638284523,
  "validation_disc_loss": 1.0986123085021973,
  "validation_loss": 1.0986120712485299,
  "best_validation_accuracy": 0.3273560876209883,
  "best_validation_gen_loss": 283.9063638284523,
  "best_validation_disc_loss": 1.0986123085021973,
  "best_validation_loss": 1.0986120712485299
}