{
  "best_epoch": 9,
  "peak_cpu_memory_MB": 5490.544,
  "peak_gpu_0_memory_MB": 12677,
  "peak_gpu_1_memory_MB": 21435,
  "peak_gpu_2_memory_MB": 0,
  "peak_gpu_3_memory_MB": 13013,
  "training_duration": "0:06:02.912284",
  "training_start_epoch": 0,
  "training_epochs": 9,
  "epoch": 9,
  "training_accuracy": 0.7811704834605598,
  "training_loss": 0.6742490530014038,
  "training_cpu_memory_MB": 5490.544,
  "training_gpu_0_memory_MB": 12677,
  "training_gpu_1_memory_MB": 21435,
  "training_gpu_2_memory_MB": 0,
  "training_gpu_3_memory_MB": 13013,
  "validation_accuracy": 0.4770249617931737,
  "validation_loss": 1.0398121868360315,
  "best_validation_accuracy": 0.4770249617931737,
  "best_validation_loss": 1.0398121868360315
}