{
  "best_epoch": 6,
  "peak_cpu_memory_MB": 5490.544,
  "peak_gpu_0_memory_MB": 12677,
  "peak_gpu_1_memory_MB": 21435,
  "peak_gpu_2_memory_MB": 0,
  "peak_gpu_3_memory_MB": 13013,
  "training_duration": "0:04:08.163167",
  "training_start_epoch": 0,
  "training_epochs": 6,
  "epoch": 6,
  "training_accuracy": 0.6335877862595419,
  "training_loss": 0.9409310634319599,
  "training_cpu_memory_MB": 5490.544,
  "training_gpu_0_memory_MB": 12677,
  "training_gpu_1_memory_MB": 21435,
  "training_gpu_2_memory_MB": 0,
  "training_gpu_3_memory_MB": 13013,
  "validation_accuracy": 0.4314824248599083,
  "validation_loss": 1.0841523177848964,
  "best_validation_accuracy": 0.4314824248599083,
  "best_validation_loss": 1.0841523177848964
}