{
  "best_epoch": 1,
  "peak_cpu_memory_MB": 5490.544,
  "peak_gpu_0_memory_MB": 12677,
  "peak_gpu_1_memory_MB": 21435,
  "peak_gpu_2_memory_MB": 0,
  "peak_gpu_3_memory_MB": 13013,
  "training_duration": "0:01:42.731749",
  "training_start_epoch": 0,
  "training_epochs": 2,
  "epoch": 2,
  "training_accuracy": 0.33078880407124683,
  "training_loss": 1.105666078053988,
  "training_cpu_memory_MB": 5490.544,
  "training_gpu_0_memory_MB": 12677,
  "training_gpu_1_memory_MB": 21435,
  "training_gpu_2_memory_MB": 0,
  "training_gpu_3_memory_MB": 13013,
  "validation_accuracy": 0.3338767193071829,
  "validation_loss": 1.1161305551031901,
  "best_validation_accuracy": 0.35160468670402445,
  "best_validation_loss": 1.097988948371589
}