{
  "best_epoch": 8,
  "peak_cpu_memory_MB": 5490.544,
  "peak_gpu_0_memory_MB": 12677,
  "peak_gpu_1_memory_MB": 21435,
  "peak_gpu_2_memory_MB": 0,
  "peak_gpu_3_memory_MB": 13013,
  "training_duration": "0:05:25.056276",
  "training_start_epoch": 0,
  "training_epochs": 8,
  "epoch": 8,
  "training_accuracy": 0.7506361323155216,
  "training_loss": 0.6940392668430622,
  "training_cpu_memory_MB": 5490.544,
  "training_gpu_0_memory_MB": 12677,
  "training_gpu_1_memory_MB": 21435,
  "training_gpu_2_memory_MB": 0,
  "training_gpu_3_memory_MB": 13013,
  "validation_accuracy": 0.47661742231278653,
  "validation_loss": 1.0407825632670027,
  "best_validation_accuracy": 0.47661742231278653,
  "best_validation_loss": 1.0407825632670027
}