{
  "best_epoch": 5,
  "peak_cpu_memory_MB": 5866.168,
  "peak_gpu_0_memory_MB": 13845,
  "peak_gpu_1_memory_MB": 13845,
  "peak_gpu_2_memory_MB": 13845,
  "peak_gpu_3_memory_MB": 12,
  "training_duration": "0:04:35.636669",
  "training_start_epoch": 0,
  "training_epochs": 7,
  "epoch": 7,
  "training_accuracy": 0.4122137404580153,
  "training_disc_loss": 1.417452096939087,
  "training_gen_loss": 6.203848171234131,
  "training_loss": 6.203848171234131,
  "training_cpu_memory_MB": 5866.168,
  "training_gpu_0_memory_MB": 13845,
  "training_gpu_1_memory_MB": 13845,
  "training_gpu_2_memory_MB": 13845,
  "training_gpu_3_memory_MB": 12,
  "validation_accuracy": 0.3615071283095723,
  "validation_disc_loss": 1.32592437858504,
  "validation_gen_loss": 6.865349994442327,
  "validation_loss": 6.865349994442327,
  "best_validation_accuracy": 0.3971486761710794,
  "best_validation_disc_loss": 1.325233990099372,
  "best_validation_gen_loss": 6.857581809284241,
  "best_validation_loss": 6.857581809284241
}