{
  "best_epoch": 5,
  "peak_cpu_memory_MB": 5866.168,
  "peak_gpu_0_memory_MB": 13845,
  "peak_gpu_1_memory_MB": 13845,
  "peak_gpu_2_memory_MB": 13845,
  "peak_gpu_3_memory_MB": 12,
  "training_duration": "0:10:42.793359",
  "training_start_epoch": 0,
  "training_epochs": 18,
  "epoch": 18,
  "training_accuracy": 0.6743002544529262,
  "training_disc_loss": 0.8550029221177101,
  "training_gen_loss": 5.809174165725708,
  "training_loss": 5.809174165725708,
  "training_cpu_memory_MB": 5866.168,
  "training_gpu_0_memory_MB": 13845,
  "training_gpu_1_memory_MB": 13845,
  "training_gpu_2_memory_MB": 13845,
  "training_gpu_3_memory_MB": 12,
  "validation_accuracy": 0.38289205702647655,
  "validation_disc_loss": 1.8269130296823455,
  "validation_gen_loss": 7.196688353530759,
  "validation_loss": 7.196688353530759,
  "best_validation_accuracy": 0.3971486761710794,
  "best_validation_disc_loss": 1.325233990099372,
  "best_validation_gen_loss": 6.857581809284241,
  "best_validation_loss": 6.857581809284241
}