{
  "best_epoch": 1,
  "peak_cpu_memory_MB": 5866.168,
  "peak_gpu_0_memory_MB": 13845,
  "peak_gpu_1_memory_MB": 13845,
  "peak_gpu_2_memory_MB": 13845,
  "peak_gpu_3_memory_MB": 12,
  "training_duration": "0:01:35.093887",
  "training_start_epoch": 0,
  "training_epochs": 2,
  "epoch": 2,
  "training_accuracy": 0.2926208651399491,
  "training_disc_loss": 2.8988704144954682,
  "training_gen_loss": 6.729386959075928,
  "training_loss": 6.729386959075928,
  "training_cpu_memory_MB": 5866.168,
  "training_gpu_0_memory_MB": 13845,
  "training_gpu_1_memory_MB": 13845,
  "training_gpu_2_memory_MB": 13845,
  "training_gpu_3_memory_MB": 12,
  "validation_accuracy": 0.34623217922606925,
  "validation_disc_loss": 1.8271093872504505,
  "validation_gen_loss": 6.98110308685923,
  "validation_loss": 6.98110308685923,
  "best_validation_accuracy": 0.3533604887983707,
  "best_validation_disc_loss": 2.318274733012285,
  "best_validation_gen_loss": 7.165494674589576,
  "best_validation_loss": 7.165494674589576
}