{
  "best_epoch": 5,
  "peak_cpu_memory_MB": 5866.168,
  "peak_gpu_0_memory_MB": 13845,
  "peak_gpu_1_memory_MB": 13845,
  "peak_gpu_2_memory_MB": 13845,
  "peak_gpu_3_memory_MB": 12,
  "training_duration": "0:08:30.031831",
  "training_start_epoch": 0,
  "training_epochs": 14,
  "epoch": 14,
  "training_accuracy": 0.5801526717557252,
  "training_disc_loss": 1.0571528148651124,
  "training_gen_loss": 5.90473090171814,
  "training_loss": 5.90473090171814,
  "training_cpu_memory_MB": 5866.168,
  "training_gpu_0_memory_MB": 12,
  "training_gpu_1_memory_MB": 13845,
  "training_gpu_2_memory_MB": 13845,
  "training_gpu_3_memory_MB": 12,
  "validation_accuracy": 0.37780040733197556,
  "validation_disc_loss": 1.652369788507136,
  "validation_gen_loss": 7.094501006893996,
  "validation_loss": 7.094501006893996,
  "best_validation_accuracy": 0.3971486761710794,
  "best_validation_disc_loss": 1.325233990099372,
  "best_validation_gen_loss": 6.857581809284241,
  "best_validation_loss": 6.857581809284241
}