{
  "best_epoch": 1,
  "peak_cpu_memory_MB": 5866.024,
  "peak_gpu_0_memory_MB": 21435,
  "peak_gpu_1_memory_MB": 20139,
  "peak_gpu_2_memory_MB": 20139,
  "peak_gpu_3_memory_MB": 20139,
  "training_duration": "0:01:18.844493",
  "training_start_epoch": 0,
  "training_epochs": 2,
  "epoch": 2,
  "training_accuracy": 0.366412213740458,
  "training_disc_loss": 3.385294589996338,
  "training_gen_loss": 7.252470264434814,
  "training_loss": 6.273923140305739,
  "training_cpu_memory_MB": 5866.024,
  "training_gpu_0_memory_MB": 21435,
  "training_gpu_1_memory_MB": 20139,
  "training_gpu_2_memory_MB": 20139,
  "training_gpu_3_memory_MB": 20139,
  "validation_accuracy": 0.3258655804480652,
  "validation_disc_loss": 10.341969520814958,
  "validation_gen_loss": 8.066046276400167,
  "validation_loss": 8.633008987672868,
  "best_validation_accuracy": 0.3360488798370672,
  "best_validation_disc_loss": 20.675070824161654,
  "best_validation_gen_loss": 11.830757033440374,
  "best_validation_loss": 14.03654412300356
}