{
  "best_epoch": 19,
  "peak_cpu_memory_MB": 5866.824,
  "peak_gpu_0_memory_MB": 21435,
  "peak_gpu_1_memory_MB": 20139,
  "peak_gpu_2_memory_MB": 20139,
  "peak_gpu_3_memory_MB": 20139,
  "training_duration": "0:12:37.922658",
  "training_start_epoch": 0,
  "training_epochs": 26,
  "epoch": 26,
  "training_accuracy": 0.6564885496183206,
  "training_disc_loss": 0.8570759105682373,
  "training_gen_loss": 6.446256618499756,
  "training_loss": 5.056840969966008,
  "training_cpu_memory_MB": 5866.824,
  "training_gpu_0_memory_MB": 21435,
  "training_gpu_1_memory_MB": 20139,
  "training_gpu_2_memory_MB": 20139,
  "training_gpu_3_memory_MB": 20139,
  "validation_accuracy": 0.38085539714867617,
  "validation_disc_loss": 1.9451008689018987,
  "validation_gen_loss": 6.889263045403265,
  "validation_loss": 5.656602474950975,
  "best_validation_accuracy": 0.384928716904277,
  "best_validation_disc_loss": 1.8435758986780721,
  "best_validation_gen_loss": 6.885054096098869,
  "best_validation_loss": 5.6280356684038715
}