{
  "best_epoch": 9,
  "peak_cpu_memory_MB": 5866.824,
  "peak_gpu_0_memory_MB": 21435,
  "peak_gpu_1_memory_MB": 20139,
  "peak_gpu_2_memory_MB": 20139,
  "peak_gpu_3_memory_MB": 20139,
  "training_duration": "0:05:36.712211",
  "training_start_epoch": 0,
  "training_epochs": 11,
  "epoch": 11,
  "training_accuracy": 0.455470737913486,
  "training_disc_loss": 1.5708925080299379,
  "training_gen_loss": 6.65374174118042,
  "training_loss": 5.38162271793072,
  "training_cpu_memory_MB": 5866.824,
  "training_gpu_0_memory_MB": 21435,
  "training_gpu_1_memory_MB": 20139,
  "training_gpu_2_memory_MB": 20139,
  "training_gpu_3_memory_MB": 20139,
  "validation_accuracy": 0.35234215885947046,
  "validation_disc_loss": 1.7369775127980016,
  "validation_gen_loss": 6.898954376097648,
  "validation_loss": 5.6116831225733605,
  "best_validation_accuracy": 0.3594704684317719,
  "best_validation_disc_loss": 1.7554833023778853,
  "best_validation_gen_loss": 6.921321030585997,
  "best_validation_loss": 5.633085558491368
}