{
  "best_epoch": 15,
  "peak_cpu_memory_MB": 5866.824,
  "peak_gpu_0_memory_MB": 21435,
  "peak_gpu_1_memory_MB": 20139,
  "peak_gpu_2_memory_MB": 20139,
  "peak_gpu_3_memory_MB": 20139,
  "training_duration": "0:07:32.051058",
  "training_start_epoch": 0,
  "training_epochs": 15,
  "epoch": 15,
  "training_accuracy": 0.5674300254452926,
  "training_disc_loss": 1.2058342456817628,
  "training_gen_loss": 6.570392036437989,
  "training_loss": 5.23418455857497,
  "training_cpu_memory_MB": 5866.824,
  "training_gpu_0_memory_MB": 21435,
  "training_gpu_1_memory_MB": 20139,
  "training_gpu_2_memory_MB": 20139,
  "training_gpu_3_memory_MB": 20139,
  "validation_accuracy": 0.37474541751527496,
  "validation_disc_loss": 1.7973113656044006,
  "validation_gen_loss": 6.887958657357,
  "validation_loss": 5.618511061514577,
  "best_validation_accuracy": 0.37474541751527496,
  "best_validation_disc_loss": 1.7973113656044006,
  "best_validation_gen_loss": 6.887958657357,
  "best_validation_loss": 5.618511061514577
}