{
  "best_epoch": 9,
  "peak_cpu_memory_MB": 5866.824,
  "peak_gpu_0_memory_MB": 21435,
  "peak_gpu_1_memory_MB": 20139,
  "peak_gpu_2_memory_MB": 20139,
  "peak_gpu_3_memory_MB": 20139,
  "training_duration": "0:06:03.165696",
  "training_start_epoch": 0,
  "training_epochs": 12,
  "epoch": 12,
  "training_accuracy": 0.5165394402035624,
  "training_disc_loss": 1.4446072340011598,
  "training_gen_loss": 6.637708034515381,
  "training_loss": 5.345034269186167,
  "training_cpu_memory_MB": 5866.824,
  "training_gpu_0_memory_MB": 21435,
  "training_gpu_1_memory_MB": 20139,
  "training_gpu_2_memory_MB": 20139,
  "training_gpu_3_memory_MB": 20139,
  "validation_accuracy": 0.3564154786150713,
  "validation_disc_loss": 1.7708423493369934,
  "validation_gen_loss": 6.892805045650851,
  "validation_loss": 5.615576559497464,
  "best_validation_accuracy": 0.3594704684317719,
  "best_validation_disc_loss": 1.7554833023778853,
  "best_validation_gen_loss": 6.921321030585997,
  "best_validation_loss": 5.633085558491368
}