{
  "best_epoch": 13,
  "peak_cpu_memory_MB": 5866.824,
  "peak_gpu_0_memory_MB": 21435,
  "peak_gpu_1_memory_MB": 20139,
  "peak_gpu_2_memory_MB": 20139,
  "peak_gpu_3_memory_MB": 20139,
  "training_duration": "0:06:29.586282",
  "training_start_epoch": 0,
  "training_epochs": 13,
  "epoch": 13,
  "training_accuracy": 0.5292620865139949,
  "training_disc_loss": 1.3809033274650573,
  "training_gen_loss": 6.593669204711914,
  "training_loss": 5.277836249424861,
  "training_cpu_memory_MB": 5866.824,
  "training_gpu_0_memory_MB": 21435,
  "training_gpu_1_memory_MB": 20139,
  "training_gpu_2_memory_MB": 20139,
  "training_gpu_3_memory_MB": 20139,
  "validation_accuracy": 0.3635437881873727,
  "validation_disc_loss": 1.787127056429463,
  "validation_gen_loss": 6.88780753843246,
  "validation_loss": 5.615737684311405,
  "best_validation_accuracy": 0.3635437881873727,
  "best_validation_disc_loss": 1.787127056429463,
  "best_validation_gen_loss": 6.88780753843246,
  "best_validation_loss": 5.615737684311405
}