{
  "best_epoch": 19,
  "peak_cpu_memory_MB": 5866.824,
  "peak_gpu_0_memory_MB": 21435,
  "peak_gpu_1_memory_MB": 20139,
  "peak_gpu_2_memory_MB": 20139,
  "peak_gpu_3_memory_MB": 20139,
  "training_duration": "0:12:11.476915",
  "training_start_epoch": 0,
  "training_epochs": 25,
  "epoch": 25,
  "training_accuracy": 0.6463104325699746,
  "training_disc_loss": 0.8947512793540955,
  "training_gen_loss": 6.446209354400635,
  "training_loss": 5.064707829402043,
  "training_cpu_memory_MB": 5866.824,
  "training_gpu_0_memory_MB": 21435,
  "training_gpu_1_memory_MB": 20139,
  "training_gpu_2_memory_MB": 20139,
  "training_gpu_3_memory_MB": 20139,
  "validation_accuracy": 0.38391038696537677,
  "validation_disc_loss": 1.9356799317944435,
  "validation_gen_loss": 6.888923783456126,
  "validation_loss": 5.654029154008435,
  "best_validation_accuracy": 0.384928716904277,
  "best_validation_disc_loss": 1.8435758986780721,
  "best_validation_gen_loss": 6.885054096098869,
  "best_validation_loss": 5.6280356684038715
}