{
  "best_epoch": 4,
  "peak_cpu_memory_MB": 5866.824,
  "peak_gpu_0_memory_MB": 21435,
  "peak_gpu_1_memory_MB": 20139,
  "peak_gpu_2_memory_MB": 20139,
  "peak_gpu_3_memory_MB": 20139,
  "training_duration": "0:02:47.237397",
  "training_start_epoch": 0,
  "training_epochs": 5,
  "epoch": 5,
  "training_accuracy": 0.4223918575063613,
  "training_disc_loss": 1.9918270635604858,
  "training_gen_loss": 6.953200073242187,
  "training_loss": 5.709596743950477,
  "training_cpu_memory_MB": 5866.824,
  "training_gpu_0_memory_MB": 21435,
  "training_gpu_1_memory_MB": 20139,
  "training_gpu_2_memory_MB": 20139,
  "training_gpu_3_memory_MB": 20139,
  "validation_accuracy": 0.34419551934826886,
  "validation_disc_loss": 1.8855860589012023,
  "validation_gen_loss": 7.03776333408971,
  "validation_loss": 5.7537952392332015,
  "best_validation_accuracy": 0.3564154786150713,
  "best_validation_disc_loss": 1.976072391194682,
  "best_validation_gen_loss": 7.073246940489738,
  "best_validation_loss": 5.803050625708796
}