{
  "best_epoch": 0,
  "peak_cpu_memory_MB": 5866.824,
  "peak_gpu_0_memory_MB": 2617,
  "peak_gpu_1_memory_MB": 20139,
  "peak_gpu_2_memory_MB": 20139,
  "peak_gpu_3_memory_MB": 20139,
  "training_duration": "0:00:21.336893",
  "training_start_epoch": 0,
  "training_epochs": 0,
  "epoch": 0,
  "training_accuracy": 0.3969465648854962,
  "training_disc_loss": 13.154702682495117,
  "training_gen_loss": 12.549658813476562,
  "training_loss": 12.701967386099009,
  "training_cpu_memory_MB": 5866.824,
  "training_gpu_0_memory_MB": 2617,
  "training_gpu_1_memory_MB": 20139,
  "training_gpu_2_memory_MB": 20139,
  "training_gpu_3_memory_MB": 20139,
  "validation_accuracy": 0.3340122199592668,
  "validation_disc_loss": 19.167436307476414,
  "validation_gen_loss": 12.17102575302124,
  "validation_loss": 13.920923386850665,
  "best_validation_accuracy": 0.3340122199592668,
  "best_validation_disc_loss": 19.167436307476414,
  "best_validation_gen_loss": 12.17102575302124,
  "best_validation_loss": 13.920923386850665
}