{
  "best_epoch": 3,
  "peak_cpu_memory_MB": 5866.824,
  "peak_gpu_0_memory_MB": 21435,
  "peak_gpu_1_memory_MB": 20139,
  "peak_gpu_2_memory_MB": 20139,
  "peak_gpu_3_memory_MB": 20139,
  "training_duration": "0:01:45.509073",
  "training_start_epoch": 0,
  "training_epochs": 3,
  "epoch": 3,
  "training_accuracy": 0.366412213740458,
  "training_disc_loss": 2.7371046257019045,
  "training_gen_loss": 7.228699131011963,
  "training_loss": 6.123611670274001,
  "training_cpu_memory_MB": 5866.824,
  "training_gpu_0_memory_MB": 21435,
  "training_gpu_1_memory_MB": 20139,
  "training_gpu_2_memory_MB": 20139,
  "training_gpu_3_memory_MB": 20139,
  "validation_accuracy": 0.34012219959266804,
  "validation_disc_loss": 2.086404881169719,
  "validation_gen_loss": 7.118549569960563,
  "validation_loss": 5.865070419926798,
  "best_validation_accuracy": 0.34012219959266804,
  "best_validation_disc_loss": 2.086404881169719,
  "best_validation_gen_loss": 7.118549569960563,
  "best_validation_loss": 5.865070419926798
}