{
  "best_epoch": 19,
  "peak_cpu_memory_MB": 5866.824,
  "peak_gpu_0_memory_MB": 21435,
  "peak_gpu_1_memory_MB": 20139,
  "peak_gpu_2_memory_MB": 20139,
  "peak_gpu_3_memory_MB": 20139,
  "training_duration": "0:09:28.272212",
  "training_start_epoch": 0,
  "training_epochs": 19,
  "epoch": 19,
  "training_accuracy": 0.5674300254452926,
  "training_disc_loss": 1.1164971017837524,
  "training_gen_loss": 6.507027568817139,
  "training_loss": 5.143142296717717,
  "training_cpu_memory_MB": 5866.824,
  "training_gpu_0_memory_MB": 21435,
  "training_gpu_1_memory_MB": 20139,
  "training_gpu_2_memory_MB": 20139,
  "training_gpu_3_memory_MB": 20139,
  "validation_accuracy": 0.384928716904277,
  "validation_disc_loss": 1.8435758986780721,
  "validation_gen_loss": 6.885054096098869,
  "validation_loss": 5.6280356684038715,
  "best_validation_accuracy": 0.384928716904277,
  "best_validation_disc_loss": 1.8435758986780721,
  "best_validation_gen_loss": 6.885054096098869,
  "best_validation_loss": 5.6280356684038715
}