{
  "best_epoch": 15,
  "peak_cpu_memory_MB": 5866.824,
  "peak_gpu_0_memory_MB": 21435,
  "peak_gpu_1_memory_MB": 20139,
  "peak_gpu_2_memory_MB": 20139,
  "peak_gpu_3_memory_MB": 20139,
  "training_duration": "0:08:30.086638",
  "training_start_epoch": 0,
  "training_epochs": 17,
  "epoch": 17,
  "training_accuracy": 0.5750636132315522,
  "training_disc_loss": 1.1528958177566528,
  "training_gen_loss": 6.535848579406738,
  "training_loss": 5.188119558187632,
  "training_cpu_memory_MB": 5866.824,
  "training_gpu_0_memory_MB": 21435,
  "training_gpu_1_memory_MB": 20139,
  "training_gpu_2_memory_MB": 20139,
  "training_gpu_3_memory_MB": 20139,
  "validation_accuracy": 0.36863543788187375,
  "validation_disc_loss": 1.8116165687960963,
  "validation_gen_loss": 6.882816460824782,
  "validation_loss": 5.618553684603784,
  "best_validation_accuracy": 0.37474541751527496,
  "best_validation_disc_loss": 1.7973113656044006,
  "best_validation_gen_loss": 6.887958657357,
  "best_validation_loss": 5.618511061514577
}