{
  "best_epoch": 6,
  "peak_cpu_memory_MB": 5866.612,
  "peak_gpu_0_memory_MB": 21435,
  "peak_gpu_1_memory_MB": 20139,
  "peak_gpu_2_memory_MB": 20139,
  "peak_gpu_3_memory_MB": 20139,
  "training_duration": "0:05:05.580723",
  "training_start_epoch": 0,
  "training_epochs": 10,
  "epoch": 10,
  "training_accuracy": 0.48091603053435117,
  "training_disc_loss": 1.2605658888816833,
  "training_gen_loss": 6.425931835174561,
  "training_loss": 5.131516419924223,
  "training_cpu_memory_MB": 5866.612,
  "training_gpu_0_memory_MB": 21435,
  "training_gpu_1_memory_MB": 20139,
  "training_gpu_2_memory_MB": 20139,
  "training_gpu_3_memory_MB": 20139,
  "validation_accuracy": 0.3696537678207739,
  "validation_disc_loss": 1.6382015135980421,
  "validation_gen_loss": 6.891740460549632,
  "validation_loss": 5.578363433960946,
  "best_validation_accuracy": 0.37983706720977595,
  "best_validation_disc_loss": 1.6182923393864785,
  "best_validation_gen_loss": 6.933362576269334,
  "best_validation_loss": 5.6050329823647775
}