{
  "best_epoch": 6,
  "peak_cpu_memory_MB": 5866.612,
  "peak_gpu_0_memory_MB": 21435,
  "peak_gpu_1_memory_MB": 20139,
  "peak_gpu_2_memory_MB": 20139,
  "peak_gpu_3_memory_MB": 20139,
  "training_duration": "0:05:58.661371",
  "training_start_epoch": 0,
  "training_epochs": 12,
  "epoch": 12,
  "training_accuracy": 0.5139949109414759,
  "training_disc_loss": 1.1512109661102294,
  "training_gen_loss": 6.389306983947754,
  "training_loss": 5.078434283916767,
  "training_cpu_memory_MB": 5866.612,
  "training_gpu_0_memory_MB": 21435,
  "training_gpu_1_memory_MB": 20139,
  "training_gpu_2_memory_MB": 20139,
  "training_gpu_3_memory_MB": 20139,
  "validation_accuracy": 0.3665987780040733,
  "validation_disc_loss": 1.4704408626402579,
  "validation_gen_loss": 6.874843382066296,
  "validation_loss": 5.523742260471467,
  "best_validation_accuracy": 0.37983706720977595,
  "best_validation_disc_loss": 1.6182923393864785,
  "best_validation_gen_loss": 6.933362576269334,
  "best_validation_loss": 5.6050329823647775
}