{
  "best_epoch": 15,
  "peak_cpu_memory_MB": 5866.612,
  "peak_gpu_0_memory_MB": 21435,
  "peak_gpu_1_memory_MB": 20139,
  "peak_gpu_2_memory_MB": 20139,
  "peak_gpu_3_memory_MB": 20139,
  "training_duration": "0:07:19.518390",
  "training_start_epoch": 0,
  "training_epochs": 15,
  "epoch": 15,
  "training_accuracy": 0.5725190839694656,
  "training_disc_loss": 1.0271983027458191,
  "training_gen_loss": 6.350588302612305,
  "training_loss": 5.022579156435453,
  "training_cpu_memory_MB": 5866.612,
  "training_gpu_0_memory_MB": 21435,
  "training_gpu_1_memory_MB": 20139,
  "training_gpu_2_memory_MB": 20139,
  "training_gpu_3_memory_MB": 20139,
  "validation_accuracy": 0.384928716904277,
  "validation_disc_loss": 1.7127216794798452,
  "validation_gen_loss": 6.89177821528527,
  "validation_loss": 5.596882650929112,
  "best_validation_accuracy": 0.384928716904277,
  "best_validation_disc_loss": 1.7127216794798452,
  "best_validation_gen_loss": 6.89177821528527,
  "best_validation_loss": 5.596882650929112
}