{
  "best_epoch": 0,
  "peak_cpu_memory_MB": 5866.612,
  "peak_gpu_0_memory_MB": 2617,
  "peak_gpu_1_memory_MB": 20139,
  "peak_gpu_2_memory_MB": 20139,
  "peak_gpu_3_memory_MB": 20139,
  "training_duration": "0:00:21.352434",
  "training_start_epoch": 0,
  "training_epochs": 0,
  "epoch": 0,
  "training_accuracy": 0.38676844783715014,
  "training_disc_loss": 14.102938232421875,
  "training_gen_loss": 12.566528129577637,
  "training_loss": 12.95264794276311,
  "training_cpu_memory_MB": 5866.612,
  "training_gpu_0_memory_MB": 2617,
  "training_gpu_1_memory_MB": 20139,
  "training_gpu_2_memory_MB": 20139,
  "training_gpu_3_memory_MB": 20139,
  "validation_accuracy": 0.32484725050916496,
  "validation_disc_loss": 11.570605001141947,
  "validation_gen_loss": 11.076890930052727,
  "validation_loss": 11.200605115582865,
  "best_validation_accuracy": 0.32484725050916496,
  "best_validation_disc_loss": 11.570605001141947,
  "best_validation_gen_loss": 11.076890930052727,
  "best_validation_loss": 11.200605115582865
}