{
  "best_epoch": 6,
  "peak_cpu_memory_MB": 5866.612,
  "peak_gpu_0_memory_MB": 21435,
  "peak_gpu_1_memory_MB": 20139,
  "peak_gpu_2_memory_MB": 20139,
  "peak_gpu_3_memory_MB": 20139,
  "training_duration": "0:03:11.752345",
  "training_start_epoch": 0,
  "training_epochs": 6,
  "epoch": 6,
  "training_accuracy": 0.46055979643765904,
  "training_disc_loss": 1.4113198494911194,
  "training_gen_loss": 6.526577758789062,
  "training_loss": 5.2419417821444,
  "training_cpu_memory_MB": 5866.612,
  "training_gpu_0_memory_MB": 21435,
  "training_gpu_1_memory_MB": 20139,
  "training_gpu_2_memory_MB": 20139,
  "training_gpu_3_memory_MB": 20139,
  "validation_accuracy": 0.37983706720977595,
  "validation_disc_loss": 1.6182923393864785,
  "validation_gen_loss": 6.933362576269334,
  "validation_loss": 5.6050329823647775,
  "best_validation_accuracy": 0.37983706720977595,
  "best_validation_disc_loss": 1.6182923393864785,
  "best_validation_gen_loss": 6.933362576269334,
  "best_validation_loss": 5.6050329823647775
}