{
  "best_epoch": 2,
  "peak_cpu_memory_MB": 5866.612,
  "peak_gpu_0_memory_MB": 21435,
  "peak_gpu_1_memory_MB": 20139,
  "peak_gpu_2_memory_MB": 20139,
  "peak_gpu_3_memory_MB": 20139,
  "training_duration": "0:01:20.071566",
  "training_start_epoch": 0,
  "training_epochs": 2,
  "epoch": 2,
  "training_accuracy": 0.3638676844783715,
  "training_disc_loss": 2.791039228439331,
  "training_gen_loss": 7.1369353294372555,
  "training_loss": 6.037088027367225,
  "training_cpu_memory_MB": 5866.612,
  "training_gpu_0_memory_MB": 21435,
  "training_gpu_1_memory_MB": 20139,
  "training_gpu_2_memory_MB": 20139,
  "training_gpu_3_memory_MB": 20139,
  "validation_accuracy": 0.34928716904276985,
  "validation_disc_loss": 9.652511019860544,
  "validation_gen_loss": 7.943418049043225,
  "validation_loss": 8.36833155539728,
  "best_validation_accuracy": 0.34928716904276985,
  "best_validation_disc_loss": 9.652511019860544,
  "best_validation_gen_loss": 7.943418049043225,
  "best_validation_loss": 8.36833155539728
}