{
  "best_epoch": 19,
  "peak_cpu_memory_MB": 5866.612,
  "peak_gpu_0_memory_MB": 21435,
  "peak_gpu_1_memory_MB": 20139,
  "peak_gpu_2_memory_MB": 20139,
  "peak_gpu_3_memory_MB": 20139,
  "training_duration": "0:09:11.875865",
  "training_start_epoch": 0,
  "training_epochs": 19,
  "epoch": 19,
  "training_accuracy": 0.5954198473282443,
  "training_disc_loss": 0.8958100271224976,
  "training_gen_loss": 6.292064075469971,
  "training_loss": 4.931615609389085,
  "training_cpu_memory_MB": 5866.612,
  "training_gpu_0_memory_MB": 21435,
  "training_gpu_1_memory_MB": 20139,
  "training_gpu_2_memory_MB": 20139,
  "training_gpu_3_memory_MB": 20139,
  "validation_accuracy": 0.3869653767820774,
  "validation_disc_loss": 1.6684170115378596,
  "validation_gen_loss": 6.870147528186921,
  "validation_loss": 5.569948396375103,
  "best_validation_accuracy": 0.3869653767820774,
  "best_validation_disc_loss": 1.6684170115378596,
  "best_validation_gen_loss": 6.870147528186921,
  "best_validation_loss": 5.569948396375103
}