{
  "best_epoch": 23,
  "peak_cpu_memory_MB": 5866.964,
  "peak_gpu_0_memory_MB": 13845,
  "peak_gpu_1_memory_MB": 13005,
  "peak_gpu_2_memory_MB": 13845,
  "peak_gpu_3_memory_MB": 21435,
  "training_duration": "0:13:47.968382",
  "training_start_epoch": 0,
  "training_epochs": 25,
  "epoch": 25,
  "training_accuracy": 0.916030534351145,
  "training_disc_loss": 0.22934559100307525,
  "training_gen_loss": 5.306138219833374,
  "training_loss": 5.306138219833374,
  "training_cpu_memory_MB": 5866.964,
  "training_gpu_0_memory_MB": 13845,
  "training_gpu_1_memory_MB": 13005,
  "training_gpu_2_memory_MB": 12,
  "training_gpu_3_memory_MB": 21435,
  "validation_accuracy": 0.34725050916496947,
  "validation_disc_loss": 4.362909900463693,
  "validation_gen_loss": 8.968010673678018,
  "validation_loss": 8.968010673678018,
  "best_validation_accuracy": 0.3727087576374745,
  "best_validation_disc_loss": 11.58613140602422,
  "best_validation_gen_loss": 9.616955509030722,
  "best_validation_loss": 9.616955509030722
}