{
  "best_epoch": 23,
  "peak_cpu_memory_MB": 5866.964,
  "peak_gpu_0_memory_MB": 13845,
  "peak_gpu_1_memory_MB": 13005,
  "peak_gpu_2_memory_MB": 13845,
  "peak_gpu_3_memory_MB": 21435,
  "training_duration": "0:15:23.204375",
  "training_start_epoch": 0,
  "training_epochs": 28,
  "epoch": 28,
  "training_accuracy": 0.926208651399491,
  "training_disc_loss": 0.17292234163731338,
  "training_gen_loss": 5.291197376251221,
  "training_loss": 5.291197376251221,
  "training_cpu_memory_MB": 5866.964,
  "training_gpu_0_memory_MB": 13845,
  "training_gpu_1_memory_MB": 13005,
  "training_gpu_2_memory_MB": 13845,
  "training_gpu_3_memory_MB": 21435,
  "validation_accuracy": 0.34928716904276985,
  "validation_disc_loss": 4.547639255601216,
  "validation_gen_loss": 8.99574842297934,
  "validation_loss": 8.99574842297934,
  "best_validation_accuracy": 0.3727087576374745,
  "best_validation_disc_loss": 11.58613140602422,
  "best_validation_gen_loss": 9.616955509030722,
  "best_validation_loss": 9.616955509030722
}