{
  "best_epoch": 1,
  "peak_cpu_memory_MB": 5866.964,
  "peak_gpu_0_memory_MB": 13845,
  "peak_gpu_1_memory_MB": 13005,
  "peak_gpu_2_memory_MB": 13845,
  "peak_gpu_3_memory_MB": 21435,
  "training_duration": "0:04:11.023129",
  "training_start_epoch": 0,
  "training_epochs": 7,
  "epoch": 7,
  "training_accuracy": 0.5114503816793893,
  "training_disc_loss": 1.382836753129959,
  "training_gen_loss": 5.807360553741455,
  "training_loss": 5.807360553741455,
  "training_cpu_memory_MB": 5866.964,
  "training_gpu_0_memory_MB": 13845,
  "training_gpu_1_memory_MB": 13005,
  "training_gpu_2_memory_MB": 13845,
  "training_gpu_3_memory_MB": 21435,
  "validation_accuracy": 0.3533604887983707,
  "validation_disc_loss": 2.4459529926137225,
  "validation_gen_loss": 7.773946308508152,
  "validation_loss": 7.773946308508152,
  "best_validation_accuracy": 0.3665987780040733,
  "best_validation_disc_loss": 1.6632154666311372,
  "best_validation_gen_loss": 6.87895834930544,
  "best_validation_loss": 6.87895834930544
}