{
  "best_epoch": 1,
  "peak_cpu_memory_MB": 5866.964,
  "peak_gpu_0_memory_MB": 13845,
  "peak_gpu_1_memory_MB": 13005,
  "peak_gpu_2_memory_MB": 13845,
  "peak_gpu_3_memory_MB": 21435,
  "training_duration": "0:07:50.156060",
  "training_start_epoch": 0,
  "training_epochs": 14,
  "epoch": 14,
  "training_accuracy": 0.7353689567430025,
  "training_disc_loss": 0.7739843187481165,
  "training_gen_loss": 5.5171348762512205,
  "training_loss": 5.5171348762512205,
  "training_cpu_memory_MB": 5866.964,
  "training_gpu_0_memory_MB": 13845,
  "training_gpu_1_memory_MB": 13005,
  "training_gpu_2_memory_MB": 13845,
  "training_gpu_3_memory_MB": 21435,
  "validation_accuracy": 0.32790224032586557,
  "validation_disc_loss": 11.41923616378288,
  "validation_gen_loss": 8.971658664021065,
  "validation_loss": 8.971658664021065,
  "best_validation_accuracy": 0.3665987780040733,
  "best_validation_disc_loss": 1.6632154666311372,
  "best_validation_gen_loss": 6.87895834930544,
  "best_validation_loss": 6.87895834930544
}