{
  "best_epoch": 23,
  "peak_cpu_memory_MB": 5866.964,
  "peak_gpu_0_memory_MB": 13845,
  "peak_gpu_1_memory_MB": 13005,
  "peak_gpu_2_memory_MB": 13845,
  "peak_gpu_3_memory_MB": 21435,
  "training_duration": "0:15:55.160425",
  "training_start_epoch": 0,
  "training_epochs": 29,
  "epoch": 29,
  "training_accuracy": 0.9465648854961832,
  "training_disc_loss": 0.1461512530618347,
  "training_gen_loss": 5.269779138565063,
  "training_loss": 5.269779138565063,
  "training_cpu_memory_MB": 5866.964,
  "training_gpu_0_memory_MB": 13845,
  "training_gpu_1_memory_MB": 13005,
  "training_gpu_2_memory_MB": 13845,
  "training_gpu_3_memory_MB": 21435,
  "validation_accuracy": 0.34521384928716903,
  "validation_disc_loss": 4.561052675169658,
  "validation_gen_loss": 9.015050387964017,
  "validation_loss": 9.015050387964017,
  "best_validation_accuracy": 0.3727087576374745,
  "best_validation_disc_loss": 11.58613140602422,
  "best_validation_gen_loss": 9.616955509030722,
  "best_validation_loss": 9.616955509030722
}