{
  "best_epoch": 23,
  "peak_cpu_memory_MB": 5866.964,
  "peak_gpu_0_memory_MB": 13845,
  "peak_gpu_1_memory_MB": 13005,
  "peak_gpu_2_memory_MB": 13845,
  "peak_gpu_3_memory_MB": 21435,
  "training_duration": "0:14:19.392402",
  "training_start_epoch": 0,
  "training_epochs": 26,
  "epoch": 26,
  "training_accuracy": 0.9338422391857506,
  "training_disc_loss": 0.20270592793356626,
  "training_gen_loss": 5.305658645629883,
  "training_loss": 5.305658645629883,
  "training_cpu_memory_MB": 5866.964,
  "training_gpu_0_memory_MB": 13845,
  "training_gpu_1_memory_MB": 13005,
  "training_gpu_2_memory_MB": 13845,
  "training_gpu_3_memory_MB": 21435,
  "validation_accuracy": 0.3360488798370672,
  "validation_disc_loss": 5.915595289168319,
  "validation_gen_loss": 8.94397412664522,
  "validation_loss": 8.94397412664522,
  "best_validation_accuracy": 0.3727087576374745,
  "best_validation_disc_loss": 11.58613140602422,
  "best_validation_gen_loss": 9.616955509030722,
  "best_validation_loss": 9.616955509030722
}