{
  "best_epoch": 1,
  "peak_cpu_memory_MB": 5866.964,
  "peak_gpu_0_memory_MB": 13845,
  "peak_gpu_1_memory_MB": 13005,
  "peak_gpu_2_memory_MB": 13845,
  "peak_gpu_3_memory_MB": 21435,
  "training_duration": "0:07:18.909854",
  "training_start_epoch": 0,
  "training_epochs": 13,
  "epoch": 13,
  "training_accuracy": 0.7073791348600509,
  "training_disc_loss": 0.8137143579125404,
  "training_gen_loss": 5.5763404655456545,
  "training_loss": 5.5763404655456545,
  "training_cpu_memory_MB": 5866.964,
  "training_gpu_0_memory_MB": 13845,
  "training_gpu_1_memory_MB": 13005,
  "training_gpu_2_memory_MB": 13845,
  "training_gpu_3_memory_MB": 21435,
  "validation_accuracy": 0.3391038696537678,
  "validation_disc_loss": 6.13250008637343,
  "validation_gen_loss": 9.00137650869726,
  "validation_loss": 9.00137650869726,
  "best_validation_accuracy": 0.3665987780040733,
  "best_validation_disc_loss": 1.6632154666311372,
  "best_validation_gen_loss": 6.87895834930544,
  "best_validation_loss": 6.87895834930544
}