{
  "best_epoch": 15,
  "peak_cpu_memory_MB": 5866.964,
  "peak_gpu_0_memory_MB": 13845,
  "peak_gpu_1_memory_MB": 13005,
  "peak_gpu_2_memory_MB": 13845,
  "peak_gpu_3_memory_MB": 21435,
  "training_duration": "0:10:33.309572",
  "training_start_epoch": 0,
  "training_epochs": 19,
  "epoch": 19,
  "training_accuracy": 0.8804071246819338,
  "training_disc_loss": 0.34397592186694964,
  "training_gen_loss": 5.394518814086914,
  "training_loss": 5.394518814086914,
  "training_cpu_memory_MB": 5866.964,
  "training_gpu_0_memory_MB": 13845,
  "training_gpu_1_memory_MB": 13005,
  "training_gpu_2_memory_MB": 13845,
  "training_gpu_3_memory_MB": 21435,
  "validation_accuracy": 0.3340122199592668,
  "validation_disc_loss": 16.680619549945117,
  "validation_gen_loss": 10.359236616429275,
  "validation_loss": 10.359236616429275,
  "best_validation_accuracy": 0.3696537678207739,
  "best_validation_disc_loss": 11.578804644142709,
  "best_validation_gen_loss": 9.001793458209775,
  "best_validation_loss": 9.001793458209775
}