{
  "best_epoch": 23,
  "peak_cpu_memory_MB": 5866.964,
  "peak_gpu_0_memory_MB": 13845,
  "peak_gpu_1_memory_MB": 13005,
  "peak_gpu_2_memory_MB": 13845,
  "peak_gpu_3_memory_MB": 21435,
  "training_duration": "0:13:15.846872",
  "training_start_epoch": 0,
  "training_epochs": 24,
  "epoch": 24,
  "training_accuracy": 0.9033078880407125,
  "training_disc_loss": 0.2826089416816103,
  "training_gen_loss": 5.3301527881622315,
  "training_loss": 5.3301527881622315,
  "training_cpu_memory_MB": 5866.964,
  "training_gpu_0_memory_MB": 13845,
  "training_gpu_1_memory_MB": 13005,
  "training_gpu_2_memory_MB": 13845,
  "training_gpu_3_memory_MB": 21435,
  "validation_accuracy": 0.35030549898167007,
  "validation_disc_loss": 3.772640414354278,
  "validation_gen_loss": 8.969243607869963,
  "validation_loss": 8.969243607869963,
  "best_validation_accuracy": 0.3727087576374745,
  "best_validation_disc_loss": 11.58613140602422,
  "best_validation_gen_loss": 9.616955509030722,
  "best_validation_loss": 9.616955509030722
}