{
  "best_epoch": 15,
  "peak_cpu_memory_MB": 5866.964,
  "peak_gpu_0_memory_MB": 13845,
  "peak_gpu_1_memory_MB": 13005,
  "peak_gpu_2_memory_MB": 13845,
  "peak_gpu_3_memory_MB": 21435,
  "training_duration": "0:10:01.808321",
  "training_start_epoch": 0,
  "training_epochs": 18,
  "epoch": 18,
  "training_accuracy": 0.8575063613231552,
  "training_disc_loss": 0.361806767731905,
  "training_gen_loss": 5.430909194946289,
  "training_loss": 5.430909194946289,
  "training_cpu_memory_MB": 5866.964,
  "training_gpu_0_memory_MB": 13845,
  "training_gpu_1_memory_MB": 13005,
  "training_gpu_2_memory_MB": 13845,
  "training_gpu_3_memory_MB": 21435,
  "validation_accuracy": 0.34317718940936864,
  "validation_disc_loss": 12.190181747684633,
  "validation_gen_loss": 9.419368511292992,
  "validation_loss": 9.419368511292992,
  "best_validation_accuracy": 0.3696537678207739,
  "best_validation_disc_loss": 11.578804644142709,
  "best_validation_gen_loss": 9.001793458209775,
  "best_validation_loss": 9.001793458209775
}