{
  "best_epoch": 1,
  "peak_cpu_memory_MB": 5866.964,
  "peak_gpu_0_memory_MB": 13845,
  "peak_gpu_1_memory_MB": 13005,
  "peak_gpu_2_memory_MB": 13845,
  "peak_gpu_3_memory_MB": 21435,
  "training_duration": "0:03:39.703263",
  "training_start_epoch": 0,
  "training_epochs": 6,
  "epoch": 6,
  "training_accuracy": 0.5038167938931297,
  "training_disc_loss": 1.6086915361881255,
  "training_gen_loss": 5.851725673675537,
  "training_loss": 5.851725673675537,
  "training_cpu_memory_MB": 5866.964,
  "training_gpu_0_memory_MB": 13845,
  "training_gpu_1_memory_MB": 13005,
  "training_gpu_2_memory_MB": 13845,
  "training_gpu_3_memory_MB": 21435,
  "validation_accuracy": 0.34012219959266804,
  "validation_disc_loss": 11.212559831820853,
  "validation_gen_loss": 8.943105775166334,
  "validation_loss": 8.943105775166334,
  "best_validation_accuracy": 0.3665987780040733,
  "best_validation_disc_loss": 1.6632154666311372,
  "best_validation_gen_loss": 6.87895834930544,
  "best_validation_loss": 6.87895834930544
}