{
  "best_epoch": 1,
  "peak_cpu_memory_MB": 5866.964,
  "peak_gpu_0_memory_MB": 13845,
  "peak_gpu_1_memory_MB": 13005,
  "peak_gpu_2_memory_MB": 13845,
  "peak_gpu_3_memory_MB": 21435,
  "training_duration": "0:06:16.268318",
  "training_start_epoch": 0,
  "training_epochs": 11,
  "epoch": 11,
  "training_accuracy": 0.7073791348600509,
  "training_disc_loss": 0.8523558008670807,
  "training_gen_loss": 5.633115911483765,
  "training_loss": 5.633115911483765,
  "training_cpu_memory_MB": 5866.964,
  "training_gpu_0_memory_MB": 13845,
  "training_gpu_1_memory_MB": 13005,
  "training_gpu_2_memory_MB": 13845,
  "training_gpu_3_memory_MB": 21435,
  "validation_accuracy": 0.3391038696537678,
  "validation_disc_loss": 5.066594360320549,
  "validation_gen_loss": 8.739401600225184,
  "validation_loss": 8.739401600225184,
  "best_validation_accuracy": 0.3665987780040733,
  "best_validation_disc_loss": 1.6632154666311372,
  "best_validation_gen_loss": 6.87895834930544,
  "best_validation_loss": 6.87895834930544
}