{
  "best_epoch": 3,
  "peak_cpu_memory_MB": 5866.052,
  "peak_gpu_0_memory_MB": 21435,
  "peak_gpu_1_memory_MB": 20139,
  "peak_gpu_2_memory_MB": 20139,
  "peak_gpu_3_memory_MB": 20139,
  "training_duration": "0:01:46.681950",
  "training_start_epoch": 0,
  "training_epochs": 3,
  "epoch": 3,
  "training_accuracy": 0.4173027989821883,
  "training_disc_loss": 3.139659824371338,
  "training_gen_loss": 7.122567653656006,
  "training_loss": 6.737963969890888,
  "training_cpu_memory_MB": 5866.052,
  "training_gpu_0_memory_MB": 21435,
  "training_gpu_1_memory_MB": 20139,
  "training_gpu_2_memory_MB": 20139,
  "training_gpu_3_memory_MB": 20139,
  "validation_accuracy": 0.34521384928716903,
  "validation_disc_loss": 12.797369941588371,
  "validation_gen_loss": 8.359298490708873,
  "validation_loss": 8.805420475621377,
  "best_validation_accuracy": 0.34521384928716903,
  "best_validation_disc_loss": 12.797369941588371,
  "best_validation_gen_loss": 8.359298490708873,
  "best_validation_loss": 8.805420475621377
}