{
  "best_epoch": 0,
  "peak_cpu_memory_MB": 5866.56,
  "peak_gpu_0_memory_MB": 13845,
  "peak_gpu_1_memory_MB": 12805,
  "peak_gpu_2_memory_MB": 13845,
  "peak_gpu_3_memory_MB": 21435,
  "training_duration": "0:01:58.329839",
  "training_start_epoch": 0,
  "training_epochs": 3,
  "epoch": 3,
  "training_accuracy": 0.3231552162849873,
  "training_disc_loss": 2.5465719640254973,
  "training_gen_loss": 6.71858476638794,
  "training_loss": 6.71858476638794,
  "training_cpu_memory_MB": 5866.56,
  "training_gpu_0_memory_MB": 13845,
  "training_gpu_1_memory_MB": 12805,
  "training_gpu_2_memory_MB": 13845,
  "training_gpu_3_memory_MB": 21435,
  "validation_accuracy": 0.31262729124236255,
  "validation_disc_loss": 1.2539719217191867,
  "validation_gen_loss": 6.853621475095672,
  "validation_loss": 6.853621475095672,
  "best_validation_accuracy": 0.34317718940936864,
  "best_validation_disc_loss": 4.009361775909982,
  "best_validation_gen_loss": 7.770471460450955,
  "best_validation_loss": 7.770471460450955
}