{
  "best_epoch": 10,
  "peak_cpu_memory_MB": 5866.56,
  "peak_gpu_0_memory_MB": 13845,
  "peak_gpu_1_memory_MB": 12805,
  "peak_gpu_2_memory_MB": 13845,
  "peak_gpu_3_memory_MB": 21435,
  "training_duration": "0:06:33.127157",
  "training_start_epoch": 0,
  "training_epochs": 11,
  "epoch": 11,
  "training_accuracy": 0.49872773536895676,
  "training_disc_loss": 1.4323562210798264,
  "training_gen_loss": 5.811470451354981,
  "training_loss": 5.811470451354981,
  "training_cpu_memory_MB": 5866.56,
  "training_gpu_0_memory_MB": 13845,
  "training_gpu_1_memory_MB": 12805,
  "training_gpu_2_memory_MB": 13845,
  "training_gpu_3_memory_MB": 21435,
  "validation_accuracy": 0.37372708757637474,
  "validation_disc_loss": 1.6613442451973273,
  "validation_gen_loss": 7.269193610524743,
  "validation_loss": 7.269193610524743,
  "best_validation_accuracy": 0.3879837067209776,
  "best_validation_disc_loss": 1.3214334695319818,
  "best_validation_gen_loss": 7.206650450946839,
  "best_validation_loss": 7.206650450946839
}