{
  "best_epoch": 20,
  "peak_cpu_memory_MB": 5866.56,
  "peak_gpu_0_memory_MB": 13845,
  "peak_gpu_1_memory_MB": 12805,
  "peak_gpu_2_memory_MB": 13845,
  "peak_gpu_3_memory_MB": 21435,
  "training_duration": "0:11:43.229276",
  "training_start_epoch": 0,
  "training_epochs": 20,
  "epoch": 20,
  "training_accuracy": 0.7302798982188295,
  "training_disc_loss": 0.8419199764728547,
  "training_gen_loss": 5.473902606964112,
  "training_loss": 5.473902606964112,
  "training_cpu_memory_MB": 5866.56,
  "training_gpu_0_memory_MB": 13845,
  "training_gpu_1_memory_MB": 12805,
  "training_gpu_2_memory_MB": 13845,
  "training_gpu_3_memory_MB": 21435,
  "validation_accuracy": 0.41140529531568226,
  "validation_disc_loss": 1.8098525346779242,
  "validation_gen_loss": 7.894625609483176,
  "validation_loss": 7.894625609483176,
  "best_validation_accuracy": 0.41140529531568226,
  "best_validation_disc_loss": 1.8098525346779242,
  "best_validation_gen_loss": 7.894625609483176,
  "best_validation_loss": 7.894625609483176
}