{
  "best_epoch": 20,
  "peak_cpu_memory_MB": 5866.56,
  "peak_gpu_0_memory_MB": 13845,
  "peak_gpu_1_memory_MB": 12805,
  "peak_gpu_2_memory_MB": 13845,
  "peak_gpu_3_memory_MB": 21435,
  "training_duration": "0:12:21.018890",
  "training_start_epoch": 0,
  "training_epochs": 21,
  "epoch": 21,
  "training_accuracy": 0.7633587786259542,
  "training_disc_loss": 0.6508382158260793,
  "training_gen_loss": 5.439925613403321,
  "training_loss": 5.439925613403321,
  "training_cpu_memory_MB": 5866.56,
  "training_gpu_0_memory_MB": 13845,
  "training_gpu_1_memory_MB": 12805,
  "training_gpu_2_memory_MB": 13845,
  "training_gpu_3_memory_MB": 21435,
  "validation_accuracy": 0.40325865580448067,
  "validation_disc_loss": 1.9806067620108767,
  "validation_gen_loss": 8.104368888265718,
  "validation_loss": 8.104368888265718,
  "best_validation_accuracy": 0.41140529531568226,
  "best_validation_disc_loss": 1.8098525346779242,
  "best_validation_gen_loss": 7.894625609483176,
  "best_validation_loss": 7.894625609483176
}