{
  "best_epoch": 14,
  "peak_cpu_memory_MB": 5866.56,
  "peak_gpu_0_memory_MB": 13845,
  "peak_gpu_1_memory_MB": 12805,
  "peak_gpu_2_memory_MB": 13845,
  "peak_gpu_3_memory_MB": 21435,
  "training_duration": "0:08:17.787713",
  "training_start_epoch": 0,
  "training_epochs": 14,
  "epoch": 14,
  "training_accuracy": 0.5648854961832062,
  "training_disc_loss": 1.299984113574028,
  "training_gen_loss": 5.634539737701416,
  "training_loss": 5.634539737701416,
  "training_cpu_memory_MB": 5866.56,
  "training_gpu_0_memory_MB": 13845,
  "training_gpu_1_memory_MB": 12805,
  "training_gpu_2_memory_MB": 13845,
  "training_gpu_3_memory_MB": 21435,
  "validation_accuracy": 0.39613034623217924,
  "validation_disc_loss": 1.4518694472991354,
  "validation_gen_loss": 7.879490856232682,
  "validation_loss": 7.879490856232682,
  "best_validation_accuracy": 0.39613034623217924,
  "best_validation_disc_loss": 1.4518694472991354,
  "best_validation_gen_loss": 7.879490856232682,
  "best_validation_loss": 7.879490856232682
}