{
  "best_epoch": 20,
  "peak_cpu_memory_MB": 5866.56,
  "peak_gpu_0_memory_MB": 13845,
  "peak_gpu_1_memory_MB": 12805,
  "peak_gpu_2_memory_MB": 13845,
  "peak_gpu_3_memory_MB": 21435,
  "training_duration": "0:18:28.915302",
  "training_start_epoch": 0,
  "training_epochs": 32,
  "epoch": 32,
  "training_accuracy": 0.9134860050890585,
  "training_disc_loss": 0.26218573073478185,
  "training_gen_loss": 5.210725708007812,
  "training_loss": 5.210725708007812,
  "training_cpu_memory_MB": 5866.56,
  "training_gpu_0_memory_MB": 13845,
  "training_gpu_1_memory_MB": 12805,
  "training_gpu_2_memory_MB": 13845,
  "training_gpu_3_memory_MB": 21435,
  "validation_accuracy": 0.40020366598778007,
  "validation_disc_loss": 2.368870391593716,
  "validation_gen_loss": 8.374566341803327,
  "validation_loss": 8.374566341803327,
  "best_validation_accuracy": 0.41140529531568226,
  "best_validation_disc_loss": 1.8098525346779242,
  "best_validation_gen_loss": 7.894625609483176,
  "best_validation_loss": 7.894625609483176
}