{
  "best_epoch": 10,
  "peak_cpu_memory_MB": 5866.56,
  "peak_gpu_0_memory_MB": 13845,
  "peak_gpu_1_memory_MB": 12805,
  "peak_gpu_2_memory_MB": 13845,
  "peak_gpu_3_memory_MB": 21435,
  "training_duration": "0:05:52.813673",
  "training_start_epoch": 0,
  "training_epochs": 10,
  "epoch": 10,
  "training_accuracy": 0.4681933842239186,
  "training_disc_loss": 1.5087432754039765,
  "training_gen_loss": 5.885893354415893,
  "training_loss": 5.885893354415893,
  "training_cpu_memory_MB": 5866.56,
  "training_gpu_0_memory_MB": 13845,
  "training_gpu_1_memory_MB": 12805,
  "training_gpu_2_memory_MB": 13845,
  "training_gpu_3_memory_MB": 21435,
  "validation_accuracy": 0.3879837067209776,
  "validation_disc_loss": 1.3214334695319818,
  "validation_gen_loss": 7.206650450946839,
  "validation_loss": 7.206650450946839,
  "best_validation_accuracy": 0.3879837067209776,
  "best_validation_disc_loss": 1.3214334695319818,
  "best_validation_gen_loss": 7.206650450946839,
  "best_validation_loss": 7.206650450946839
}