{
  "best_epoch": 12,
  "peak_cpu_memory_MB": 5866.56,
  "peak_gpu_0_memory_MB": 13845,
  "peak_gpu_1_memory_MB": 12805,
  "peak_gpu_2_memory_MB": 13845,
  "peak_gpu_3_memory_MB": 21435,
  "training_duration": "0:07:06.977541",
  "training_start_epoch": 0,
  "training_epochs": 12,
  "epoch": 12,
  "training_accuracy": 0.5241730279898219,
  "training_disc_loss": 1.3278582590818404,
  "training_gen_loss": 5.73725622177124,
  "training_loss": 5.73725622177124,
  "training_cpu_memory_MB": 5866.56,
  "training_gpu_0_memory_MB": 13845,
  "training_gpu_1_memory_MB": 12805,
  "training_gpu_2_memory_MB": 13845,
  "training_gpu_3_memory_MB": 21435,
  "validation_accuracy": 0.39307535641547864,
  "validation_disc_loss": 1.4823321074974247,
  "validation_gen_loss": 7.526039317371399,
  "validation_loss": 7.526039317371399,
  "best_validation_accuracy": 0.39307535641547864,
  "best_validation_disc_loss": 1.4823321074974247,
  "best_validation_gen_loss": 7.526039317371399,
  "best_validation_loss": 7.526039317371399
}