{
  "best_epoch": 14,
  "peak_cpu_memory_MB": 5866.56,
  "peak_gpu_0_memory_MB": 13845,
  "peak_gpu_1_memory_MB": 12805,
  "peak_gpu_2_memory_MB": 13845,
  "peak_gpu_3_memory_MB": 21435,
  "training_duration": "0:10:02.859123",
  "training_start_epoch": 0,
  "training_epochs": 17,
  "epoch": 17,
  "training_accuracy": 0.6463104325699746,
  "training_disc_loss": 0.9743905648589134,
  "training_gen_loss": 5.522544994354248,
  "training_loss": 5.522544994354248,
  "training_cpu_memory_MB": 5866.56,
  "training_gpu_0_memory_MB": 13845,
  "training_gpu_1_memory_MB": 12805,
  "training_gpu_2_memory_MB": 13845,
  "training_gpu_3_memory_MB": 21435,
  "validation_accuracy": 0.3940936863543788,
  "validation_disc_loss": 1.606356177388168,
  "validation_gen_loss": 8.15371675026126,
  "validation_loss": 8.15371675026126,
  "best_validation_accuracy": 0.39613034623217924,
  "best_validation_disc_loss": 1.4518694472991354,
  "best_validation_gen_loss": 7.879490856232682,
  "best_validation_loss": 7.879490856232682
}