{
  "best_epoch": 20,
  "peak_cpu_memory_MB": 5866.56,
  "peak_gpu_0_memory_MB": 13845,
  "peak_gpu_1_memory_MB": 12805,
  "peak_gpu_2_memory_MB": 13845,
  "peak_gpu_3_memory_MB": 21435,
  "training_duration": "0:16:15.213680",
  "training_start_epoch": 0,
  "training_epochs": 28,
  "epoch": 28,
  "training_accuracy": 0.8778625954198473,
  "training_disc_loss": 0.3963653787598014,
  "training_gen_loss": 5.3029955291748045,
  "training_loss": 5.3029955291748045,
  "training_cpu_memory_MB": 5866.56,
  "training_gpu_0_memory_MB": 13845,
  "training_gpu_1_memory_MB": 12805,
  "training_gpu_2_memory_MB": 13845,
  "training_gpu_3_memory_MB": 21435,
  "validation_accuracy": 0.40529531568228105,
  "validation_disc_loss": 2.4996212405887075,
  "validation_gen_loss": 8.271868244419252,
  "validation_loss": 8.271868244419252,
  "best_validation_accuracy": 0.41140529531568226,
  "best_validation_disc_loss": 1.8098525346779242,
  "best_validation_gen_loss": 7.894625609483176,
  "best_validation_loss": 7.894625609483176
}