{
  "best_epoch": 20,
  "peak_cpu_memory_MB": 5866.56,
  "peak_gpu_0_memory_MB": 13845,
  "peak_gpu_1_memory_MB": 12805,
  "peak_gpu_2_memory_MB": 13845,
  "peak_gpu_3_memory_MB": 21435,
  "training_duration": "0:12:54.221105",
  "training_start_epoch": 0,
  "training_epochs": 22,
  "epoch": 22,
  "training_accuracy": 0.7837150127226463,
  "training_disc_loss": 0.6479503337247298,
  "training_gen_loss": 5.405047750473022,
  "training_loss": 5.405047750473022,
  "training_cpu_memory_MB": 5866.56,
  "training_gpu_0_memory_MB": 13845,
  "training_gpu_1_memory_MB": 12805,
  "training_gpu_2_memory_MB": 13845,
  "training_gpu_3_memory_MB": 21435,
  "validation_accuracy": 0.39613034623217924,
  "validation_disc_loss": 1.9792009957922183,
  "validation_gen_loss": 8.221659443242762,
  "validation_loss": 8.221659443242762,
  "best_validation_accuracy": 0.41140529531568226,
  "best_validation_disc_loss": 1.8098525346779242,
  "best_validation_gen_loss": 7.894625609483176,
  "best_validation_loss": 7.894625609483176
}