{
  "best_epoch": 8,
  "peak_cpu_memory_MB": 5866.56,
  "peak_gpu_0_memory_MB": 13845,
  "peak_gpu_1_memory_MB": 12805,
  "peak_gpu_2_memory_MB": 13845,
  "peak_gpu_3_memory_MB": 21435,
  "training_duration": "0:04:41.188811",
  "training_start_epoch": 0,
  "training_epochs": 8,
  "epoch": 8,
  "training_accuracy": 0.4020356234096692,
  "training_disc_loss": 1.6060079097747804,
  "training_gen_loss": 6.065913600921631,
  "training_loss": 6.065913600921631,
  "training_cpu_memory_MB": 5866.56,
  "training_gpu_0_memory_MB": 13845,
  "training_gpu_1_memory_MB": 12805,
  "training_gpu_2_memory_MB": 13845,
  "training_gpu_3_memory_MB": 21435,
  "validation_accuracy": 0.3869653767820774,
  "validation_disc_loss": 1.3251031797106674,
  "validation_gen_loss": 7.133678409142223,
  "validation_loss": 7.133678409142223,
  "best_validation_accuracy": 0.3869653767820774,
  "best_validation_disc_loss": 1.3251031797106674,
  "best_validation_gen_loss": 7.133678409142223,
  "best_validation_loss": 7.133678409142223
}