{
  "best_epoch": 0,
  "peak_cpu_memory_MB": 5866.56,
  "peak_gpu_0_memory_MB": 13845,
  "peak_gpu_1_memory_MB": 12805,
  "peak_gpu_2_memory_MB": 13845,
  "peak_gpu_3_memory_MB": 21435,
  "training_duration": "0:01:27.205185",
  "training_start_epoch": 0,
  "training_epochs": 2,
  "epoch": 2,
  "training_accuracy": 0.3893129770992366,
  "training_disc_loss": 3.58319473862648,
  "training_gen_loss": 6.873097038269043,
  "training_loss": 6.873097038269043,
  "training_cpu_memory_MB": 5866.56,
  "training_gpu_0_memory_MB": 13845,
  "training_gpu_1_memory_MB": 12805,
  "training_gpu_2_memory_MB": 13845,
  "training_gpu_3_memory_MB": 21435,
  "validation_accuracy": 0.32790224032586557,
  "validation_disc_loss": 2.028325703570513,
  "validation_gen_loss": 7.111722465453109,
  "validation_loss": 7.111722465453109,
  "best_validation_accuracy": 0.34317718940936864,
  "best_validation_disc_loss": 4.009361775909982,
  "best_validation_gen_loss": 7.770471460450955,
  "best_validation_loss": 7.770471460450955
}