{
  "best_epoch": 17,
  "peak_cpu_memory_MB": 5865.736,
  "peak_gpu_0_memory_MB": 21435,
  "peak_gpu_1_memory_MB": 20139,
  "peak_gpu_2_memory_MB": 20139,
  "peak_gpu_3_memory_MB": 20139,
  "training_duration": "0:10:15.960001",
  "training_start_epoch": 0,
  "training_epochs": 21,
  "epoch": 21,
  "training_accuracy": 0.40966921119592875,
  "training_disc_loss": 1.3102604866027832,
  "training_gen_loss": 6.4521269035339355,
  "training_loss": 3.881571971453153,
  "training_cpu_memory_MB": 5865.736,
  "training_gpu_0_memory_MB": 21435,
  "training_gpu_1_memory_MB": 20139,
  "training_gpu_2_memory_MB": 20139,
  "training_gpu_3_memory_MB": 20139,
  "validation_accuracy": 0.35030549898167007,
  "validation_disc_loss": 1.1070101049638563,
  "validation_gen_loss": 6.893401938100015,
  "validation_loss": 4.001051056769587,
  "best_validation_accuracy": 0.3615071283095723,
  "best_validation_disc_loss": 1.1068584236406511,
  "best_validation_gen_loss": 6.9561966542274725,
  "best_validation_loss": 4.032192014878796
}