{
  "best_epoch": 17,
  "peak_cpu_memory_MB": 5865.736,
  "peak_gpu_0_memory_MB": 21435,
  "peak_gpu_1_memory_MB": 20139,
  "peak_gpu_2_memory_MB": 20139,
  "peak_gpu_3_memory_MB": 20139,
  "training_duration": "0:09:49.307343",
  "training_start_epoch": 0,
  "training_epochs": 20,
  "epoch": 20,
  "training_accuracy": 0.3791348600508906,
  "training_disc_loss": 1.3620324373245238,
  "training_gen_loss": 6.4394118690490725,
  "training_loss": 3.9040836004110484,
  "training_cpu_memory_MB": 5865.736,
  "training_gpu_0_memory_MB": 21435,
  "training_gpu_1_memory_MB": 20139,
  "training_gpu_2_memory_MB": 20139,
  "training_gpu_3_memory_MB": 20139,
  "validation_accuracy": 0.34623217922606925,
  "validation_disc_loss": 1.1065776617296281,
  "validation_gen_loss": 6.927631978065737,
  "validation_loss": 4.017922739828786,
  "best_validation_accuracy": 0.3615071283095723,
  "best_validation_disc_loss": 1.1068584236406511,
  "best_validation_gen_loss": 6.9561966542274725,
  "best_validation_loss": 4.032192014878796
}