{
  "best_epoch": 17,
  "peak_cpu_memory_MB": 5865.736,
  "peak_gpu_0_memory_MB": 21435,
  "peak_gpu_1_memory_MB": 20139,
  "peak_gpu_2_memory_MB": 20139,
  "peak_gpu_3_memory_MB": 20139,
  "training_duration": "0:09:22.494041",
  "training_start_epoch": 0,
  "training_epochs": 19,
  "epoch": 19,
  "training_accuracy": 0.34096692111959287,
  "training_disc_loss": 1.4070043921470643,
  "training_gen_loss": 6.444354019165039,
  "training_loss": 3.9197701857640195,
  "training_cpu_memory_MB": 5865.736,
  "training_gpu_0_memory_MB": 21435,
  "training_gpu_1_memory_MB": 20139,
  "training_gpu_2_memory_MB": 20139,
  "training_gpu_3_memory_MB": 20139,
  "validation_accuracy": 0.35234215885947046,
  "validation_disc_loss": 1.106567250144097,
  "validation_gen_loss": 6.90153157326483,
  "validation_loss": 4.004840566265967,
  "best_validation_accuracy": 0.3615071283095723,
  "best_validation_disc_loss": 1.1068584236406511,
  "best_validation_gen_loss": 6.9561966542274725,
  "best_validation_loss": 4.032192014878796
}