{
  "best_epoch": 13,
  "peak_cpu_memory_MB": 5865.736,
  "peak_gpu_0_memory_MB": 21435,
  "peak_gpu_1_memory_MB": 20139,
  "peak_gpu_2_memory_MB": 20139,
  "peak_gpu_3_memory_MB": 20139,
  "training_duration": "0:06:29.636202",
  "training_start_epoch": 0,
  "training_epochs": 13,
  "epoch": 13,
  "training_accuracy": 0.41475826972010177,
  "training_disc_loss": 1.3341977834701537,
  "training_gen_loss": 6.513611602783203,
  "training_loss": 3.9223798971909742,
  "training_cpu_memory_MB": 5865.736,
  "training_gpu_0_memory_MB": 21435,
  "training_gpu_1_memory_MB": 20139,
  "training_gpu_2_memory_MB": 20139,
  "training_gpu_3_memory_MB": 20139,
  "validation_accuracy": 0.34928716904276985,
  "validation_disc_loss": 1.1079366707032727,
  "validation_gen_loss": 6.94731387015312,
  "validation_loss": 4.028384593225295,
  "best_validation_accuracy": 0.34928716904276985,
  "best_validation_disc_loss": 1.1079366707032727,
  "best_validation_gen_loss": 6.94731387015312,
  "best_validation_loss": 4.028384593225295
}