{
  "best_epoch": 8,
  "peak_cpu_memory_MB": 5866.752,
  "peak_gpu_0_memory_MB": 13847,
  "peak_gpu_1_memory_MB": 13005,
  "peak_gpu_2_memory_MB": 13845,
  "peak_gpu_3_memory_MB": 21435,
  "training_duration": "0:06:02.295359",
  "training_start_epoch": 0,
  "training_epochs": 10,
  "epoch": 10,
  "training_accuracy": 0.638676844783715,
  "training_disc_loss": 1.0204075786471367,
  "training_gen_loss": 5.707765407562256,
  "training_loss": 5.707765407562256,
  "training_cpu_memory_MB": 5866.752,
  "training_gpu_0_memory_MB": 13847,
  "training_gpu_1_memory_MB": 13005,
  "training_gpu_2_memory_MB": 13845,
  "training_gpu_3_memory_MB": 21435,
  "validation_accuracy": 0.38391038696537677,
  "validation_disc_loss": 1.8883374381840714,
  "validation_gen_loss": 7.457197611894065,
  "validation_loss": 7.457197611894065,
  "best_validation_accuracy": 0.39307535641547864,
  "best_validation_disc_loss": 1.3799520827890412,
  "best_validation_gen_loss": 7.319214592135049,
  "best_validation_loss": 7.319214592135049
}