{
  "best_epoch": 16,
  "peak_cpu_memory_MB": 5866.752,
  "peak_gpu_0_memory_MB": 13847,
  "peak_gpu_1_memory_MB": 13005,
  "peak_gpu_2_memory_MB": 13845,
  "peak_gpu_3_memory_MB": 21435,
  "training_duration": "0:10:59.553745",
  "training_start_epoch": 0,
  "training_epochs": 19,
  "epoch": 19,
  "training_accuracy": 0.8702290076335878,
  "training_disc_loss": 0.37034962893114426,
  "training_gen_loss": 5.453912382125854,
  "training_loss": 5.453912382125854,
  "training_cpu_memory_MB": 5866.752,
  "training_gpu_0_memory_MB": 13847,
  "training_gpu_1_memory_MB": 13005,
  "training_gpu_2_memory_MB": 13845,
  "training_gpu_3_memory_MB": 21435,
  "validation_accuracy": 0.38391038696537677,
  "validation_disc_loss": 3.44292212501774,
  "validation_gen_loss": 8.379672635861528,
  "validation_loss": 8.379672635861528,
  "best_validation_accuracy": 0.4195519348268839,
  "best_validation_disc_loss": 2.01724080559684,
  "best_validation_gen_loss": 7.81930371028621,
  "best_validation_loss": 7.81930371028621
}