{
  "best_epoch": 8,
  "peak_cpu_memory_MB": 5866.752,
  "peak_gpu_0_memory_MB": 13847,
  "peak_gpu_1_memory_MB": 13005,
  "peak_gpu_2_memory_MB": 13845,
  "peak_gpu_3_memory_MB": 21435,
  "training_duration": "0:08:10.544858",
  "training_start_epoch": 0,
  "training_epochs": 14,
  "epoch": 14,
  "training_accuracy": 0.7531806615776081,
  "training_disc_loss": 0.7205178882181644,
  "training_gen_loss": 5.573065786361695,
  "training_loss": 5.573065786361695,
  "training_cpu_memory_MB": 5866.752,
  "training_gpu_0_memory_MB": 13847,
  "training_gpu_1_memory_MB": 13005,
  "training_gpu_2_memory_MB": 13845,
  "training_gpu_3_memory_MB": 21435,
  "validation_accuracy": 0.38085539714867617,
  "validation_disc_loss": 1.8714020051122682,
  "validation_gen_loss": 7.678457093432667,
  "validation_loss": 7.678457093432667,
  "best_validation_accuracy": 0.39307535641547864,
  "best_validation_disc_loss": 1.3799520827890412,
  "best_validation_gen_loss": 7.319214592135049,
  "best_validation_loss": 7.319214592135049
}