{
  "best_epoch": 15,
  "peak_cpu_memory_MB": 5866.752,
  "peak_gpu_0_memory_MB": 13847,
  "peak_gpu_1_memory_MB": 13005,
  "peak_gpu_2_memory_MB": 13845,
  "peak_gpu_3_memory_MB": 21435,
  "training_duration": "0:08:42.631818",
  "training_start_epoch": 0,
  "training_epochs": 15,
  "epoch": 15,
  "training_accuracy": 0.806615776081425,
  "training_disc_loss": 0.5417599046230316,
  "training_gen_loss": 5.560851402282715,
  "training_loss": 5.560851402282715,
  "training_cpu_memory_MB": 5866.752,
  "training_gpu_0_memory_MB": 13847,
  "training_gpu_1_memory_MB": 13005,
  "training_gpu_2_memory_MB": 13845,
  "training_gpu_3_memory_MB": 21435,
  "validation_accuracy": 0.3981670061099796,
  "validation_disc_loss": 2.0703158647548863,
  "validation_gen_loss": 7.846663727023738,
  "validation_loss": 7.846663727023738,
  "best_validation_accuracy": 0.3981670061099796,
  "best_validation_disc_loss": 2.0703158647548863,
  "best_validation_gen_loss": 7.846663727023738,
  "best_validation_loss": 7.846663727023738
}