{
  "best_epoch": 1,
  "peak_cpu_memory_MB": 5866.752,
  "peak_gpu_0_memory_MB": 13847,
  "peak_gpu_1_memory_MB": 13005,
  "peak_gpu_2_memory_MB": 13845,
  "peak_gpu_3_memory_MB": 21435,
  "training_duration": "0:01:33.935441",
  "training_start_epoch": 0,
  "training_epochs": 2,
  "epoch": 2,
  "training_accuracy": 0.3435114503816794,
  "training_disc_loss": 1.5918572783470153,
  "training_gen_loss": 6.3796280479431156,
  "training_loss": 6.3796280479431156,
  "training_cpu_memory_MB": 5866.752,
  "training_gpu_0_memory_MB": 13847,
  "training_gpu_1_memory_MB": 13005,
  "training_gpu_2_memory_MB": 13845,
  "training_gpu_3_memory_MB": 21435,
  "validation_accuracy": 0.34521384928716903,
  "validation_disc_loss": 1.206045748741646,
  "validation_gen_loss": 6.896578315796891,
  "validation_loss": 6.896578315796891,
  "best_validation_accuracy": 0.37372708757637474,
  "best_validation_disc_loss": 1.2357426343894586,
  "best_validation_gen_loss": 6.8675163703236155,
  "best_validation_loss": 6.8675163703236155
}