{
  "best_epoch": 1,
  "peak_cpu_memory_MB": 5866.752,
  "peak_gpu_0_memory_MB": 13847,
  "peak_gpu_1_memory_MB": 13005,
  "peak_gpu_2_memory_MB": 13845,
  "peak_gpu_3_memory_MB": 21435,
  "training_duration": "0:00:57.947808",
  "training_start_epoch": 0,
  "training_epochs": 1,
  "epoch": 1,
  "training_accuracy": 0.31297709923664124,
  "training_disc_loss": 1.7068087303638457,
  "training_gen_loss": 6.545668716430664,
  "training_loss": 6.545668716430664,
  "training_cpu_memory_MB": 5866.752,
  "training_gpu_0_memory_MB": 13847,
  "training_gpu_1_memory_MB": 13005,
  "training_gpu_2_memory_MB": 13845,
  "training_gpu_3_memory_MB": 21435,
  "validation_accuracy": 0.37372708757637474,
  "validation_disc_loss": 1.2357426343894586,
  "validation_gen_loss": 6.8675163703236155,
  "validation_loss": 6.8675163703236155,
  "best_validation_accuracy": 0.37372708757637474,
  "best_validation_disc_loss": 1.2357426343894586,
  "best_validation_gen_loss": 6.8675163703236155,
  "best_validation_loss": 6.8675163703236155
}