{
  "best_epoch": 8,
  "peak_cpu_memory_MB": 5866.752,
  "peak_gpu_0_memory_MB": 13847,
  "peak_gpu_1_memory_MB": 13005,
  "peak_gpu_2_memory_MB": 13845,
  "peak_gpu_3_memory_MB": 21435,
  "training_duration": "0:07:38.961012",
  "training_start_epoch": 0,
  "training_epochs": 13,
  "epoch": 13,
  "training_accuracy": 0.6921119592875318,
  "training_disc_loss": 0.7943220767378807,
  "training_gen_loss": 5.6158420181274415,
  "training_loss": 5.6158420181274415,
  "training_cpu_memory_MB": 5866.752,
  "training_gpu_0_memory_MB": 13847,
  "training_gpu_1_memory_MB": 13005,
  "training_gpu_2_memory_MB": 13845,
  "training_gpu_3_memory_MB": 21435,
  "validation_accuracy": 0.3818737270875764,
  "validation_disc_loss": 2.3974256018797555,
  "validation_gen_loss": 7.680354021429046,
  "validation_loss": 7.680354021429046,
  "best_validation_accuracy": 0.39307535641547864,
  "best_validation_disc_loss": 1.3799520827890412,
  "best_validation_gen_loss": 7.319214592135049,
  "best_validation_loss": 7.319214592135049
}