{
  "best_epoch": 0,
  "peak_cpu_memory_MB": 5866.752,
  "peak_gpu_0_memory_MB": 2619,
  "peak_gpu_1_memory_MB": 13005,
  "peak_gpu_2_memory_MB": 13845,
  "peak_gpu_3_memory_MB": 21435,
  "training_duration": "0:00:25.195557",
  "training_start_epoch": 0,
  "training_epochs": 0,
  "epoch": 0,
  "training_accuracy": 0.3384223918575064,
  "training_disc_loss": 7.272085024118423,
  "training_gen_loss": 9.05179214477539,
  "training_loss": 9.05179214477539,
  "training_cpu_memory_MB": 5866.752,
  "training_gpu_0_memory_MB": 2619,
  "training_gpu_1_memory_MB": 13005,
  "training_gpu_2_memory_MB": 13845,
  "training_gpu_3_memory_MB": 21435,
  "validation_accuracy": 0.35234215885947046,
  "validation_disc_loss": 3.096810270131119,
  "validation_gen_loss": 7.305117048868319,
  "validation_loss": 7.305117048868319,
  "best_validation_accuracy": 0.35234215885947046,
  "best_validation_disc_loss": 3.096810270131119,
  "best_validation_gen_loss": 7.305117048868319,
  "best_validation_loss": 7.305117048868319
}