{
  "best_epoch": 16,
  "peak_cpu_memory_MB": 5866.752,
  "peak_gpu_0_memory_MB": 13847,
  "peak_gpu_1_memory_MB": 13005,
  "peak_gpu_2_memory_MB": 13845,
  "peak_gpu_3_memory_MB": 21435,
  "training_duration": "0:13:07.359254",
  "training_start_epoch": 0,
  "training_epochs": 23,
  "epoch": 23,
  "training_accuracy": 0.9007633587786259,
  "training_disc_loss": 0.2610686989035457,
  "training_gen_loss": 5.4006352138519285,
  "training_loss": 5.4006352138519285,
  "training_cpu_memory_MB": 5866.752,
  "training_gpu_0_memory_MB": 13847,
  "training_gpu_1_memory_MB": 13005,
  "training_gpu_2_memory_MB": 13845,
  "training_gpu_3_memory_MB": 21435,
  "validation_accuracy": 0.3981670061099796,
  "validation_disc_loss": 2.501275606756288,
  "validation_gen_loss": 8.245013023779645,
  "validation_loss": 8.245013023779645,
  "best_validation_accuracy": 0.4195519348268839,
  "best_validation_disc_loss": 2.01724080559684,
  "best_validation_gen_loss": 7.81930371028621,
  "best_validation_loss": 7.81930371028621
}