{
  "best_epoch": 16,
  "peak_cpu_memory_MB": 5866.752,
  "peak_gpu_0_memory_MB": 13847,
  "peak_gpu_1_memory_MB": 13005,
  "peak_gpu_2_memory_MB": 13845,
  "peak_gpu_3_memory_MB": 21435,
  "training_duration": "0:10:27.718389",
  "training_start_epoch": 0,
  "training_epochs": 18,
  "epoch": 18,
  "training_accuracy": 0.8371501272264631,
  "training_disc_loss": 0.3812078317254782,
  "training_gen_loss": 5.495247278213501,
  "training_loss": 5.495247278213501,
  "training_cpu_memory_MB": 5866.752,
  "training_gpu_0_memory_MB": 13847,
  "training_gpu_1_memory_MB": 13005,
  "training_gpu_2_memory_MB": 13845,
  "training_gpu_3_memory_MB": 21435,
  "validation_accuracy": 0.40122199592668023,
  "validation_disc_loss": 2.3606952565714594,
  "validation_gen_loss": 7.893502813044602,
  "validation_loss": 7.893502813044602,
  "best_validation_accuracy": 0.4195519348268839,
  "best_validation_disc_loss": 2.01724080559684,
  "best_validation_gen_loss": 7.81930371028621,
  "best_validation_loss": 7.81930371028621
}