{
  "best_epoch": 8,
  "peak_cpu_memory_MB": 5866.752,
  "peak_gpu_0_memory_MB": 13847,
  "peak_gpu_1_memory_MB": 13005,
  "peak_gpu_2_memory_MB": 13845,
  "peak_gpu_3_memory_MB": 21435,
  "training_duration": "0:06:34.434338",
  "training_start_epoch": 0,
  "training_epochs": 11,
  "epoch": 11,
  "training_accuracy": 0.6564885496183206,
  "training_disc_loss": 0.8838541239500046,
  "training_gen_loss": 5.681711978912354,
  "training_loss": 5.681711978912354,
  "training_cpu_memory_MB": 5866.752,
  "training_gpu_0_memory_MB": 13847,
  "training_gpu_1_memory_MB": 13005,
  "training_gpu_2_memory_MB": 13845,
  "training_gpu_3_memory_MB": 21435,
  "validation_accuracy": 0.37983706720977595,
  "validation_disc_loss": 1.8355690323240388,
  "validation_gen_loss": 7.663593664401915,
  "validation_loss": 7.663593664401915,
  "best_validation_accuracy": 0.39307535641547864,
  "best_validation_disc_loss": 1.3799520827890412,
  "best_validation_gen_loss": 7.319214592135049,
  "best_validation_loss": 7.319214592135049
}