{
  "best_epoch": 3,
  "peak_cpu_memory_MB": 5866.188,
  "peak_gpu_0_memory_MB": 21435,
  "peak_gpu_1_memory_MB": 20139,
  "peak_gpu_2_memory_MB": 20139,
  "peak_gpu_3_memory_MB": 20139,
  "training_duration": "0:03:06.511427",
  "training_start_epoch": 0,
  "training_epochs": 6,
  "epoch": 6,
  "training_accuracy": 0.4529262086513995,
  "training_disc_loss": 1.993892045021057,
  "training_gen_loss": 6.823910961151123,
  "training_loss": 5.60967467381404,
  "training_cpu_memory_MB": 5866.188,
  "training_gpu_0_memory_MB": 21435,
  "training_gpu_1_memory_MB": 20139,
  "training_gpu_2_memory_MB": 20139,
  "training_gpu_3_memory_MB": 20139,
  "validation_accuracy": 0.33706720977596744,
  "validation_disc_loss": 7.867193406628024,
  "validation_gen_loss": 7.534560195861324,
  "validation_loss": 7.627135384467341,
  "best_validation_accuracy": 0.34623217922606925,
  "best_validation_disc_loss": 2.3734768936710973,
  "best_validation_gen_loss": 7.24746068831413,
  "best_validation_loss": 6.033900706998764
}