{
  "best_epoch": 14,
  "peak_cpu_memory_MB": 5866.188,
  "peak_gpu_0_memory_MB": 21435,
  "peak_gpu_1_memory_MB": 20139,
  "peak_gpu_2_memory_MB": 20139,
  "peak_gpu_3_memory_MB": 20139,
  "training_duration": "0:08:09.244330",
  "training_start_epoch": 0,
  "training_epochs": 17,
  "epoch": 17,
  "training_accuracy": 0.5648854961832062,
  "training_disc_loss": 1.097666051387787,
  "training_gen_loss": 6.511212863922119,
  "training_loss": 5.14819860458374,
  "training_cpu_memory_MB": 5866.188,
  "training_gpu_0_memory_MB": 21435,
  "training_gpu_1_memory_MB": 20139,
  "training_gpu_2_memory_MB": 20139,
  "training_gpu_3_memory_MB": 20139,
  "validation_accuracy": 0.3533604887983707,
  "validation_disc_loss": 2.1451460699881277,
  "validation_gen_loss": 6.960816821744365,
  "validation_loss": 5.760996987742763,
  "best_validation_accuracy": 0.3615071283095723,
  "best_validation_disc_loss": 2.0245073380008822,
  "best_validation_gen_loss": 6.947781747387301,
  "best_validation_loss": 5.721131432440973
}