{
  "best_epoch": 14,
  "peak_cpu_memory_MB": 5866.188,
  "peak_gpu_0_memory_MB": 21435,
  "peak_gpu_1_memory_MB": 20139,
  "peak_gpu_2_memory_MB": 20139,
  "peak_gpu_3_memory_MB": 20139,
  "training_duration": "0:07:16.481760",
  "training_start_epoch": 0,
  "training_epochs": 15,
  "epoch": 15,
  "training_accuracy": 0.49363867684478374,
  "training_disc_loss": 1.1730913138389587,
  "training_gen_loss": 6.54469388961792,
  "training_loss": 5.20872006049523,
  "training_cpu_memory_MB": 5866.188,
  "training_gpu_0_memory_MB": 21435,
  "training_gpu_1_memory_MB": 20139,
  "training_gpu_2_memory_MB": 20139,
  "training_gpu_3_memory_MB": 20139,
  "validation_accuracy": 0.34928716904276985,
  "validation_disc_loss": 2.016033567728535,
  "validation_gen_loss": 6.94583333692243,
  "validation_loss": 5.717568274467222,
  "best_validation_accuracy": 0.3615071283095723,
  "best_validation_disc_loss": 2.0245073380008822,
  "best_validation_gen_loss": 6.947781747387301,
  "best_validation_loss": 5.721131432440973
}