{
  "best_epoch": 1,
  "peak_cpu_memory_MB": 5866.188,
  "peak_gpu_0_memory_MB": 21435,
  "peak_gpu_1_memory_MB": 20139,
  "peak_gpu_2_memory_MB": 20139,
  "peak_gpu_3_memory_MB": 20139,
  "training_duration": "0:01:16.144095",
  "training_start_epoch": 0,
  "training_epochs": 2,
  "epoch": 2,
  "training_accuracy": 0.356234096692112,
  "training_disc_loss": 3.7661214542388914,
  "training_gen_loss": 7.639469623565674,
  "training_loss": 6.650944746457613,
  "training_cpu_memory_MB": 5866.188,
  "training_gpu_0_memory_MB": 21435,
  "training_gpu_1_memory_MB": 20139,
  "training_gpu_2_memory_MB": 20139,
  "training_gpu_3_memory_MB": 20139,
  "validation_accuracy": 0.3329938900203666,
  "validation_disc_loss": 20.988830781752064,
  "validation_gen_loss": 9.616569949734595,
  "validation_loss": 12.46378178750315,
  "best_validation_accuracy": 0.3329938900203666,
  "best_validation_disc_loss": 23.03238662596672,
  "best_validation_gen_loss": 14.158367526146673,
  "best_validation_loss": 16.38216160189721
}