{
  "best_epoch": 0,
  "peak_cpu_memory_MB": 5622.48,
  "peak_gpu_0_memory_MB": 12553,
  "peak_gpu_1_memory_MB": 0,
  "peak_gpu_2_memory_MB": 10225,
  "peak_gpu_3_memory_MB": 2425,
  "training_duration": "0:00:29.972220",
  "training_start_epoch": 0,
  "training_epochs": 0,
  "epoch": 0,
  "training_accuracy": 0.35877862595419846,
  "training_loss": 1.108202338218689,
  "training_cpu_memory_MB": 5622.48,
  "training_gpu_0_memory_MB": 12553,
  "training_gpu_1_memory_MB": 0,
  "training_gpu_2_memory_MB": 10225,
  "training_gpu_3_memory_MB": 2425,
  "validation_accuracy": 0.3500764136525726,
  "validation_loss": 1.0989790417084089,
  "best_validation_accuracy": 0.3500764136525726,
  "best_validation_loss": 1.0989790417084089
}