{
  "best_epoch": 15,
  "peak_cpu_memory_MB": 5866.108,
  "peak_gpu_0_memory_MB": 21435,
  "peak_gpu_1_memory_MB": 20139,
  "peak_gpu_2_memory_MB": 20139,
  "peak_gpu_3_memory_MB": 20139,
  "training_duration": "0:12:16.156431",
  "training_start_epoch": 0,
  "training_epochs": 25,
  "epoch": 25,
  "training_accuracy": 0.6513994910941476,
  "training_disc_loss": 1.02932523727417,
  "training_gen_loss": 6.322826881408691,
  "training_loss": 5.801488802983211,
  "training_cpu_memory_MB": 5866.108,
  "training_gpu_0_memory_MB": 21435,
  "training_gpu_1_memory_MB": 20139,
  "training_gpu_2_memory_MB": 20139,
  "training_gpu_3_memory_MB": 20139,
  "validation_accuracy": 0.3890020366598778,
  "validation_disc_loss": 1.7328415907198382,
  "validation_gen_loss": 6.893757051037204,
  "validation_loss": 6.378891498811783,
  "best_validation_accuracy": 0.40122199592668023,
  "best_validation_disc_loss": 1.7424577157343588,
  "best_validation_gen_loss": 6.878118161232241,
  "best_validation_loss": 6.365548087704566
}