{
  "best_epoch": 13,
  "peak_cpu_memory_MB": 5866.108,
  "peak_gpu_0_memory_MB": 21435,
  "peak_gpu_1_memory_MB": 20139,
  "peak_gpu_2_memory_MB": 20139,
  "peak_gpu_3_memory_MB": 20139,
  "training_duration": "0:07:12.076663",
  "training_start_epoch": 0,
  "training_epochs": 14,
  "epoch": 14,
  "training_accuracy": 0.6157760814249363,
  "training_disc_loss": 1.062589100599289,
  "training_gen_loss": 6.408300361633301,
  "training_loss": 5.858504405388465,
  "training_cpu_memory_MB": 5866.108,
  "training_gpu_0_memory_MB": 21435,
  "training_gpu_1_memory_MB": 20139,
  "training_gpu_2_memory_MB": 20139,
  "training_gpu_3_memory_MB": 20139,
  "validation_accuracy": 0.3971486761710794,
  "validation_disc_loss": 1.730870416087489,
  "validation_gen_loss": 6.870497888134372,
  "validation_loss": 6.357664369767712,
  "best_validation_accuracy": 0.39918533604887985,
  "best_validation_disc_loss": 1.725898036072331,
  "best_validation_gen_loss": 6.871525618337816,
  "best_validation_loss": 6.358038825373495
}