{
  "best_epoch": 15,
  "peak_cpu_memory_MB": 5866.108,
  "peak_gpu_0_memory_MB": 21435,
  "peak_gpu_1_memory_MB": 20139,
  "peak_gpu_2_memory_MB": 20139,
  "peak_gpu_3_memory_MB": 20139,
  "training_duration": "0:07:39.339226",
  "training_start_epoch": 0,
  "training_epochs": 15,
  "epoch": 15,
  "training_accuracy": 0.6005089058524173,
  "training_disc_loss": 1.3023780608177185,
  "training_gen_loss": 6.4108045959472655,
  "training_loss": 5.918957380148081,
  "training_cpu_memory_MB": 5866.108,
  "training_gpu_0_memory_MB": 21435,
  "training_gpu_1_memory_MB": 20139,
  "training_gpu_2_memory_MB": 20139,
  "training_gpu_3_memory_MB": 20139,
  "validation_accuracy": 0.40122199592668023,
  "validation_disc_loss": 1.7424577157343588,
  "validation_gen_loss": 6.878118161232241,
  "validation_loss": 6.365548087704566,
  "best_validation_accuracy": 0.40122199592668023,
  "best_validation_disc_loss": 1.7424577157343588,
  "best_validation_gen_loss": 6.878118161232241,
  "best_validation_loss": 6.365548087704566
}