{
  "best_epoch": 13,
  "peak_cpu_memory_MB": 5866.108,
  "peak_gpu_0_memory_MB": 21435,
  "peak_gpu_1_memory_MB": 20139,
  "peak_gpu_2_memory_MB": 20139,
  "peak_gpu_3_memory_MB": 20139,
  "training_duration": "0:06:38.361053",
  "training_start_epoch": 0,
  "training_epochs": 13,
  "epoch": 13,
  "training_accuracy": 0.5928753180661578,
  "training_disc_loss": 1.2029653429985045,
  "training_gen_loss": 6.4263497161865235,
  "training_loss": 5.900529861450195,
  "training_cpu_memory_MB": 5866.108,
  "training_gpu_0_memory_MB": 21435,
  "training_gpu_1_memory_MB": 20139,
  "training_gpu_2_memory_MB": 20139,
  "training_gpu_3_memory_MB": 20139,
  "validation_accuracy": 0.39918533604887985,
  "validation_disc_loss": 1.725898036072331,
  "validation_gen_loss": 6.871525618337816,
  "validation_loss": 6.358038825373495,
  "best_validation_accuracy": 0.39918533604887985,
  "best_validation_disc_loss": 1.725898036072331,
  "best_validation_gen_loss": 6.871525618337816,
  "best_validation_loss": 6.358038825373495
}