{
  "best_epoch": 11,
  "peak_cpu_memory_MB": 5866.108,
  "peak_gpu_0_memory_MB": 21435,
  "peak_gpu_1_memory_MB": 20139,
  "peak_gpu_2_memory_MB": 20139,
  "peak_gpu_3_memory_MB": 20139,
  "training_duration": "0:05:40.579030",
  "training_start_epoch": 0,
  "training_epochs": 11,
  "epoch": 11,
  "training_accuracy": 0.5267175572519084,
  "training_disc_loss": 1.3997577333450317,
  "training_gen_loss": 6.47977310180664,
  "training_loss": 5.966069624974177,
  "training_cpu_memory_MB": 5866.108,
  "training_gpu_0_memory_MB": 21435,
  "training_gpu_1_memory_MB": 20139,
  "training_gpu_2_memory_MB": 20139,
  "training_gpu_3_memory_MB": 20139,
  "validation_accuracy": 0.395112016293279,
  "validation_disc_loss": 1.715920575203434,
  "validation_gen_loss": 6.875203686375772,
  "validation_loss": 6.360485969051238,
  "best_validation_accuracy": 0.395112016293279,
  "best_validation_disc_loss": 1.715920575203434,
  "best_validation_gen_loss": 6.875203686375772,
  "best_validation_loss": 6.360485969051238
}