{
  "best_epoch": 15,
  "peak_cpu_memory_MB": 5866.108,
  "peak_gpu_0_memory_MB": 21435,
  "peak_gpu_1_memory_MB": 20139,
  "peak_gpu_2_memory_MB": 20139,
  "peak_gpu_3_memory_MB": 20139,
  "training_duration": "0:10:01.198132",
  "training_start_epoch": 0,
  "training_epochs": 20,
  "epoch": 20,
  "training_accuracy": 0.6259541984732825,
  "training_disc_loss": 1.3439404046535492,
  "training_gen_loss": 6.354877014160156,
  "training_loss": 5.847081661224365,
  "training_cpu_memory_MB": 5866.108,
  "training_gpu_0_memory_MB": 21435,
  "training_gpu_1_memory_MB": 20139,
  "training_gpu_2_memory_MB": 20139,
  "training_gpu_3_memory_MB": 20139,
  "validation_accuracy": 0.3869653767820774,
  "validation_disc_loss": 1.793016924973457,
  "validation_gen_loss": 6.89933721480831,
  "validation_loss": 6.389924049377441,
  "best_validation_accuracy": 0.40122199592668023,
  "best_validation_disc_loss": 1.7424577157343588,
  "best_validation_gen_loss": 6.878118161232241,
  "best_validation_loss": 6.365548087704566
}