{
  "best_epoch": 2,
  "peak_cpu_memory_MB": 5866.108,
  "peak_gpu_0_memory_MB": 21435,
  "peak_gpu_1_memory_MB": 20139,
  "peak_gpu_2_memory_MB": 20139,
  "peak_gpu_3_memory_MB": 20139,
  "training_duration": "0:01:15.565173",
  "training_start_epoch": 0,
  "training_epochs": 2,
  "epoch": 2,
  "training_accuracy": 0.3893129770992366,
  "training_disc_loss": 3.192029604911804,
  "training_gen_loss": 7.181020374298096,
  "training_loss": 6.771721216348501,
  "training_cpu_memory_MB": 5866.108,
  "training_gpu_0_memory_MB": 21435,
  "training_gpu_1_memory_MB": 20139,
  "training_gpu_2_memory_MB": 20139,
  "training_gpu_3_memory_MB": 20139,
  "validation_accuracy": 0.35845213849287166,
  "validation_disc_loss": 2.4294434555115236,
  "validation_gen_loss": 7.1839873098558,
  "validation_loss": 6.710097297545402,
  "best_validation_accuracy": 0.35845213849287166,
  "best_validation_disc_loss": 2.4294434555115236,
  "best_validation_gen_loss": 7.1839873098558,
  "best_validation_loss": 6.710097297545402
}