{
  "best_epoch": 8,
  "peak_cpu_memory_MB": 5502.524,
  "peak_gpu_0_memory_MB": 12677,
  "peak_gpu_1_memory_MB": 21435,
  "peak_gpu_2_memory_MB": 0,
  "peak_gpu_3_memory_MB": 12805,
  "training_duration": "0:06:14.602439",
  "training_start_epoch": 0,
  "training_epochs": 9,
  "epoch": 9,
  "training_accuracy": 0.9694656488549618,
  "training_loss": 0.18651004995291048,
  "training_cpu_memory_MB": 5502.524,
  "training_gpu_0_memory_MB": 12677,
  "training_gpu_1_memory_MB": 21435,
  "training_gpu_2_memory_MB": 0,
  "training_gpu_3_memory_MB": 12805,
  "validation_accuracy": 0.6388181355068773,
  "validation_loss": 0.8648392264928414,
  "best_validation_accuracy": 0.6409577177789099,
  "best_validation_loss": 0.8629674411557785
}