{
  "best_epoch": 7,
  "peak_cpu_memory_MB": 5502.524,
  "peak_gpu_0_memory_MB": 12677,
  "peak_gpu_1_memory_MB": 21435,
  "peak_gpu_2_memory_MB": 0,
  "peak_gpu_3_memory_MB": 12805,
  "training_duration": "0:04:55.903047",
  "training_start_epoch": 0,
  "training_epochs": 7,
  "epoch": 7,
  "training_accuracy": 0.9567430025445293,
  "training_loss": 0.2604988240278684,
  "training_cpu_memory_MB": 5502.524,
  "training_gpu_0_memory_MB": 12677,
  "training_gpu_1_memory_MB": 21435,
  "training_gpu_2_memory_MB": 0,
  "training_gpu_3_memory_MB": 12805,
  "validation_accuracy": 0.6335201222618441,
  "validation_loss": 0.8592528462021669,
  "best_validation_accuracy": 0.6335201222618441,
  "best_validation_loss": 0.8592528462021669
}