{
  "best_epoch": 3,
  "peak_cpu_memory_MB": 5502.524,
  "peak_gpu_0_memory_MB": 12527,
  "peak_gpu_1_memory_MB": 21435,
  "peak_gpu_2_memory_MB": 0,
  "peak_gpu_3_memory_MB": 12805,
  "training_duration": "0:02:21.139837",
  "training_start_epoch": 0,
  "training_epochs": 3,
  "epoch": 3,
  "training_accuracy": 0.46055979643765904,
  "training_loss": 1.0559859917714045,
  "training_cpu_memory_MB": 5502.524,
  "training_gpu_0_memory_MB": 12527,
  "training_gpu_1_memory_MB": 21435,
  "training_gpu_2_memory_MB": 0,
  "training_gpu_3_memory_MB": 12805,
  "validation_accuracy": 0.3935812531839022,
  "validation_loss": 1.0873520562625476,
  "best_validation_accuracy": 0.3935812531839022,
  "best_validation_loss": 1.0873520562625476
}