{
  "best_epoch": 2,
  "peak_cpu_memory_MB": 5502.524,
  "peak_gpu_0_memory_MB": 12527,
  "peak_gpu_1_memory_MB": 21435,
  "peak_gpu_2_memory_MB": 0,
  "peak_gpu_3_memory_MB": 12805,
  "training_duration": "0:01:42.544448",
  "training_start_epoch": 0,
  "training_epochs": 2,
  "epoch": 2,
  "training_accuracy": 0.39185750636132316,
  "training_loss": 1.0933677645830007,
  "training_cpu_memory_MB": 5502.524,
  "training_gpu_0_memory_MB": 12527,
  "training_gpu_1_memory_MB": 21435,
  "training_gpu_2_memory_MB": 0,
  "training_gpu_3_memory_MB": 12805,
  "validation_accuracy": 0.35924605196128373,
  "validation_loss": 1.103591105642847,
  "best_validation_accuracy": 0.35924605196128373,
  "best_validation_loss": 1.103591105642847
}