{
  "best_epoch": 0,
  "peak_cpu_memory_MB": 5508.252,
  "peak_gpu_0_memory_MB": 12553,
  "peak_gpu_1_memory_MB": 21435,
  "peak_gpu_2_memory_MB": 0,
  "peak_gpu_3_memory_MB": 2425,
  "training_duration": "0:00:30.079740",
  "training_start_epoch": 0,
  "training_epochs": 0,
  "epoch": 0,
  "training_accuracy": 0.35877862595419846,
  "training_loss": 1.2411775038792536,
  "training_cpu_memory_MB": 5508.252,
  "training_gpu_0_memory_MB": 12553,
  "training_gpu_1_memory_MB": 21435,
  "training_gpu_2_memory_MB": 0,
  "training_gpu_3_memory_MB": 2425,
  "validation_accuracy": 0.3270504330106979,
  "validation_loss": 1.1160625576584657,
  "best_validation_accuracy": 0.3270504330106979,
  "best_validation_loss": 1.1160625576584657
}