{
  "best_epoch": 7,
  "peak_cpu_memory_MB": 5496.416,
  "peak_gpu_0_memory_MB": 12645,
  "peak_gpu_1_memory_MB": 21435,
  "peak_gpu_2_memory_MB": 0,
  "peak_gpu_3_memory_MB": 12821,
  "training_duration": "0:04:51.135968",
  "training_start_epoch": 0,
  "training_epochs": 7,
  "epoch": 7,
  "training_accuracy": 0.7048346055979644,
  "training_loss": 0.7634885173577529,
  "training_cpu_memory_MB": 5496.416,
  "training_gpu_0_memory_MB": 12645,
  "training_gpu_1_memory_MB": 21435,
  "training_gpu_2_memory_MB": 0,
  "training_gpu_3_memory_MB": 12821,
  "validation_accuracy": 0.4844625573102394,
  "validation_loss": 1.0441669932405802,
  "best_validation_accuracy": 0.4844625573102394,
  "best_validation_loss": 1.0441669932405802
}