{
  "best_epoch": 0,
  "peak_cpu_memory_MB": 5496.416,
  "peak_gpu_0_memory_MB": 12645,
  "peak_gpu_1_memory_MB": 21435,
  "peak_gpu_2_memory_MB": 0,
  "peak_gpu_3_memory_MB": 2425,
  "training_duration": "0:00:29.557110",
  "training_start_epoch": 0,
  "training_epochs": 0,
  "epoch": 0,
  "training_accuracy": 0.356234096692112,
  "training_loss": 1.2410579736416156,
  "training_cpu_memory_MB": 5496.416,
  "training_gpu_0_memory_MB": 12645,
  "training_gpu_1_memory_MB": 21435,
  "training_gpu_2_memory_MB": 0,
  "training_gpu_3_memory_MB": 2425,
  "validation_accuracy": 0.3271523178807947,
  "validation_loss": 1.1161056923943933,
  "best_validation_accuracy": 0.3271523178807947,
  "best_validation_loss": 1.1161056923943933
}