{
  "best_epoch": 1,
  "peak_cpu_memory_MB": 5496.416,
  "peak_gpu_0_memory_MB": 12645,
  "peak_gpu_1_memory_MB": 21435,
  "peak_gpu_2_memory_MB": 0,
  "peak_gpu_3_memory_MB": 12821,
  "training_duration": "0:01:42.949577",
  "training_start_epoch": 0,
  "training_epochs": 2,
  "epoch": 2,
  "training_accuracy": 0.4351145038167939,
  "training_loss": 1.0886876858197725,
  "training_cpu_memory_MB": 5496.416,
  "training_gpu_0_memory_MB": 12645,
  "training_gpu_1_memory_MB": 21435,
  "training_gpu_2_memory_MB": 0,
  "training_gpu_3_memory_MB": 12821,
  "validation_accuracy": 0.33092205807437597,
  "validation_loss": 1.1346529601839543,
  "best_validation_accuracy": 0.3457972491085074,
  "best_validation_loss": 1.1079000885012873
}