{
  "best_epoch": 3,
  "peak_cpu_memory_MB": 5496.416,
  "peak_gpu_0_memory_MB": 12645,
  "peak_gpu_1_memory_MB": 21435,
  "peak_gpu_2_memory_MB": 0,
  "peak_gpu_3_memory_MB": 12821,
  "training_duration": "0:02:17.716732",
  "training_start_epoch": 0,
  "training_epochs": 3,
  "epoch": 3,
  "training_accuracy": 0.41475826972010177,
  "training_loss": 1.0833989106691801,
  "training_cpu_memory_MB": 5496.416,
  "training_gpu_0_memory_MB": 12645,
  "training_gpu_1_memory_MB": 21435,
  "training_gpu_2_memory_MB": 0,
  "training_gpu_3_memory_MB": 12821,
  "validation_accuracy": 0.36760061130922056,
  "validation_loss": 1.1065202209770875,
  "best_validation_accuracy": 0.36760061130922056,
  "best_validation_loss": 1.1065202209770875
}