{
  "best_epoch": 0,
  "peak_cpu_memory_MB": 5866.788,
  "peak_gpu_0_memory_MB": 2617,
  "peak_gpu_1_memory_MB": 20139,
  "peak_gpu_2_memory_MB": 20139,
  "peak_gpu_3_memory_MB": 20139,
  "training_duration": "0:00:21.175400",
  "training_start_epoch": 0,
  "training_epochs": 0,
  "epoch": 0,
  "training_accuracy": 0.36895674300254455,
  "training_disc_loss": 13.450287475585938,
  "training_gen_loss": 11.845653266906739,
  "training_loss": 11.877360637371357,
  "training_cpu_memory_MB": 5866.788,
  "training_gpu_0_memory_MB": 2617,
  "training_gpu_1_memory_MB": 20139,
  "training_gpu_2_memory_MB": 20139,
  "training_gpu_3_memory_MB": 20139,
  "validation_accuracy": 0.31873727087576376,
  "validation_disc_loss": 4.840083106871574,
  "validation_gen_loss": 8.680136511402745,
  "validation_loss": 8.301785745928365,
  "best_validation_accuracy": 0.31873727087576376,
  "best_validation_disc_loss": 4.840083106871574,
  "best_validation_gen_loss": 8.680136511402745,
  "best_validation_loss": 8.301785745928365
}