{
  "best_epoch": 4,
  "peak_cpu_memory_MB": 5866.788,
  "peak_gpu_0_memory_MB": 21435,
  "peak_gpu_1_memory_MB": 20139,
  "peak_gpu_2_memory_MB": 20139,
  "peak_gpu_3_memory_MB": 20139,
  "training_duration": "0:05:27.200040",
  "training_start_epoch": 0,
  "training_epochs": 11,
  "epoch": 11,
  "training_accuracy": 0.3638676844783715,
  "training_disc_loss": 1.4510055708885192,
  "training_gen_loss": 6.36113245010376,
  "training_loss": 5.862612650944636,
  "training_cpu_memory_MB": 5866.788,
  "training_gpu_0_memory_MB": 21435,
  "training_gpu_1_memory_MB": 20139,
  "training_gpu_2_memory_MB": 20139,
  "training_gpu_3_memory_MB": 20139,
  "validation_accuracy": 0.32382892057026474,
  "validation_disc_loss": 1.1025352708755,
  "validation_gen_loss": 6.816558384126233,
  "validation_loss": 6.247266477154147,
  "best_validation_accuracy": 0.3533604887983707,
  "best_validation_disc_loss": 3.9305412769317627,
  "best_validation_gen_loss": 7.132022057810137,
  "best_validation_loss": 6.815012993351106
}