{
  "best_epoch": 2,
  "peak_cpu_memory_MB": 5866.788,
  "peak_gpu_0_memory_MB": 21435,
  "peak_gpu_1_memory_MB": 20139,
  "peak_gpu_2_memory_MB": 20139,
  "peak_gpu_3_memory_MB": 20139,
  "training_duration": "0:01:49.571139",
  "training_start_epoch": 0,
  "training_epochs": 3,
  "epoch": 3,
  "training_accuracy": 0.3816793893129771,
  "training_disc_loss": 2.1962467527389524,
  "training_gen_loss": 6.711639385223389,
  "training_loss": 6.268128761878381,
  "training_cpu_memory_MB": 5866.788,
  "training_gpu_0_memory_MB": 21435,
  "training_gpu_1_memory_MB": 20139,
  "training_gpu_2_memory_MB": 20139,
  "training_gpu_3_memory_MB": 20139,
  "validation_accuracy": 0.32790224032586557,
  "validation_disc_loss": 1.2159423847352304,
  "validation_gen_loss": 7.011122549733808,
  "validation_loss": 6.433986386945171,
  "best_validation_accuracy": 0.3421588594704684,
  "best_validation_disc_loss": 10.06901038846662,
  "best_validation_gen_loss": 7.832695176524501,
  "best_validation_loss": 8.059885701825541
}