{
  "best_epoch": 1,
  "peak_cpu_memory_MB": 9767.624,
  "peak_gpu_0_memory_MB": 36,
  "peak_gpu_1_memory_MB": 10924,
  "training_duration": "12:51:59.265665",
  "training_start_epoch": 0,
  "training_epochs": 1,
  "epoch": 1,
  "training_accuracy": 0.8502350382732963,
  "training_gen_loss": 1.7821721271136606,
  "training_disc_loss": 0.42781404284462354,
  "training_loss": 1.1049920985283332,
  "training_cpu_memory_MB": 9767.624,
  "training_gpu_0_memory_MB": 36,
  "training_gpu_1_memory_MB": 10924,
  "validation_accuracy": 0.8535914416709118,
  "validation_gen_loss": 2.0525915676875144,
  "validation_disc_loss": 0.433652589136178,
  "validation_loss": 1.2430450434793479,
  "best_validation_accuracy": 0.8535914416709118,
  "best_validation_gen_loss": 2.0525915676875144,
  "best_validation_disc_loss": 0.433652589136178,
  "best_validation_loss": 1.2430450434793479
}