{
  "best_epoch": 5,
  "peak_cpu_memory_MB": 5867.312,
  "peak_gpu_0_memory_MB": 14587,
  "peak_gpu_1_memory_MB": 13029,
  "peak_gpu_2_memory_MB": 14587,
  "peak_gpu_3_memory_MB": 21435,
  "training_duration": "0:03:56.609981",
  "training_start_epoch": 0,
  "training_epochs": 6,
  "epoch": 6,
  "training_accuracy": 0.5368956743002544,
  "training_disc_loss": 1.1505483573675155,
  "training_gen_loss": 6.012578411102295,
  "training_loss": 4.797070913314819,
  "training_cpu_memory_MB": 5867.312,
  "training_gpu_0_memory_MB": 14587,
  "training_gpu_1_memory_MB": 13029,
  "training_gpu_2_memory_MB": 14587,
  "training_gpu_3_memory_MB": 21435,
  "validation_accuracy": 0.3635437881873727,
  "validation_disc_loss": 1.5429821188856916,
  "validation_gen_loss": 7.1433038013737375,
  "validation_loss": 5.743223364760236,
  "best_validation_accuracy": 0.3910386965376782,
  "best_validation_disc_loss": 1.4328330038039665,
  "best_validation_gen_loss": 6.977735922588566,
  "best_validation_loss": 5.591510198949798
}