{
  "best_epoch": 5,
  "peak_cpu_memory_MB": 5867.312,
  "peak_gpu_0_memory_MB": 14587,
  "peak_gpu_1_memory_MB": 13029,
  "peak_gpu_2_memory_MB": 14587,
  "peak_gpu_3_memory_MB": 21435,
  "training_duration": "0:05:31.655637",
  "training_start_epoch": 0,
  "training_epochs": 9,
  "epoch": 9,
  "training_accuracy": 0.6590330788804071,
  "training_disc_loss": 0.8777375979721547,
  "training_gen_loss": 5.872784986495971,
  "training_loss": 4.624023170471191,
  "training_cpu_memory_MB": 5867.312,
  "training_gpu_0_memory_MB": 14587,
  "training_gpu_1_memory_MB": 13029,
  "training_gpu_2_memory_MB": 14587,
  "training_gpu_3_memory_MB": 21435,
  "validation_accuracy": 0.3910386965376782,
  "validation_disc_loss": 2.0385851729206923,
  "validation_gen_loss": 7.303068409121133,
  "validation_loss": 5.9869476062495535,
  "best_validation_accuracy": 0.3910386965376782,
  "best_validation_disc_loss": 1.4328330038039665,
  "best_validation_gen_loss": 6.977735922588566,
  "best_validation_loss": 5.591510198949798
}