{
  "best_epoch": 10,
  "peak_cpu_memory_MB": 5867.312,
  "peak_gpu_0_memory_MB": 14587,
  "peak_gpu_1_memory_MB": 13029,
  "peak_gpu_2_memory_MB": 14587,
  "peak_gpu_3_memory_MB": 21435,
  "training_duration": "0:11:22.155230",
  "training_start_epoch": 0,
  "training_epochs": 20,
  "epoch": 20,
  "training_accuracy": 0.9720101781170484,
  "training_disc_loss": 0.08558340982039227,
  "training_gen_loss": 5.528220720291138,
  "training_loss": 4.1675613975524906,
  "training_cpu_memory_MB": 5867.312,
  "training_gpu_0_memory_MB": 14587,
  "training_gpu_1_memory_MB": 13029,
  "training_gpu_2_memory_MB": 14587,
  "training_gpu_3_memory_MB": 21435,
  "validation_accuracy": 0.3696537678207739,
  "validation_disc_loss": 2.756428730197069,
  "validation_gen_loss": 7.969588237080147,
  "validation_loss": 6.666298393311539,
  "best_validation_accuracy": 0.40020366598778007,
  "best_validation_disc_loss": 2.1998829701082494,
  "best_validation_gen_loss": 7.372474821602426,
  "best_validation_loss": 6.079326842858539
}