{
  "best_epoch": 21,
  "peak_cpu_memory_MB": 5867.312,
  "peak_gpu_0_memory_MB": 14587,
  "peak_gpu_1_memory_MB": 13029,
  "peak_gpu_2_memory_MB": 14587,
  "peak_gpu_3_memory_MB": 21435,
  "training_duration": "0:11:53.397040",
  "training_start_epoch": 0,
  "training_epochs": 21,
  "epoch": 21,
  "training_accuracy": 0.9847328244274809,
  "training_disc_loss": 0.038864268029592496,
  "training_gen_loss": 5.5043767642974855,
  "training_loss": 4.137998609542847,
  "training_cpu_memory_MB": 5867.312,
  "training_gpu_0_memory_MB": 14587,
  "training_gpu_1_memory_MB": 13029,
  "training_gpu_2_memory_MB": 14587,
  "training_gpu_3_memory_MB": 21435,
  "validation_accuracy": 0.40835030549898166,
  "validation_disc_loss": 2.591855289247947,
  "validation_gen_loss": 7.964650057195648,
  "validation_loss": 6.621451342978129,
  "best_validation_accuracy": 0.40835030549898166,
  "best_validation_disc_loss": 2.591855289247947,
  "best_validation_gen_loss": 7.964650057195648,
  "best_validation_loss": 6.621451342978129
}