{
  "best_epoch": 2,
  "peak_cpu_memory_MB": 5867.312,
  "peak_gpu_0_memory_MB": 14587,
  "peak_gpu_1_memory_MB": 12805,
  "peak_gpu_2_memory_MB": 14587,
  "peak_gpu_3_memory_MB": 21435,
  "training_duration": "0:01:33.766035",
  "training_start_epoch": 0,
  "training_epochs": 2,
  "epoch": 2,
  "training_accuracy": 0.3256997455470738,
  "training_disc_loss": 1.653371113538742,
  "training_gen_loss": 6.4175318908691406,
  "training_loss": 5.226491670608521,
  "training_cpu_memory_MB": 5867.312,
  "training_gpu_0_memory_MB": 14587,
  "training_gpu_1_memory_MB": 12805,
  "training_gpu_2_memory_MB": 14587,
  "training_gpu_3_memory_MB": 21435,
  "validation_accuracy": 0.34928716904276985,
  "validation_disc_loss": 1.1973586552511386,
  "validation_gen_loss": 7.514265025534281,
  "validation_loss": 5.93503842702726,
  "best_validation_accuracy": 0.34928716904276985,
  "best_validation_disc_loss": 1.1973586552511386,
  "best_validation_gen_loss": 7.514265025534281,
  "best_validation_loss": 5.93503842702726
}