{
  "best_epoch": 10,
  "peak_cpu_memory_MB": 5867.312,
  "peak_gpu_0_memory_MB": 14587,
  "peak_gpu_1_memory_MB": 13029,
  "peak_gpu_2_memory_MB": 14587,
  "peak_gpu_3_memory_MB": 21435,
  "training_duration": "0:09:47.989908",
  "training_start_epoch": 0,
  "training_epochs": 17,
  "epoch": 17,
  "training_accuracy": 0.9669211195928753,
  "training_disc_loss": 0.11103166436310857,
  "training_gen_loss": 5.586065835952759,
  "training_loss": 4.217307286262512,
  "training_cpu_memory_MB": 5867.312,
  "training_gpu_0_memory_MB": 14587,
  "training_gpu_1_memory_MB": 13029,
  "training_gpu_2_memory_MB": 14587,
  "training_gpu_3_memory_MB": 21435,
  "validation_accuracy": 0.3920570264765784,
  "validation_disc_loss": 2.4233373476237787,
  "validation_gen_loss": 7.741541591117053,
  "validation_loss": 6.411990514615687,
  "best_validation_accuracy": 0.40020366598778007,
  "best_validation_disc_loss": 2.1998829701082494,
  "best_validation_gen_loss": 7.372474821602426,
  "best_validation_loss": 6.079326842858539
}