{
  "best_epoch": 5,
  "peak_cpu_memory_MB": 5867.312,
  "peak_gpu_0_memory_MB": 14587,
  "peak_gpu_1_memory_MB": 13029,
  "peak_gpu_2_memory_MB": 14587,
  "peak_gpu_3_memory_MB": 21435,
  "training_duration": "0:04:59.888526",
  "training_start_epoch": 0,
  "training_epochs": 8,
  "epoch": 8,
  "training_accuracy": 0.6870229007633588,
  "training_disc_loss": 0.8249932989478111,
  "training_gen_loss": 5.902189378738403,
  "training_loss": 4.632890367507935,
  "training_cpu_memory_MB": 5867.312,
  "training_gpu_0_memory_MB": 14587,
  "training_gpu_1_memory_MB": 13029,
  "training_gpu_2_memory_MB": 14587,
  "training_gpu_3_memory_MB": 21435,
  "validation_accuracy": 0.3757637474541752,
  "validation_disc_loss": 1.8478942605538098,
  "validation_gen_loss": 7.312789269579135,
  "validation_loss": 5.946565519503461,
  "best_validation_accuracy": 0.3910386965376782,
  "best_validation_disc_loss": 1.4328330038039665,
  "best_validation_gen_loss": 6.977735922588566,
  "best_validation_loss": 5.591510198949798
}