{
  "best_epoch": 21,
  "peak_cpu_memory_MB": 5867.312,
  "peak_gpu_0_memory_MB": 14587,
  "peak_gpu_1_memory_MB": 13029,
  "peak_gpu_2_memory_MB": 14587,
  "peak_gpu_3_memory_MB": 21435,
  "training_duration": "0:12:59.933112",
  "training_start_epoch": 0,
  "training_epochs": 23,
  "epoch": 23,
  "training_accuracy": 0.9949109414758269,
  "training_disc_loss": 0.03440160421188921,
  "training_gen_loss": 5.4755626392364505,
  "training_loss": 4.11527235031128,
  "training_cpu_memory_MB": 5867.312,
  "training_gpu_0_memory_MB": 14587,
  "training_gpu_1_memory_MB": 13029,
  "training_gpu_2_memory_MB": 14587,
  "training_gpu_3_memory_MB": 21435,
  "validation_accuracy": 0.40529531568228105,
  "validation_disc_loss": 2.5672662490751685,
  "validation_gen_loss": 8.014804685018897,
  "validation_loss": 6.652920091055273,
  "best_validation_accuracy": 0.40835030549898166,
  "best_validation_disc_loss": 2.591855289247947,
  "best_validation_gen_loss": 7.964650057195648,
  "best_validation_loss": 6.621451342978129
}