{
  "best_epoch": 2,
  "peak_cpu_memory_MB": 5867.312,
  "peak_gpu_0_memory_MB": 14587,
  "peak_gpu_1_memory_MB": 12805,
  "peak_gpu_2_memory_MB": 14587,
  "peak_gpu_3_memory_MB": 21435,
  "training_duration": "0:02:10.676654",
  "training_start_epoch": 0,
  "training_epochs": 3,
  "epoch": 3,
  "training_accuracy": 0.4071246819338422,
  "training_disc_loss": 1.7513650953769684,
  "training_gen_loss": 6.391851396560669,
  "training_loss": 5.231729869842529,
  "training_cpu_memory_MB": 5867.312,
  "training_gpu_0_memory_MB": 14587,
  "training_gpu_1_memory_MB": 12805,
  "training_gpu_2_memory_MB": 14587,
  "training_gpu_3_memory_MB": 21435,
  "validation_accuracy": 0.3329938900203666,
  "validation_disc_loss": 5.506115045004744,
  "validation_gen_loss": 7.4230428517349365,
  "validation_loss": 6.94381089326812,
  "best_validation_accuracy": 0.34928716904276985,
  "best_validation_disc_loss": 1.1973586552511386,
  "best_validation_gen_loss": 7.514265025534281,
  "best_validation_loss": 5.93503842702726
}