{
  "best_epoch": 10,
  "peak_cpu_memory_MB": 5867.312,
  "peak_gpu_0_memory_MB": 14587,
  "peak_gpu_1_memory_MB": 13029,
  "peak_gpu_2_memory_MB": 14587,
  "peak_gpu_3_memory_MB": 21435,
  "training_duration": "0:10:51.190139",
  "training_start_epoch": 0,
  "training_epochs": 19,
  "epoch": 19,
  "training_accuracy": 0.9720101781170484,
  "training_disc_loss": 0.10606820922577753,
  "training_gen_loss": 5.529688806533813,
  "training_loss": 4.173783664703369,
  "training_cpu_memory_MB": 5867.312,
  "training_gpu_0_memory_MB": 14587,
  "training_gpu_1_memory_MB": 13029,
  "training_gpu_2_memory_MB": 14587,
  "training_gpu_3_memory_MB": 21435,
  "validation_accuracy": 0.37983706720977595,
  "validation_disc_loss": 4.653226331966679,
  "validation_gen_loss": 8.129272678034093,
  "validation_loss": 7.260261097574622,
  "best_validation_accuracy": 0.40020366598778007,
  "best_validation_disc_loss": 2.1998829701082494,
  "best_validation_gen_loss": 7.372474821602426,
  "best_validation_loss": 6.079326842858539
}