{
  "best_epoch": 1,
  "peak_cpu_memory_MB": 5867.312,
  "peak_gpu_0_memory_MB": 14587,
  "peak_gpu_1_memory_MB": 12805,
  "peak_gpu_2_memory_MB": 14587,
  "peak_gpu_3_memory_MB": 21435,
  "training_duration": "0:00:58.423314",
  "training_start_epoch": 0,
  "training_epochs": 1,
  "epoch": 1,
  "training_accuracy": 0.3053435114503817,
  "training_disc_loss": 1.7429552721977233,
  "training_gen_loss": 6.617587947845459,
  "training_loss": 5.398929767608642,
  "training_cpu_memory_MB": 5867.312,
  "training_gpu_0_memory_MB": 14587,
  "training_gpu_1_memory_MB": 12805,
  "training_gpu_2_memory_MB": 14587,
  "training_gpu_3_memory_MB": 21435,
  "validation_accuracy": 0.34826883910386963,
  "validation_disc_loss": 1.1476332700349452,
  "validation_gen_loss": 7.164955398900722,
  "validation_loss": 5.660624887885117,
  "best_validation_accuracy": 0.34826883910386963,
  "best_validation_disc_loss": 1.1476332700349452,
  "best_validation_gen_loss": 7.164955398900722,
  "best_validation_loss": 5.660624887885117
}