{
  "best_epoch": 10,
  "peak_cpu_memory_MB": 5867.312,
  "peak_gpu_0_memory_MB": 14587,
  "peak_gpu_1_memory_MB": 13029,
  "peak_gpu_2_memory_MB": 14587,
  "peak_gpu_3_memory_MB": 21435,
  "training_duration": "0:07:10.602276",
  "training_start_epoch": 0,
  "training_epochs": 12,
  "epoch": 12,
  "training_accuracy": 0.8396946564885496,
  "training_disc_loss": 0.38904484506696463,
  "training_gen_loss": 5.739226655960083,
  "training_loss": 4.4016812229156494,
  "training_cpu_memory_MB": 5867.312,
  "training_gpu_0_memory_MB": 14587,
  "training_gpu_1_memory_MB": 13029,
  "training_gpu_2_memory_MB": 14587,
  "training_gpu_3_memory_MB": 21435,
  "validation_accuracy": 0.39613034623217924,
  "validation_disc_loss": 2.0911133807849107,
  "validation_gen_loss": 7.5583168432964545,
  "validation_loss": 6.191515992327434,
  "best_validation_accuracy": 0.40020366598778007,
  "best_validation_disc_loss": 2.1998829701082494,
  "best_validation_gen_loss": 7.372474821602426,
  "best_validation_loss": 6.079326842858539
}