{
  "best_epoch": 10,
  "peak_cpu_memory_MB": 5867.312,
  "peak_gpu_0_memory_MB": 14587,
  "peak_gpu_1_memory_MB": 13029,
  "peak_gpu_2_memory_MB": 14587,
  "peak_gpu_3_memory_MB": 21435,
  "training_duration": "0:07:42.347102",
  "training_start_epoch": 0,
  "training_epochs": 13,
  "epoch": 13,
  "training_accuracy": 0.8880407124681934,
  "training_disc_loss": 0.3227168307080865,
  "training_gen_loss": 5.71093451499939,
  "training_loss": 4.3638801097869875,
  "training_cpu_memory_MB": 5867.312,
  "training_gpu_0_memory_MB": 14587,
  "training_gpu_1_memory_MB": 13029,
  "training_gpu_2_memory_MB": 14587,
  "training_gpu_3_memory_MB": 21435,
  "validation_accuracy": 0.3940936863543788,
  "validation_disc_loss": 2.4152607917785645,
  "validation_gen_loss": 7.548786841756929,
  "validation_loss": 6.265405329262338,
  "best_validation_accuracy": 0.40020366598778007,
  "best_validation_disc_loss": 2.1998829701082494,
  "best_validation_gen_loss": 7.372474821602426,
  "best_validation_loss": 6.079326842858539
}