{
  "best_epoch": 21,
  "peak_cpu_memory_MB": 5867.312,
  "peak_gpu_0_memory_MB": 14587,
  "peak_gpu_1_memory_MB": 13029,
  "peak_gpu_2_memory_MB": 14587,
  "peak_gpu_3_memory_MB": 21435,
  "training_duration": "0:15:04.268728",
  "training_start_epoch": 0,
  "training_epochs": 27,
  "epoch": 27,
  "training_accuracy": 0.9974554707379135,
  "training_disc_loss": 0.022342925030970948,
  "training_gen_loss": 5.400559930801392,
  "training_loss": 4.056005668640137,
  "training_cpu_memory_MB": 5867.312,
  "training_gpu_0_memory_MB": 14587,
  "training_gpu_1_memory_MB": 13029,
  "training_gpu_2_memory_MB": 14587,
  "training_gpu_3_memory_MB": 21435,
  "validation_accuracy": 0.3879837067209776,
  "validation_disc_loss": 2.6873366202765365,
  "validation_gen_loss": 8.11391776170188,
  "validation_loss": 6.757272495486872,
  "best_validation_accuracy": 0.40835030549898166,
  "best_validation_disc_loss": 2.591855289247947,
  "best_validation_gen_loss": 7.964650057195648,
  "best_validation_loss": 6.621451342978129
}