{
  "best_epoch": 21,
  "peak_cpu_memory_MB": 5867.312,
  "peak_gpu_0_memory_MB": 14587,
  "peak_gpu_1_memory_MB": 13029,
  "peak_gpu_2_memory_MB": 14587,
  "peak_gpu_3_memory_MB": 21435,
  "training_duration": "0:16:06.683455",
  "training_start_epoch": 0,
  "training_epochs": 29,
  "epoch": 29,
  "training_accuracy": 0.989821882951654,
  "training_disc_loss": 0.03203233306761831,
  "training_gen_loss": 5.3835968494415285,
  "training_loss": 4.045705738067627,
  "training_cpu_memory_MB": 5867.312,
  "training_gpu_0_memory_MB": 14587,
  "training_gpu_1_memory_MB": 13029,
  "training_gpu_2_memory_MB": 14587,
  "training_gpu_3_memory_MB": 21435,
  "validation_accuracy": 0.39613034623217924,
  "validation_disc_loss": 2.692085793832453,
  "validation_gen_loss": 8.12066349944448,
  "validation_loss": 6.763519081642957,
  "best_validation_accuracy": 0.40835030549898166,
  "best_validation_disc_loss": 2.591855289247947,
  "best_validation_gen_loss": 7.964650057195648,
  "best_validation_loss": 6.621451342978129
}