{
  "best_epoch": 5,
  "peak_cpu_memory_MB": 5866.168,
  "peak_gpu_0_memory_MB": 13845,
  "peak_gpu_1_memory_MB": 13845,
  "peak_gpu_2_memory_MB": 13845,
  "peak_gpu_3_memory_MB": 12,
  "training_duration": "0:09:03.203369",
  "training_start_epoch": 0,
  "training_epochs": 15,
  "epoch": 15,
  "training_accuracy": 0.6106870229007634,
  "training_disc_loss": 0.9647567927837372,
  "training_gen_loss": 5.888420038223266,
  "training_loss": 5.888420038223266,
  "training_cpu_memory_MB": 5866.168,
  "training_gpu_0_memory_MB": 13591,
  "training_gpu_1_memory_MB": 13845,
  "training_gpu_2_memory_MB": 13845,
  "training_gpu_3_memory_MB": 12,
  "validation_accuracy": 0.384928716904277,
  "validation_disc_loss": 1.6879621341945679,
  "validation_gen_loss": 7.1231855648319895,
  "validation_loss": 7.1231855648319895,
  "best_validation_accuracy": 0.3971486761710794,
  "best_validation_disc_loss": 1.325233990099372,
  "best_validation_gen_loss": 6.857581809284241,
  "best_validation_loss": 6.857581809284241
}