{
  "best_epoch": 5,
  "peak_cpu_memory_MB": 5866.168,
  "peak_gpu_0_memory_MB": 13845,
  "peak_gpu_1_memory_MB": 13845,
  "peak_gpu_2_memory_MB": 13845,
  "peak_gpu_3_memory_MB": 12,
  "training_duration": "0:07:56.886046",
  "training_start_epoch": 0,
  "training_epochs": 13,
  "epoch": 13,
  "training_accuracy": 0.48091603053435117,
  "training_disc_loss": 1.311223710924387,
  "training_gen_loss": 5.98097092628479,
  "training_loss": 5.98097092628479,
  "training_cpu_memory_MB": 5866.168,
  "training_gpu_0_memory_MB": 13845,
  "training_gpu_1_memory_MB": 13845,
  "training_gpu_2_memory_MB": 13845,
  "training_gpu_3_memory_MB": 12,
  "validation_accuracy": 0.35539714867617106,
  "validation_disc_loss": 1.7219227634794343,
  "validation_gen_loss": 7.063755279634057,
  "validation_loss": 7.063755279634057,
  "best_validation_accuracy": 0.3971486761710794,
  "best_validation_disc_loss": 1.325233990099372,
  "best_validation_gen_loss": 6.857581809284241,
  "best_validation_loss": 6.857581809284241
}