{
  "best_epoch": 6,
  "peak_cpu_memory_MB": 5866.048,
  "peak_gpu_0_memory_MB": 13845,
  "peak_gpu_1_memory_MB": 12805,
  "peak_gpu_2_memory_MB": 13845,
  "peak_gpu_3_memory_MB": 21435,
  "training_duration": "0:03:47.303956",
  "training_start_epoch": 0,
  "training_epochs": 6,
  "epoch": 6,
  "training_accuracy": 0.40966921119592875,
  "training_disc_loss": 1.487849178314209,
  "training_gen_loss": 6.004304857254028,
  "training_loss": 6.004304857254028,
  "training_cpu_memory_MB": 5866.048,
  "training_gpu_0_memory_MB": 13845,
  "training_gpu_1_memory_MB": 12805,
  "training_gpu_2_memory_MB": 13845,
  "training_gpu_3_memory_MB": 21435,
  "validation_accuracy": 0.3879837067209776,
  "validation_disc_loss": 1.291596849274829,
  "validation_gen_loss": 7.077256179437405,
  "validation_loss": 7.077256179437405,
  "best_validation_accuracy": 0.3879837067209776,
  "best_validation_disc_loss": 1.291596849274829,
  "best_validation_gen_loss": 7.077256179437405,
  "best_validation_loss": 7.077256179437405
}