{
  "best_epoch": 16,
  "peak_cpu_memory_MB": 5866.048,
  "peak_gpu_0_memory_MB": 13845,
  "peak_gpu_1_memory_MB": 12805,
  "peak_gpu_2_memory_MB": 13845,
  "peak_gpu_3_memory_MB": 21435,
  "training_duration": "0:10:12.614599",
  "training_start_epoch": 0,
  "training_epochs": 17,
  "epoch": 17,
  "training_accuracy": 0.7506361323155216,
  "training_disc_loss": 0.6526506324112415,
  "training_gen_loss": 5.511433439254761,
  "training_loss": 5.511433439254761,
  "training_cpu_memory_MB": 5866.048,
  "training_gpu_0_memory_MB": 13845,
  "training_gpu_1_memory_MB": 12805,
  "training_gpu_2_memory_MB": 13845,
  "training_gpu_3_memory_MB": 21435,
  "validation_accuracy": 0.38085539714867617,
  "validation_disc_loss": 1.9023870064960262,
  "validation_gen_loss": 8.270379330084577,
  "validation_loss": 8.270379330084577,
  "best_validation_accuracy": 0.3910386965376782,
  "best_validation_disc_loss": 1.7809430908381454,
  "best_validation_gen_loss": 7.872942881855538,
  "best_validation_loss": 7.872942881855538
}