{
  "best_epoch": 32,
  "peak_cpu_memory_MB": 5866.048,
  "peak_gpu_0_memory_MB": 13845,
  "peak_gpu_1_memory_MB": 12805,
  "peak_gpu_2_memory_MB": 13845,
  "peak_gpu_3_memory_MB": 21435,
  "training_duration": "0:19:35.289562",
  "training_start_epoch": 0,
  "training_epochs": 33,
  "epoch": 33,
  "training_accuracy": 0.9440203562340967,
  "training_disc_loss": 0.18640918693505226,
  "training_gen_loss": 5.247187690734863,
  "training_loss": 5.247187690734863,
  "training_cpu_memory_MB": 5866.048,
  "training_gpu_0_memory_MB": 13845,
  "training_gpu_1_memory_MB": 12805,
  "training_gpu_2_memory_MB": 13845,
  "training_gpu_3_memory_MB": 21435,
  "validation_accuracy": 0.37780040733197556,
  "validation_disc_loss": 4.5899402290824955,
  "validation_gen_loss": 9.361954987533693,
  "validation_loss": 9.361954987533693,
  "best_validation_accuracy": 0.40835030549898166,
  "best_validation_disc_loss": 2.474249866435198,
  "best_validation_gen_loss": 9.073110906089225,
  "best_validation_loss": 9.073110906089225
}