{
  "best_epoch": 5,
  "peak_cpu_memory_MB": 5866.048,
  "peak_gpu_0_memory_MB": 13845,
  "peak_gpu_1_memory_MB": 12805,
  "peak_gpu_2_memory_MB": 13845,
  "peak_gpu_3_memory_MB": 21435,
  "training_duration": "0:03:10.928294",
  "training_start_epoch": 0,
  "training_epochs": 5,
  "epoch": 5,
  "training_accuracy": 0.361323155216285,
  "training_disc_loss": 1.5549265456199646,
  "training_gen_loss": 6.094641246795654,
  "training_loss": 6.094641246795654,
  "training_cpu_memory_MB": 5866.048,
  "training_gpu_0_memory_MB": 13845,
  "training_gpu_1_memory_MB": 12805,
  "training_gpu_2_memory_MB": 13845,
  "training_gpu_3_memory_MB": 21435,
  "validation_accuracy": 0.3788187372708758,
  "validation_disc_loss": 1.1509831712497929,
  "validation_gen_loss": 7.07576165548185,
  "validation_loss": 7.07576165548185,
  "best_validation_accuracy": 0.3788187372708758,
  "best_validation_disc_loss": 1.1509831712497929,
  "best_validation_gen_loss": 7.07576165548185,
  "best_validation_loss": 7.07576165548185
}