{
  "best_epoch": 18,
  "peak_cpu_memory_MB": 5866.048,
  "peak_gpu_0_memory_MB": 13845,
  "peak_gpu_1_memory_MB": 12805,
  "peak_gpu_2_memory_MB": 13845,
  "peak_gpu_3_memory_MB": 21435,
  "training_duration": "0:14:20.150207",
  "training_start_epoch": 0,
  "training_epochs": 24,
  "epoch": 24,
  "training_accuracy": 0.8829516539440203,
  "training_disc_loss": 0.284889845468133,
  "training_gen_loss": 5.361499500274658,
  "training_loss": 5.361499500274658,
  "training_cpu_memory_MB": 5866.048,
  "training_gpu_0_memory_MB": 13845,
  "training_gpu_1_memory_MB": 12805,
  "training_gpu_2_memory_MB": 13845,
  "training_gpu_3_memory_MB": 21435,
  "validation_accuracy": 0.3533604887983707,
  "validation_disc_loss": 9.31199383154148,
  "validation_gen_loss": 9.201736752579851,
  "validation_loss": 9.201736752579851,
  "best_validation_accuracy": 0.40020366598778007,
  "best_validation_disc_loss": 2.068201592298058,
  "best_validation_gen_loss": 7.970310195674741,
  "best_validation_loss": 7.970310195674741
}