{
  "best_epoch": 18,
  "peak_cpu_memory_MB": 5866.048,
  "peak_gpu_0_memory_MB": 13845,
  "peak_gpu_1_memory_MB": 12805,
  "peak_gpu_2_memory_MB": 13845,
  "peak_gpu_3_memory_MB": 21435,
  "training_duration": "0:11:28.175413",
  "training_start_epoch": 0,
  "training_epochs": 19,
  "epoch": 19,
  "training_accuracy": 0.8142493638676844,
  "training_disc_loss": 0.5032104306877591,
  "training_gen_loss": 5.460357456207276,
  "training_loss": 5.460357456207276,
  "training_cpu_memory_MB": 5866.048,
  "training_gpu_0_memory_MB": 13845,
  "training_gpu_1_memory_MB": 12805,
  "training_gpu_2_memory_MB": 13845,
  "training_gpu_3_memory_MB": 21435,
  "validation_accuracy": 0.3340122199592668,
  "validation_disc_loss": 7.745435323172469,
  "validation_gen_loss": 9.010533945347236,
  "validation_loss": 9.010533945347236,
  "best_validation_accuracy": 0.40020366598778007,
  "best_validation_disc_loss": 2.068201592298058,
  "best_validation_gen_loss": 7.970310195674741,
  "best_validation_loss": 7.970310195674741
}