{
  "best_epoch": 6,
  "peak_cpu_memory_MB": 5866.048,
  "peak_gpu_0_memory_MB": 13845,
  "peak_gpu_1_memory_MB": 12805,
  "peak_gpu_2_memory_MB": 13845,
  "peak_gpu_3_memory_MB": 21435,
  "training_duration": "0:06:07.024854",
  "training_start_epoch": 0,
  "training_epochs": 10,
  "epoch": 10,
  "training_accuracy": 0.5267175572519084,
  "training_disc_loss": 1.4091469264030456,
  "training_gen_loss": 5.775810384750367,
  "training_loss": 5.775810384750367,
  "training_cpu_memory_MB": 5866.048,
  "training_gpu_0_memory_MB": 13845,
  "training_gpu_1_memory_MB": 12805,
  "training_gpu_2_memory_MB": 13845,
  "training_gpu_3_memory_MB": 21435,
  "validation_accuracy": 0.37067209775967414,
  "validation_disc_loss": 1.7196709857723578,
  "validation_gen_loss": 7.460489711141198,
  "validation_loss": 7.460489711141198,
  "best_validation_accuracy": 0.3879837067209776,
  "best_validation_disc_loss": 1.291596849274829,
  "best_validation_gen_loss": 7.077256179437405,
  "best_validation_loss": 7.077256179437405
}