{
  "best_epoch": 56,
  "peak_cpu_memory_MB": 5866.048,
  "peak_gpu_0_memory_MB": 13845,
  "peak_gpu_1_memory_MB": 13005,
  "peak_gpu_2_memory_MB": 13845,
  "peak_gpu_3_memory_MB": 21435,
  "training_duration": "0:33:55.458266",
  "training_start_epoch": 0,
  "training_epochs": 58,
  "epoch": 58,
  "training_accuracy": 0.9796437659033079,
  "training_disc_loss": 0.05100988454347316,
  "training_gen_loss": 5.096416959762573,
  "training_loss": 5.096416959762573,
  "training_cpu_memory_MB": 5866.048,
  "training_gpu_0_memory_MB": 13845,
  "training_gpu_1_memory_MB": 13005,
  "training_gpu_2_memory_MB": 13845,
  "training_gpu_3_memory_MB": 21435,
  "validation_accuracy": 0.40325865580448067,
  "validation_disc_loss": 2.976516015161344,
  "validation_gen_loss": 9.791438098845443,
  "validation_loss": 9.791438098845443,
  "best_validation_accuracy": 0.4134419551934827,
  "best_validation_disc_loss": 3.1788481527227694,
  "best_validation_gen_loss": 9.62028750753015,
  "best_validation_loss": 9.62028750753015
}