{
  "best_epoch": 41,
  "peak_cpu_memory_MB": 5866.048,
  "peak_gpu_0_memory_MB": 13845,
  "peak_gpu_1_memory_MB": 12805,
  "peak_gpu_2_memory_MB": 13845,
  "peak_gpu_3_memory_MB": 21435,
  "training_duration": "0:25:21.128476",
  "training_start_epoch": 0,
  "training_epochs": 43,
  "epoch": 43,
  "training_accuracy": 0.9745547073791349,
  "training_disc_loss": 0.07404174629831743,
  "training_gen_loss": 5.169209566116333,
  "training_loss": 5.169209566116333,
  "training_cpu_memory_MB": 5866.048,
  "training_gpu_0_memory_MB": 13845,
  "training_gpu_1_memory_MB": 12805,
  "training_gpu_2_memory_MB": 13845,
  "training_gpu_3_memory_MB": 21435,
  "validation_accuracy": 0.3533604887983707,
  "validation_disc_loss": 7.3243903415959055,
  "validation_gen_loss": 10.359209587903527,
  "validation_loss": 10.359209587903527,
  "best_validation_accuracy": 0.4124236252545825,
  "best_validation_disc_loss": 3.5544551291116853,
  "best_validation_gen_loss": 9.709683728411916,
  "best_validation_loss": 9.709683728411916
}