{
  "best_epoch": 0,
  "peak_cpu_memory_MB": 5866.048,
  "peak_gpu_0_memory_MB": 13845,
  "peak_gpu_1_memory_MB": 12805,
  "peak_gpu_2_memory_MB": 2617,
  "peak_gpu_3_memory_MB": 21435,
  "training_duration": "0:00:25.102651",
  "training_start_epoch": 0,
  "training_epochs": 0,
  "epoch": 0,
  "training_accuracy": 0.38676844783715014,
  "training_disc_loss": 7.964608992040158,
  "training_gen_loss": 9.438578004837035,
  "training_loss": 9.438578004837035,
  "training_cpu_memory_MB": 5866.048,
  "training_gpu_0_memory_MB": 13845,
  "training_gpu_1_memory_MB": 12805,
  "training_gpu_2_memory_MB": 2617,
  "training_gpu_3_memory_MB": 21435,
  "validation_accuracy": 0.3380855397148676,
  "validation_disc_loss": 3.5991058349609375,
  "validation_gen_loss": 7.331474804296726,
  "validation_loss": 7.331474804296726,
  "best_validation_accuracy": 0.3380855397148676,
  "best_validation_disc_loss": 3.5991058349609375,
  "best_validation_gen_loss": 7.331474804296726,
  "best_validation_loss": 7.331474804296726
}