{
  "best_epoch": 6,
  "peak_cpu_memory_MB": 5866.048,
  "peak_gpu_0_memory_MB": 13845,
  "peak_gpu_1_memory_MB": 12805,
  "peak_gpu_2_memory_MB": 13845,
  "peak_gpu_3_memory_MB": 21435,
  "training_duration": "0:07:50.705093",
  "training_start_epoch": 0,
  "training_epochs": 13,
  "epoch": 13,
  "training_accuracy": 0.6437659033078881,
  "training_disc_loss": 0.9684656983613968,
  "training_gen_loss": 5.649100580215454,
  "training_loss": 5.649100580215454,
  "training_cpu_memory_MB": 5866.048,
  "training_gpu_0_memory_MB": 13845,
  "training_gpu_1_memory_MB": 12805,
  "training_gpu_2_memory_MB": 13845,
  "training_gpu_3_memory_MB": 21435,
  "validation_accuracy": 0.34928716904276985,
  "validation_disc_loss": 3.0705037141233924,
  "validation_gen_loss": 7.759889133577424,
  "validation_loss": 7.759889133577424,
  "best_validation_accuracy": 0.3879837067209776,
  "best_validation_disc_loss": 1.291596849274829,
  "best_validation_gen_loss": 7.077256179437405,
  "best_validation_loss": 7.077256179437405
}