{
  "best_epoch": 18,
  "peak_cpu_memory_MB": 5866.048,
  "peak_gpu_0_memory_MB": 13845,
  "peak_gpu_1_memory_MB": 12805,
  "peak_gpu_2_memory_MB": 13845,
  "peak_gpu_3_memory_MB": 21435,
  "training_duration": "0:12:36.542417",
  "training_start_epoch": 0,
  "training_epochs": 21,
  "epoch": 21,
  "training_accuracy": 0.8346055979643766,
  "training_disc_loss": 0.40927774211624635,
  "training_gen_loss": 5.4475427341461184,
  "training_loss": 5.4475427341461184,
  "training_cpu_memory_MB": 5866.048,
  "training_gpu_0_memory_MB": 13845,
  "training_gpu_1_memory_MB": 12805,
  "training_gpu_2_memory_MB": 13845,
  "training_gpu_3_memory_MB": 21435,
  "validation_accuracy": 0.39307535641547864,
  "validation_disc_loss": 2.5070865377178038,
  "validation_gen_loss": 8.345857790815153,
  "validation_loss": 8.345857790815153,
  "best_validation_accuracy": 0.40020366598778007,
  "best_validation_disc_loss": 2.068201592298058,
  "best_validation_gen_loss": 7.970310195674741,
  "best_validation_loss": 7.970310195674741
}