{
  "best_epoch": 6,
  "peak_cpu_memory_MB": 5866.048,
  "peak_gpu_0_memory_MB": 13845,
  "peak_gpu_1_memory_MB": 12805,
  "peak_gpu_2_memory_MB": 13845,
  "peak_gpu_3_memory_MB": 21435,
  "training_duration": "0:07:16.199024",
  "training_start_epoch": 0,
  "training_epochs": 12,
  "epoch": 12,
  "training_accuracy": 0.5877862595419847,
  "training_disc_loss": 1.0785066247358919,
  "training_gen_loss": 5.674016370773315,
  "training_loss": 5.674016370773315,
  "training_cpu_memory_MB": 5866.048,
  "training_gpu_0_memory_MB": 13845,
  "training_gpu_1_memory_MB": 12805,
  "training_gpu_2_memory_MB": 13845,
  "training_gpu_3_memory_MB": 21435,
  "validation_accuracy": 0.3788187372708758,
  "validation_disc_loss": 1.5833839248350965,
  "validation_gen_loss": 7.55307632927003,
  "validation_loss": 7.55307632927003,
  "best_validation_accuracy": 0.3879837067209776,
  "best_validation_disc_loss": 1.291596849274829,
  "best_validation_gen_loss": 7.077256179437405,
  "best_validation_loss": 7.077256179437405
}