{
  "best_epoch": 41,
  "peak_cpu_memory_MB": 5866.048,
  "peak_gpu_0_memory_MB": 13845,
  "peak_gpu_1_memory_MB": 12805,
  "peak_gpu_2_memory_MB": 13845,
  "peak_gpu_3_memory_MB": 21435,
  "training_duration": "0:32:08.287357",
  "training_start_epoch": 0,
  "training_epochs": 55,
  "epoch": 55,
  "training_accuracy": 0.9796437659033079,
  "training_disc_loss": 0.06447739477178402,
  "training_gen_loss": 5.1086685085296635,
  "training_loss": 5.1086685085296635,
  "training_cpu_memory_MB": 5866.048,
  "training_gpu_0_memory_MB": 13845,
  "training_gpu_1_memory_MB": 12805,
  "training_gpu_2_memory_MB": 13845,
  "training_gpu_3_memory_MB": 21435,
  "validation_accuracy": 0.40325865580448067,
  "validation_disc_loss": 3.267582620062479,
  "validation_gen_loss": 9.943930145201644,
  "validation_loss": 9.943930145201644,
  "best_validation_accuracy": 0.4124236252545825,
  "best_validation_disc_loss": 3.5544551291116853,
  "best_validation_gen_loss": 9.709683728411916,
  "best_validation_loss": 9.709683728411916
}