{
  "best_epoch": 41,
  "peak_cpu_memory_MB": 5866.048,
  "peak_gpu_0_memory_MB": 13845,
  "peak_gpu_1_memory_MB": 12805,
  "peak_gpu_2_memory_MB": 13845,
  "peak_gpu_3_memory_MB": 21435,
  "training_duration": "0:30:25.516797",
  "training_start_epoch": 0,
  "training_epochs": 52,
  "epoch": 52,
  "training_accuracy": 0.9694656488549618,
  "training_disc_loss": 0.08570741667674156,
  "training_gen_loss": 5.118870611190796,
  "training_loss": 5.118870611190796,
  "training_cpu_memory_MB": 5866.048,
  "training_gpu_0_memory_MB": 13845,
  "training_gpu_1_memory_MB": 12805,
  "training_gpu_2_memory_MB": 13845,
  "training_gpu_3_memory_MB": 21435,
  "validation_accuracy": 0.37780040733197556,
  "validation_disc_loss": 4.426085760438346,
  "validation_gen_loss": 10.517061566918846,
  "validation_loss": 10.517061566918846,
  "best_validation_accuracy": 0.4124236252545825,
  "best_validation_disc_loss": 3.5544551291116853,
  "best_validation_gen_loss": 9.709683728411916,
  "best_validation_loss": 9.709683728411916
}