{
  "best_epoch": 41,
  "peak_cpu_memory_MB": 5866.048,
  "peak_gpu_0_memory_MB": 13845,
  "peak_gpu_1_memory_MB": 12805,
  "peak_gpu_2_memory_MB": 13845,
  "peak_gpu_3_memory_MB": 21435,
  "training_duration": "0:28:10.365545",
  "training_start_epoch": 0,
  "training_epochs": 48,
  "epoch": 48,
  "training_accuracy": 0.9669211195928753,
  "training_disc_loss": 0.08200114513121662,
  "training_gen_loss": 5.1369205093383785,
  "training_loss": 5.1369205093383785,
  "training_cpu_memory_MB": 5866.048,
  "training_gpu_0_memory_MB": 13845,
  "training_gpu_1_memory_MB": 12805,
  "training_gpu_2_memory_MB": 13845,
  "training_gpu_3_memory_MB": 21435,
  "validation_accuracy": 0.3971486761710794,
  "validation_disc_loss": 3.047408067113985,
  "validation_gen_loss": 10.043555151156294,
  "validation_loss": 10.043555151156294,
  "best_validation_accuracy": 0.4124236252545825,
  "best_validation_disc_loss": 3.5544551291116853,
  "best_validation_gen_loss": 9.709683728411916,
  "best_validation_loss": 9.709683728411916
}