{
  "best_epoch": 18,
  "peak_cpu_memory_MB": 5866.048,
  "peak_gpu_0_memory_MB": 13845,
  "peak_gpu_1_memory_MB": 12805,
  "peak_gpu_2_memory_MB": 13845,
  "peak_gpu_3_memory_MB": 21435,
  "training_duration": "0:15:28.685753",
  "training_start_epoch": 0,
  "training_epochs": 26,
  "epoch": 26,
  "training_accuracy": 0.8956743002544529,
  "training_disc_loss": 0.26680012468248604,
  "training_gen_loss": 5.352171297073364,
  "training_loss": 5.352171297073364,
  "training_cpu_memory_MB": 5866.048,
  "training_gpu_0_memory_MB": 13845,
  "training_gpu_1_memory_MB": 12805,
  "training_gpu_2_memory_MB": 13845,
  "training_gpu_3_memory_MB": 21435,
  "validation_accuracy": 0.335030549898167,
  "validation_disc_loss": 13.03256963326679,
  "validation_gen_loss": 9.522554498377854,
  "validation_loss": 9.522554498377854,
  "best_validation_accuracy": 0.40020366598778007,
  "best_validation_disc_loss": 2.068201592298058,
  "best_validation_gen_loss": 7.970310195674741,
  "best_validation_loss": 7.970310195674741
}