{
  "best_epoch": 1,
  "peak_cpu_memory_MB": 5866.048,
  "peak_gpu_0_memory_MB": 13845,
  "peak_gpu_1_memory_MB": 12805,
  "peak_gpu_2_memory_MB": 13845,
  "peak_gpu_3_memory_MB": 21435,
  "training_duration": "0:01:32.356530",
  "training_start_epoch": 0,
  "training_epochs": 2,
  "epoch": 2,
  "training_accuracy": 0.3791348600508906,
  "training_disc_loss": 1.7496694338321686,
  "training_gen_loss": 6.422604503631592,
  "training_loss": 6.422604503631592,
  "training_cpu_memory_MB": 5866.048,
  "training_gpu_0_memory_MB": 13845,
  "training_gpu_1_memory_MB": 12805,
  "training_gpu_2_memory_MB": 13845,
  "training_gpu_3_memory_MB": 21435,
  "validation_accuracy": 0.36863543788187375,
  "validation_disc_loss": 1.2132012771397103,
  "validation_gen_loss": 6.944646001831303,
  "validation_loss": 6.944646001831303,
  "best_validation_accuracy": 0.3696537678207739,
  "best_validation_disc_loss": 1.361661607172431,
  "best_validation_gen_loss": 6.870272942674839,
  "best_validation_loss": 6.870272942674839
}