{
  "best_epoch": 32,
  "peak_cpu_memory_MB": 5866.048,
  "peak_gpu_0_memory_MB": 13845,
  "peak_gpu_1_memory_MB": 12805,
  "peak_gpu_2_memory_MB": 13845,
  "peak_gpu_3_memory_MB": 21435,
  "training_duration": "0:23:34.106899",
  "training_start_epoch": 0,
  "training_epochs": 40,
  "epoch": 40,
  "training_accuracy": 0.9567430025445293,
  "training_disc_loss": 0.10780055367045861,
  "training_gen_loss": 5.17689211845398,
  "training_loss": 5.17689211845398,
  "training_cpu_memory_MB": 5866.048,
  "training_gpu_0_memory_MB": 13845,
  "training_gpu_1_memory_MB": 12805,
  "training_gpu_2_memory_MB": 13845,
  "training_gpu_3_memory_MB": 21435,
  "validation_accuracy": 0.3645621181262729,
  "validation_disc_loss": 5.167180890959453,
  "validation_gen_loss": 9.645711565405373,
  "validation_loss": 9.645711565405373,
  "best_validation_accuracy": 0.40835030549898166,
  "best_validation_disc_loss": 2.474249866435198,
  "best_validation_gen_loss": 9.073110906089225,
  "best_validation_loss": 9.073110906089225
}