{
  "best_epoch": 32,
  "peak_cpu_memory_MB": 5866.048,
  "peak_gpu_0_memory_MB": 13845,
  "peak_gpu_1_memory_MB": 12805,
  "peak_gpu_2_memory_MB": 13845,
  "peak_gpu_3_memory_MB": 21435,
  "training_duration": "0:23:00.434886",
  "training_start_epoch": 0,
  "training_epochs": 39,
  "epoch": 39,
  "training_accuracy": 0.9592875318066157,
  "training_disc_loss": 0.1138572676928743,
  "training_gen_loss": 5.203566589355469,
  "training_loss": 5.203566589355469,
  "training_cpu_memory_MB": 5866.048,
  "training_gpu_0_memory_MB": 13845,
  "training_gpu_1_memory_MB": 12805,
  "training_gpu_2_memory_MB": 13845,
  "training_gpu_3_memory_MB": 21435,
  "validation_accuracy": 0.3533604887983707,
  "validation_disc_loss": 4.4336046116138865,
  "validation_gen_loss": 9.557002800266917,
  "validation_loss": 9.557002800266917,
  "best_validation_accuracy": 0.40835030549898166,
  "best_validation_disc_loss": 2.474249866435198,
  "best_validation_gen_loss": 9.073110906089225,
  "best_validation_loss": 9.073110906089225
}