{
  "best_epoch": 16,
  "peak_cpu_memory_MB": 5866.048,
  "peak_gpu_0_memory_MB": 13845,
  "peak_gpu_1_memory_MB": 12805,
  "peak_gpu_2_memory_MB": 13845,
  "peak_gpu_3_memory_MB": 21435,
  "training_duration": "0:09:33.683721",
  "training_start_epoch": 0,
  "training_epochs": 16,
  "epoch": 16,
  "training_accuracy": 0.7557251908396947,
  "training_disc_loss": 0.6771140201389789,
  "training_gen_loss": 5.560486726760864,
  "training_loss": 5.560486726760864,
  "training_cpu_memory_MB": 5866.048,
  "training_gpu_0_memory_MB": 13845,
  "training_gpu_1_memory_MB": 12805,
  "training_gpu_2_memory_MB": 13845,
  "training_gpu_3_memory_MB": 21435,
  "validation_accuracy": 0.3910386965376782,
  "validation_disc_loss": 1.7809430908381454,
  "validation_gen_loss": 7.872942881855538,
  "validation_loss": 7.872942881855538,
  "best_validation_accuracy": 0.3910386965376782,
  "best_validation_disc_loss": 1.7809430908381454,
  "best_validation_gen_loss": 7.872942881855538,
  "best_validation_loss": 7.872942881855538
}