{
  "best_epoch": 41,
  "peak_cpu_memory_MB": 5866.048,
  "peak_gpu_0_memory_MB": 13845,
  "peak_gpu_1_memory_MB": 12805,
  "peak_gpu_2_memory_MB": 13845,
  "peak_gpu_3_memory_MB": 21435,
  "training_duration": "0:27:36.727464",
  "training_start_epoch": 0,
  "training_epochs": 47,
  "epoch": 47,
  "training_accuracy": 0.9720101781170484,
  "training_disc_loss": 0.08379100563761313,
  "training_gen_loss": 5.158596134185791,
  "training_loss": 5.158596134185791,
  "training_cpu_memory_MB": 5866.048,
  "training_gpu_0_memory_MB": 13845,
  "training_gpu_1_memory_MB": 12805,
  "training_gpu_2_memory_MB": 13845,
  "training_gpu_3_memory_MB": 21435,
  "validation_accuracy": 0.3615071283095723,
  "validation_disc_loss": 5.353425451410495,
  "validation_gen_loss": 10.62900336971128,
  "validation_loss": 10.62900336971128,
  "best_validation_accuracy": 0.4124236252545825,
  "best_validation_disc_loss": 3.5544551291116853,
  "best_validation_gen_loss": 9.709683728411916,
  "best_validation_loss": 9.709683728411916
}