{
  "best_epoch": 32,
  "peak_cpu_memory_MB": 5866.048,
  "peak_gpu_0_memory_MB": 13845,
  "peak_gpu_1_memory_MB": 12805,
  "peak_gpu_2_memory_MB": 13845,
  "peak_gpu_3_memory_MB": 21435,
  "training_duration": "0:20:44.151319",
  "training_start_epoch": 0,
  "training_epochs": 35,
  "epoch": 35,
  "training_accuracy": 0.9541984732824428,
  "training_disc_loss": 0.11692160294740461,
  "training_gen_loss": 5.247415065765381,
  "training_loss": 5.247415065765381,
  "training_cpu_memory_MB": 5866.048,
  "training_gpu_0_memory_MB": 13845,
  "training_gpu_1_memory_MB": 12805,
  "training_gpu_2_memory_MB": 13845,
  "training_gpu_3_memory_MB": 21435,
  "validation_accuracy": 0.38085539714867617,
  "validation_disc_loss": 4.2570345343613045,
  "validation_gen_loss": 9.648094561041855,
  "validation_loss": 9.648094561041855,
  "best_validation_accuracy": 0.40835030549898166,
  "best_validation_disc_loss": 2.474249866435198,
  "best_validation_gen_loss": 9.073110906089225,
  "best_validation_loss": 9.073110906089225
}