{
  "best_epoch": 5,
  "peak_cpu_memory_MB": 5360.268,
  "peak_gpu_0_memory_MB": 12553,
  "peak_gpu_1_memory_MB": 21435,
  "peak_gpu_2_memory_MB": 0,
  "peak_gpu_3_memory_MB": 12805,
  "training_duration": "0:03:36.487749",
  "training_start_epoch": 0,
  "training_epochs": 5,
  "epoch": 5,
  "training_accuracy": 0.9974554707379135,
  "training_loss": 0.01529724933565236,
  "training_cpu_memory_MB": 5360.268,
  "training_gpu_0_memory_MB": 12553,
  "training_gpu_1_memory_MB": 21435,
  "training_gpu_2_memory_MB": 0,
  "training_gpu_3_memory_MB": 12805,
  "validation_accuracy": 0.5974528782475802,
  "validation_loss": 1.7732951703211384,
  "best_validation_accuracy": 0.5974528782475802,
  "best_validation_loss": 1.7732951703211384
}