{
  "best_epoch": 5,
  "peak_cpu_memory_MB": 5360.268,
  "peak_gpu_0_memory_MB": 12553,
  "peak_gpu_1_memory_MB": 21435,
  "peak_gpu_2_memory_MB": 0,
  "peak_gpu_3_memory_MB": 12805,
  "training_duration": "0:08:21.356011",
  "training_start_epoch": 0,
  "training_epochs": 13,
  "epoch": 13,
  "training_accuracy": 1.0,
  "training_loss": 0.0010235836245835973,
  "training_cpu_memory_MB": 5360.268,
  "training_gpu_0_memory_MB": 12553,
  "training_gpu_1_memory_MB": 21435,
  "training_gpu_2_memory_MB": 0,
  "training_gpu_3_memory_MB": 12805,
  "validation_accuracy": 0.5924605196128375,
  "validation_loss": 2.0588397737046407,
  "best_validation_accuracy": 0.5974528782475802,
  "best_validation_loss": 1.7732951703211384
}