{
  "best_epoch": 2,
  "peak_cpu_memory_MB": 5360.268,
  "peak_gpu_0_memory_MB": 12553,
  "peak_gpu_1_memory_MB": 21435,
  "peak_gpu_2_memory_MB": 0,
  "peak_gpu_3_memory_MB": 12805,
  "training_duration": "0:01:44.465933",
  "training_start_epoch": 0,
  "training_epochs": 2,
  "epoch": 2,
  "training_accuracy": 0.8040712468193384,
  "training_loss": 0.5361268038933094,
  "training_cpu_memory_MB": 5360.268,
  "training_gpu_0_memory_MB": 12553,
  "training_gpu_1_memory_MB": 21435,
  "training_gpu_2_memory_MB": 0,
  "training_gpu_3_memory_MB": 12805,
  "validation_accuracy": 0.5563932755985737,
  "validation_loss": 1.2301586272273857,
  "best_validation_accuracy": 0.5563932755985737,
  "best_validation_loss": 1.2301586272273857
}